source name	characteristics[Row]	characteristics[Column]	characteristics[Sample]	characteristics[Source Vial]	characteristics[Position]	characteristics[Inj Vol]	characteristics[Instrument Method]	characteristics[Path]	characteristics[File Name]	characteristics[organism]	characteristics[organism part]	characteristics[plate]	characteristics[project]	characteristics[age]	characteristics[developmental stage]	characteristics[sex]	characteristics[ancestry category]	characteristics[cell type]	characteristics[cell line]	characteristics[disease]	characteristics[individual]	characteristics[biological replicate]	Material type	assay name	technology type	comment[data file]	comment[file uri]	comment[proteomics data acquisition method]	comment[label]	comment[fraction identifier]	comment[fractionation method]	comment[technical replicate]	comment[cleavage agent details]	comment[ms2 mass analyzer]	comment[instrument]	comment[modification parameters]	comment[dissociation method]	comment[collision energy]	comment[precursor mass tolerance]	comment[fragment mass tolerance]	comment[ProteomeEdge]	factor value[Sample]
PRM_20260227_Project ALS _Plate1_A1	A	1	ALS_samples	1	RA1	0.1	C:\Xcalibur\methods\method1	C:\data\yourdir	PRM_20260227_Project ALS _Plate1_A1	Homo sapiens	blood plasma	Plate1	Project_ALS	not available	not available	not available	not available	not available	not available	not available	not available	1	AC=EFO:0009656;NT=plasma	run 1	proteomic profiling by mass spectrometry	PRM_20260227_Project ALS _Plate1_A1.raw	PRM_20260227_Project ALS _Plate1_A1.raw	NT=Parallel Reaction Monitoring;AC=MS:1002956	AC=MS:1002038;NT=label free sample	1	NT=High-performance liquid chromatography;AC=PRIDE:0000565	1	AC=MS:1001251;NT=Trypsin	not available	NT=Stellar;AC=MS:1003409	NT=Carbamidomethyl;AC=UNIMOD:4;TA=C;MT=Fixed	NT=Higher-energy Collisional Dissociation;AC=MS:1000422	27 NCE	40 ppm	0.05 Da	24005	ALS_samples
PRM_20260227_Project ALS _Plate1_A2	A	2	Control	2	RA2	0.1	C:\Xcalibur\methods\method1	C:\data\yourdir	PRM_20260227_Project ALS _Plate1_A2	Homo sapiens	blood plasma	Plate1	Project_ALS	not available	not available	not available	not available	not available	not available	not available	not available	1	AC=EFO:0009656;NT=plasma	run 2	proteomic profiling by mass spectrometry	PRM_20260227_Project ALS _Plate1_A2.raw	PRM_20260227_Project ALS _Plate1_A2.raw	NT=Parallel Reaction Monitoring;AC=MS:1002956	AC=MS:1002038;NT=label free sample	1	NT=High-performance liquid chromatography;AC=PRIDE:0000565	1	AC=MS:1001251;NT=Trypsin	not available	NT=Stellar;AC=MS:1003409	NT=Carbamidomethyl;AC=UNIMOD:4;TA=C;MT=Fixed	NT=Higher-energy Collisional Dissociation;AC=MS:1000422	27 NCE	40 ppm	0.05 Da	24005	Control
PRM_20260227_Project ALS _Plate1_A3	A	3	ALS_samples	3	RA3	0.1	C:\Xcalibur\methods\method1	C:\data\yourdir	PRM_20260227_Project ALS _Plate1_A3	Homo sapiens	blood plasma	Plate1	Project_ALS	not available	not available	not available	not available	not available	not available	not available	not available	1	AC=EFO:0009656;NT=plasma	run 3	proteomic profiling by mass spectrometry	PRM_20260227_Project ALS _Plate1_A3.raw	PRM_20260227_Project ALS _Plate1_A3.raw	NT=Parallel Reaction Monitoring;AC=MS:1002956	AC=MS:1002038;NT=label free sample	1	NT=High-performance liquid chromatography;AC=PRIDE:0000565	1	AC=MS:1001251;NT=Trypsin	not available	NT=Stellar;AC=MS:1003409	NT=Carbamidomethyl;AC=UNIMOD:4;TA=C;MT=Fixed	NT=Higher-energy Collisional Dissociation;AC=MS:1000422	27 NCE	40 ppm	0.05 Da	24005	ALS_samples
PRM_20260227_Project ALS _Plate1_A4	A	4	Control	4	RA4	0.1	C:\Xcalibur\methods\method1	C:\data\yourdir	PRM_20260227_Project ALS _Plate1_A4	Homo sapiens	blood plasma	Plate1	Project_ALS	not available	not available	not available	not available	not available	not available	not available	not available	1	AC=EFO:0009656;NT=plasma	run 4	proteomic profiling by mass spectrometry	PRM_20260227_Project ALS _Plate1_A4.raw	PRM_20260227_Project ALS _Plate1_A4.raw	NT=Parallel Reaction Monitoring;AC=MS:1002956	AC=MS:1002038;NT=label free sample	1	NT=High-performance liquid chromatography;AC=PRIDE:0000565	1	AC=MS:1001251;NT=Trypsin	not available	NT=Stellar;AC=MS:1003409	NT=Carbamidomethyl;AC=UNIMOD:4;TA=C;MT=Fixed	NT=Higher-energy Collisional Dissociation;AC=MS:1000422	27 NCE	40 ppm	0.05 Da	24005	Control
PRM_20260227_Project ALS _Plate1_A5	A	5	ALS_samples	5	RA5	0.1	C:\Xcalibur\methods\method1	C:\data\yourdir	PRM_20260227_Project ALS _Plate1_A5	Homo sapiens	blood plasma	Plate1	Project_ALS	not available	not available	not available	not available	not available	not available	not available	not available	1	AC=EFO:0009656;NT=plasma	run 5	proteomic profiling by mass spectrometry	PRM_20260227_Project ALS _Plate1_A5.raw	PRM_20260227_Project ALS _Plate1_A5.raw	NT=Parallel Reaction Monitoring;AC=MS:1002956	AC=MS:1002038;NT=label free sample	1	NT=High-performance liquid chromatography;AC=PRIDE:0000565	1	AC=MS:1001251;NT=Trypsin	not available	NT=Stellar;AC=MS:1003409	NT=Carbamidomethyl;AC=UNIMOD:4;TA=C;MT=Fixed	NT=Higher-energy Collisional Dissociation;AC=MS:1000422	27 NCE	40 ppm	0.05 Da	24005	ALS_samples
PRM_20260227_Project ALS _Plate1_A6	A	6	ALS_samples	6	RA6	0.1	C:\Xcalibur\methods\method1	C:\data\yourdir	PRM_20260227_Project ALS _Plate1_A6	Homo sapiens	blood plasma	Plate1	Project_ALS	not available	not available	not available	not available	not available	not available	not available	not available	1	AC=EFO:0009656;NT=plasma	run 6	proteomic profiling by mass spectrometry	PRM_20260227_Project ALS _Plate1_A6.raw	PRM_20260227_Project ALS _Plate1_A6.raw	NT=Parallel Reaction Monitoring;AC=MS:1002956	AC=MS:1002038;NT=label free sample	1	NT=High-performance liquid chromatography;AC=PRIDE:0000565	1	AC=MS:1001251;NT=Trypsin	not available	NT=Stellar;AC=MS:1003409	NT=Carbamidomethyl;AC=UNIMOD:4;TA=C;MT=Fixed	NT=Higher-energy Collisional Dissociation;AC=MS:1000422	27 NCE	40 ppm	0.05 Da	24005	ALS_samples
PRM_20260227_Project ALS _Plate1_A7	A	7	ALS_samples	7	RA7	0.1	C:\Xcalibur\methods\method1	C:\data\yourdir	PRM_20260227_Project ALS _Plate1_A7	Homo sapiens	blood plasma	Plate1	Project_ALS	not available	not available	not available	not available	not available	not available	not available	not available	1	AC=EFO:0009656;NT=plasma	run 7	proteomic profiling by mass spectrometry	PRM_20260227_Project ALS _Plate1_A7.raw	PRM_20260227_Project ALS _Plate1_A7.raw	NT=Parallel Reaction Monitoring;AC=MS:1002956	AC=MS:1002038;NT=label free sample	1	NT=High-performance liquid chromatography;AC=PRIDE:0000565	1	AC=MS:1001251;NT=Trypsin	not available	NT=Stellar;AC=MS:1003409	NT=Carbamidomethyl;AC=UNIMOD:4;TA=C;MT=Fixed	NT=Higher-energy Collisional Dissociation;AC=MS:1000422	27 NCE	40 ppm	0.05 Da	24005	ALS_samples
PRM_20260227_Project ALS _Plate1_A8	A	8	ALS_samples	8	RA8	0.1	C:\Xcalibur\methods\method1	C:\data\yourdir	PRM_20260227_Project ALS _Plate1_A8	Homo sapiens	blood plasma	Plate1	Project_ALS	not available	not available	not available	not available	not available	not available	not available	not available	1	AC=EFO:0009656;NT=plasma	run 8	proteomic profiling by mass spectrometry	PRM_20260227_Project ALS _Plate1_A8.raw	PRM_20260227_Project ALS _Plate1_A8.raw	NT=Parallel Reaction Monitoring;AC=MS:1002956	AC=MS:1002038;NT=label free sample	1	NT=High-performance liquid chromatography;AC=PRIDE:0000565	1	AC=MS:1001251;NT=Trypsin	not available	NT=Stellar;AC=MS:1003409	NT=Carbamidomethyl;AC=UNIMOD:4;TA=C;MT=Fixed	NT=Higher-energy Collisional Dissociation;AC=MS:1000422	27 NCE	40 ppm	0.05 Da	24005	ALS_samples
PRM_20260227_Project ALS _Plate1_A9	A	9	ALS_samples	9	RA9	0.1	C:\Xcalibur\methods\method1	C:\data\yourdir	PRM_20260227_Project ALS _Plate1_A9	Homo sapiens	blood plasma	Plate1	Project_ALS	not available	not available	not available	not available	not available	not available	not available	not available	1	AC=EFO:0009656;NT=plasma	run 9	proteomic profiling by mass spectrometry	PRM_20260227_Project ALS _Plate1_A9.raw	PRM_20260227_Project ALS _Plate1_A9.raw	NT=Parallel Reaction Monitoring;AC=MS:1002956	AC=MS:1002038;NT=label free sample	1	NT=High-performance liquid chromatography;AC=PRIDE:0000565	1	AC=MS:1001251;NT=Trypsin	not available	NT=Stellar;AC=MS:1003409	NT=Carbamidomethyl;AC=UNIMOD:4;TA=C;MT=Fixed	NT=Higher-energy Collisional Dissociation;AC=MS:1000422	27 NCE	40 ppm	0.05 Da	24005	ALS_samples
PRM_20260227_Project ALS _Plate1_A10	A	10	ALS_samples	10	RA10	0.1	C:\Xcalibur\methods\method1	C:\data\yourdir	PRM_20260227_Project ALS _Plate1_A10	Homo sapiens	blood plasma	Plate1	Project_ALS	not available	not available	not available	not available	not available	not available	not available	not available	1	AC=EFO:0009656;NT=plasma	run 10	proteomic profiling by mass spectrometry	PRM_20260227_Project ALS _Plate1_A10.raw	PRM_20260227_Project ALS _Plate1_A10.raw	NT=Parallel Reaction Monitoring;AC=MS:1002956	AC=MS:1002038;NT=label free sample	1	NT=High-performance liquid chromatography;AC=PRIDE:0000565	1	AC=MS:1001251;NT=Trypsin	not available	NT=Stellar;AC=MS:1003409	NT=Carbamidomethyl;AC=UNIMOD:4;TA=C;MT=Fixed	NT=Higher-energy Collisional Dissociation;AC=MS:1000422	27 NCE	40 ppm	0.05 Da	24005	ALS_samples
PRM_20260227_Project ALS _Plate1_A11	A	11	ALS_samples	11	RA11	0.1	C:\Xcalibur\methods\method1	C:\data\yourdir	PRM_20260227_Project ALS _Plate1_A11	Homo sapiens	blood plasma	Plate1	Project_ALS	not available	not available	not available	not available	not available	not available	not available	not available	1	AC=EFO:0009656;NT=plasma	run 11	proteomic profiling by mass spectrometry	PRM_20260227_Project ALS _Plate1_A11.raw	PRM_20260227_Project ALS _Plate1_A11.raw	NT=Parallel Reaction Monitoring;AC=MS:1002956	AC=MS:1002038;NT=label free sample	1	NT=High-performance liquid chromatography;AC=PRIDE:0000565	1	AC=MS:1001251;NT=Trypsin	not available	NT=Stellar;AC=MS:1003409	NT=Carbamidomethyl;AC=UNIMOD:4;TA=C;MT=Fixed	NT=Higher-energy Collisional Dissociation;AC=MS:1000422	27 NCE	40 ppm	0.05 Da	24005	ALS_samples
PRM_20260227_Project ALS _Plate1_A12	A	12	ALS_samples	12	RA12	0.1	C:\Xcalibur\methods\method1	C:\data\yourdir	PRM_20260227_Project ALS _Plate1_A12	Homo sapiens	blood plasma	Plate1	Project_ALS	not available	not available	not available	not available	not available	not available	not available	not available	1	AC=EFO:0009656;NT=plasma	run 12	proteomic profiling by mass spectrometry	PRM_20260227_Project ALS _Plate1_A12.raw	PRM_20260227_Project ALS _Plate1_A12.raw	NT=Parallel Reaction Monitoring;AC=MS:1002956	AC=MS:1002038;NT=label free sample	1	NT=High-performance liquid chromatography;AC=PRIDE:0000565	1	AC=MS:1001251;NT=Trypsin	not available	NT=Stellar;AC=MS:1003409	NT=Carbamidomethyl;AC=UNIMOD:4;TA=C;MT=Fixed	NT=Higher-energy Collisional Dissociation;AC=MS:1000422	27 NCE	40 ppm	0.05 Da	24005	ALS_samples
PRM_20260227_Project ALS _Plate1_B1	B	1	ALS_samples	13	RB1	0.1	C:\Xcalibur\methods\method1	C:\data\yourdir	PRM_20260227_Project ALS _Plate1_B1	Homo sapiens	blood plasma	Plate1	Project_ALS	not available	not available	not available	not available	not available	not available	not available	not available	1	AC=EFO:0009656;NT=plasma	run 13	proteomic profiling by mass spectrometry	PRM_20260227_Project ALS _Plate1_B1.raw	PRM_20260227_Project ALS _Plate1_B1.raw	NT=Parallel Reaction Monitoring;AC=MS:1002956	AC=MS:1002038;NT=label free sample	1	NT=High-performance liquid chromatography;AC=PRIDE:0000565	1	AC=MS:1001251;NT=Trypsin	not available	NT=Stellar;AC=MS:1003409	NT=Carbamidomethyl;AC=UNIMOD:4;TA=C;MT=Fixed	NT=Higher-energy Collisional Dissociation;AC=MS:1000422	27 NCE	40 ppm	0.05 Da	24005	ALS_samples
PRM_20260227_Project ALS _Plate1_B2	B	2	ALS_samples	14	RB2	0.1	C:\Xcalibur\methods\method1	C:\data\yourdir	PRM_20260227_Project ALS _Plate1_B2	Homo sapiens	blood plasma	Plate1	Project_ALS	not available	not available	not available	not available	not available	not available	not available	not available	1	AC=EFO:0009656;NT=plasma	run 14	proteomic profiling by mass spectrometry	PRM_20260227_Project ALS _Plate1_B2.raw	PRM_20260227_Project ALS _Plate1_B2.raw	NT=Parallel Reaction Monitoring;AC=MS:1002956	AC=MS:1002038;NT=label free sample	1	NT=High-performance liquid chromatography;AC=PRIDE:0000565	1	AC=MS:1001251;NT=Trypsin	not available	NT=Stellar;AC=MS:1003409	NT=Carbamidomethyl;AC=UNIMOD:4;TA=C;MT=Fixed	NT=Higher-energy Collisional Dissociation;AC=MS:1000422	27 NCE	40 ppm	0.05 Da	24005	ALS_samples
PRM_20260227_Project ALS _Plate1_B3	B	3	ALS_samples	15	RB3	0.1	C:\Xcalibur\methods\method1	C:\data\yourdir	PRM_20260227_Project ALS _Plate1_B3	Homo sapiens	blood plasma	Plate1	Project_ALS	not available	not available	not available	not available	not available	not available	not available	not available	1	AC=EFO:0009656;NT=plasma	run 15	proteomic profiling by mass spectrometry	PRM_20260227_Project ALS _Plate1_B3.raw	PRM_20260227_Project ALS _Plate1_B3.raw	NT=Parallel Reaction Monitoring;AC=MS:1002956	AC=MS:1002038;NT=label free sample	1	NT=High-performance liquid chromatography;AC=PRIDE:0000565	1	AC=MS:1001251;NT=Trypsin	not available	NT=Stellar;AC=MS:1003409	NT=Carbamidomethyl;AC=UNIMOD:4;TA=C;MT=Fixed	NT=Higher-energy Collisional Dissociation;AC=MS:1000422	27 NCE	40 ppm	0.05 Da	24005	ALS_samples
PRM_20260227_Project ALS _Plate1_B4	B	4	ALS_samples	16	RB4	0.1	C:\Xcalibur\methods\method1	C:\data\yourdir	PRM_20260227_Project ALS _Plate1_B4	Homo sapiens	blood plasma	Plate1	Project_ALS	not available	not available	not available	not available	not available	not available	not available	not available	1	AC=EFO:0009656;NT=plasma	run 16	proteomic profiling by mass spectrometry	PRM_20260227_Project ALS _Plate1_B4.raw	PRM_20260227_Project ALS _Plate1_B4.raw	NT=Parallel Reaction Monitoring;AC=MS:1002956	AC=MS:1002038;NT=label free sample	1	NT=High-performance liquid chromatography;AC=PRIDE:0000565	1	AC=MS:1001251;NT=Trypsin	not available	NT=Stellar;AC=MS:1003409	NT=Carbamidomethyl;AC=UNIMOD:4;TA=C;MT=Fixed	NT=Higher-energy Collisional Dissociation;AC=MS:1000422	27 NCE	40 ppm	0.05 Da	24005	ALS_samples
PRM_20260227_Project ALS _Plate1_B5	B	5	ALS_samples	17	RB5	0.1	C:\Xcalibur\methods\method1	C:\data\yourdir	PRM_20260227_Project ALS _Plate1_B5	Homo sapiens	blood plasma	Plate1	Project_ALS	not available	not available	not available	not available	not available	not available	not available	not available	1	AC=EFO:0009656;NT=plasma	run 17	proteomic profiling by mass spectrometry	PRM_20260227_Project ALS _Plate1_B5.raw	PRM_20260227_Project ALS _Plate1_B5.raw	NT=Parallel Reaction Monitoring;AC=MS:1002956	AC=MS:1002038;NT=label free sample	1	NT=High-performance liquid chromatography;AC=PRIDE:0000565	1	AC=MS:1001251;NT=Trypsin	not available	NT=Stellar;AC=MS:1003409	NT=Carbamidomethyl;AC=UNIMOD:4;TA=C;MT=Fixed	NT=Higher-energy Collisional Dissociation;AC=MS:1000422	27 NCE	40 ppm	0.05 Da	24005	ALS_samples
PRM_20260227_Project ALS _Plate1_B6	B	6	ALS_samples	18	RB6	0.1	C:\Xcalibur\methods\method1	C:\data\yourdir	PRM_20260227_Project ALS _Plate1_B6	Homo sapiens	blood plasma	Plate1	Project_ALS	not available	not available	not available	not available	not available	not available	not available	not available	1	AC=EFO:0009656;NT=plasma	run 18	proteomic profiling by mass spectrometry	PRM_20260227_Project ALS _Plate1_B6.raw	PRM_20260227_Project ALS _Plate1_B6.raw	NT=Parallel Reaction Monitoring;AC=MS:1002956	AC=MS:1002038;NT=label free sample	1	NT=High-performance liquid chromatography;AC=PRIDE:0000565	1	AC=MS:1001251;NT=Trypsin	not available	NT=Stellar;AC=MS:1003409	NT=Carbamidomethyl;AC=UNIMOD:4;TA=C;MT=Fixed	NT=Higher-energy Collisional Dissociation;AC=MS:1000422	27 NCE	40 ppm	0.05 Da	24005	ALS_samples
PRM_20260227_Project ALS _Plate1_B7	B	7	ALS_samples	19	RB7	0.1	C:\Xcalibur\methods\method1	C:\data\yourdir	PRM_20260227_Project ALS _Plate1_B7	Homo sapiens	blood plasma	Plate1	Project_ALS	not available	not available	not available	not available	not available	not available	not available	not available	1	AC=EFO:0009656;NT=plasma	run 19	proteomic profiling by mass spectrometry	PRM_20260227_Project ALS _Plate1_B7.raw	PRM_20260227_Project ALS _Plate1_B7.raw	NT=Parallel Reaction Monitoring;AC=MS:1002956	AC=MS:1002038;NT=label free sample	1	NT=High-performance liquid chromatography;AC=PRIDE:0000565	1	AC=MS:1001251;NT=Trypsin	not available	NT=Stellar;AC=MS:1003409	NT=Carbamidomethyl;AC=UNIMOD:4;TA=C;MT=Fixed	NT=Higher-energy Collisional Dissociation;AC=MS:1000422	27 NCE	40 ppm	0.05 Da	24005	ALS_samples
PRM_20260227_Project ALS _Plate1_B8	B	8	ALS_samples	20	RB8	0.1	C:\Xcalibur\methods\method1	C:\data\yourdir	PRM_20260227_Project ALS _Plate1_B8	Homo sapiens	blood plasma	Plate1	Project_ALS	not available	not available	not available	not available	not available	not available	not available	not available	1	AC=EFO:0009656;NT=plasma	run 20	proteomic profiling by mass spectrometry	PRM_20260227_Project ALS _Plate1_B8.raw	PRM_20260227_Project ALS _Plate1_B8.raw	NT=Parallel Reaction Monitoring;AC=MS:1002956	AC=MS:1002038;NT=label free sample	1	NT=High-performance liquid chromatography;AC=PRIDE:0000565	1	AC=MS:1001251;NT=Trypsin	not available	NT=Stellar;AC=MS:1003409	NT=Carbamidomethyl;AC=UNIMOD:4;TA=C;MT=Fixed	NT=Higher-energy Collisional Dissociation;AC=MS:1000422	27 NCE	40 ppm	0.05 Da	24005	ALS_samples
PRM_20260227_Project ALS _Plate1_B9	B	9	ALS_samples	21	RB9	0.1	C:\Xcalibur\methods\method1	C:\data\yourdir	PRM_20260227_Project ALS _Plate1_B9	Homo sapiens	blood plasma	Plate1	Project_ALS	not available	not available	not available	not available	not available	not available	not available	not available	1	AC=EFO:0009656;NT=plasma	run 21	proteomic profiling by mass spectrometry	PRM_20260227_Project ALS _Plate1_B9.raw	PRM_20260227_Project ALS _Plate1_B9.raw	NT=Parallel Reaction Monitoring;AC=MS:1002956	AC=MS:1002038;NT=label free sample	1	NT=High-performance liquid chromatography;AC=PRIDE:0000565	1	AC=MS:1001251;NT=Trypsin	not available	NT=Stellar;AC=MS:1003409	NT=Carbamidomethyl;AC=UNIMOD:4;TA=C;MT=Fixed	NT=Higher-energy Collisional Dissociation;AC=MS:1000422	27 NCE	40 ppm	0.05 Da	24005	ALS_samples
PRM_20260227_Project ALS _Plate1_B10	B	10	ALS_samples	22	RB10	0.1	C:\Xcalibur\methods\method1	C:\data\yourdir	PRM_20260227_Project ALS _Plate1_B10	Homo sapiens	blood plasma	Plate1	Project_ALS	not available	not available	not available	not available	not available	not available	not available	not available	1	AC=EFO:0009656;NT=plasma	run 22	proteomic profiling by mass spectrometry	PRM_20260227_Project ALS _Plate1_B10.raw	PRM_20260227_Project ALS _Plate1_B10.raw	NT=Parallel Reaction Monitoring;AC=MS:1002956	AC=MS:1002038;NT=label free sample	1	NT=High-performance liquid chromatography;AC=PRIDE:0000565	1	AC=MS:1001251;NT=Trypsin	not available	NT=Stellar;AC=MS:1003409	NT=Carbamidomethyl;AC=UNIMOD:4;TA=C;MT=Fixed	NT=Higher-energy Collisional Dissociation;AC=MS:1000422	27 NCE	40 ppm	0.05 Da	24005	ALS_samples
PRM_20260227_Project ALS _Plate1_B11	B	11	ALS_samples	23	RB11	0.1	C:\Xcalibur\methods\method1	C:\data\yourdir	PRM_20260227_Project ALS _Plate1_B11	Homo sapiens	blood plasma	Plate1	Project_ALS	not available	not available	not available	not available	not available	not available	not available	not available	1	AC=EFO:0009656;NT=plasma	run 23	proteomic profiling by mass spectrometry	PRM_20260227_Project ALS _Plate1_B11.raw	PRM_20260227_Project ALS _Plate1_B11.raw	NT=Parallel Reaction Monitoring;AC=MS:1002956	AC=MS:1002038;NT=label free sample	1	NT=High-performance liquid chromatography;AC=PRIDE:0000565	1	AC=MS:1001251;NT=Trypsin	not available	NT=Stellar;AC=MS:1003409	NT=Carbamidomethyl;AC=UNIMOD:4;TA=C;MT=Fixed	NT=Higher-energy Collisional Dissociation;AC=MS:1000422	27 NCE	40 ppm	0.05 Da	24005	ALS_samples
PRM_20260227_Project ALS _Plate1_B12	B	12	ALS_samples	24	RB12	0.1	C:\Xcalibur\methods\method1	C:\data\yourdir	PRM_20260227_Project ALS _Plate1_B12	Homo sapiens	blood plasma	Plate1	Project_ALS	not available	not available	not available	not available	not available	not available	not available	not available	1	AC=EFO:0009656;NT=plasma	run 24	proteomic profiling by mass spectrometry	PRM_20260227_Project ALS _Plate1_B12.raw	PRM_20260227_Project ALS _Plate1_B12.raw	NT=Parallel Reaction Monitoring;AC=MS:1002956	AC=MS:1002038;NT=label free sample	1	NT=High-performance liquid chromatography;AC=PRIDE:0000565	1	AC=MS:1001251;NT=Trypsin	not available	NT=Stellar;AC=MS:1003409	NT=Carbamidomethyl;AC=UNIMOD:4;TA=C;MT=Fixed	NT=Higher-energy Collisional Dissociation;AC=MS:1000422	27 NCE	40 ppm	0.05 Da	24005	ALS_samples
PRM_20260227_Project ALS _Plate1_C1	C	1	ALS_samples	25	RC1	0.1	C:\Xcalibur\methods\method1	C:\data\yourdir	PRM_20260227_Project ALS _Plate1_C1	Homo sapiens	blood plasma	Plate1	Project_ALS	not available	not available	not available	not available	not available	not available	not available	not available	1	AC=EFO:0009656;NT=plasma	run 25	proteomic profiling by mass spectrometry	PRM_20260227_Project ALS _Plate1_C1.raw	PRM_20260227_Project ALS _Plate1_C1.raw	NT=Parallel Reaction Monitoring;AC=MS:1002956	AC=MS:1002038;NT=label free sample	1	NT=High-performance liquid chromatography;AC=PRIDE:0000565	1	AC=MS:1001251;NT=Trypsin	not available	NT=Stellar;AC=MS:1003409	NT=Carbamidomethyl;AC=UNIMOD:4;TA=C;MT=Fixed	NT=Higher-energy Collisional Dissociation;AC=MS:1000422	27 NCE	40 ppm	0.05 Da	24005	ALS_samples
PRM_20260227_Project ALS _Plate1_C2	C	2	ALS_samples	26	RC2	0.1	C:\Xcalibur\methods\method1	C:\data\yourdir	PRM_20260227_Project ALS _Plate1_C2	Homo sapiens	blood plasma	Plate1	Project_ALS	not available	not available	not available	not available	not available	not available	not available	not available	1	AC=EFO:0009656;NT=plasma	run 26	proteomic profiling by mass spectrometry	PRM_20260227_Project ALS _Plate1_C2.raw	PRM_20260227_Project ALS _Plate1_C2.raw	NT=Parallel Reaction Monitoring;AC=MS:1002956	AC=MS:1002038;NT=label free sample	1	NT=High-performance liquid chromatography;AC=PRIDE:0000565	1	AC=MS:1001251;NT=Trypsin	not available	NT=Stellar;AC=MS:1003409	NT=Carbamidomethyl;AC=UNIMOD:4;TA=C;MT=Fixed	NT=Higher-energy Collisional Dissociation;AC=MS:1000422	27 NCE	40 ppm	0.05 Da	24005	ALS_samples
PRM_20260227_Project ALS _Plate1_C3	C	3	ALS_samples	27	RC3	0.1	C:\Xcalibur\methods\method1	C:\data\yourdir	PRM_20260227_Project ALS _Plate1_C3	Homo sapiens	blood plasma	Plate1	Project_ALS	not available	not available	not available	not available	not available	not available	not available	not available	1	AC=EFO:0009656;NT=plasma	run 27	proteomic profiling by mass spectrometry	PRM_20260227_Project ALS _Plate1_C3.raw	PRM_20260227_Project ALS _Plate1_C3.raw	NT=Parallel Reaction Monitoring;AC=MS:1002956	AC=MS:1002038;NT=label free sample	1	NT=High-performance liquid chromatography;AC=PRIDE:0000565	1	AC=MS:1001251;NT=Trypsin	not available	NT=Stellar;AC=MS:1003409	NT=Carbamidomethyl;AC=UNIMOD:4;TA=C;MT=Fixed	NT=Higher-energy Collisional Dissociation;AC=MS:1000422	27 NCE	40 ppm	0.05 Da	24005	ALS_samples
PRM_20260227_Project ALS _Plate1_C4	C	4	ALS_samples	28	RC4	0.1	C:\Xcalibur\methods\method1	C:\data\yourdir	PRM_20260227_Project ALS _Plate1_C4	Homo sapiens	blood plasma	Plate1	Project_ALS	not available	not available	not available	not available	not available	not available	not available	not available	1	AC=EFO:0009656;NT=plasma	run 28	proteomic profiling by mass spectrometry	PRM_20260227_Project ALS _Plate1_C4.raw	PRM_20260227_Project ALS _Plate1_C4.raw	NT=Parallel Reaction Monitoring;AC=MS:1002956	AC=MS:1002038;NT=label free sample	1	NT=High-performance liquid chromatography;AC=PRIDE:0000565	1	AC=MS:1001251;NT=Trypsin	not available	NT=Stellar;AC=MS:1003409	NT=Carbamidomethyl;AC=UNIMOD:4;TA=C;MT=Fixed	NT=Higher-energy Collisional Dissociation;AC=MS:1000422	27 NCE	40 ppm	0.05 Da	24005	ALS_samples
PRM_20260227_Project ALS _Plate1_C5	C	5	ALS_samples	29	RC5	0.1	C:\Xcalibur\methods\method1	C:\data\yourdir	PRM_20260227_Project ALS _Plate1_C5	Homo sapiens	blood plasma	Plate1	Project_ALS	not available	not available	not available	not available	not available	not available	not available	not available	1	AC=EFO:0009656;NT=plasma	run 29	proteomic profiling by mass spectrometry	PRM_20260227_Project ALS _Plate1_C5.raw	PRM_20260227_Project ALS _Plate1_C5.raw	NT=Parallel Reaction Monitoring;AC=MS:1002956	AC=MS:1002038;NT=label free sample	1	NT=High-performance liquid chromatography;AC=PRIDE:0000565	1	AC=MS:1001251;NT=Trypsin	not available	NT=Stellar;AC=MS:1003409	NT=Carbamidomethyl;AC=UNIMOD:4;TA=C;MT=Fixed	NT=Higher-energy Collisional Dissociation;AC=MS:1000422	27 NCE	40 ppm	0.05 Da	24005	ALS_samples
PRM_20260227_Project ALS _Plate1_C6	C	6	ALS_samples	30	RC6	0.1	C:\Xcalibur\methods\method1	C:\data\yourdir	PRM_20260227_Project ALS _Plate1_C6	Homo sapiens	blood plasma	Plate1	Project_ALS	not available	not available	not available	not available	not available	not available	not available	not available	1	AC=EFO:0009656;NT=plasma	run 30	proteomic profiling by mass spectrometry	PRM_20260227_Project ALS _Plate1_C6.raw	PRM_20260227_Project ALS _Plate1_C6.raw	NT=Parallel Reaction Monitoring;AC=MS:1002956	AC=MS:1002038;NT=label free sample	1	NT=High-performance liquid chromatography;AC=PRIDE:0000565	1	AC=MS:1001251;NT=Trypsin	not available	NT=Stellar;AC=MS:1003409	NT=Carbamidomethyl;AC=UNIMOD:4;TA=C;MT=Fixed	NT=Higher-energy Collisional Dissociation;AC=MS:1000422	27 NCE	40 ppm	0.05 Da	24005	ALS_samples
PRM_20260227_Project ALS _Plate1_C7	C	7	ALS_samples	31	RC7	0.1	C:\Xcalibur\methods\method1	C:\data\yourdir	PRM_20260227_Project ALS _Plate1_C7	Homo sapiens	blood plasma	Plate1	Project_ALS	not available	not available	not available	not available	not available	not available	not available	not available	1	AC=EFO:0009656;NT=plasma	run 31	proteomic profiling by mass spectrometry	PRM_20260227_Project ALS _Plate1_C7.raw	PRM_20260227_Project ALS _Plate1_C7.raw	NT=Parallel Reaction Monitoring;AC=MS:1002956	AC=MS:1002038;NT=label free sample	1	NT=High-performance liquid chromatography;AC=PRIDE:0000565	1	AC=MS:1001251;NT=Trypsin	not available	NT=Stellar;AC=MS:1003409	NT=Carbamidomethyl;AC=UNIMOD:4;TA=C;MT=Fixed	NT=Higher-energy Collisional Dissociation;AC=MS:1000422	27 NCE	40 ppm	0.05 Da	24005	ALS_samples
PRM_20260227_Project ALS _Plate1_C8	C	8	ALS_samples	32	RC8	0.1	C:\Xcalibur\methods\method1	C:\data\yourdir	PRM_20260227_Project ALS _Plate1_C8	Homo sapiens	blood plasma	Plate1	Project_ALS	not available	not available	not available	not available	not available	not available	not available	not available	1	AC=EFO:0009656;NT=plasma	run 32	proteomic profiling by mass spectrometry	PRM_20260227_Project ALS _Plate1_C8.raw	PRM_20260227_Project ALS _Plate1_C8.raw	NT=Parallel Reaction Monitoring;AC=MS:1002956	AC=MS:1002038;NT=label free sample	1	NT=High-performance liquid chromatography;AC=PRIDE:0000565	1	AC=MS:1001251;NT=Trypsin	not available	NT=Stellar;AC=MS:1003409	NT=Carbamidomethyl;AC=UNIMOD:4;TA=C;MT=Fixed	NT=Higher-energy Collisional Dissociation;AC=MS:1000422	27 NCE	40 ppm	0.05 Da	24005	ALS_samples
PRM_20260227_Project ALS _Plate1_C9	C	9	ALS_samples	33	RC9	0.1	C:\Xcalibur\methods\method1	C:\data\yourdir	PRM_20260227_Project ALS _Plate1_C9	Homo sapiens	blood plasma	Plate1	Project_ALS	not available	not available	not available	not available	not available	not available	not available	not available	1	AC=EFO:0009656;NT=plasma	run 33	proteomic profiling by mass spectrometry	PRM_20260227_Project ALS _Plate1_C9.raw	PRM_20260227_Project ALS _Plate1_C9.raw	NT=Parallel Reaction Monitoring;AC=MS:1002956	AC=MS:1002038;NT=label free sample	1	NT=High-performance liquid chromatography;AC=PRIDE:0000565	1	AC=MS:1001251;NT=Trypsin	not available	NT=Stellar;AC=MS:1003409	NT=Carbamidomethyl;AC=UNIMOD:4;TA=C;MT=Fixed	NT=Higher-energy Collisional Dissociation;AC=MS:1000422	27 NCE	40 ppm	0.05 Da	24005	ALS_samples
PRM_20260227_Project ALS _Plate1_C10	C	10	ALS_samples	34	RC10	0.1	C:\Xcalibur\methods\method1	C:\data\yourdir	PRM_20260227_Project ALS _Plate1_C10	Homo sapiens	blood plasma	Plate1	Project_ALS	not available	not available	not available	not available	not available	not available	not available	not available	1	AC=EFO:0009656;NT=plasma	run 34	proteomic profiling by mass spectrometry	PRM_20260227_Project ALS _Plate1_C10.raw	PRM_20260227_Project ALS _Plate1_C10.raw	NT=Parallel Reaction Monitoring;AC=MS:1002956	AC=MS:1002038;NT=label free sample	1	NT=High-performance liquid chromatography;AC=PRIDE:0000565	1	AC=MS:1001251;NT=Trypsin	not available	NT=Stellar;AC=MS:1003409	NT=Carbamidomethyl;AC=UNIMOD:4;TA=C;MT=Fixed	NT=Higher-energy Collisional Dissociation;AC=MS:1000422	27 NCE	40 ppm	0.05 Da	24005	ALS_samples
PRM_20260227_Project ALS _Plate1_C11	C	11	ALS_samples	35	RC11	0.1	C:\Xcalibur\methods\method1	C:\data\yourdir	PRM_20260227_Project ALS _Plate1_C11	Homo sapiens	blood plasma	Plate1	Project_ALS	not available	not available	not available	not available	not available	not available	not available	not available	1	AC=EFO:0009656;NT=plasma	run 35	proteomic profiling by mass spectrometry	PRM_20260227_Project ALS _Plate1_C11.raw	PRM_20260227_Project ALS _Plate1_C11.raw	NT=Parallel Reaction Monitoring;AC=MS:1002956	AC=MS:1002038;NT=label free sample	1	NT=High-performance liquid chromatography;AC=PRIDE:0000565	1	AC=MS:1001251;NT=Trypsin	not available	NT=Stellar;AC=MS:1003409	NT=Carbamidomethyl;AC=UNIMOD:4;TA=C;MT=Fixed	NT=Higher-energy Collisional Dissociation;AC=MS:1000422	27 NCE	40 ppm	0.05 Da	24005	ALS_samples
PRM_20260227_Project ALS _Plate1_C12	C	12	ALS_samples	36	RC12	0.1	C:\Xcalibur\methods\method1	C:\data\yourdir	PRM_20260227_Project ALS _Plate1_C12	Homo sapiens	blood plasma	Plate1	Project_ALS	not available	not available	not available	not available	not available	not available	not available	not available	1	AC=EFO:0009656;NT=plasma	run 36	proteomic profiling by mass spectrometry	PRM_20260227_Project ALS _Plate1_C12.raw	PRM_20260227_Project ALS _Plate1_C12.raw	NT=Parallel Reaction Monitoring;AC=MS:1002956	AC=MS:1002038;NT=label free sample	1	NT=High-performance liquid chromatography;AC=PRIDE:0000565	1	AC=MS:1001251;NT=Trypsin	not available	NT=Stellar;AC=MS:1003409	NT=Carbamidomethyl;AC=UNIMOD:4;TA=C;MT=Fixed	NT=Higher-energy Collisional Dissociation;AC=MS:1000422	27 NCE	40 ppm	0.05 Da	24005	ALS_samples
PRM_20260227_Project ALS _Plate1_D1	D	1	ALS_samples	37	RD1	0.1	C:\Xcalibur\methods\method1	C:\data\yourdir	PRM_20260227_Project ALS _Plate1_D1	Homo sapiens	blood plasma	Plate1	Project_ALS	not available	not available	not available	not available	not available	not available	not available	not available	1	AC=EFO:0009656;NT=plasma	run 37	proteomic profiling by mass spectrometry	PRM_20260227_Project ALS _Plate1_D1.raw	PRM_20260227_Project ALS _Plate1_D1.raw	NT=Parallel Reaction Monitoring;AC=MS:1002956	AC=MS:1002038;NT=label free sample	1	NT=High-performance liquid chromatography;AC=PRIDE:0000565	1	AC=MS:1001251;NT=Trypsin	not available	NT=Stellar;AC=MS:1003409	NT=Carbamidomethyl;AC=UNIMOD:4;TA=C;MT=Fixed	NT=Higher-energy Collisional Dissociation;AC=MS:1000422	27 NCE	40 ppm	0.05 Da	24005	ALS_samples
PRM_20260227_Project ALS _Plate1_D2	D	2	ALS_samples	38	RD2	0.1	C:\Xcalibur\methods\method1	C:\data\yourdir	PRM_20260227_Project ALS _Plate1_D2	Homo sapiens	blood plasma	Plate1	Project_ALS	not available	not available	not available	not available	not available	not available	not available	not available	1	AC=EFO:0009656;NT=plasma	run 38	proteomic profiling by mass spectrometry	PRM_20260227_Project ALS _Plate1_D2.raw	PRM_20260227_Project ALS _Plate1_D2.raw	NT=Parallel Reaction Monitoring;AC=MS:1002956	AC=MS:1002038;NT=label free sample	1	NT=High-performance liquid chromatography;AC=PRIDE:0000565	1	AC=MS:1001251;NT=Trypsin	not available	NT=Stellar;AC=MS:1003409	NT=Carbamidomethyl;AC=UNIMOD:4;TA=C;MT=Fixed	NT=Higher-energy Collisional Dissociation;AC=MS:1000422	27 NCE	40 ppm	0.05 Da	24005	ALS_samples
PRM_20260227_Project ALS _Plate1_D3	D	3	ALS_samples	39	RD3	0.1	C:\Xcalibur\methods\method1	C:\data\yourdir	PRM_20260227_Project ALS _Plate1_D3	Homo sapiens	blood plasma	Plate1	Project_ALS	not available	not available	not available	not available	not available	not available	not available	not available	1	AC=EFO:0009656;NT=plasma	run 39	proteomic profiling by mass spectrometry	PRM_20260227_Project ALS _Plate1_D3.raw	PRM_20260227_Project ALS _Plate1_D3.raw	NT=Parallel Reaction Monitoring;AC=MS:1002956	AC=MS:1002038;NT=label free sample	1	NT=High-performance liquid chromatography;AC=PRIDE:0000565	1	AC=MS:1001251;NT=Trypsin	not available	NT=Stellar;AC=MS:1003409	NT=Carbamidomethyl;AC=UNIMOD:4;TA=C;MT=Fixed	NT=Higher-energy Collisional Dissociation;AC=MS:1000422	27 NCE	40 ppm	0.05 Da	24005	ALS_samples
PRM_20260227_Project ALS _Plate1_D4	D	4	ALS_samples	40	RD4	0.1	C:\Xcalibur\methods\method1	C:\data\yourdir	PRM_20260227_Project ALS _Plate1_D4	Homo sapiens	blood plasma	Plate1	Project_ALS	not available	not available	not available	not available	not available	not available	not available	not available	1	AC=EFO:0009656;NT=plasma	run 40	proteomic profiling by mass spectrometry	PRM_20260227_Project ALS _Plate1_D4.raw	PRM_20260227_Project ALS _Plate1_D4.raw	NT=Parallel Reaction Monitoring;AC=MS:1002956	AC=MS:1002038;NT=label free sample	1	NT=High-performance liquid chromatography;AC=PRIDE:0000565	1	AC=MS:1001251;NT=Trypsin	not available	NT=Stellar;AC=MS:1003409	NT=Carbamidomethyl;AC=UNIMOD:4;TA=C;MT=Fixed	NT=Higher-energy Collisional Dissociation;AC=MS:1000422	27 NCE	40 ppm	0.05 Da	24005	ALS_samples
PRM_20260227_Project ALS _Plate1_D5	D	5	ALS_samples	41	RD5	0.1	C:\Xcalibur\methods\method1	C:\data\yourdir	PRM_20260227_Project ALS _Plate1_D5	Homo sapiens	blood plasma	Plate1	Project_ALS	not available	not available	not available	not available	not available	not available	not available	not available	1	AC=EFO:0009656;NT=plasma	run 41	proteomic profiling by mass spectrometry	PRM_20260227_Project ALS _Plate1_D5.raw	PRM_20260227_Project ALS _Plate1_D5.raw	NT=Parallel Reaction Monitoring;AC=MS:1002956	AC=MS:1002038;NT=label free sample	1	NT=High-performance liquid chromatography;AC=PRIDE:0000565	1	AC=MS:1001251;NT=Trypsin	not available	NT=Stellar;AC=MS:1003409	NT=Carbamidomethyl;AC=UNIMOD:4;TA=C;MT=Fixed	NT=Higher-energy Collisional Dissociation;AC=MS:1000422	27 NCE	40 ppm	0.05 Da	24005	ALS_samples
PRM_20260227_Project ALS _Plate1_D6	D	6	ALS_samples	42	RD6	0.1	C:\Xcalibur\methods\method1	C:\data\yourdir	PRM_20260227_Project ALS _Plate1_D6	Homo sapiens	blood plasma	Plate1	Project_ALS	not available	not available	not available	not available	not available	not available	not available	not available	1	AC=EFO:0009656;NT=plasma	run 42	proteomic profiling by mass spectrometry	PRM_20260227_Project ALS _Plate1_D6.raw	PRM_20260227_Project ALS _Plate1_D6.raw	NT=Parallel Reaction Monitoring;AC=MS:1002956	AC=MS:1002038;NT=label free sample	1	NT=High-performance liquid chromatography;AC=PRIDE:0000565	1	AC=MS:1001251;NT=Trypsin	not available	NT=Stellar;AC=MS:1003409	NT=Carbamidomethyl;AC=UNIMOD:4;TA=C;MT=Fixed	NT=Higher-energy Collisional Dissociation;AC=MS:1000422	27 NCE	40 ppm	0.05 Da	24005	ALS_samples
PRM_20260227_Project ALS _Plate1_D7	D	7	Control	43	RD7	0.1	C:\Xcalibur\methods\method1	C:\data\yourdir	PRM_20260227_Project ALS _Plate1_D7	Homo sapiens	blood plasma	Plate1	Project_ALS	not available	not available	not available	not available	not available	not available	not available	not available	1	AC=EFO:0009656;NT=plasma	run 43	proteomic profiling by mass spectrometry	PRM_20260227_Project ALS _Plate1_D7.raw	PRM_20260227_Project ALS _Plate1_D7.raw	NT=Parallel Reaction Monitoring;AC=MS:1002956	AC=MS:1002038;NT=label free sample	1	NT=High-performance liquid chromatography;AC=PRIDE:0000565	1	AC=MS:1001251;NT=Trypsin	not available	NT=Stellar;AC=MS:1003409	NT=Carbamidomethyl;AC=UNIMOD:4;TA=C;MT=Fixed	NT=Higher-energy Collisional Dissociation;AC=MS:1000422	27 NCE	40 ppm	0.05 Da	24005	Control
PRM_20260227_Project ALS _Plate1_D8	D	8	ALS_samples	44	RD8	0.1	C:\Xcalibur\methods\method1	C:\data\yourdir	PRM_20260227_Project ALS _Plate1_D8	Homo sapiens	blood plasma	Plate1	Project_ALS	not available	not available	not available	not available	not available	not available	not available	not available	1	AC=EFO:0009656;NT=plasma	run 44	proteomic profiling by mass spectrometry	PRM_20260227_Project ALS _Plate1_D8.raw	PRM_20260227_Project ALS _Plate1_D8.raw	NT=Parallel Reaction Monitoring;AC=MS:1002956	AC=MS:1002038;NT=label free sample	1	NT=High-performance liquid chromatography;AC=PRIDE:0000565	1	AC=MS:1001251;NT=Trypsin	not available	NT=Stellar;AC=MS:1003409	NT=Carbamidomethyl;AC=UNIMOD:4;TA=C;MT=Fixed	NT=Higher-energy Collisional Dissociation;AC=MS:1000422	27 NCE	40 ppm	0.05 Da	24005	ALS_samples
PRM_20260227_Project ALS _Plate1_D9	D	9	Control	45	RD9	0.1	C:\Xcalibur\methods\method1	C:\data\yourdir	PRM_20260227_Project ALS _Plate1_D9	Homo sapiens	blood plasma	Plate1	Project_ALS	not available	not available	not available	not available	not available	not available	not available	not available	1	AC=EFO:0009656;NT=plasma	run 45	proteomic profiling by mass spectrometry	PRM_20260227_Project ALS _Plate1_D9.raw	PRM_20260227_Project ALS _Plate1_D9.raw	NT=Parallel Reaction Monitoring;AC=MS:1002956	AC=MS:1002038;NT=label free sample	1	NT=High-performance liquid chromatography;AC=PRIDE:0000565	1	AC=MS:1001251;NT=Trypsin	not available	NT=Stellar;AC=MS:1003409	NT=Carbamidomethyl;AC=UNIMOD:4;TA=C;MT=Fixed	NT=Higher-energy Collisional Dissociation;AC=MS:1000422	27 NCE	40 ppm	0.05 Da	24005	Control
PRM_20260227_Project ALS _Plate1_D10	D	10	ALS_samples	46	RD10	0.1	C:\Xcalibur\methods\method1	C:\data\yourdir	PRM_20260227_Project ALS _Plate1_D10	Homo sapiens	blood plasma	Plate1	Project_ALS	not available	not available	not available	not available	not available	not available	not available	not available	1	AC=EFO:0009656;NT=plasma	run 46	proteomic profiling by mass spectrometry	PRM_20260227_Project ALS _Plate1_D10.raw	PRM_20260227_Project ALS _Plate1_D10.raw	NT=Parallel Reaction Monitoring;AC=MS:1002956	AC=MS:1002038;NT=label free sample	1	NT=High-performance liquid chromatography;AC=PRIDE:0000565	1	AC=MS:1001251;NT=Trypsin	not available	NT=Stellar;AC=MS:1003409	NT=Carbamidomethyl;AC=UNIMOD:4;TA=C;MT=Fixed	NT=Higher-energy Collisional Dissociation;AC=MS:1000422	27 NCE	40 ppm	0.05 Da	24005	ALS_samples
PRM_20260227_Project ALS _Plate1_D11	D	11	ALS_samples	47	RD11	0.1	C:\Xcalibur\methods\method1	C:\data\yourdir	PRM_20260227_Project ALS _Plate1_D11	Homo sapiens	blood plasma	Plate1	Project_ALS	not available	not available	not available	not available	not available	not available	not available	not available	1	AC=EFO:0009656;NT=plasma	run 47	proteomic profiling by mass spectrometry	PRM_20260227_Project ALS _Plate1_D11.raw	PRM_20260227_Project ALS _Plate1_D11.raw	NT=Parallel Reaction Monitoring;AC=MS:1002956	AC=MS:1002038;NT=label free sample	1	NT=High-performance liquid chromatography;AC=PRIDE:0000565	1	AC=MS:1001251;NT=Trypsin	not available	NT=Stellar;AC=MS:1003409	NT=Carbamidomethyl;AC=UNIMOD:4;TA=C;MT=Fixed	NT=Higher-energy Collisional Dissociation;AC=MS:1000422	27 NCE	40 ppm	0.05 Da	24005	ALS_samples
PRM_20260227_Project ALS _Plate1_D12	D	12	ALS_samples	48	RD12	0.1	C:\Xcalibur\methods\method1	C:\data\yourdir	PRM_20260227_Project ALS _Plate1_D12	Homo sapiens	blood plasma	Plate1	Project_ALS	not available	not available	not available	not available	not available	not available	not available	not available	1	AC=EFO:0009656;NT=plasma	run 48	proteomic profiling by mass spectrometry	PRM_20260227_Project ALS _Plate1_D12.raw	PRM_20260227_Project ALS _Plate1_D12.raw	NT=Parallel Reaction Monitoring;AC=MS:1002956	AC=MS:1002038;NT=label free sample	1	NT=High-performance liquid chromatography;AC=PRIDE:0000565	1	AC=MS:1001251;NT=Trypsin	not available	NT=Stellar;AC=MS:1003409	NT=Carbamidomethyl;AC=UNIMOD:4;TA=C;MT=Fixed	NT=Higher-energy Collisional Dissociation;AC=MS:1000422	27 NCE	40 ppm	0.05 Da	24005	ALS_samples
PRM_20260227_Project ALS _Plate1_E1	E	1	ALS_samples	49	RE1	0.1	C:\Xcalibur\methods\method1	C:\data\yourdir	PRM_20260227_Project ALS _Plate1_E1	Homo sapiens	blood plasma	Plate1	Project_ALS	not available	not available	not available	not available	not available	not available	not available	not available	1	AC=EFO:0009656;NT=plasma	run 49	proteomic profiling by mass spectrometry	PRM_20260227_Project ALS _Plate1_E1.raw	PRM_20260227_Project ALS _Plate1_E1.raw	NT=Parallel Reaction Monitoring;AC=MS:1002956	AC=MS:1002038;NT=label free sample	1	NT=High-performance liquid chromatography;AC=PRIDE:0000565	1	AC=MS:1001251;NT=Trypsin	not available	NT=Stellar;AC=MS:1003409	NT=Carbamidomethyl;AC=UNIMOD:4;TA=C;MT=Fixed	NT=Higher-energy Collisional Dissociation;AC=MS:1000422	27 NCE	40 ppm	0.05 Da	24005	ALS_samples
PRM_20260227_Project ALS _Plate1_E2	E	2	ALS_samples	50	RE2	0.1	C:\Xcalibur\methods\method1	C:\data\yourdir	PRM_20260227_Project ALS _Plate1_E2	Homo sapiens	blood plasma	Plate1	Project_ALS	not available	not available	not available	not available	not available	not available	not available	not available	1	AC=EFO:0009656;NT=plasma	run 50	proteomic profiling by mass spectrometry	PRM_20260227_Project ALS _Plate1_E2.raw	PRM_20260227_Project ALS _Plate1_E2.raw	NT=Parallel Reaction Monitoring;AC=MS:1002956	AC=MS:1002038;NT=label free sample	1	NT=High-performance liquid chromatography;AC=PRIDE:0000565	1	AC=MS:1001251;NT=Trypsin	not available	NT=Stellar;AC=MS:1003409	NT=Carbamidomethyl;AC=UNIMOD:4;TA=C;MT=Fixed	NT=Higher-energy Collisional Dissociation;AC=MS:1000422	27 NCE	40 ppm	0.05 Da	24005	ALS_samples
PRM_20260227_Project ALS _Plate1_E3	E	3	ALS_samples	51	RE3	0.1	C:\Xcalibur\methods\method1	C:\data\yourdir	PRM_20260227_Project ALS _Plate1_E3	Homo sapiens	blood plasma	Plate1	Project_ALS	not available	not available	not available	not available	not available	not available	not available	not available	1	AC=EFO:0009656;NT=plasma	run 51	proteomic profiling by mass spectrometry	PRM_20260227_Project ALS _Plate1_E3.raw	PRM_20260227_Project ALS _Plate1_E3.raw	NT=Parallel Reaction Monitoring;AC=MS:1002956	AC=MS:1002038;NT=label free sample	1	NT=High-performance liquid chromatography;AC=PRIDE:0000565	1	AC=MS:1001251;NT=Trypsin	not available	NT=Stellar;AC=MS:1003409	NT=Carbamidomethyl;AC=UNIMOD:4;TA=C;MT=Fixed	NT=Higher-energy Collisional Dissociation;AC=MS:1000422	27 NCE	40 ppm	0.05 Da	24005	ALS_samples
PRM_20260227_Project ALS _Plate1_E4	E	4	ALS_samples	52	RE4	0.1	C:\Xcalibur\methods\method1	C:\data\yourdir	PRM_20260227_Project ALS _Plate1_E4	Homo sapiens	blood plasma	Plate1	Project_ALS	not available	not available	not available	not available	not available	not available	not available	not available	1	AC=EFO:0009656;NT=plasma	run 52	proteomic profiling by mass spectrometry	PRM_20260227_Project ALS _Plate1_E4.raw	PRM_20260227_Project ALS _Plate1_E4.raw	NT=Parallel Reaction Monitoring;AC=MS:1002956	AC=MS:1002038;NT=label free sample	1	NT=High-performance liquid chromatography;AC=PRIDE:0000565	1	AC=MS:1001251;NT=Trypsin	not available	NT=Stellar;AC=MS:1003409	NT=Carbamidomethyl;AC=UNIMOD:4;TA=C;MT=Fixed	NT=Higher-energy Collisional Dissociation;AC=MS:1000422	27 NCE	40 ppm	0.05 Da	24005	ALS_samples
PRM_20260227_Project ALS _Plate1_E5	E	5	ALS_samples	53	RE5	0.1	C:\Xcalibur\methods\method1	C:\data\yourdir	PRM_20260227_Project ALS _Plate1_E5	Homo sapiens	blood plasma	Plate1	Project_ALS	not available	not available	not available	not available	not available	not available	not available	not available	1	AC=EFO:0009656;NT=plasma	run 53	proteomic profiling by mass spectrometry	PRM_20260227_Project ALS _Plate1_E5.raw	PRM_20260227_Project ALS _Plate1_E5.raw	NT=Parallel Reaction Monitoring;AC=MS:1002956	AC=MS:1002038;NT=label free sample	1	NT=High-performance liquid chromatography;AC=PRIDE:0000565	1	AC=MS:1001251;NT=Trypsin	not available	NT=Stellar;AC=MS:1003409	NT=Carbamidomethyl;AC=UNIMOD:4;TA=C;MT=Fixed	NT=Higher-energy Collisional Dissociation;AC=MS:1000422	27 NCE	40 ppm	0.05 Da	24005	ALS_samples
PRM_20260227_Project ALS _Plate1_E6	E	6	ALS_samples	54	RE6	0.1	C:\Xcalibur\methods\method1	C:\data\yourdir	PRM_20260227_Project ALS _Plate1_E6	Homo sapiens	blood plasma	Plate1	Project_ALS	not available	not available	not available	not available	not available	not available	not available	not available	1	AC=EFO:0009656;NT=plasma	run 54	proteomic profiling by mass spectrometry	PRM_20260227_Project ALS _Plate1_E6.raw	PRM_20260227_Project ALS _Plate1_E6.raw	NT=Parallel Reaction Monitoring;AC=MS:1002956	AC=MS:1002038;NT=label free sample	1	NT=High-performance liquid chromatography;AC=PRIDE:0000565	1	AC=MS:1001251;NT=Trypsin	not available	NT=Stellar;AC=MS:1003409	NT=Carbamidomethyl;AC=UNIMOD:4;TA=C;MT=Fixed	NT=Higher-energy Collisional Dissociation;AC=MS:1000422	27 NCE	40 ppm	0.05 Da	24005	ALS_samples
PRM_20260227_Project ALS _Plate1_E7	E	7	ALS_samples	55	RE7	0.1	C:\Xcalibur\methods\method1	C:\data\yourdir	PRM_20260227_Project ALS _Plate1_E7	Homo sapiens	blood plasma	Plate1	Project_ALS	not available	not available	not available	not available	not available	not available	not available	not available	1	AC=EFO:0009656;NT=plasma	run 55	proteomic profiling by mass spectrometry	PRM_20260227_Project ALS _Plate1_E7.raw	PRM_20260227_Project ALS _Plate1_E7.raw	NT=Parallel Reaction Monitoring;AC=MS:1002956	AC=MS:1002038;NT=label free sample	1	NT=High-performance liquid chromatography;AC=PRIDE:0000565	1	AC=MS:1001251;NT=Trypsin	not available	NT=Stellar;AC=MS:1003409	NT=Carbamidomethyl;AC=UNIMOD:4;TA=C;MT=Fixed	NT=Higher-energy Collisional Dissociation;AC=MS:1000422	27 NCE	40 ppm	0.05 Da	24005	ALS_samples
PRM_20260227_Project ALS _Plate1_E8	E	8	ALS_samples	56	RE8	0.1	C:\Xcalibur\methods\method1	C:\data\yourdir	PRM_20260227_Project ALS _Plate1_E8	Homo sapiens	blood plasma	Plate1	Project_ALS	not available	not available	not available	not available	not available	not available	not available	not available	1	AC=EFO:0009656;NT=plasma	run 56	proteomic profiling by mass spectrometry	PRM_20260227_Project ALS _Plate1_E8.raw	PRM_20260227_Project ALS _Plate1_E8.raw	NT=Parallel Reaction Monitoring;AC=MS:1002956	AC=MS:1002038;NT=label free sample	1	NT=High-performance liquid chromatography;AC=PRIDE:0000565	1	AC=MS:1001251;NT=Trypsin	not available	NT=Stellar;AC=MS:1003409	NT=Carbamidomethyl;AC=UNIMOD:4;TA=C;MT=Fixed	NT=Higher-energy Collisional Dissociation;AC=MS:1000422	27 NCE	40 ppm	0.05 Da	24005	ALS_samples
PRM_20260227_Project ALS _Plate1_E9	E	9	ALS_samples	57	RE9	0.1	C:\Xcalibur\methods\method1	C:\data\yourdir	PRM_20260227_Project ALS _Plate1_E9	Homo sapiens	blood plasma	Plate1	Project_ALS	not available	not available	not available	not available	not available	not available	not available	not available	1	AC=EFO:0009656;NT=plasma	run 57	proteomic profiling by mass spectrometry	PRM_20260227_Project ALS _Plate1_E9.raw	PRM_20260227_Project ALS _Plate1_E9.raw	NT=Parallel Reaction Monitoring;AC=MS:1002956	AC=MS:1002038;NT=label free sample	1	NT=High-performance liquid chromatography;AC=PRIDE:0000565	1	AC=MS:1001251;NT=Trypsin	not available	NT=Stellar;AC=MS:1003409	NT=Carbamidomethyl;AC=UNIMOD:4;TA=C;MT=Fixed	NT=Higher-energy Collisional Dissociation;AC=MS:1000422	27 NCE	40 ppm	0.05 Da	24005	ALS_samples
PRM_20260227_Project ALS _Plate1_E10	E	10	ALS_samples	58	RE10	0.1	C:\Xcalibur\methods\method1	C:\data\yourdir	PRM_20260227_Project ALS _Plate1_E10	Homo sapiens	blood plasma	Plate1	Project_ALS	not available	not available	not available	not available	not available	not available	not available	not available	1	AC=EFO:0009656;NT=plasma	run 58	proteomic profiling by mass spectrometry	PRM_20260227_Project ALS _Plate1_E10.raw	PRM_20260227_Project ALS _Plate1_E10.raw	NT=Parallel Reaction Monitoring;AC=MS:1002956	AC=MS:1002038;NT=label free sample	1	NT=High-performance liquid chromatography;AC=PRIDE:0000565	1	AC=MS:1001251;NT=Trypsin	not available	NT=Stellar;AC=MS:1003409	NT=Carbamidomethyl;AC=UNIMOD:4;TA=C;MT=Fixed	NT=Higher-energy Collisional Dissociation;AC=MS:1000422	27 NCE	40 ppm	0.05 Da	24005	ALS_samples
PRM_20260227_Project ALS _Plate1_E11	E	11	ALS_samples	59	RE11	0.1	C:\Xcalibur\methods\method1	C:\data\yourdir	PRM_20260227_Project ALS _Plate1_E11	Homo sapiens	blood plasma	Plate1	Project_ALS	not available	not available	not available	not available	not available	not available	not available	not available	1	AC=EFO:0009656;NT=plasma	run 59	proteomic profiling by mass spectrometry	PRM_20260227_Project ALS _Plate1_E11.raw	PRM_20260227_Project ALS _Plate1_E11.raw	NT=Parallel Reaction Monitoring;AC=MS:1002956	AC=MS:1002038;NT=label free sample	1	NT=High-performance liquid chromatography;AC=PRIDE:0000565	1	AC=MS:1001251;NT=Trypsin	not available	NT=Stellar;AC=MS:1003409	NT=Carbamidomethyl;AC=UNIMOD:4;TA=C;MT=Fixed	NT=Higher-energy Collisional Dissociation;AC=MS:1000422	27 NCE	40 ppm	0.05 Da	24005	ALS_samples
PRM_20260227_Project ALS _Plate1_E12	E	12	ALS_samples	60	RE12	0.1	C:\Xcalibur\methods\method1	C:\data\yourdir	PRM_20260227_Project ALS _Plate1_E12	Homo sapiens	blood plasma	Plate1	Project_ALS	not available	not available	not available	not available	not available	not available	not available	not available	1	AC=EFO:0009656;NT=plasma	run 60	proteomic profiling by mass spectrometry	PRM_20260227_Project ALS _Plate1_E12.raw	PRM_20260227_Project ALS _Plate1_E12.raw	NT=Parallel Reaction Monitoring;AC=MS:1002956	AC=MS:1002038;NT=label free sample	1	NT=High-performance liquid chromatography;AC=PRIDE:0000565	1	AC=MS:1001251;NT=Trypsin	not available	NT=Stellar;AC=MS:1003409	NT=Carbamidomethyl;AC=UNIMOD:4;TA=C;MT=Fixed	NT=Higher-energy Collisional Dissociation;AC=MS:1000422	27 NCE	40 ppm	0.05 Da	24005	ALS_samples
PRM_20260227_Project ALS _Plate1_F1	F	1	ALS_samples	61	RF1	0.1	C:\Xcalibur\methods\method1	C:\data\yourdir	PRM_20260227_Project ALS _Plate1_F1	Homo sapiens	blood plasma	Plate1	Project_ALS	not available	not available	not available	not available	not available	not available	not available	not available	1	AC=EFO:0009656;NT=plasma	run 61	proteomic profiling by mass spectrometry	PRM_20260227_Project ALS _Plate1_F1.raw	PRM_20260227_Project ALS _Plate1_F1.raw	NT=Parallel Reaction Monitoring;AC=MS:1002956	AC=MS:1002038;NT=label free sample	1	NT=High-performance liquid chromatography;AC=PRIDE:0000565	1	AC=MS:1001251;NT=Trypsin	not available	NT=Stellar;AC=MS:1003409	NT=Carbamidomethyl;AC=UNIMOD:4;TA=C;MT=Fixed	NT=Higher-energy Collisional Dissociation;AC=MS:1000422	27 NCE	40 ppm	0.05 Da	24005	ALS_samples
PRM_20260227_Project ALS _Plate1_F2	F	2	ALS_samples	62	RF2	0.1	C:\Xcalibur\methods\method1	C:\data\yourdir	PRM_20260227_Project ALS _Plate1_F2	Homo sapiens	blood plasma	Plate1	Project_ALS	not available	not available	not available	not available	not available	not available	not available	not available	1	AC=EFO:0009656;NT=plasma	run 62	proteomic profiling by mass spectrometry	PRM_20260227_Project ALS _Plate1_F2.raw	PRM_20260227_Project ALS _Plate1_F2.raw	NT=Parallel Reaction Monitoring;AC=MS:1002956	AC=MS:1002038;NT=label free sample	1	NT=High-performance liquid chromatography;AC=PRIDE:0000565	1	AC=MS:1001251;NT=Trypsin	not available	NT=Stellar;AC=MS:1003409	NT=Carbamidomethyl;AC=UNIMOD:4;TA=C;MT=Fixed	NT=Higher-energy Collisional Dissociation;AC=MS:1000422	27 NCE	40 ppm	0.05 Da	24005	ALS_samples
PRM_20260227_Project ALS _Plate1_F3	F	3	ALS_samples	63	RF3	0.1	C:\Xcalibur\methods\method1	C:\data\yourdir	PRM_20260227_Project ALS _Plate1_F3	Homo sapiens	blood plasma	Plate1	Project_ALS	not available	not available	not available	not available	not available	not available	not available	not available	1	AC=EFO:0009656;NT=plasma	run 63	proteomic profiling by mass spectrometry	PRM_20260227_Project ALS _Plate1_F3.raw	PRM_20260227_Project ALS _Plate1_F3.raw	NT=Parallel Reaction Monitoring;AC=MS:1002956	AC=MS:1002038;NT=label free sample	1	NT=High-performance liquid chromatography;AC=PRIDE:0000565	1	AC=MS:1001251;NT=Trypsin	not available	NT=Stellar;AC=MS:1003409	NT=Carbamidomethyl;AC=UNIMOD:4;TA=C;MT=Fixed	NT=Higher-energy Collisional Dissociation;AC=MS:1000422	27 NCE	40 ppm	0.05 Da	24005	ALS_samples
PRM_20260227_Project ALS _Plate1_F4	F	4	ALS_samples	64	RF4	0.1	C:\Xcalibur\methods\method1	C:\data\yourdir	PRM_20260227_Project ALS _Plate1_F4	Homo sapiens	blood plasma	Plate1	Project_ALS	not available	not available	not available	not available	not available	not available	not available	not available	1	AC=EFO:0009656;NT=plasma	run 64	proteomic profiling by mass spectrometry	PRM_20260227_Project ALS _Plate1_F4.raw	PRM_20260227_Project ALS _Plate1_F4.raw	NT=Parallel Reaction Monitoring;AC=MS:1002956	AC=MS:1002038;NT=label free sample	1	NT=High-performance liquid chromatography;AC=PRIDE:0000565	1	AC=MS:1001251;NT=Trypsin	not available	NT=Stellar;AC=MS:1003409	NT=Carbamidomethyl;AC=UNIMOD:4;TA=C;MT=Fixed	NT=Higher-energy Collisional Dissociation;AC=MS:1000422	27 NCE	40 ppm	0.05 Da	24005	ALS_samples
PRM_20260227_Project ALS _Plate1_F5	F	5	ALS_samples	65	RF5	0.1	C:\Xcalibur\methods\method1	C:\data\yourdir	PRM_20260227_Project ALS _Plate1_F5	Homo sapiens	blood plasma	Plate1	Project_ALS	not available	not available	not available	not available	not available	not available	not available	not available	1	AC=EFO:0009656;NT=plasma	run 65	proteomic profiling by mass spectrometry	PRM_20260227_Project ALS _Plate1_F5.raw	PRM_20260227_Project ALS _Plate1_F5.raw	NT=Parallel Reaction Monitoring;AC=MS:1002956	AC=MS:1002038;NT=label free sample	1	NT=High-performance liquid chromatography;AC=PRIDE:0000565	1	AC=MS:1001251;NT=Trypsin	not available	NT=Stellar;AC=MS:1003409	NT=Carbamidomethyl;AC=UNIMOD:4;TA=C;MT=Fixed	NT=Higher-energy Collisional Dissociation;AC=MS:1000422	27 NCE	40 ppm	0.05 Da	24005	ALS_samples
PRM_20260227_Project ALS _Plate1_F6	F	6	ALS_samples	66	RF6	0.1	C:\Xcalibur\methods\method1	C:\data\yourdir	PRM_20260227_Project ALS _Plate1_F6	Homo sapiens	blood plasma	Plate1	Project_ALS	not available	not available	not available	not available	not available	not available	not available	not available	1	AC=EFO:0009656;NT=plasma	run 66	proteomic profiling by mass spectrometry	PRM_20260227_Project ALS _Plate1_F6.raw	PRM_20260227_Project ALS _Plate1_F6.raw	NT=Parallel Reaction Monitoring;AC=MS:1002956	AC=MS:1002038;NT=label free sample	1	NT=High-performance liquid chromatography;AC=PRIDE:0000565	1	AC=MS:1001251;NT=Trypsin	not available	NT=Stellar;AC=MS:1003409	NT=Carbamidomethyl;AC=UNIMOD:4;TA=C;MT=Fixed	NT=Higher-energy Collisional Dissociation;AC=MS:1000422	27 NCE	40 ppm	0.05 Da	24005	ALS_samples
PRM_20260227_Project ALS _Plate1_F7	F	7	ALS_samples	67	RF7	0.1	C:\Xcalibur\methods\method1	C:\data\yourdir	PRM_20260227_Project ALS _Plate1_F7	Homo sapiens	blood plasma	Plate1	Project_ALS	not available	not available	not available	not available	not available	not available	not available	not available	1	AC=EFO:0009656;NT=plasma	run 67	proteomic profiling by mass spectrometry	PRM_20260227_Project ALS _Plate1_F7.raw	PRM_20260227_Project ALS _Plate1_F7.raw	NT=Parallel Reaction Monitoring;AC=MS:1002956	AC=MS:1002038;NT=label free sample	1	NT=High-performance liquid chromatography;AC=PRIDE:0000565	1	AC=MS:1001251;NT=Trypsin	not available	NT=Stellar;AC=MS:1003409	NT=Carbamidomethyl;AC=UNIMOD:4;TA=C;MT=Fixed	NT=Higher-energy Collisional Dissociation;AC=MS:1000422	27 NCE	40 ppm	0.05 Da	24005	ALS_samples
PRM_20260227_Project ALS _Plate1_F8	F	8	ALS_samples	68	RF8	0.1	C:\Xcalibur\methods\method1	C:\data\yourdir	PRM_20260227_Project ALS _Plate1_F8	Homo sapiens	blood plasma	Plate1	Project_ALS	not available	not available	not available	not available	not available	not available	not available	not available	1	AC=EFO:0009656;NT=plasma	run 68	proteomic profiling by mass spectrometry	PRM_20260227_Project ALS _Plate1_F8.raw	PRM_20260227_Project ALS _Plate1_F8.raw	NT=Parallel Reaction Monitoring;AC=MS:1002956	AC=MS:1002038;NT=label free sample	1	NT=High-performance liquid chromatography;AC=PRIDE:0000565	1	AC=MS:1001251;NT=Trypsin	not available	NT=Stellar;AC=MS:1003409	NT=Carbamidomethyl;AC=UNIMOD:4;TA=C;MT=Fixed	NT=Higher-energy Collisional Dissociation;AC=MS:1000422	27 NCE	40 ppm	0.05 Da	24005	ALS_samples
PRM_20260227_Project ALS _Plate1_F9	F	9	ALS_samples	69	RF9	0.1	C:\Xcalibur\methods\method1	C:\data\yourdir	PRM_20260227_Project ALS _Plate1_F9	Homo sapiens	blood plasma	Plate1	Project_ALS	not available	not available	not available	not available	not available	not available	not available	not available	1	AC=EFO:0009656;NT=plasma	run 69	proteomic profiling by mass spectrometry	PRM_20260227_Project ALS _Plate1_F9.raw	PRM_20260227_Project ALS _Plate1_F9.raw	NT=Parallel Reaction Monitoring;AC=MS:1002956	AC=MS:1002038;NT=label free sample	1	NT=High-performance liquid chromatography;AC=PRIDE:0000565	1	AC=MS:1001251;NT=Trypsin	not available	NT=Stellar;AC=MS:1003409	NT=Carbamidomethyl;AC=UNIMOD:4;TA=C;MT=Fixed	NT=Higher-energy Collisional Dissociation;AC=MS:1000422	27 NCE	40 ppm	0.05 Da	24005	ALS_samples
PRM_20260227_Project ALS _Plate1_F10	F	10	ALS_samples	70	RF10	0.1	C:\Xcalibur\methods\method1	C:\data\yourdir	PRM_20260227_Project ALS _Plate1_F10	Homo sapiens	blood plasma	Plate1	Project_ALS	not available	not available	not available	not available	not available	not available	not available	not available	1	AC=EFO:0009656;NT=plasma	run 70	proteomic profiling by mass spectrometry	PRM_20260227_Project ALS _Plate1_F10.raw	PRM_20260227_Project ALS _Plate1_F10.raw	NT=Parallel Reaction Monitoring;AC=MS:1002956	AC=MS:1002038;NT=label free sample	1	NT=High-performance liquid chromatography;AC=PRIDE:0000565	1	AC=MS:1001251;NT=Trypsin	not available	NT=Stellar;AC=MS:1003409	NT=Carbamidomethyl;AC=UNIMOD:4;TA=C;MT=Fixed	NT=Higher-energy Collisional Dissociation;AC=MS:1000422	27 NCE	40 ppm	0.05 Da	24005	ALS_samples
PRM_20260227_Project ALS _Plate1_F11	F	11	ALS_samples	71	RF11	0.1	C:\Xcalibur\methods\method1	C:\data\yourdir	PRM_20260227_Project ALS _Plate1_F11	Homo sapiens	blood plasma	Plate1	Project_ALS	not available	not available	not available	not available	not available	not available	not available	not available	1	AC=EFO:0009656;NT=plasma	run 71	proteomic profiling by mass spectrometry	PRM_20260227_Project ALS _Plate1_F11.raw	PRM_20260227_Project ALS _Plate1_F11.raw	NT=Parallel Reaction Monitoring;AC=MS:1002956	AC=MS:1002038;NT=label free sample	1	NT=High-performance liquid chromatography;AC=PRIDE:0000565	1	AC=MS:1001251;NT=Trypsin	not available	NT=Stellar;AC=MS:1003409	NT=Carbamidomethyl;AC=UNIMOD:4;TA=C;MT=Fixed	NT=Higher-energy Collisional Dissociation;AC=MS:1000422	27 NCE	40 ppm	0.05 Da	24005	ALS_samples
PRM_20260227_Project ALS _Plate1_F12	F	12	ALS_samples	72	RF12	0.1	C:\Xcalibur\methods\method1	C:\data\yourdir	PRM_20260227_Project ALS _Plate1_F12	Homo sapiens	blood plasma	Plate1	Project_ALS	not available	not available	not available	not available	not available	not available	not available	not available	1	AC=EFO:0009656;NT=plasma	run 72	proteomic profiling by mass spectrometry	PRM_20260227_Project ALS _Plate1_F12.raw	PRM_20260227_Project ALS _Plate1_F12.raw	NT=Parallel Reaction Monitoring;AC=MS:1002956	AC=MS:1002038;NT=label free sample	1	NT=High-performance liquid chromatography;AC=PRIDE:0000565	1	AC=MS:1001251;NT=Trypsin	not available	NT=Stellar;AC=MS:1003409	NT=Carbamidomethyl;AC=UNIMOD:4;TA=C;MT=Fixed	NT=Higher-energy Collisional Dissociation;AC=MS:1000422	27 NCE	40 ppm	0.05 Da	24005	ALS_samples
PRM_20260227_Project ALS _Plate1_G1	G	1	ALS_samples	73	RG1	0.1	C:\Xcalibur\methods\method1	C:\data\yourdir	PRM_20260227_Project ALS _Plate1_G1	Homo sapiens	blood plasma	Plate1	Project_ALS	not available	not available	not available	not available	not available	not available	not available	not available	1	AC=EFO:0009656;NT=plasma	run 73	proteomic profiling by mass spectrometry	PRM_20260227_Project ALS _Plate1_G1.raw	PRM_20260227_Project ALS _Plate1_G1.raw	NT=Parallel Reaction Monitoring;AC=MS:1002956	AC=MS:1002038;NT=label free sample	1	NT=High-performance liquid chromatography;AC=PRIDE:0000565	1	AC=MS:1001251;NT=Trypsin	not available	NT=Stellar;AC=MS:1003409	NT=Carbamidomethyl;AC=UNIMOD:4;TA=C;MT=Fixed	NT=Higher-energy Collisional Dissociation;AC=MS:1000422	27 NCE	40 ppm	0.05 Da	24005	ALS_samples
PRM_20260227_Project ALS _Plate1_G2	G	2	ALS_samples	74	RG2	0.1	C:\Xcalibur\methods\method1	C:\data\yourdir	PRM_20260227_Project ALS _Plate1_G2	Homo sapiens	blood plasma	Plate1	Project_ALS	not available	not available	not available	not available	not available	not available	not available	not available	1	AC=EFO:0009656;NT=plasma	run 74	proteomic profiling by mass spectrometry	PRM_20260227_Project ALS _Plate1_G2.raw	PRM_20260227_Project ALS _Plate1_G2.raw	NT=Parallel Reaction Monitoring;AC=MS:1002956	AC=MS:1002038;NT=label free sample	1	NT=High-performance liquid chromatography;AC=PRIDE:0000565	1	AC=MS:1001251;NT=Trypsin	not available	NT=Stellar;AC=MS:1003409	NT=Carbamidomethyl;AC=UNIMOD:4;TA=C;MT=Fixed	NT=Higher-energy Collisional Dissociation;AC=MS:1000422	27 NCE	40 ppm	0.05 Da	24005	ALS_samples
PRM_20260227_Project ALS _Plate1_G3	G	3	ALS_samples	75	RG3	0.1	C:\Xcalibur\methods\method1	C:\data\yourdir	PRM_20260227_Project ALS _Plate1_G3	Homo sapiens	blood plasma	Plate1	Project_ALS	not available	not available	not available	not available	not available	not available	not available	not available	1	AC=EFO:0009656;NT=plasma	run 75	proteomic profiling by mass spectrometry	PRM_20260227_Project ALS _Plate1_G3.raw	PRM_20260227_Project ALS _Plate1_G3.raw	NT=Parallel Reaction Monitoring;AC=MS:1002956	AC=MS:1002038;NT=label free sample	1	NT=High-performance liquid chromatography;AC=PRIDE:0000565	1	AC=MS:1001251;NT=Trypsin	not available	NT=Stellar;AC=MS:1003409	NT=Carbamidomethyl;AC=UNIMOD:4;TA=C;MT=Fixed	NT=Higher-energy Collisional Dissociation;AC=MS:1000422	27 NCE	40 ppm	0.05 Da	24005	ALS_samples
PRM_20260227_Project ALS _Plate1_G4	G	4	ALS_samples	76	RG4	0.1	C:\Xcalibur\methods\method1	C:\data\yourdir	PRM_20260227_Project ALS _Plate1_G4	Homo sapiens	blood plasma	Plate1	Project_ALS	not available	not available	not available	not available	not available	not available	not available	not available	1	AC=EFO:0009656;NT=plasma	run 76	proteomic profiling by mass spectrometry	PRM_20260227_Project ALS _Plate1_G4.raw	PRM_20260227_Project ALS _Plate1_G4.raw	NT=Parallel Reaction Monitoring;AC=MS:1002956	AC=MS:1002038;NT=label free sample	1	NT=High-performance liquid chromatography;AC=PRIDE:0000565	1	AC=MS:1001251;NT=Trypsin	not available	NT=Stellar;AC=MS:1003409	NT=Carbamidomethyl;AC=UNIMOD:4;TA=C;MT=Fixed	NT=Higher-energy Collisional Dissociation;AC=MS:1000422	27 NCE	40 ppm	0.05 Da	24005	ALS_samples
PRM_20260227_Project ALS _Plate1_G5	G	5	ALS_samples	77	RG5	0.1	C:\Xcalibur\methods\method1	C:\data\yourdir	PRM_20260227_Project ALS _Plate1_G5	Homo sapiens	blood plasma	Plate1	Project_ALS	not available	not available	not available	not available	not available	not available	not available	not available	1	AC=EFO:0009656;NT=plasma	run 77	proteomic profiling by mass spectrometry	PRM_20260227_Project ALS _Plate1_G5.raw	PRM_20260227_Project ALS _Plate1_G5.raw	NT=Parallel Reaction Monitoring;AC=MS:1002956	AC=MS:1002038;NT=label free sample	1	NT=High-performance liquid chromatography;AC=PRIDE:0000565	1	AC=MS:1001251;NT=Trypsin	not available	NT=Stellar;AC=MS:1003409	NT=Carbamidomethyl;AC=UNIMOD:4;TA=C;MT=Fixed	NT=Higher-energy Collisional Dissociation;AC=MS:1000422	27 NCE	40 ppm	0.05 Da	24005	ALS_samples
PRM_20260227_Project ALS _Plate1_G6	G	6	ALS_samples	78	RG6	0.1	C:\Xcalibur\methods\method1	C:\data\yourdir	PRM_20260227_Project ALS _Plate1_G6	Homo sapiens	blood plasma	Plate1	Project_ALS	not available	not available	not available	not available	not available	not available	not available	not available	1	AC=EFO:0009656;NT=plasma	run 78	proteomic profiling by mass spectrometry	PRM_20260227_Project ALS _Plate1_G6.raw	PRM_20260227_Project ALS _Plate1_G6.raw	NT=Parallel Reaction Monitoring;AC=MS:1002956	AC=MS:1002038;NT=label free sample	1	NT=High-performance liquid chromatography;AC=PRIDE:0000565	1	AC=MS:1001251;NT=Trypsin	not available	NT=Stellar;AC=MS:1003409	NT=Carbamidomethyl;AC=UNIMOD:4;TA=C;MT=Fixed	NT=Higher-energy Collisional Dissociation;AC=MS:1000422	27 NCE	40 ppm	0.05 Da	24005	ALS_samples
PRM_20260227_Project ALS _Plate1_G7	G	7	ALS_samples	79	RG7	0.1	C:\Xcalibur\methods\method1	C:\data\yourdir	PRM_20260227_Project ALS _Plate1_G7	Homo sapiens	blood plasma	Plate1	Project_ALS	not available	not available	not available	not available	not available	not available	not available	not available	1	AC=EFO:0009656;NT=plasma	run 79	proteomic profiling by mass spectrometry	PRM_20260227_Project ALS _Plate1_G7.raw	PRM_20260227_Project ALS _Plate1_G7.raw	NT=Parallel Reaction Monitoring;AC=MS:1002956	AC=MS:1002038;NT=label free sample	1	NT=High-performance liquid chromatography;AC=PRIDE:0000565	1	AC=MS:1001251;NT=Trypsin	not available	NT=Stellar;AC=MS:1003409	NT=Carbamidomethyl;AC=UNIMOD:4;TA=C;MT=Fixed	NT=Higher-energy Collisional Dissociation;AC=MS:1000422	27 NCE	40 ppm	0.05 Da	24005	ALS_samples
PRM_20260227_Project ALS _Plate1_G8	G	8	ALS_samples	80	RG8	0.1	C:\Xcalibur\methods\method1	C:\data\yourdir	PRM_20260227_Project ALS _Plate1_G8	Homo sapiens	blood plasma	Plate1	Project_ALS	not available	not available	not available	not available	not available	not available	not available	not available	1	AC=EFO:0009656;NT=plasma	run 80	proteomic profiling by mass spectrometry	PRM_20260227_Project ALS _Plate1_G8.raw	PRM_20260227_Project ALS _Plate1_G8.raw	NT=Parallel Reaction Monitoring;AC=MS:1002956	AC=MS:1002038;NT=label free sample	1	NT=High-performance liquid chromatography;AC=PRIDE:0000565	1	AC=MS:1001251;NT=Trypsin	not available	NT=Stellar;AC=MS:1003409	NT=Carbamidomethyl;AC=UNIMOD:4;TA=C;MT=Fixed	NT=Higher-energy Collisional Dissociation;AC=MS:1000422	27 NCE	40 ppm	0.05 Da	24005	ALS_samples
PRM_20260227_Project ALS _Plate1_G9	G	9	ALS_samples	81	RG9	0.1	C:\Xcalibur\methods\method1	C:\data\yourdir	PRM_20260227_Project ALS _Plate1_G9	Homo sapiens	blood plasma	Plate1	Project_ALS	not available	not available	not available	not available	not available	not available	not available	not available	1	AC=EFO:0009656;NT=plasma	run 81	proteomic profiling by mass spectrometry	PRM_20260227_Project ALS _Plate1_G9.raw	PRM_20260227_Project ALS _Plate1_G9.raw	NT=Parallel Reaction Monitoring;AC=MS:1002956	AC=MS:1002038;NT=label free sample	1	NT=High-performance liquid chromatography;AC=PRIDE:0000565	1	AC=MS:1001251;NT=Trypsin	not available	NT=Stellar;AC=MS:1003409	NT=Carbamidomethyl;AC=UNIMOD:4;TA=C;MT=Fixed	NT=Higher-energy Collisional Dissociation;AC=MS:1000422	27 NCE	40 ppm	0.05 Da	24005	ALS_samples
PRM_20260227_Project ALS _Plate1_G10	G	10	ALS_samples	82	RG10	0.1	C:\Xcalibur\methods\method1	C:\data\yourdir	PRM_20260227_Project ALS _Plate1_G10	Homo sapiens	blood plasma	Plate1	Project_ALS	not available	not available	not available	not available	not available	not available	not available	not available	1	AC=EFO:0009656;NT=plasma	run 82	proteomic profiling by mass spectrometry	PRM_20260227_Project ALS _Plate1_G10.raw	PRM_20260227_Project ALS _Plate1_G10.raw	NT=Parallel Reaction Monitoring;AC=MS:1002956	AC=MS:1002038;NT=label free sample	1	NT=High-performance liquid chromatography;AC=PRIDE:0000565	1	AC=MS:1001251;NT=Trypsin	not available	NT=Stellar;AC=MS:1003409	NT=Carbamidomethyl;AC=UNIMOD:4;TA=C;MT=Fixed	NT=Higher-energy Collisional Dissociation;AC=MS:1000422	27 NCE	40 ppm	0.05 Da	24005	ALS_samples
PRM_20260227_Project ALS _Plate1_G11	G	11	ALS_samples	83	RG11	0.1	C:\Xcalibur\methods\method1	C:\data\yourdir	PRM_20260227_Project ALS _Plate1_G11	Homo sapiens	blood plasma	Plate1	Project_ALS	not available	not available	not available	not available	not available	not available	not available	not available	1	AC=EFO:0009656;NT=plasma	run 83	proteomic profiling by mass spectrometry	PRM_20260227_Project ALS _Plate1_G11.raw	PRM_20260227_Project ALS _Plate1_G11.raw	NT=Parallel Reaction Monitoring;AC=MS:1002956	AC=MS:1002038;NT=label free sample	1	NT=High-performance liquid chromatography;AC=PRIDE:0000565	1	AC=MS:1001251;NT=Trypsin	not available	NT=Stellar;AC=MS:1003409	NT=Carbamidomethyl;AC=UNIMOD:4;TA=C;MT=Fixed	NT=Higher-energy Collisional Dissociation;AC=MS:1000422	27 NCE	40 ppm	0.05 Da	24005	ALS_samples
PRM_20260227_Project ALS _Plate1_G12	G	12	ALS_samples	84	RG12	0.1	C:\Xcalibur\methods\method1	C:\data\yourdir	PRM_20260227_Project ALS _Plate1_G12	Homo sapiens	blood plasma	Plate1	Project_ALS	not available	not available	not available	not available	not available	not available	not available	not available	1	AC=EFO:0009656;NT=plasma	run 84	proteomic profiling by mass spectrometry	PRM_20260227_Project ALS _Plate1_G12.raw	PRM_20260227_Project ALS _Plate1_G12.raw	NT=Parallel Reaction Monitoring;AC=MS:1002956	AC=MS:1002038;NT=label free sample	1	NT=High-performance liquid chromatography;AC=PRIDE:0000565	1	AC=MS:1001251;NT=Trypsin	not available	NT=Stellar;AC=MS:1003409	NT=Carbamidomethyl;AC=UNIMOD:4;TA=C;MT=Fixed	NT=Higher-energy Collisional Dissociation;AC=MS:1000422	27 NCE	40 ppm	0.05 Da	24005	ALS_samples
PRM_20260227_Project ALS _Plate1_H1	H	1	ALS_samples	85	RH1	0.1	C:\Xcalibur\methods\method1	C:\data\yourdir	PRM_20260227_Project ALS _Plate1_H1	Homo sapiens	blood plasma	Plate1	Project_ALS	not available	not available	not available	not available	not available	not available	not available	not available	1	AC=EFO:0009656;NT=plasma	run 85	proteomic profiling by mass spectrometry	PRM_20260227_Project ALS _Plate1_H1.raw	PRM_20260227_Project ALS _Plate1_H1.raw	NT=Parallel Reaction Monitoring;AC=MS:1002956	AC=MS:1002038;NT=label free sample	1	NT=High-performance liquid chromatography;AC=PRIDE:0000565	1	AC=MS:1001251;NT=Trypsin	not available	NT=Stellar;AC=MS:1003409	NT=Carbamidomethyl;AC=UNIMOD:4;TA=C;MT=Fixed	NT=Higher-energy Collisional Dissociation;AC=MS:1000422	27 NCE	40 ppm	0.05 Da	24005	ALS_samples
PRM_20260227_Project ALS _Plate1_H2	H	2	ALS_samples	86	RH2	0.1	C:\Xcalibur\methods\method1	C:\data\yourdir	PRM_20260227_Project ALS _Plate1_H2	Homo sapiens	blood plasma	Plate1	Project_ALS	not available	not available	not available	not available	not available	not available	not available	not available	1	AC=EFO:0009656;NT=plasma	run 86	proteomic profiling by mass spectrometry	PRM_20260227_Project ALS _Plate1_H2.raw	PRM_20260227_Project ALS _Plate1_H2.raw	NT=Parallel Reaction Monitoring;AC=MS:1002956	AC=MS:1002038;NT=label free sample	1	NT=High-performance liquid chromatography;AC=PRIDE:0000565	1	AC=MS:1001251;NT=Trypsin	not available	NT=Stellar;AC=MS:1003409	NT=Carbamidomethyl;AC=UNIMOD:4;TA=C;MT=Fixed	NT=Higher-energy Collisional Dissociation;AC=MS:1000422	27 NCE	40 ppm	0.05 Da	24005	ALS_samples
PRM_20260227_Project ALS _Plate1_H3	H	3	ALS_samples	87	RH3	0.1	C:\Xcalibur\methods\method1	C:\data\yourdir	PRM_20260227_Project ALS _Plate1_H3	Homo sapiens	blood plasma	Plate1	Project_ALS	not available	not available	not available	not available	not available	not available	not available	not available	1	AC=EFO:0009656;NT=plasma	run 87	proteomic profiling by mass spectrometry	PRM_20260227_Project ALS _Plate1_H3.raw	PRM_20260227_Project ALS _Plate1_H3.raw	NT=Parallel Reaction Monitoring;AC=MS:1002956	AC=MS:1002038;NT=label free sample	1	NT=High-performance liquid chromatography;AC=PRIDE:0000565	1	AC=MS:1001251;NT=Trypsin	not available	NT=Stellar;AC=MS:1003409	NT=Carbamidomethyl;AC=UNIMOD:4;TA=C;MT=Fixed	NT=Higher-energy Collisional Dissociation;AC=MS:1000422	27 NCE	40 ppm	0.05 Da	24005	ALS_samples
PRM_20260227_Project ALS _Plate1_H4	H	4	Control	88	RH4	0.1	C:\Xcalibur\methods\method1	C:\data\yourdir	PRM_20260227_Project ALS _Plate1_H4	Homo sapiens	blood plasma	Plate1	Project_ALS	not available	not available	not available	not available	not available	not available	not available	not available	1	AC=EFO:0009656;NT=plasma	run 88	proteomic profiling by mass spectrometry	PRM_20260227_Project ALS _Plate1_H4.raw	PRM_20260227_Project ALS _Plate1_H4.raw	NT=Parallel Reaction Monitoring;AC=MS:1002956	AC=MS:1002038;NT=label free sample	1	NT=High-performance liquid chromatography;AC=PRIDE:0000565	1	AC=MS:1001251;NT=Trypsin	not available	NT=Stellar;AC=MS:1003409	NT=Carbamidomethyl;AC=UNIMOD:4;TA=C;MT=Fixed	NT=Higher-energy Collisional Dissociation;AC=MS:1000422	27 NCE	40 ppm	0.05 Da	24005	Control
PRM_20260227_Project ALS _Plate1_H5	H	5	ALS_samples	89	RH5	0.1	C:\Xcalibur\methods\method1	C:\data\yourdir	PRM_20260227_Project ALS _Plate1_H5	Homo sapiens	blood plasma	Plate1	Project_ALS	not available	not available	not available	not available	not available	not available	not available	not available	1	AC=EFO:0009656;NT=plasma	run 89	proteomic profiling by mass spectrometry	PRM_20260227_Project ALS _Plate1_H5.raw	PRM_20260227_Project ALS _Plate1_H5.raw	NT=Parallel Reaction Monitoring;AC=MS:1002956	AC=MS:1002038;NT=label free sample	1	NT=High-performance liquid chromatography;AC=PRIDE:0000565	1	AC=MS:1001251;NT=Trypsin	not available	NT=Stellar;AC=MS:1003409	NT=Carbamidomethyl;AC=UNIMOD:4;TA=C;MT=Fixed	NT=Higher-energy Collisional Dissociation;AC=MS:1000422	27 NCE	40 ppm	0.05 Da	24005	ALS_samples
PRM_20260227_Project ALS _Plate1_H6	H	6	ALS_samples	90	RH6	0.1	C:\Xcalibur\methods\method1	C:\data\yourdir	PRM_20260227_Project ALS _Plate1_H6	Homo sapiens	blood plasma	Plate1	Project_ALS	not available	not available	not available	not available	not available	not available	not available	not available	1	AC=EFO:0009656;NT=plasma	run 90	proteomic profiling by mass spectrometry	PRM_20260227_Project ALS _Plate1_H6.raw	PRM_20260227_Project ALS _Plate1_H6.raw	NT=Parallel Reaction Monitoring;AC=MS:1002956	AC=MS:1002038;NT=label free sample	1	NT=High-performance liquid chromatography;AC=PRIDE:0000565	1	AC=MS:1001251;NT=Trypsin	not available	NT=Stellar;AC=MS:1003409	NT=Carbamidomethyl;AC=UNIMOD:4;TA=C;MT=Fixed	NT=Higher-energy Collisional Dissociation;AC=MS:1000422	27 NCE	40 ppm	0.05 Da	24005	ALS_samples
PRM_20260227_Project ALS _Plate1_H7	H	7	ALS_samples	91	RH7	0.1	C:\Xcalibur\methods\method1	C:\data\yourdir	PRM_20260227_Project ALS _Plate1_H7	Homo sapiens	blood plasma	Plate1	Project_ALS	not available	not available	not available	not available	not available	not available	not available	not available	1	AC=EFO:0009656;NT=plasma	run 91	proteomic profiling by mass spectrometry	PRM_20260227_Project ALS _Plate1_H7.raw	PRM_20260227_Project ALS _Plate1_H7.raw	NT=Parallel Reaction Monitoring;AC=MS:1002956	AC=MS:1002038;NT=label free sample	1	NT=High-performance liquid chromatography;AC=PRIDE:0000565	1	AC=MS:1001251;NT=Trypsin	not available	NT=Stellar;AC=MS:1003409	NT=Carbamidomethyl;AC=UNIMOD:4;TA=C;MT=Fixed	NT=Higher-energy Collisional Dissociation;AC=MS:1000422	27 NCE	40 ppm	0.05 Da	24005	ALS_samples
PRM_20260227_Project ALS _Plate1_H8	H	8	ALS_samples	92	RH8	0.1	C:\Xcalibur\methods\method1	C:\data\yourdir	PRM_20260227_Project ALS _Plate1_H8	Homo sapiens	blood plasma	Plate1	Project_ALS	not available	not available	not available	not available	not available	not available	not available	not available	1	AC=EFO:0009656;NT=plasma	run 92	proteomic profiling by mass spectrometry	PRM_20260227_Project ALS _Plate1_H8.raw	PRM_20260227_Project ALS _Plate1_H8.raw	NT=Parallel Reaction Monitoring;AC=MS:1002956	AC=MS:1002038;NT=label free sample	1	NT=High-performance liquid chromatography;AC=PRIDE:0000565	1	AC=MS:1001251;NT=Trypsin	not available	NT=Stellar;AC=MS:1003409	NT=Carbamidomethyl;AC=UNIMOD:4;TA=C;MT=Fixed	NT=Higher-energy Collisional Dissociation;AC=MS:1000422	27 NCE	40 ppm	0.05 Da	24005	ALS_samples
PRM_20260227_Project ALS _Plate1_H9	H	9	ALS_samples	93	RH9	0.1	C:\Xcalibur\methods\method1	C:\data\yourdir	PRM_20260227_Project ALS _Plate1_H9	Homo sapiens	blood plasma	Plate1	Project_ALS	not available	not available	not available	not available	not available	not available	not available	not available	1	AC=EFO:0009656;NT=plasma	run 93	proteomic profiling by mass spectrometry	PRM_20260227_Project ALS _Plate1_H9.raw	PRM_20260227_Project ALS _Plate1_H9.raw	NT=Parallel Reaction Monitoring;AC=MS:1002956	AC=MS:1002038;NT=label free sample	1	NT=High-performance liquid chromatography;AC=PRIDE:0000565	1	AC=MS:1001251;NT=Trypsin	not available	NT=Stellar;AC=MS:1003409	NT=Carbamidomethyl;AC=UNIMOD:4;TA=C;MT=Fixed	NT=Higher-energy Collisional Dissociation;AC=MS:1000422	27 NCE	40 ppm	0.05 Da	24005	ALS_samples
PRM_20260227_Project ALS _Plate1_H10	H	10	ALS_samples	94	RH10	0.1	C:\Xcalibur\methods\method1	C:\data\yourdir	PRM_20260227_Project ALS _Plate1_H10	Homo sapiens	blood plasma	Plate1	Project_ALS	not available	not available	not available	not available	not available	not available	not available	not available	1	AC=EFO:0009656;NT=plasma	run 94	proteomic profiling by mass spectrometry	PRM_20260227_Project ALS _Plate1_H10.raw	PRM_20260227_Project ALS _Plate1_H10.raw	NT=Parallel Reaction Monitoring;AC=MS:1002956	AC=MS:1002038;NT=label free sample	1	NT=High-performance liquid chromatography;AC=PRIDE:0000565	1	AC=MS:1001251;NT=Trypsin	not available	NT=Stellar;AC=MS:1003409	NT=Carbamidomethyl;AC=UNIMOD:4;TA=C;MT=Fixed	NT=Higher-energy Collisional Dissociation;AC=MS:1000422	27 NCE	40 ppm	0.05 Da	24005	ALS_samples
PRM_20260227_Project ALS _Plate1_H11	H	11	ALS_samples	95	RH11	0.1	C:\Xcalibur\methods\method1	C:\data\yourdir	PRM_20260227_Project ALS _Plate1_H11	Homo sapiens	blood plasma	Plate1	Project_ALS	not available	not available	not available	not available	not available	not available	not available	not available	1	AC=EFO:0009656;NT=plasma	run 95	proteomic profiling by mass spectrometry	PRM_20260227_Project ALS _Plate1_H11.raw	PRM_20260227_Project ALS _Plate1_H11.raw	NT=Parallel Reaction Monitoring;AC=MS:1002956	AC=MS:1002038;NT=label free sample	1	NT=High-performance liquid chromatography;AC=PRIDE:0000565	1	AC=MS:1001251;NT=Trypsin	not available	NT=Stellar;AC=MS:1003409	NT=Carbamidomethyl;AC=UNIMOD:4;TA=C;MT=Fixed	NT=Higher-energy Collisional Dissociation;AC=MS:1000422	27 NCE	40 ppm	0.05 Da	24005	ALS_samples
PRM_20260227_Project ALS _Plate1_H12	H	12	ALS_samples	96	RH12	0.1	C:\Xcalibur\methods\method1	C:\data\yourdir	PRM_20260227_Project ALS _Plate1_H12	Homo sapiens	blood plasma	Plate1	Project_ALS	not available	not available	not available	not available	not available	not available	not available	not available	1	AC=EFO:0009656;NT=plasma	run 96	proteomic profiling by mass spectrometry	PRM_20260227_Project ALS _Plate1_H12.raw	PRM_20260227_Project ALS _Plate1_H12.raw	NT=Parallel Reaction Monitoring;AC=MS:1002956	AC=MS:1002038;NT=label free sample	1	NT=High-performance liquid chromatography;AC=PRIDE:0000565	1	AC=MS:1001251;NT=Trypsin	not available	NT=Stellar;AC=MS:1003409	NT=Carbamidomethyl;AC=UNIMOD:4;TA=C;MT=Fixed	NT=Higher-energy Collisional Dissociation;AC=MS:1000422	27 NCE	40 ppm	0.05 Da	24005	ALS_samples
PRM_20260227_Project ALS _Plate2_A1	A	1	ALS_samples	1	RA1	0.1	C:\Xcalibur\methods\method1	C:\data\yourdir	PRM_20260227_Project ALS _Plate2_A1	Homo sapiens	blood plasma	Plate2	Project_ALS	not available	not available	not available	not available	not available	not available	not available	not available	1	AC=EFO:0009656;NT=plasma	run 97	proteomic profiling by mass spectrometry	PRM_20260227_Project ALS _Plate2_A1.raw	PRM_20260227_Project ALS _Plate2_A1.raw	NT=Parallel Reaction Monitoring;AC=MS:1002956	AC=MS:1002038;NT=label free sample	1	NT=High-performance liquid chromatography;AC=PRIDE:0000565	1	AC=MS:1001251;NT=Trypsin	not available	NT=Stellar;AC=MS:1003409	NT=Carbamidomethyl;AC=UNIMOD:4;TA=C;MT=Fixed	NT=Higher-energy Collisional Dissociation;AC=MS:1000422	27 NCE	40 ppm	0.05 Da	24005	ALS_samples
PRM_20260227_Project ALS _Plate2_A2	A	2	ALS_samples	2	RA2	0.1	C:\Xcalibur\methods\method1	C:\data\yourdir	PRM_20260227_Project ALS _Plate2_A2	Homo sapiens	blood plasma	Plate2	Project_ALS	not available	not available	not available	not available	not available	not available	not available	not available	1	AC=EFO:0009656;NT=plasma	run 98	proteomic profiling by mass spectrometry	PRM_20260227_Project ALS _Plate2_A2.raw	PRM_20260227_Project ALS _Plate2_A2.raw	NT=Parallel Reaction Monitoring;AC=MS:1002956	AC=MS:1002038;NT=label free sample	1	NT=High-performance liquid chromatography;AC=PRIDE:0000565	1	AC=MS:1001251;NT=Trypsin	not available	NT=Stellar;AC=MS:1003409	NT=Carbamidomethyl;AC=UNIMOD:4;TA=C;MT=Fixed	NT=Higher-energy Collisional Dissociation;AC=MS:1000422	27 NCE	40 ppm	0.05 Da	24005	ALS_samples
PRM_20260227_Project ALS _Plate2_A3	A	3	ALS_samples	3	RA3	0.1	C:\Xcalibur\methods\method1	C:\data\yourdir	PRM_20260227_Project ALS _Plate2_A3	Homo sapiens	blood plasma	Plate2	Project_ALS	not available	not available	not available	not available	not available	not available	not available	not available	1	AC=EFO:0009656;NT=plasma	run 99	proteomic profiling by mass spectrometry	PRM_20260227_Project ALS _Plate2_A3.raw	PRM_20260227_Project ALS _Plate2_A3.raw	NT=Parallel Reaction Monitoring;AC=MS:1002956	AC=MS:1002038;NT=label free sample	1	NT=High-performance liquid chromatography;AC=PRIDE:0000565	1	AC=MS:1001251;NT=Trypsin	not available	NT=Stellar;AC=MS:1003409	NT=Carbamidomethyl;AC=UNIMOD:4;TA=C;MT=Fixed	NT=Higher-energy Collisional Dissociation;AC=MS:1000422	27 NCE	40 ppm	0.05 Da	24005	ALS_samples
PRM_20260227_Project ALS _Plate2_A4	A	4	ALS_samples	4	RA4	0.1	C:\Xcalibur\methods\method1	C:\data\yourdir	PRM_20260227_Project ALS _Plate2_A4	Homo sapiens	blood plasma	Plate2	Project_ALS	not available	not available	not available	not available	not available	not available	not available	not available	1	AC=EFO:0009656;NT=plasma	run 100	proteomic profiling by mass spectrometry	PRM_20260227_Project ALS _Plate2_A4.raw	PRM_20260227_Project ALS _Plate2_A4.raw	NT=Parallel Reaction Monitoring;AC=MS:1002956	AC=MS:1002038;NT=label free sample	1	NT=High-performance liquid chromatography;AC=PRIDE:0000565	1	AC=MS:1001251;NT=Trypsin	not available	NT=Stellar;AC=MS:1003409	NT=Carbamidomethyl;AC=UNIMOD:4;TA=C;MT=Fixed	NT=Higher-energy Collisional Dissociation;AC=MS:1000422	27 NCE	40 ppm	0.05 Da	24005	ALS_samples
PRM_20260227_Project ALS _Plate2_A5	A	5	ALS_samples	5	RA5	0.1	C:\Xcalibur\methods\method1	C:\data\yourdir	PRM_20260227_Project ALS _Plate2_A5	Homo sapiens	blood plasma	Plate2	Project_ALS	not available	not available	not available	not available	not available	not available	not available	not available	1	AC=EFO:0009656;NT=plasma	run 101	proteomic profiling by mass spectrometry	PRM_20260227_Project ALS _Plate2_A5.raw	PRM_20260227_Project ALS _Plate2_A5.raw	NT=Parallel Reaction Monitoring;AC=MS:1002956	AC=MS:1002038;NT=label free sample	1	NT=High-performance liquid chromatography;AC=PRIDE:0000565	1	AC=MS:1001251;NT=Trypsin	not available	NT=Stellar;AC=MS:1003409	NT=Carbamidomethyl;AC=UNIMOD:4;TA=C;MT=Fixed	NT=Higher-energy Collisional Dissociation;AC=MS:1000422	27 NCE	40 ppm	0.05 Da	24005	ALS_samples
PRM_20260227_Project ALS _Plate2_A6	A	6	ALS_samples	6	RA6	0.1	C:\Xcalibur\methods\method1	C:\data\yourdir	PRM_20260227_Project ALS _Plate2_A6	Homo sapiens	blood plasma	Plate2	Project_ALS	not available	not available	not available	not available	not available	not available	not available	not available	1	AC=EFO:0009656;NT=plasma	run 102	proteomic profiling by mass spectrometry	PRM_20260227_Project ALS _Plate2_A6.raw	PRM_20260227_Project ALS _Plate2_A6.raw	NT=Parallel Reaction Monitoring;AC=MS:1002956	AC=MS:1002038;NT=label free sample	1	NT=High-performance liquid chromatography;AC=PRIDE:0000565	1	AC=MS:1001251;NT=Trypsin	not available	NT=Stellar;AC=MS:1003409	NT=Carbamidomethyl;AC=UNIMOD:4;TA=C;MT=Fixed	NT=Higher-energy Collisional Dissociation;AC=MS:1000422	27 NCE	40 ppm	0.05 Da	24005	ALS_samples
PRM_20260227_Project ALS _Plate2_A7	A	7	ALS_samples	7	RA7	0.1	C:\Xcalibur\methods\method1	C:\data\yourdir	PRM_20260227_Project ALS _Plate2_A7	Homo sapiens	blood plasma	Plate2	Project_ALS	not available	not available	not available	not available	not available	not available	not available	not available	1	AC=EFO:0009656;NT=plasma	run 103	proteomic profiling by mass spectrometry	PRM_20260227_Project ALS _Plate2_A7.raw	PRM_20260227_Project ALS _Plate2_A7.raw	NT=Parallel Reaction Monitoring;AC=MS:1002956	AC=MS:1002038;NT=label free sample	1	NT=High-performance liquid chromatography;AC=PRIDE:0000565	1	AC=MS:1001251;NT=Trypsin	not available	NT=Stellar;AC=MS:1003409	NT=Carbamidomethyl;AC=UNIMOD:4;TA=C;MT=Fixed	NT=Higher-energy Collisional Dissociation;AC=MS:1000422	27 NCE	40 ppm	0.05 Da	24005	ALS_samples
PRM_20260227_Project ALS _Plate2_A8	A	8	ALS_samples	8	RA8	0.1	C:\Xcalibur\methods\method1	C:\data\yourdir	PRM_20260227_Project ALS _Plate2_A8	Homo sapiens	blood plasma	Plate2	Project_ALS	not available	not available	not available	not available	not available	not available	not available	not available	1	AC=EFO:0009656;NT=plasma	run 104	proteomic profiling by mass spectrometry	PRM_20260227_Project ALS _Plate2_A8.raw	PRM_20260227_Project ALS _Plate2_A8.raw	NT=Parallel Reaction Monitoring;AC=MS:1002956	AC=MS:1002038;NT=label free sample	1	NT=High-performance liquid chromatography;AC=PRIDE:0000565	1	AC=MS:1001251;NT=Trypsin	not available	NT=Stellar;AC=MS:1003409	NT=Carbamidomethyl;AC=UNIMOD:4;TA=C;MT=Fixed	NT=Higher-energy Collisional Dissociation;AC=MS:1000422	27 NCE	40 ppm	0.05 Da	24005	ALS_samples
PRM_20260227_Project ALS _Plate2_A9	A	9	ALS_samples	9	RA9	0.1	C:\Xcalibur\methods\method1	C:\data\yourdir	PRM_20260227_Project ALS _Plate2_A9	Homo sapiens	blood plasma	Plate2	Project_ALS	not available	not available	not available	not available	not available	not available	not available	not available	1	AC=EFO:0009656;NT=plasma	run 105	proteomic profiling by mass spectrometry	PRM_20260227_Project ALS _Plate2_A9.raw	PRM_20260227_Project ALS _Plate2_A9.raw	NT=Parallel Reaction Monitoring;AC=MS:1002956	AC=MS:1002038;NT=label free sample	1	NT=High-performance liquid chromatography;AC=PRIDE:0000565	1	AC=MS:1001251;NT=Trypsin	not available	NT=Stellar;AC=MS:1003409	NT=Carbamidomethyl;AC=UNIMOD:4;TA=C;MT=Fixed	NT=Higher-energy Collisional Dissociation;AC=MS:1000422	27 NCE	40 ppm	0.05 Da	24005	ALS_samples
PRM_20260227_Project ALS _Plate2_A10	A	10	ALS_samples	10	RA10	0.1	C:\Xcalibur\methods\method1	C:\data\yourdir	PRM_20260227_Project ALS _Plate2_A10	Homo sapiens	blood plasma	Plate2	Project_ALS	not available	not available	not available	not available	not available	not available	not available	not available	1	AC=EFO:0009656;NT=plasma	run 106	proteomic profiling by mass spectrometry	PRM_20260227_Project ALS _Plate2_A10.raw	PRM_20260227_Project ALS _Plate2_A10.raw	NT=Parallel Reaction Monitoring;AC=MS:1002956	AC=MS:1002038;NT=label free sample	1	NT=High-performance liquid chromatography;AC=PRIDE:0000565	1	AC=MS:1001251;NT=Trypsin	not available	NT=Stellar;AC=MS:1003409	NT=Carbamidomethyl;AC=UNIMOD:4;TA=C;MT=Fixed	NT=Higher-energy Collisional Dissociation;AC=MS:1000422	27 NCE	40 ppm	0.05 Da	24005	ALS_samples
PRM_20260227_Project ALS _Plate2_A11	A	11	ALS_samples	11	RA11	0.1	C:\Xcalibur\methods\method1	C:\data\yourdir	PRM_20260227_Project ALS _Plate2_A11	Homo sapiens	blood plasma	Plate2	Project_ALS	not available	not available	not available	not available	not available	not available	not available	not available	1	AC=EFO:0009656;NT=plasma	run 107	proteomic profiling by mass spectrometry	PRM_20260227_Project ALS _Plate2_A11.raw	PRM_20260227_Project ALS _Plate2_A11.raw	NT=Parallel Reaction Monitoring;AC=MS:1002956	AC=MS:1002038;NT=label free sample	1	NT=High-performance liquid chromatography;AC=PRIDE:0000565	1	AC=MS:1001251;NT=Trypsin	not available	NT=Stellar;AC=MS:1003409	NT=Carbamidomethyl;AC=UNIMOD:4;TA=C;MT=Fixed	NT=Higher-energy Collisional Dissociation;AC=MS:1000422	27 NCE	40 ppm	0.05 Da	24005	ALS_samples
PRM_20260227_Project ALS _Plate2_A12	A	12	ALS_samples	12	RA12	0.1	C:\Xcalibur\methods\method1	C:\data\yourdir	PRM_20260227_Project ALS _Plate2_A12	Homo sapiens	blood plasma	Plate2	Project_ALS	not available	not available	not available	not available	not available	not available	not available	not available	1	AC=EFO:0009656;NT=plasma	run 108	proteomic profiling by mass spectrometry	PRM_20260227_Project ALS _Plate2_A12.raw	PRM_20260227_Project ALS _Plate2_A12.raw	NT=Parallel Reaction Monitoring;AC=MS:1002956	AC=MS:1002038;NT=label free sample	1	NT=High-performance liquid chromatography;AC=PRIDE:0000565	1	AC=MS:1001251;NT=Trypsin	not available	NT=Stellar;AC=MS:1003409	NT=Carbamidomethyl;AC=UNIMOD:4;TA=C;MT=Fixed	NT=Higher-energy Collisional Dissociation;AC=MS:1000422	27 NCE	40 ppm	0.05 Da	24005	ALS_samples
PRM_20260227_Project ALS _Plate2_B1	B	1	ALS_samples	13	RB1	0.1	C:\Xcalibur\methods\method1	C:\data\yourdir	PRM_20260227_Project ALS _Plate2_B1	Homo sapiens	blood plasma	Plate2	Project_ALS	not available	not available	not available	not available	not available	not available	not available	not available	1	AC=EFO:0009656;NT=plasma	run 109	proteomic profiling by mass spectrometry	PRM_20260227_Project ALS _Plate2_B1.raw	PRM_20260227_Project ALS _Plate2_B1.raw	NT=Parallel Reaction Monitoring;AC=MS:1002956	AC=MS:1002038;NT=label free sample	1	NT=High-performance liquid chromatography;AC=PRIDE:0000565	1	AC=MS:1001251;NT=Trypsin	not available	NT=Stellar;AC=MS:1003409	NT=Carbamidomethyl;AC=UNIMOD:4;TA=C;MT=Fixed	NT=Higher-energy Collisional Dissociation;AC=MS:1000422	27 NCE	40 ppm	0.05 Da	24005	ALS_samples
PRM_20260227_Project ALS _Plate2_B2	B	2	ALS_samples	14	RB2	0.1	C:\Xcalibur\methods\method1	C:\data\yourdir	PRM_20260227_Project ALS _Plate2_B2	Homo sapiens	blood plasma	Plate2	Project_ALS	not available	not available	not available	not available	not available	not available	not available	not available	1	AC=EFO:0009656;NT=plasma	run 110	proteomic profiling by mass spectrometry	PRM_20260227_Project ALS _Plate2_B2.raw	PRM_20260227_Project ALS _Plate2_B2.raw	NT=Parallel Reaction Monitoring;AC=MS:1002956	AC=MS:1002038;NT=label free sample	1	NT=High-performance liquid chromatography;AC=PRIDE:0000565	1	AC=MS:1001251;NT=Trypsin	not available	NT=Stellar;AC=MS:1003409	NT=Carbamidomethyl;AC=UNIMOD:4;TA=C;MT=Fixed	NT=Higher-energy Collisional Dissociation;AC=MS:1000422	27 NCE	40 ppm	0.05 Da	24005	ALS_samples
PRM_20260227_Project ALS _Plate2_B3	B	3	ALS_samples	15	RB3	0.1	C:\Xcalibur\methods\method1	C:\data\yourdir	PRM_20260227_Project ALS _Plate2_B3	Homo sapiens	blood plasma	Plate2	Project_ALS	not available	not available	not available	not available	not available	not available	not available	not available	1	AC=EFO:0009656;NT=plasma	run 111	proteomic profiling by mass spectrometry	PRM_20260227_Project ALS _Plate2_B3.raw	PRM_20260227_Project ALS _Plate2_B3.raw	NT=Parallel Reaction Monitoring;AC=MS:1002956	AC=MS:1002038;NT=label free sample	1	NT=High-performance liquid chromatography;AC=PRIDE:0000565	1	AC=MS:1001251;NT=Trypsin	not available	NT=Stellar;AC=MS:1003409	NT=Carbamidomethyl;AC=UNIMOD:4;TA=C;MT=Fixed	NT=Higher-energy Collisional Dissociation;AC=MS:1000422	27 NCE	40 ppm	0.05 Da	24005	ALS_samples
PRM_20260227_Project ALS _Plate2_B4	B	4	ALS_samples	16	RB4	0.1	C:\Xcalibur\methods\method1	C:\data\yourdir	PRM_20260227_Project ALS _Plate2_B4	Homo sapiens	blood plasma	Plate2	Project_ALS	not available	not available	not available	not available	not available	not available	not available	not available	1	AC=EFO:0009656;NT=plasma	run 112	proteomic profiling by mass spectrometry	PRM_20260227_Project ALS _Plate2_B4.raw	PRM_20260227_Project ALS _Plate2_B4.raw	NT=Parallel Reaction Monitoring;AC=MS:1002956	AC=MS:1002038;NT=label free sample	1	NT=High-performance liquid chromatography;AC=PRIDE:0000565	1	AC=MS:1001251;NT=Trypsin	not available	NT=Stellar;AC=MS:1003409	NT=Carbamidomethyl;AC=UNIMOD:4;TA=C;MT=Fixed	NT=Higher-energy Collisional Dissociation;AC=MS:1000422	27 NCE	40 ppm	0.05 Da	24005	ALS_samples
PRM_20260227_Project ALS _Plate2_B5	B	5	ALS_samples	17	RB5	0.1	C:\Xcalibur\methods\method1	C:\data\yourdir	PRM_20260227_Project ALS _Plate2_B5	Homo sapiens	blood plasma	Plate2	Project_ALS	not available	not available	not available	not available	not available	not available	not available	not available	1	AC=EFO:0009656;NT=plasma	run 113	proteomic profiling by mass spectrometry	PRM_20260227_Project ALS _Plate2_B5.raw	PRM_20260227_Project ALS _Plate2_B5.raw	NT=Parallel Reaction Monitoring;AC=MS:1002956	AC=MS:1002038;NT=label free sample	1	NT=High-performance liquid chromatography;AC=PRIDE:0000565	1	AC=MS:1001251;NT=Trypsin	not available	NT=Stellar;AC=MS:1003409	NT=Carbamidomethyl;AC=UNIMOD:4;TA=C;MT=Fixed	NT=Higher-energy Collisional Dissociation;AC=MS:1000422	27 NCE	40 ppm	0.05 Da	24005	ALS_samples
PRM_20260227_Project ALS _Plate2_B6	B	6	ALS_samples	18	RB6	0.1	C:\Xcalibur\methods\method1	C:\data\yourdir	PRM_20260227_Project ALS _Plate2_B6	Homo sapiens	blood plasma	Plate2	Project_ALS	not available	not available	not available	not available	not available	not available	not available	not available	1	AC=EFO:0009656;NT=plasma	run 114	proteomic profiling by mass spectrometry	PRM_20260227_Project ALS _Plate2_B6.raw	PRM_20260227_Project ALS _Plate2_B6.raw	NT=Parallel Reaction Monitoring;AC=MS:1002956	AC=MS:1002038;NT=label free sample	1	NT=High-performance liquid chromatography;AC=PRIDE:0000565	1	AC=MS:1001251;NT=Trypsin	not available	NT=Stellar;AC=MS:1003409	NT=Carbamidomethyl;AC=UNIMOD:4;TA=C;MT=Fixed	NT=Higher-energy Collisional Dissociation;AC=MS:1000422	27 NCE	40 ppm	0.05 Da	24005	ALS_samples
PRM_20260227_Project ALS _Plate2_B7	B	7	ALS_samples	19	RB7	0.1	C:\Xcalibur\methods\method1	C:\data\yourdir	PRM_20260227_Project ALS _Plate2_B7	Homo sapiens	blood plasma	Plate2	Project_ALS	not available	not available	not available	not available	not available	not available	not available	not available	1	AC=EFO:0009656;NT=plasma	run 115	proteomic profiling by mass spectrometry	PRM_20260227_Project ALS _Plate2_B7.raw	PRM_20260227_Project ALS _Plate2_B7.raw	NT=Parallel Reaction Monitoring;AC=MS:1002956	AC=MS:1002038;NT=label free sample	1	NT=High-performance liquid chromatography;AC=PRIDE:0000565	1	AC=MS:1001251;NT=Trypsin	not available	NT=Stellar;AC=MS:1003409	NT=Carbamidomethyl;AC=UNIMOD:4;TA=C;MT=Fixed	NT=Higher-energy Collisional Dissociation;AC=MS:1000422	27 NCE	40 ppm	0.05 Da	24005	ALS_samples
PRM_20260227_Project ALS _Plate2_B8	B	8	ALS_samples	20	RB8	0.1	C:\Xcalibur\methods\method1	C:\data\yourdir	PRM_20260227_Project ALS _Plate2_B8	Homo sapiens	blood plasma	Plate2	Project_ALS	not available	not available	not available	not available	not available	not available	not available	not available	1	AC=EFO:0009656;NT=plasma	run 116	proteomic profiling by mass spectrometry	PRM_20260227_Project ALS _Plate2_B8.raw	PRM_20260227_Project ALS _Plate2_B8.raw	NT=Parallel Reaction Monitoring;AC=MS:1002956	AC=MS:1002038;NT=label free sample	1	NT=High-performance liquid chromatography;AC=PRIDE:0000565	1	AC=MS:1001251;NT=Trypsin	not available	NT=Stellar;AC=MS:1003409	NT=Carbamidomethyl;AC=UNIMOD:4;TA=C;MT=Fixed	NT=Higher-energy Collisional Dissociation;AC=MS:1000422	27 NCE	40 ppm	0.05 Da	24005	ALS_samples
PRM_20260227_Project ALS _Plate2_B9	B	9	ALS_samples	21	RB9	0.1	C:\Xcalibur\methods\method1	C:\data\yourdir	PRM_20260227_Project ALS _Plate2_B9	Homo sapiens	blood plasma	Plate2	Project_ALS	not available	not available	not available	not available	not available	not available	not available	not available	1	AC=EFO:0009656;NT=plasma	run 117	proteomic profiling by mass spectrometry	PRM_20260227_Project ALS _Plate2_B9.raw	PRM_20260227_Project ALS _Plate2_B9.raw	NT=Parallel Reaction Monitoring;AC=MS:1002956	AC=MS:1002038;NT=label free sample	1	NT=High-performance liquid chromatography;AC=PRIDE:0000565	1	AC=MS:1001251;NT=Trypsin	not available	NT=Stellar;AC=MS:1003409	NT=Carbamidomethyl;AC=UNIMOD:4;TA=C;MT=Fixed	NT=Higher-energy Collisional Dissociation;AC=MS:1000422	27 NCE	40 ppm	0.05 Da	24005	ALS_samples
PRM_20260227_Project ALS _Plate2_B10	B	10	ALS_samples	22	RB10	0.1	C:\Xcalibur\methods\method1	C:\data\yourdir	PRM_20260227_Project ALS _Plate2_B10	Homo sapiens	blood plasma	Plate2	Project_ALS	not available	not available	not available	not available	not available	not available	not available	not available	1	AC=EFO:0009656;NT=plasma	run 118	proteomic profiling by mass spectrometry	PRM_20260227_Project ALS _Plate2_B10.raw	PRM_20260227_Project ALS _Plate2_B10.raw	NT=Parallel Reaction Monitoring;AC=MS:1002956	AC=MS:1002038;NT=label free sample	1	NT=High-performance liquid chromatography;AC=PRIDE:0000565	1	AC=MS:1001251;NT=Trypsin	not available	NT=Stellar;AC=MS:1003409	NT=Carbamidomethyl;AC=UNIMOD:4;TA=C;MT=Fixed	NT=Higher-energy Collisional Dissociation;AC=MS:1000422	27 NCE	40 ppm	0.05 Da	24005	ALS_samples
PRM_20260227_Project ALS _Plate2_B11	B	11	ALS_samples	23	RB11	0.1	C:\Xcalibur\methods\method1	C:\data\yourdir	PRM_20260227_Project ALS _Plate2_B11	Homo sapiens	blood plasma	Plate2	Project_ALS	not available	not available	not available	not available	not available	not available	not available	not available	1	AC=EFO:0009656;NT=plasma	run 119	proteomic profiling by mass spectrometry	PRM_20260227_Project ALS _Plate2_B11.raw	PRM_20260227_Project ALS _Plate2_B11.raw	NT=Parallel Reaction Monitoring;AC=MS:1002956	AC=MS:1002038;NT=label free sample	1	NT=High-performance liquid chromatography;AC=PRIDE:0000565	1	AC=MS:1001251;NT=Trypsin	not available	NT=Stellar;AC=MS:1003409	NT=Carbamidomethyl;AC=UNIMOD:4;TA=C;MT=Fixed	NT=Higher-energy Collisional Dissociation;AC=MS:1000422	27 NCE	40 ppm	0.05 Da	24005	ALS_samples
PRM_20260227_Project ALS _Plate2_B12	B	12	ALS_samples	24	RB12	0.1	C:\Xcalibur\methods\method1	C:\data\yourdir	PRM_20260227_Project ALS _Plate2_B12	Homo sapiens	blood plasma	Plate2	Project_ALS	not available	not available	not available	not available	not available	not available	not available	not available	1	AC=EFO:0009656;NT=plasma	run 120	proteomic profiling by mass spectrometry	PRM_20260227_Project ALS _Plate2_B12.raw	PRM_20260227_Project ALS _Plate2_B12.raw	NT=Parallel Reaction Monitoring;AC=MS:1002956	AC=MS:1002038;NT=label free sample	1	NT=High-performance liquid chromatography;AC=PRIDE:0000565	1	AC=MS:1001251;NT=Trypsin	not available	NT=Stellar;AC=MS:1003409	NT=Carbamidomethyl;AC=UNIMOD:4;TA=C;MT=Fixed	NT=Higher-energy Collisional Dissociation;AC=MS:1000422	27 NCE	40 ppm	0.05 Da	24005	ALS_samples
PRM_20260227_Project ALS _Plate2_C1	C	1	ALS_samples	25	RC1	0.1	C:\Xcalibur\methods\method1	C:\data\yourdir	PRM_20260227_Project ALS _Plate2_C1	Homo sapiens	blood plasma	Plate2	Project_ALS	not available	not available	not available	not available	not available	not available	not available	not available	1	AC=EFO:0009656;NT=plasma	run 121	proteomic profiling by mass spectrometry	PRM_20260227_Project ALS _Plate2_C1.raw	PRM_20260227_Project ALS _Plate2_C1.raw	NT=Parallel Reaction Monitoring;AC=MS:1002956	AC=MS:1002038;NT=label free sample	1	NT=High-performance liquid chromatography;AC=PRIDE:0000565	1	AC=MS:1001251;NT=Trypsin	not available	NT=Stellar;AC=MS:1003409	NT=Carbamidomethyl;AC=UNIMOD:4;TA=C;MT=Fixed	NT=Higher-energy Collisional Dissociation;AC=MS:1000422	27 NCE	40 ppm	0.05 Da	24005	ALS_samples
PRM_20260227_Project ALS _Plate2_C2	C	2	ALS_samples	26	RC2	0.1	C:\Xcalibur\methods\method1	C:\data\yourdir	PRM_20260227_Project ALS _Plate2_C2	Homo sapiens	blood plasma	Plate2	Project_ALS	not available	not available	not available	not available	not available	not available	not available	not available	1	AC=EFO:0009656;NT=plasma	run 122	proteomic profiling by mass spectrometry	PRM_20260227_Project ALS _Plate2_C2.raw	PRM_20260227_Project ALS _Plate2_C2.raw	NT=Parallel Reaction Monitoring;AC=MS:1002956	AC=MS:1002038;NT=label free sample	1	NT=High-performance liquid chromatography;AC=PRIDE:0000565	1	AC=MS:1001251;NT=Trypsin	not available	NT=Stellar;AC=MS:1003409	NT=Carbamidomethyl;AC=UNIMOD:4;TA=C;MT=Fixed	NT=Higher-energy Collisional Dissociation;AC=MS:1000422	27 NCE	40 ppm	0.05 Da	24005	ALS_samples
PRM_20260227_Project ALS _Plate2_C3	C	3	ALS_samples	27	RC3	0.1	C:\Xcalibur\methods\method1	C:\data\yourdir	PRM_20260227_Project ALS _Plate2_C3	Homo sapiens	blood plasma	Plate2	Project_ALS	not available	not available	not available	not available	not available	not available	not available	not available	1	AC=EFO:0009656;NT=plasma	run 123	proteomic profiling by mass spectrometry	PRM_20260227_Project ALS _Plate2_C3.raw	PRM_20260227_Project ALS _Plate2_C3.raw	NT=Parallel Reaction Monitoring;AC=MS:1002956	AC=MS:1002038;NT=label free sample	1	NT=High-performance liquid chromatography;AC=PRIDE:0000565	1	AC=MS:1001251;NT=Trypsin	not available	NT=Stellar;AC=MS:1003409	NT=Carbamidomethyl;AC=UNIMOD:4;TA=C;MT=Fixed	NT=Higher-energy Collisional Dissociation;AC=MS:1000422	27 NCE	40 ppm	0.05 Da	24005	ALS_samples
PRM_20260227_Project ALS _Plate2_C4	C	4	ALS_samples	28	RC4	0.1	C:\Xcalibur\methods\method1	C:\data\yourdir	PRM_20260227_Project ALS _Plate2_C4	Homo sapiens	blood plasma	Plate2	Project_ALS	not available	not available	not available	not available	not available	not available	not available	not available	1	AC=EFO:0009656;NT=plasma	run 124	proteomic profiling by mass spectrometry	PRM_20260227_Project ALS _Plate2_C4.raw	PRM_20260227_Project ALS _Plate2_C4.raw	NT=Parallel Reaction Monitoring;AC=MS:1002956	AC=MS:1002038;NT=label free sample	1	NT=High-performance liquid chromatography;AC=PRIDE:0000565	1	AC=MS:1001251;NT=Trypsin	not available	NT=Stellar;AC=MS:1003409	NT=Carbamidomethyl;AC=UNIMOD:4;TA=C;MT=Fixed	NT=Higher-energy Collisional Dissociation;AC=MS:1000422	27 NCE	40 ppm	0.05 Da	24005	ALS_samples
PRM_20260227_Project ALS _Plate2_C5	C	5	ALS_samples	29	RC5	0.1	C:\Xcalibur\methods\method1	C:\data\yourdir	PRM_20260227_Project ALS _Plate2_C5	Homo sapiens	blood plasma	Plate2	Project_ALS	not available	not available	not available	not available	not available	not available	not available	not available	1	AC=EFO:0009656;NT=plasma	run 125	proteomic profiling by mass spectrometry	PRM_20260227_Project ALS _Plate2_C5.raw	PRM_20260227_Project ALS _Plate2_C5.raw	NT=Parallel Reaction Monitoring;AC=MS:1002956	AC=MS:1002038;NT=label free sample	1	NT=High-performance liquid chromatography;AC=PRIDE:0000565	1	AC=MS:1001251;NT=Trypsin	not available	NT=Stellar;AC=MS:1003409	NT=Carbamidomethyl;AC=UNIMOD:4;TA=C;MT=Fixed	NT=Higher-energy Collisional Dissociation;AC=MS:1000422	27 NCE	40 ppm	0.05 Da	24005	ALS_samples
PRM_20260227_Project ALS _Plate2_C6	C	6	ALS_samples	30	RC6	0.1	C:\Xcalibur\methods\method1	C:\data\yourdir	PRM_20260227_Project ALS _Plate2_C6	Homo sapiens	blood plasma	Plate2	Project_ALS	not available	not available	not available	not available	not available	not available	not available	not available	1	AC=EFO:0009656;NT=plasma	run 126	proteomic profiling by mass spectrometry	PRM_20260227_Project ALS _Plate2_C6.raw	PRM_20260227_Project ALS _Plate2_C6.raw	NT=Parallel Reaction Monitoring;AC=MS:1002956	AC=MS:1002038;NT=label free sample	1	NT=High-performance liquid chromatography;AC=PRIDE:0000565	1	AC=MS:1001251;NT=Trypsin	not available	NT=Stellar;AC=MS:1003409	NT=Carbamidomethyl;AC=UNIMOD:4;TA=C;MT=Fixed	NT=Higher-energy Collisional Dissociation;AC=MS:1000422	27 NCE	40 ppm	0.05 Da	24005	ALS_samples
PRM_20260227_Project ALS _Plate2_C7	C	7	ALS_samples	31	RC7	0.1	C:\Xcalibur\methods\method1	C:\data\yourdir	PRM_20260227_Project ALS _Plate2_C7	Homo sapiens	blood plasma	Plate2	Project_ALS	not available	not available	not available	not available	not available	not available	not available	not available	1	AC=EFO:0009656;NT=plasma	run 127	proteomic profiling by mass spectrometry	PRM_20260227_Project ALS _Plate2_C7.raw	PRM_20260227_Project ALS _Plate2_C7.raw	NT=Parallel Reaction Monitoring;AC=MS:1002956	AC=MS:1002038;NT=label free sample	1	NT=High-performance liquid chromatography;AC=PRIDE:0000565	1	AC=MS:1001251;NT=Trypsin	not available	NT=Stellar;AC=MS:1003409	NT=Carbamidomethyl;AC=UNIMOD:4;TA=C;MT=Fixed	NT=Higher-energy Collisional Dissociation;AC=MS:1000422	27 NCE	40 ppm	0.05 Da	24005	ALS_samples
PRM_20260227_Project ALS _Plate2_C8	C	8	ALS_samples	32	RC8	0.1	C:\Xcalibur\methods\method1	C:\data\yourdir	PRM_20260227_Project ALS _Plate2_C8	Homo sapiens	blood plasma	Plate2	Project_ALS	not available	not available	not available	not available	not available	not available	not available	not available	1	AC=EFO:0009656;NT=plasma	run 128	proteomic profiling by mass spectrometry	PRM_20260227_Project ALS _Plate2_C8.raw	PRM_20260227_Project ALS _Plate2_C8.raw	NT=Parallel Reaction Monitoring;AC=MS:1002956	AC=MS:1002038;NT=label free sample	1	NT=High-performance liquid chromatography;AC=PRIDE:0000565	1	AC=MS:1001251;NT=Trypsin	not available	NT=Stellar;AC=MS:1003409	NT=Carbamidomethyl;AC=UNIMOD:4;TA=C;MT=Fixed	NT=Higher-energy Collisional Dissociation;AC=MS:1000422	27 NCE	40 ppm	0.05 Da	24005	ALS_samples
PRM_20260227_Project ALS _Plate2_C9	C	9	ALS_samples	33	RC9	0.1	C:\Xcalibur\methods\method1	C:\data\yourdir	PRM_20260227_Project ALS _Plate2_C9	Homo sapiens	blood plasma	Plate2	Project_ALS	not available	not available	not available	not available	not available	not available	not available	not available	1	AC=EFO:0009656;NT=plasma	run 129	proteomic profiling by mass spectrometry	PRM_20260227_Project ALS _Plate2_C9.raw	PRM_20260227_Project ALS _Plate2_C9.raw	NT=Parallel Reaction Monitoring;AC=MS:1002956	AC=MS:1002038;NT=label free sample	1	NT=High-performance liquid chromatography;AC=PRIDE:0000565	1	AC=MS:1001251;NT=Trypsin	not available	NT=Stellar;AC=MS:1003409	NT=Carbamidomethyl;AC=UNIMOD:4;TA=C;MT=Fixed	NT=Higher-energy Collisional Dissociation;AC=MS:1000422	27 NCE	40 ppm	0.05 Da	24005	ALS_samples
PRM_20260227_Project ALS _Plate2_C10	C	10	ALS_samples	34	RC10	0.1	C:\Xcalibur\methods\method1	C:\data\yourdir	PRM_20260227_Project ALS _Plate2_C10	Homo sapiens	blood plasma	Plate2	Project_ALS	not available	not available	not available	not available	not available	not available	not available	not available	1	AC=EFO:0009656;NT=plasma	run 130	proteomic profiling by mass spectrometry	PRM_20260227_Project ALS _Plate2_C10.raw	PRM_20260227_Project ALS _Plate2_C10.raw	NT=Parallel Reaction Monitoring;AC=MS:1002956	AC=MS:1002038;NT=label free sample	1	NT=High-performance liquid chromatography;AC=PRIDE:0000565	1	AC=MS:1001251;NT=Trypsin	not available	NT=Stellar;AC=MS:1003409	NT=Carbamidomethyl;AC=UNIMOD:4;TA=C;MT=Fixed	NT=Higher-energy Collisional Dissociation;AC=MS:1000422	27 NCE	40 ppm	0.05 Da	24005	ALS_samples
PRM_20260227_Project ALS _Plate2_C11	C	11	ALS_samples	35	RC11	0.1	C:\Xcalibur\methods\method1	C:\data\yourdir	PRM_20260227_Project ALS _Plate2_C11	Homo sapiens	blood plasma	Plate2	Project_ALS	not available	not available	not available	not available	not available	not available	not available	not available	1	AC=EFO:0009656;NT=plasma	run 131	proteomic profiling by mass spectrometry	PRM_20260227_Project ALS _Plate2_C11.raw	PRM_20260227_Project ALS _Plate2_C11.raw	NT=Parallel Reaction Monitoring;AC=MS:1002956	AC=MS:1002038;NT=label free sample	1	NT=High-performance liquid chromatography;AC=PRIDE:0000565	1	AC=MS:1001251;NT=Trypsin	not available	NT=Stellar;AC=MS:1003409	NT=Carbamidomethyl;AC=UNIMOD:4;TA=C;MT=Fixed	NT=Higher-energy Collisional Dissociation;AC=MS:1000422	27 NCE	40 ppm	0.05 Da	24005	ALS_samples
PRM_20260227_Project ALS _Plate2_C12	C	12	ALS_samples	36	RC12	0.1	C:\Xcalibur\methods\method1	C:\data\yourdir	PRM_20260227_Project ALS _Plate2_C12	Homo sapiens	blood plasma	Plate2	Project_ALS	not available	not available	not available	not available	not available	not available	not available	not available	1	AC=EFO:0009656;NT=plasma	run 132	proteomic profiling by mass spectrometry	PRM_20260227_Project ALS _Plate2_C12.raw	PRM_20260227_Project ALS _Plate2_C12.raw	NT=Parallel Reaction Monitoring;AC=MS:1002956	AC=MS:1002038;NT=label free sample	1	NT=High-performance liquid chromatography;AC=PRIDE:0000565	1	AC=MS:1001251;NT=Trypsin	not available	NT=Stellar;AC=MS:1003409	NT=Carbamidomethyl;AC=UNIMOD:4;TA=C;MT=Fixed	NT=Higher-energy Collisional Dissociation;AC=MS:1000422	27 NCE	40 ppm	0.05 Da	24005	ALS_samples
PRM_20260227_Project ALS _Plate2_D1	D	1	ALS_samples	37	RD1	0.1	C:\Xcalibur\methods\method1	C:\data\yourdir	PRM_20260227_Project ALS _Plate2_D1	Homo sapiens	blood plasma	Plate2	Project_ALS	not available	not available	not available	not available	not available	not available	not available	not available	1	AC=EFO:0009656;NT=plasma	run 133	proteomic profiling by mass spectrometry	PRM_20260227_Project ALS _Plate2_D1.raw	PRM_20260227_Project ALS _Plate2_D1.raw	NT=Parallel Reaction Monitoring;AC=MS:1002956	AC=MS:1002038;NT=label free sample	1	NT=High-performance liquid chromatography;AC=PRIDE:0000565	1	AC=MS:1001251;NT=Trypsin	not available	NT=Stellar;AC=MS:1003409	NT=Carbamidomethyl;AC=UNIMOD:4;TA=C;MT=Fixed	NT=Higher-energy Collisional Dissociation;AC=MS:1000422	27 NCE	40 ppm	0.05 Da	24005	ALS_samples
PRM_20260227_Project ALS _Plate2_D2	D	2	ALS_samples	38	RD2	0.1	C:\Xcalibur\methods\method1	C:\data\yourdir	PRM_20260227_Project ALS _Plate2_D2	Homo sapiens	blood plasma	Plate2	Project_ALS	not available	not available	not available	not available	not available	not available	not available	not available	1	AC=EFO:0009656;NT=plasma	run 134	proteomic profiling by mass spectrometry	PRM_20260227_Project ALS _Plate2_D2.raw	PRM_20260227_Project ALS _Plate2_D2.raw	NT=Parallel Reaction Monitoring;AC=MS:1002956	AC=MS:1002038;NT=label free sample	1	NT=High-performance liquid chromatography;AC=PRIDE:0000565	1	AC=MS:1001251;NT=Trypsin	not available	NT=Stellar;AC=MS:1003409	NT=Carbamidomethyl;AC=UNIMOD:4;TA=C;MT=Fixed	NT=Higher-energy Collisional Dissociation;AC=MS:1000422	27 NCE	40 ppm	0.05 Da	24005	ALS_samples
PRM_20260227_Project ALS _Plate2_D3	D	3	ALS_samples	39	RD3	0.1	C:\Xcalibur\methods\method1	C:\data\yourdir	PRM_20260227_Project ALS _Plate2_D3	Homo sapiens	blood plasma	Plate2	Project_ALS	not available	not available	not available	not available	not available	not available	not available	not available	1	AC=EFO:0009656;NT=plasma	run 135	proteomic profiling by mass spectrometry	PRM_20260227_Project ALS _Plate2_D3.raw	PRM_20260227_Project ALS _Plate2_D3.raw	NT=Parallel Reaction Monitoring;AC=MS:1002956	AC=MS:1002038;NT=label free sample	1	NT=High-performance liquid chromatography;AC=PRIDE:0000565	1	AC=MS:1001251;NT=Trypsin	not available	NT=Stellar;AC=MS:1003409	NT=Carbamidomethyl;AC=UNIMOD:4;TA=C;MT=Fixed	NT=Higher-energy Collisional Dissociation;AC=MS:1000422	27 NCE	40 ppm	0.05 Da	24005	ALS_samples
PRM_20260227_Project ALS _Plate2_D4	D	4	ALS_samples	40	RD4	0.1	C:\Xcalibur\methods\method1	C:\data\yourdir	PRM_20260227_Project ALS _Plate2_D4	Homo sapiens	blood plasma	Plate2	Project_ALS	not available	not available	not available	not available	not available	not available	not available	not available	1	AC=EFO:0009656;NT=plasma	run 136	proteomic profiling by mass spectrometry	PRM_20260227_Project ALS _Plate2_D4.raw	PRM_20260227_Project ALS _Plate2_D4.raw	NT=Parallel Reaction Monitoring;AC=MS:1002956	AC=MS:1002038;NT=label free sample	1	NT=High-performance liquid chromatography;AC=PRIDE:0000565	1	AC=MS:1001251;NT=Trypsin	not available	NT=Stellar;AC=MS:1003409	NT=Carbamidomethyl;AC=UNIMOD:4;TA=C;MT=Fixed	NT=Higher-energy Collisional Dissociation;AC=MS:1000422	27 NCE	40 ppm	0.05 Da	24005	ALS_samples
PRM_20260227_Project ALS _Plate2_D5	D	5	ALS_samples	41	RD5	0.1	C:\Xcalibur\methods\method1	C:\data\yourdir	PRM_20260227_Project ALS _Plate2_D5	Homo sapiens	blood plasma	Plate2	Project_ALS	not available	not available	not available	not available	not available	not available	not available	not available	1	AC=EFO:0009656;NT=plasma	run 137	proteomic profiling by mass spectrometry	PRM_20260227_Project ALS _Plate2_D5.raw	PRM_20260227_Project ALS _Plate2_D5.raw	NT=Parallel Reaction Monitoring;AC=MS:1002956	AC=MS:1002038;NT=label free sample	1	NT=High-performance liquid chromatography;AC=PRIDE:0000565	1	AC=MS:1001251;NT=Trypsin	not available	NT=Stellar;AC=MS:1003409	NT=Carbamidomethyl;AC=UNIMOD:4;TA=C;MT=Fixed	NT=Higher-energy Collisional Dissociation;AC=MS:1000422	27 NCE	40 ppm	0.05 Da	24005	ALS_samples
PRM_20260227_Project ALS _Plate2_D6	D	6	ALS_samples	42	RD6	0.1	C:\Xcalibur\methods\method1	C:\data\yourdir	PRM_20260227_Project ALS _Plate2_D6	Homo sapiens	blood plasma	Plate2	Project_ALS	not available	not available	not available	not available	not available	not available	not available	not available	1	AC=EFO:0009656;NT=plasma	run 138	proteomic profiling by mass spectrometry	PRM_20260227_Project ALS _Plate2_D6.raw	PRM_20260227_Project ALS _Plate2_D6.raw	NT=Parallel Reaction Monitoring;AC=MS:1002956	AC=MS:1002038;NT=label free sample	1	NT=High-performance liquid chromatography;AC=PRIDE:0000565	1	AC=MS:1001251;NT=Trypsin	not available	NT=Stellar;AC=MS:1003409	NT=Carbamidomethyl;AC=UNIMOD:4;TA=C;MT=Fixed	NT=Higher-energy Collisional Dissociation;AC=MS:1000422	27 NCE	40 ppm	0.05 Da	24005	ALS_samples
PRM_20260227_Project ALS _Plate2_D7	D	7	ALS_samples	43	RD7	0.1	C:\Xcalibur\methods\method1	C:\data\yourdir	PRM_20260227_Project ALS _Plate2_D7	Homo sapiens	blood plasma	Plate2	Project_ALS	not available	not available	not available	not available	not available	not available	not available	not available	1	AC=EFO:0009656;NT=plasma	run 139	proteomic profiling by mass spectrometry	PRM_20260227_Project ALS _Plate2_D7.raw	PRM_20260227_Project ALS _Plate2_D7.raw	NT=Parallel Reaction Monitoring;AC=MS:1002956	AC=MS:1002038;NT=label free sample	1	NT=High-performance liquid chromatography;AC=PRIDE:0000565	1	AC=MS:1001251;NT=Trypsin	not available	NT=Stellar;AC=MS:1003409	NT=Carbamidomethyl;AC=UNIMOD:4;TA=C;MT=Fixed	NT=Higher-energy Collisional Dissociation;AC=MS:1000422	27 NCE	40 ppm	0.05 Da	24005	ALS_samples
PRM_20260227_Project ALS _Plate2_D8	D	8	ALS_samples	44	RD8	0.1	C:\Xcalibur\methods\method1	C:\data\yourdir	PRM_20260227_Project ALS _Plate2_D8	Homo sapiens	blood plasma	Plate2	Project_ALS	not available	not available	not available	not available	not available	not available	not available	not available	1	AC=EFO:0009656;NT=plasma	run 140	proteomic profiling by mass spectrometry	PRM_20260227_Project ALS _Plate2_D8.raw	PRM_20260227_Project ALS _Plate2_D8.raw	NT=Parallel Reaction Monitoring;AC=MS:1002956	AC=MS:1002038;NT=label free sample	1	NT=High-performance liquid chromatography;AC=PRIDE:0000565	1	AC=MS:1001251;NT=Trypsin	not available	NT=Stellar;AC=MS:1003409	NT=Carbamidomethyl;AC=UNIMOD:4;TA=C;MT=Fixed	NT=Higher-energy Collisional Dissociation;AC=MS:1000422	27 NCE	40 ppm	0.05 Da	24005	ALS_samples
PRM_20260227_Project ALS _Plate2_D9	D	9	ALS_samples	45	RD9	0.1	C:\Xcalibur\methods\method1	C:\data\yourdir	PRM_20260227_Project ALS _Plate2_D9	Homo sapiens	blood plasma	Plate2	Project_ALS	not available	not available	not available	not available	not available	not available	not available	not available	1	AC=EFO:0009656;NT=plasma	run 141	proteomic profiling by mass spectrometry	PRM_20260227_Project ALS _Plate2_D9.raw	PRM_20260227_Project ALS _Plate2_D9.raw	NT=Parallel Reaction Monitoring;AC=MS:1002956	AC=MS:1002038;NT=label free sample	1	NT=High-performance liquid chromatography;AC=PRIDE:0000565	1	AC=MS:1001251;NT=Trypsin	not available	NT=Stellar;AC=MS:1003409	NT=Carbamidomethyl;AC=UNIMOD:4;TA=C;MT=Fixed	NT=Higher-energy Collisional Dissociation;AC=MS:1000422	27 NCE	40 ppm	0.05 Da	24005	ALS_samples
PRM_20260227_Project ALS _Plate2_D10	D	10	ALS_samples	46	RD10	0.1	C:\Xcalibur\methods\method1	C:\data\yourdir	PRM_20260227_Project ALS _Plate2_D10	Homo sapiens	blood plasma	Plate2	Project_ALS	not available	not available	not available	not available	not available	not available	not available	not available	1	AC=EFO:0009656;NT=plasma	run 142	proteomic profiling by mass spectrometry	PRM_20260227_Project ALS _Plate2_D10.raw	PRM_20260227_Project ALS _Plate2_D10.raw	NT=Parallel Reaction Monitoring;AC=MS:1002956	AC=MS:1002038;NT=label free sample	1	NT=High-performance liquid chromatography;AC=PRIDE:0000565	1	AC=MS:1001251;NT=Trypsin	not available	NT=Stellar;AC=MS:1003409	NT=Carbamidomethyl;AC=UNIMOD:4;TA=C;MT=Fixed	NT=Higher-energy Collisional Dissociation;AC=MS:1000422	27 NCE	40 ppm	0.05 Da	24005	ALS_samples
PRM_20260227_Project ALS _Plate2_D11	D	11	ALS_samples	47	RD11	0.1	C:\Xcalibur\methods\method1	C:\data\yourdir	PRM_20260227_Project ALS _Plate2_D11	Homo sapiens	blood plasma	Plate2	Project_ALS	not available	not available	not available	not available	not available	not available	not available	not available	1	AC=EFO:0009656;NT=plasma	run 143	proteomic profiling by mass spectrometry	PRM_20260227_Project ALS _Plate2_D11.raw	PRM_20260227_Project ALS _Plate2_D11.raw	NT=Parallel Reaction Monitoring;AC=MS:1002956	AC=MS:1002038;NT=label free sample	1	NT=High-performance liquid chromatography;AC=PRIDE:0000565	1	AC=MS:1001251;NT=Trypsin	not available	NT=Stellar;AC=MS:1003409	NT=Carbamidomethyl;AC=UNIMOD:4;TA=C;MT=Fixed	NT=Higher-energy Collisional Dissociation;AC=MS:1000422	27 NCE	40 ppm	0.05 Da	24005	ALS_samples
PRM_20260227_Project ALS _Plate2_D12	D	12	Control	48	RD12	0.1	C:\Xcalibur\methods\method1	C:\data\yourdir	PRM_20260227_Project ALS _Plate2_D12	Homo sapiens	blood plasma	Plate2	Project_ALS	not available	not available	not available	not available	not available	not available	not available	not available	1	AC=EFO:0009656;NT=plasma	run 144	proteomic profiling by mass spectrometry	PRM_20260227_Project ALS _Plate2_D12.raw	PRM_20260227_Project ALS _Plate2_D12.raw	NT=Parallel Reaction Monitoring;AC=MS:1002956	AC=MS:1002038;NT=label free sample	1	NT=High-performance liquid chromatography;AC=PRIDE:0000565	1	AC=MS:1001251;NT=Trypsin	not available	NT=Stellar;AC=MS:1003409	NT=Carbamidomethyl;AC=UNIMOD:4;TA=C;MT=Fixed	NT=Higher-energy Collisional Dissociation;AC=MS:1000422	27 NCE	40 ppm	0.05 Da	24005	Control
PRM_20260227_Project ALS _Plate2_E1	E	1	ALS_samples	49	RE1	0.1	C:\Xcalibur\methods\method1	C:\data\yourdir	PRM_20260227_Project ALS _Plate2_E1	Homo sapiens	blood plasma	Plate2	Project_ALS	not available	not available	not available	not available	not available	not available	not available	not available	1	AC=EFO:0009656;NT=plasma	run 145	proteomic profiling by mass spectrometry	PRM_20260227_Project ALS _Plate2_E1.raw	PRM_20260227_Project ALS _Plate2_E1.raw	NT=Parallel Reaction Monitoring;AC=MS:1002956	AC=MS:1002038;NT=label free sample	1	NT=High-performance liquid chromatography;AC=PRIDE:0000565	1	AC=MS:1001251;NT=Trypsin	not available	NT=Stellar;AC=MS:1003409	NT=Carbamidomethyl;AC=UNIMOD:4;TA=C;MT=Fixed	NT=Higher-energy Collisional Dissociation;AC=MS:1000422	27 NCE	40 ppm	0.05 Da	24005	ALS_samples
PRM_20260227_Project ALS _Plate2_E2	E	2	ALS_samples	50	RE2	0.1	C:\Xcalibur\methods\method1	C:\data\yourdir	PRM_20260227_Project ALS _Plate2_E2	Homo sapiens	blood plasma	Plate2	Project_ALS	not available	not available	not available	not available	not available	not available	not available	not available	1	AC=EFO:0009656;NT=plasma	run 146	proteomic profiling by mass spectrometry	PRM_20260227_Project ALS _Plate2_E2.raw	PRM_20260227_Project ALS _Plate2_E2.raw	NT=Parallel Reaction Monitoring;AC=MS:1002956	AC=MS:1002038;NT=label free sample	1	NT=High-performance liquid chromatography;AC=PRIDE:0000565	1	AC=MS:1001251;NT=Trypsin	not available	NT=Stellar;AC=MS:1003409	NT=Carbamidomethyl;AC=UNIMOD:4;TA=C;MT=Fixed	NT=Higher-energy Collisional Dissociation;AC=MS:1000422	27 NCE	40 ppm	0.05 Da	24005	ALS_samples
PRM_20260227_Project ALS _Plate2_E3	E	3	ALS_samples	51	RE3	0.1	C:\Xcalibur\methods\method1	C:\data\yourdir	PRM_20260227_Project ALS _Plate2_E3	Homo sapiens	blood plasma	Plate2	Project_ALS	not available	not available	not available	not available	not available	not available	not available	not available	1	AC=EFO:0009656;NT=plasma	run 147	proteomic profiling by mass spectrometry	PRM_20260227_Project ALS _Plate2_E3.raw	PRM_20260227_Project ALS _Plate2_E3.raw	NT=Parallel Reaction Monitoring;AC=MS:1002956	AC=MS:1002038;NT=label free sample	1	NT=High-performance liquid chromatography;AC=PRIDE:0000565	1	AC=MS:1001251;NT=Trypsin	not available	NT=Stellar;AC=MS:1003409	NT=Carbamidomethyl;AC=UNIMOD:4;TA=C;MT=Fixed	NT=Higher-energy Collisional Dissociation;AC=MS:1000422	27 NCE	40 ppm	0.05 Da	24005	ALS_samples
PRM_20260227_Project ALS _Plate2_E4	E	4	ALS_samples	52	RE4	0.1	C:\Xcalibur\methods\method1	C:\data\yourdir	PRM_20260227_Project ALS _Plate2_E4	Homo sapiens	blood plasma	Plate2	Project_ALS	not available	not available	not available	not available	not available	not available	not available	not available	1	AC=EFO:0009656;NT=plasma	run 148	proteomic profiling by mass spectrometry	PRM_20260227_Project ALS _Plate2_E4.raw	PRM_20260227_Project ALS _Plate2_E4.raw	NT=Parallel Reaction Monitoring;AC=MS:1002956	AC=MS:1002038;NT=label free sample	1	NT=High-performance liquid chromatography;AC=PRIDE:0000565	1	AC=MS:1001251;NT=Trypsin	not available	NT=Stellar;AC=MS:1003409	NT=Carbamidomethyl;AC=UNIMOD:4;TA=C;MT=Fixed	NT=Higher-energy Collisional Dissociation;AC=MS:1000422	27 NCE	40 ppm	0.05 Da	24005	ALS_samples
PRM_20260227_Project ALS _Plate2_E5	E	5	ALS_samples	53	RE5	0.1	C:\Xcalibur\methods\method1	C:\data\yourdir	PRM_20260227_Project ALS _Plate2_E5	Homo sapiens	blood plasma	Plate2	Project_ALS	not available	not available	not available	not available	not available	not available	not available	not available	1	AC=EFO:0009656;NT=plasma	run 149	proteomic profiling by mass spectrometry	PRM_20260227_Project ALS _Plate2_E5.raw	PRM_20260227_Project ALS _Plate2_E5.raw	NT=Parallel Reaction Monitoring;AC=MS:1002956	AC=MS:1002038;NT=label free sample	1	NT=High-performance liquid chromatography;AC=PRIDE:0000565	1	AC=MS:1001251;NT=Trypsin	not available	NT=Stellar;AC=MS:1003409	NT=Carbamidomethyl;AC=UNIMOD:4;TA=C;MT=Fixed	NT=Higher-energy Collisional Dissociation;AC=MS:1000422	27 NCE	40 ppm	0.05 Da	24005	ALS_samples
PRM_20260227_Project ALS _Plate2_E6	E	6	ALS_samples	54	RE6	0.1	C:\Xcalibur\methods\method1	C:\data\yourdir	PRM_20260227_Project ALS _Plate2_E6	Homo sapiens	blood plasma	Plate2	Project_ALS	not available	not available	not available	not available	not available	not available	not available	not available	1	AC=EFO:0009656;NT=plasma	run 150	proteomic profiling by mass spectrometry	PRM_20260227_Project ALS _Plate2_E6.raw	PRM_20260227_Project ALS _Plate2_E6.raw	NT=Parallel Reaction Monitoring;AC=MS:1002956	AC=MS:1002038;NT=label free sample	1	NT=High-performance liquid chromatography;AC=PRIDE:0000565	1	AC=MS:1001251;NT=Trypsin	not available	NT=Stellar;AC=MS:1003409	NT=Carbamidomethyl;AC=UNIMOD:4;TA=C;MT=Fixed	NT=Higher-energy Collisional Dissociation;AC=MS:1000422	27 NCE	40 ppm	0.05 Da	24005	ALS_samples
PRM_20260227_Project ALS _Plate2_E7	E	7	ALS_samples	55	RE7	0.1	C:\Xcalibur\methods\method1	C:\data\yourdir	PRM_20260227_Project ALS _Plate2_E7	Homo sapiens	blood plasma	Plate2	Project_ALS	not available	not available	not available	not available	not available	not available	not available	not available	1	AC=EFO:0009656;NT=plasma	run 151	proteomic profiling by mass spectrometry	PRM_20260227_Project ALS _Plate2_E7.raw	PRM_20260227_Project ALS _Plate2_E7.raw	NT=Parallel Reaction Monitoring;AC=MS:1002956	AC=MS:1002038;NT=label free sample	1	NT=High-performance liquid chromatography;AC=PRIDE:0000565	1	AC=MS:1001251;NT=Trypsin	not available	NT=Stellar;AC=MS:1003409	NT=Carbamidomethyl;AC=UNIMOD:4;TA=C;MT=Fixed	NT=Higher-energy Collisional Dissociation;AC=MS:1000422	27 NCE	40 ppm	0.05 Da	24005	ALS_samples
PRM_20260227_Project ALS _Plate2_E8	E	8	ALS_samples	56	RE8	0.1	C:\Xcalibur\methods\method1	C:\data\yourdir	PRM_20260227_Project ALS _Plate2_E8	Homo sapiens	blood plasma	Plate2	Project_ALS	not available	not available	not available	not available	not available	not available	not available	not available	1	AC=EFO:0009656;NT=plasma	run 152	proteomic profiling by mass spectrometry	PRM_20260227_Project ALS _Plate2_E8.raw	PRM_20260227_Project ALS _Plate2_E8.raw	NT=Parallel Reaction Monitoring;AC=MS:1002956	AC=MS:1002038;NT=label free sample	1	NT=High-performance liquid chromatography;AC=PRIDE:0000565	1	AC=MS:1001251;NT=Trypsin	not available	NT=Stellar;AC=MS:1003409	NT=Carbamidomethyl;AC=UNIMOD:4;TA=C;MT=Fixed	NT=Higher-energy Collisional Dissociation;AC=MS:1000422	27 NCE	40 ppm	0.05 Da	24005	ALS_samples
PRM_20260227_Project ALS _Plate2_E9	E	9	ALS_samples	57	RE9	0.1	C:\Xcalibur\methods\method1	C:\data\yourdir	PRM_20260227_Project ALS _Plate2_E9	Homo sapiens	blood plasma	Plate2	Project_ALS	not available	not available	not available	not available	not available	not available	not available	not available	1	AC=EFO:0009656;NT=plasma	run 153	proteomic profiling by mass spectrometry	PRM_20260227_Project ALS _Plate2_E9.raw	PRM_20260227_Project ALS _Plate2_E9.raw	NT=Parallel Reaction Monitoring;AC=MS:1002956	AC=MS:1002038;NT=label free sample	1	NT=High-performance liquid chromatography;AC=PRIDE:0000565	1	AC=MS:1001251;NT=Trypsin	not available	NT=Stellar;AC=MS:1003409	NT=Carbamidomethyl;AC=UNIMOD:4;TA=C;MT=Fixed	NT=Higher-energy Collisional Dissociation;AC=MS:1000422	27 NCE	40 ppm	0.05 Da	24005	ALS_samples
PRM_20260227_Project ALS _Plate2_E10	E	10	ALS_samples	58	RE10	0.1	C:\Xcalibur\methods\method1	C:\data\yourdir	PRM_20260227_Project ALS _Plate2_E10	Homo sapiens	blood plasma	Plate2	Project_ALS	not available	not available	not available	not available	not available	not available	not available	not available	1	AC=EFO:0009656;NT=plasma	run 154	proteomic profiling by mass spectrometry	PRM_20260227_Project ALS _Plate2_E10.raw	PRM_20260227_Project ALS _Plate2_E10.raw	NT=Parallel Reaction Monitoring;AC=MS:1002956	AC=MS:1002038;NT=label free sample	1	NT=High-performance liquid chromatography;AC=PRIDE:0000565	1	AC=MS:1001251;NT=Trypsin	not available	NT=Stellar;AC=MS:1003409	NT=Carbamidomethyl;AC=UNIMOD:4;TA=C;MT=Fixed	NT=Higher-energy Collisional Dissociation;AC=MS:1000422	27 NCE	40 ppm	0.05 Da	24005	ALS_samples
PRM_20260227_Project ALS _Plate2_E11	E	11	ALS_samples	59	RE11	0.1	C:\Xcalibur\methods\method1	C:\data\yourdir	PRM_20260227_Project ALS _Plate2_E11	Homo sapiens	blood plasma	Plate2	Project_ALS	not available	not available	not available	not available	not available	not available	not available	not available	1	AC=EFO:0009656;NT=plasma	run 155	proteomic profiling by mass spectrometry	PRM_20260227_Project ALS _Plate2_E11.raw	PRM_20260227_Project ALS _Plate2_E11.raw	NT=Parallel Reaction Monitoring;AC=MS:1002956	AC=MS:1002038;NT=label free sample	1	NT=High-performance liquid chromatography;AC=PRIDE:0000565	1	AC=MS:1001251;NT=Trypsin	not available	NT=Stellar;AC=MS:1003409	NT=Carbamidomethyl;AC=UNIMOD:4;TA=C;MT=Fixed	NT=Higher-energy Collisional Dissociation;AC=MS:1000422	27 NCE	40 ppm	0.05 Da	24005	ALS_samples
PRM_20260227_Project ALS _Plate2_E12	E	12	ALS_samples	60	RE12	0.1	C:\Xcalibur\methods\method1	C:\data\yourdir	PRM_20260227_Project ALS _Plate2_E12	Homo sapiens	blood plasma	Plate2	Project_ALS	not available	not available	not available	not available	not available	not available	not available	not available	1	AC=EFO:0009656;NT=plasma	run 156	proteomic profiling by mass spectrometry	PRM_20260227_Project ALS _Plate2_E12.raw	PRM_20260227_Project ALS _Plate2_E12.raw	NT=Parallel Reaction Monitoring;AC=MS:1002956	AC=MS:1002038;NT=label free sample	1	NT=High-performance liquid chromatography;AC=PRIDE:0000565	1	AC=MS:1001251;NT=Trypsin	not available	NT=Stellar;AC=MS:1003409	NT=Carbamidomethyl;AC=UNIMOD:4;TA=C;MT=Fixed	NT=Higher-energy Collisional Dissociation;AC=MS:1000422	27 NCE	40 ppm	0.05 Da	24005	ALS_samples
PRM_20260227_Project ALS _Plate2_F1	F	1	Control	61	RF1	0.1	C:\Xcalibur\methods\method1	C:\data\yourdir	PRM_20260227_Project ALS _Plate2_F1	Homo sapiens	blood plasma	Plate2	Project_ALS	not available	not available	not available	not available	not available	not available	not available	not available	1	AC=EFO:0009656;NT=plasma	run 157	proteomic profiling by mass spectrometry	PRM_20260227_Project ALS _Plate2_F1.raw	PRM_20260227_Project ALS _Plate2_F1.raw	NT=Parallel Reaction Monitoring;AC=MS:1002956	AC=MS:1002038;NT=label free sample	1	NT=High-performance liquid chromatography;AC=PRIDE:0000565	1	AC=MS:1001251;NT=Trypsin	not available	NT=Stellar;AC=MS:1003409	NT=Carbamidomethyl;AC=UNIMOD:4;TA=C;MT=Fixed	NT=Higher-energy Collisional Dissociation;AC=MS:1000422	27 NCE	40 ppm	0.05 Da	24005	Control
PRM_20260227_Project ALS _Plate2_F2	F	2	ALS_samples	62	RF2	0.1	C:\Xcalibur\methods\method1	C:\data\yourdir	PRM_20260227_Project ALS _Plate2_F2	Homo sapiens	blood plasma	Plate2	Project_ALS	not available	not available	not available	not available	not available	not available	not available	not available	1	AC=EFO:0009656;NT=plasma	run 158	proteomic profiling by mass spectrometry	PRM_20260227_Project ALS _Plate2_F2.raw	PRM_20260227_Project ALS _Plate2_F2.raw	NT=Parallel Reaction Monitoring;AC=MS:1002956	AC=MS:1002038;NT=label free sample	1	NT=High-performance liquid chromatography;AC=PRIDE:0000565	1	AC=MS:1001251;NT=Trypsin	not available	NT=Stellar;AC=MS:1003409	NT=Carbamidomethyl;AC=UNIMOD:4;TA=C;MT=Fixed	NT=Higher-energy Collisional Dissociation;AC=MS:1000422	27 NCE	40 ppm	0.05 Da	24005	ALS_samples
PRM_20260227_Project ALS _Plate2_F3	F	3	ALS_samples	63	RF3	0.1	C:\Xcalibur\methods\method1	C:\data\yourdir	PRM_20260227_Project ALS _Plate2_F3	Homo sapiens	blood plasma	Plate2	Project_ALS	not available	not available	not available	not available	not available	not available	not available	not available	1	AC=EFO:0009656;NT=plasma	run 159	proteomic profiling by mass spectrometry	PRM_20260227_Project ALS _Plate2_F3.raw	PRM_20260227_Project ALS _Plate2_F3.raw	NT=Parallel Reaction Monitoring;AC=MS:1002956	AC=MS:1002038;NT=label free sample	1	NT=High-performance liquid chromatography;AC=PRIDE:0000565	1	AC=MS:1001251;NT=Trypsin	not available	NT=Stellar;AC=MS:1003409	NT=Carbamidomethyl;AC=UNIMOD:4;TA=C;MT=Fixed	NT=Higher-energy Collisional Dissociation;AC=MS:1000422	27 NCE	40 ppm	0.05 Da	24005	ALS_samples
PRM_20260227_Project ALS _Plate2_F4	F	4	ALS_samples	64	RF4	0.1	C:\Xcalibur\methods\method1	C:\data\yourdir	PRM_20260227_Project ALS _Plate2_F4	Homo sapiens	blood plasma	Plate2	Project_ALS	not available	not available	not available	not available	not available	not available	not available	not available	1	AC=EFO:0009656;NT=plasma	run 160	proteomic profiling by mass spectrometry	PRM_20260227_Project ALS _Plate2_F4.raw	PRM_20260227_Project ALS _Plate2_F4.raw	NT=Parallel Reaction Monitoring;AC=MS:1002956	AC=MS:1002038;NT=label free sample	1	NT=High-performance liquid chromatography;AC=PRIDE:0000565	1	AC=MS:1001251;NT=Trypsin	not available	NT=Stellar;AC=MS:1003409	NT=Carbamidomethyl;AC=UNIMOD:4;TA=C;MT=Fixed	NT=Higher-energy Collisional Dissociation;AC=MS:1000422	27 NCE	40 ppm	0.05 Da	24005	ALS_samples
PRM_20260227_Project ALS _Plate2_F5	F	5	ALS_samples	65	RF5	0.1	C:\Xcalibur\methods\method1	C:\data\yourdir	PRM_20260227_Project ALS _Plate2_F5	Homo sapiens	blood plasma	Plate2	Project_ALS	not available	not available	not available	not available	not available	not available	not available	not available	1	AC=EFO:0009656;NT=plasma	run 161	proteomic profiling by mass spectrometry	PRM_20260227_Project ALS _Plate2_F5.raw	PRM_20260227_Project ALS _Plate2_F5.raw	NT=Parallel Reaction Monitoring;AC=MS:1002956	AC=MS:1002038;NT=label free sample	1	NT=High-performance liquid chromatography;AC=PRIDE:0000565	1	AC=MS:1001251;NT=Trypsin	not available	NT=Stellar;AC=MS:1003409	NT=Carbamidomethyl;AC=UNIMOD:4;TA=C;MT=Fixed	NT=Higher-energy Collisional Dissociation;AC=MS:1000422	27 NCE	40 ppm	0.05 Da	24005	ALS_samples
PRM_20260227_Project ALS _Plate2_F6	F	6	Control	66	RF6	0.1	C:\Xcalibur\methods\method1	C:\data\yourdir	PRM_20260227_Project ALS _Plate2_F6	Homo sapiens	blood plasma	Plate2	Project_ALS	not available	not available	not available	not available	not available	not available	not available	not available	1	AC=EFO:0009656;NT=plasma	run 162	proteomic profiling by mass spectrometry	PRM_20260227_Project ALS _Plate2_F6.raw	PRM_20260227_Project ALS _Plate2_F6.raw	NT=Parallel Reaction Monitoring;AC=MS:1002956	AC=MS:1002038;NT=label free sample	1	NT=High-performance liquid chromatography;AC=PRIDE:0000565	1	AC=MS:1001251;NT=Trypsin	not available	NT=Stellar;AC=MS:1003409	NT=Carbamidomethyl;AC=UNIMOD:4;TA=C;MT=Fixed	NT=Higher-energy Collisional Dissociation;AC=MS:1000422	27 NCE	40 ppm	0.05 Da	24005	Control
PRM_20260227_Project ALS _Plate2_F7	F	7	ALS_samples	67	RF7	0.1	C:\Xcalibur\methods\method1	C:\data\yourdir	PRM_20260227_Project ALS _Plate2_F7	Homo sapiens	blood plasma	Plate2	Project_ALS	not available	not available	not available	not available	not available	not available	not available	not available	1	AC=EFO:0009656;NT=plasma	run 163	proteomic profiling by mass spectrometry	PRM_20260227_Project ALS _Plate2_F7.raw	PRM_20260227_Project ALS _Plate2_F7.raw	NT=Parallel Reaction Monitoring;AC=MS:1002956	AC=MS:1002038;NT=label free sample	1	NT=High-performance liquid chromatography;AC=PRIDE:0000565	1	AC=MS:1001251;NT=Trypsin	not available	NT=Stellar;AC=MS:1003409	NT=Carbamidomethyl;AC=UNIMOD:4;TA=C;MT=Fixed	NT=Higher-energy Collisional Dissociation;AC=MS:1000422	27 NCE	40 ppm	0.05 Da	24005	ALS_samples
PRM_20260227_Project ALS _Plate2_F8	F	8	ALS_samples	68	RF8	0.1	C:\Xcalibur\methods\method1	C:\data\yourdir	PRM_20260227_Project ALS _Plate2_F8	Homo sapiens	blood plasma	Plate2	Project_ALS	not available	not available	not available	not available	not available	not available	not available	not available	1	AC=EFO:0009656;NT=plasma	run 164	proteomic profiling by mass spectrometry	PRM_20260227_Project ALS _Plate2_F8.raw	PRM_20260227_Project ALS _Plate2_F8.raw	NT=Parallel Reaction Monitoring;AC=MS:1002956	AC=MS:1002038;NT=label free sample	1	NT=High-performance liquid chromatography;AC=PRIDE:0000565	1	AC=MS:1001251;NT=Trypsin	not available	NT=Stellar;AC=MS:1003409	NT=Carbamidomethyl;AC=UNIMOD:4;TA=C;MT=Fixed	NT=Higher-energy Collisional Dissociation;AC=MS:1000422	27 NCE	40 ppm	0.05 Da	24005	ALS_samples
PRM_20260227_Project ALS _Plate2_F9	F	9	ALS_samples	69	RF9	0.1	C:\Xcalibur\methods\method1	C:\data\yourdir	PRM_20260227_Project ALS _Plate2_F9	Homo sapiens	blood plasma	Plate2	Project_ALS	not available	not available	not available	not available	not available	not available	not available	not available	1	AC=EFO:0009656;NT=plasma	run 165	proteomic profiling by mass spectrometry	PRM_20260227_Project ALS _Plate2_F9.raw	PRM_20260227_Project ALS _Plate2_F9.raw	NT=Parallel Reaction Monitoring;AC=MS:1002956	AC=MS:1002038;NT=label free sample	1	NT=High-performance liquid chromatography;AC=PRIDE:0000565	1	AC=MS:1001251;NT=Trypsin	not available	NT=Stellar;AC=MS:1003409	NT=Carbamidomethyl;AC=UNIMOD:4;TA=C;MT=Fixed	NT=Higher-energy Collisional Dissociation;AC=MS:1000422	27 NCE	40 ppm	0.05 Da	24005	ALS_samples
PRM_20260227_Project ALS _Plate2_F10	F	10	ALS_samples	70	RF10	0.1	C:\Xcalibur\methods\method1	C:\data\yourdir	PRM_20260227_Project ALS _Plate2_F10	Homo sapiens	blood plasma	Plate2	Project_ALS	not available	not available	not available	not available	not available	not available	not available	not available	1	AC=EFO:0009656;NT=plasma	run 166	proteomic profiling by mass spectrometry	PRM_20260227_Project ALS _Plate2_F10.raw	PRM_20260227_Project ALS _Plate2_F10.raw	NT=Parallel Reaction Monitoring;AC=MS:1002956	AC=MS:1002038;NT=label free sample	1	NT=High-performance liquid chromatography;AC=PRIDE:0000565	1	AC=MS:1001251;NT=Trypsin	not available	NT=Stellar;AC=MS:1003409	NT=Carbamidomethyl;AC=UNIMOD:4;TA=C;MT=Fixed	NT=Higher-energy Collisional Dissociation;AC=MS:1000422	27 NCE	40 ppm	0.05 Da	24005	ALS_samples
PRM_20260227_Project ALS _Plate2_F11	F	11	ALS_samples	71	RF11	0.1	C:\Xcalibur\methods\method1	C:\data\yourdir	PRM_20260227_Project ALS _Plate2_F11	Homo sapiens	blood plasma	Plate2	Project_ALS	not available	not available	not available	not available	not available	not available	not available	not available	1	AC=EFO:0009656;NT=plasma	run 167	proteomic profiling by mass spectrometry	PRM_20260227_Project ALS _Plate2_F11.raw	PRM_20260227_Project ALS _Plate2_F11.raw	NT=Parallel Reaction Monitoring;AC=MS:1002956	AC=MS:1002038;NT=label free sample	1	NT=High-performance liquid chromatography;AC=PRIDE:0000565	1	AC=MS:1001251;NT=Trypsin	not available	NT=Stellar;AC=MS:1003409	NT=Carbamidomethyl;AC=UNIMOD:4;TA=C;MT=Fixed	NT=Higher-energy Collisional Dissociation;AC=MS:1000422	27 NCE	40 ppm	0.05 Da	24005	ALS_samples
PRM_20260227_Project ALS _Plate2_F12	F	12	ALS_samples	72	RF12	0.1	C:\Xcalibur\methods\method1	C:\data\yourdir	PRM_20260227_Project ALS _Plate2_F12	Homo sapiens	blood plasma	Plate2	Project_ALS	not available	not available	not available	not available	not available	not available	not available	not available	1	AC=EFO:0009656;NT=plasma	run 168	proteomic profiling by mass spectrometry	PRM_20260227_Project ALS _Plate2_F12.raw	PRM_20260227_Project ALS _Plate2_F12.raw	NT=Parallel Reaction Monitoring;AC=MS:1002956	AC=MS:1002038;NT=label free sample	1	NT=High-performance liquid chromatography;AC=PRIDE:0000565	1	AC=MS:1001251;NT=Trypsin	not available	NT=Stellar;AC=MS:1003409	NT=Carbamidomethyl;AC=UNIMOD:4;TA=C;MT=Fixed	NT=Higher-energy Collisional Dissociation;AC=MS:1000422	27 NCE	40 ppm	0.05 Da	24005	ALS_samples
PRM_20260227_Project ALS _Plate2_G1	G	1	ALS_samples	73	RG1	0.1	C:\Xcalibur\methods\method1	C:\data\yourdir	PRM_20260227_Project ALS _Plate2_G1	Homo sapiens	blood plasma	Plate2	Project_ALS	not available	not available	not available	not available	not available	not available	not available	not available	1	AC=EFO:0009656;NT=plasma	run 169	proteomic profiling by mass spectrometry	PRM_20260227_Project ALS _Plate2_G1.raw	PRM_20260227_Project ALS _Plate2_G1.raw	NT=Parallel Reaction Monitoring;AC=MS:1002956	AC=MS:1002038;NT=label free sample	1	NT=High-performance liquid chromatography;AC=PRIDE:0000565	1	AC=MS:1001251;NT=Trypsin	not available	NT=Stellar;AC=MS:1003409	NT=Carbamidomethyl;AC=UNIMOD:4;TA=C;MT=Fixed	NT=Higher-energy Collisional Dissociation;AC=MS:1000422	27 NCE	40 ppm	0.05 Da	24005	ALS_samples
PRM_20260227_Project ALS _Plate2_G2	G	2	ALS_samples	74	RG2	0.1	C:\Xcalibur\methods\method1	C:\data\yourdir	PRM_20260227_Project ALS _Plate2_G2	Homo sapiens	blood plasma	Plate2	Project_ALS	not available	not available	not available	not available	not available	not available	not available	not available	1	AC=EFO:0009656;NT=plasma	run 170	proteomic profiling by mass spectrometry	PRM_20260227_Project ALS _Plate2_G2.raw	PRM_20260227_Project ALS _Plate2_G2.raw	NT=Parallel Reaction Monitoring;AC=MS:1002956	AC=MS:1002038;NT=label free sample	1	NT=High-performance liquid chromatography;AC=PRIDE:0000565	1	AC=MS:1001251;NT=Trypsin	not available	NT=Stellar;AC=MS:1003409	NT=Carbamidomethyl;AC=UNIMOD:4;TA=C;MT=Fixed	NT=Higher-energy Collisional Dissociation;AC=MS:1000422	27 NCE	40 ppm	0.05 Da	24005	ALS_samples
PRM_20260227_Project ALS _Plate2_G3	G	3	ALS_samples	75	RG3	0.1	C:\Xcalibur\methods\method1	C:\data\yourdir	PRM_20260227_Project ALS _Plate2_G3	Homo sapiens	blood plasma	Plate2	Project_ALS	not available	not available	not available	not available	not available	not available	not available	not available	1	AC=EFO:0009656;NT=plasma	run 171	proteomic profiling by mass spectrometry	PRM_20260227_Project ALS _Plate2_G3.raw	PRM_20260227_Project ALS _Plate2_G3.raw	NT=Parallel Reaction Monitoring;AC=MS:1002956	AC=MS:1002038;NT=label free sample	1	NT=High-performance liquid chromatography;AC=PRIDE:0000565	1	AC=MS:1001251;NT=Trypsin	not available	NT=Stellar;AC=MS:1003409	NT=Carbamidomethyl;AC=UNIMOD:4;TA=C;MT=Fixed	NT=Higher-energy Collisional Dissociation;AC=MS:1000422	27 NCE	40 ppm	0.05 Da	24005	ALS_samples
PRM_20260227_Project ALS _Plate2_G4	G	4	ALS_samples	76	RG4	0.1	C:\Xcalibur\methods\method1	C:\data\yourdir	PRM_20260227_Project ALS _Plate2_G4	Homo sapiens	blood plasma	Plate2	Project_ALS	not available	not available	not available	not available	not available	not available	not available	not available	1	AC=EFO:0009656;NT=plasma	run 172	proteomic profiling by mass spectrometry	PRM_20260227_Project ALS _Plate2_G4.raw	PRM_20260227_Project ALS _Plate2_G4.raw	NT=Parallel Reaction Monitoring;AC=MS:1002956	AC=MS:1002038;NT=label free sample	1	NT=High-performance liquid chromatography;AC=PRIDE:0000565	1	AC=MS:1001251;NT=Trypsin	not available	NT=Stellar;AC=MS:1003409	NT=Carbamidomethyl;AC=UNIMOD:4;TA=C;MT=Fixed	NT=Higher-energy Collisional Dissociation;AC=MS:1000422	27 NCE	40 ppm	0.05 Da	24005	ALS_samples
PRM_20260227_Project ALS _Plate2_G5	G	5	ALS_samples	77	RG5	0.1	C:\Xcalibur\methods\method1	C:\data\yourdir	PRM_20260227_Project ALS _Plate2_G5	Homo sapiens	blood plasma	Plate2	Project_ALS	not available	not available	not available	not available	not available	not available	not available	not available	1	AC=EFO:0009656;NT=plasma	run 173	proteomic profiling by mass spectrometry	PRM_20260227_Project ALS _Plate2_G5.raw	PRM_20260227_Project ALS _Plate2_G5.raw	NT=Parallel Reaction Monitoring;AC=MS:1002956	AC=MS:1002038;NT=label free sample	1	NT=High-performance liquid chromatography;AC=PRIDE:0000565	1	AC=MS:1001251;NT=Trypsin	not available	NT=Stellar;AC=MS:1003409	NT=Carbamidomethyl;AC=UNIMOD:4;TA=C;MT=Fixed	NT=Higher-energy Collisional Dissociation;AC=MS:1000422	27 NCE	40 ppm	0.05 Da	24005	ALS_samples
PRM_20260227_Project ALS _Plate2_G6	G	6	ALS_samples	78	RG6	0.1	C:\Xcalibur\methods\method1	C:\data\yourdir	PRM_20260227_Project ALS _Plate2_G6	Homo sapiens	blood plasma	Plate2	Project_ALS	not available	not available	not available	not available	not available	not available	not available	not available	1	AC=EFO:0009656;NT=plasma	run 174	proteomic profiling by mass spectrometry	PRM_20260227_Project ALS _Plate2_G6.raw	PRM_20260227_Project ALS _Plate2_G6.raw	NT=Parallel Reaction Monitoring;AC=MS:1002956	AC=MS:1002038;NT=label free sample	1	NT=High-performance liquid chromatography;AC=PRIDE:0000565	1	AC=MS:1001251;NT=Trypsin	not available	NT=Stellar;AC=MS:1003409	NT=Carbamidomethyl;AC=UNIMOD:4;TA=C;MT=Fixed	NT=Higher-energy Collisional Dissociation;AC=MS:1000422	27 NCE	40 ppm	0.05 Da	24005	ALS_samples
PRM_20260227_Project ALS _Plate2_G7	G	7	ALS_samples	79	RG7	0.1	C:\Xcalibur\methods\method1	C:\data\yourdir	PRM_20260227_Project ALS _Plate2_G7	Homo sapiens	blood plasma	Plate2	Project_ALS	not available	not available	not available	not available	not available	not available	not available	not available	1	AC=EFO:0009656;NT=plasma	run 175	proteomic profiling by mass spectrometry	PRM_20260227_Project ALS _Plate2_G7.raw	PRM_20260227_Project ALS _Plate2_G7.raw	NT=Parallel Reaction Monitoring;AC=MS:1002956	AC=MS:1002038;NT=label free sample	1	NT=High-performance liquid chromatography;AC=PRIDE:0000565	1	AC=MS:1001251;NT=Trypsin	not available	NT=Stellar;AC=MS:1003409	NT=Carbamidomethyl;AC=UNIMOD:4;TA=C;MT=Fixed	NT=Higher-energy Collisional Dissociation;AC=MS:1000422	27 NCE	40 ppm	0.05 Da	24005	ALS_samples
PRM_20260227_Project ALS _Plate2_G8	G	8	ALS_samples	80	RG8	0.1	C:\Xcalibur\methods\method1	C:\data\yourdir	PRM_20260227_Project ALS _Plate2_G8	Homo sapiens	blood plasma	Plate2	Project_ALS	not available	not available	not available	not available	not available	not available	not available	not available	1	AC=EFO:0009656;NT=plasma	run 176	proteomic profiling by mass spectrometry	PRM_20260227_Project ALS _Plate2_G8.raw	PRM_20260227_Project ALS _Plate2_G8.raw	NT=Parallel Reaction Monitoring;AC=MS:1002956	AC=MS:1002038;NT=label free sample	1	NT=High-performance liquid chromatography;AC=PRIDE:0000565	1	AC=MS:1001251;NT=Trypsin	not available	NT=Stellar;AC=MS:1003409	NT=Carbamidomethyl;AC=UNIMOD:4;TA=C;MT=Fixed	NT=Higher-energy Collisional Dissociation;AC=MS:1000422	27 NCE	40 ppm	0.05 Da	24005	ALS_samples
PRM_20260227_Project ALS _Plate2_G9	G	9	ALS_samples	81	RG9	0.1	C:\Xcalibur\methods\method1	C:\data\yourdir	PRM_20260227_Project ALS _Plate2_G9	Homo sapiens	blood plasma	Plate2	Project_ALS	not available	not available	not available	not available	not available	not available	not available	not available	1	AC=EFO:0009656;NT=plasma	run 177	proteomic profiling by mass spectrometry	PRM_20260227_Project ALS _Plate2_G9.raw	PRM_20260227_Project ALS _Plate2_G9.raw	NT=Parallel Reaction Monitoring;AC=MS:1002956	AC=MS:1002038;NT=label free sample	1	NT=High-performance liquid chromatography;AC=PRIDE:0000565	1	AC=MS:1001251;NT=Trypsin	not available	NT=Stellar;AC=MS:1003409	NT=Carbamidomethyl;AC=UNIMOD:4;TA=C;MT=Fixed	NT=Higher-energy Collisional Dissociation;AC=MS:1000422	27 NCE	40 ppm	0.05 Da	24005	ALS_samples
PRM_20260227_Project ALS _Plate2_G10	G	10	ALS_samples	82	RG10	0.1	C:\Xcalibur\methods\method1	C:\data\yourdir	PRM_20260227_Project ALS _Plate2_G10	Homo sapiens	blood plasma	Plate2	Project_ALS	not available	not available	not available	not available	not available	not available	not available	not available	1	AC=EFO:0009656;NT=plasma	run 178	proteomic profiling by mass spectrometry	PRM_20260227_Project ALS _Plate2_G10.raw	PRM_20260227_Project ALS _Plate2_G10.raw	NT=Parallel Reaction Monitoring;AC=MS:1002956	AC=MS:1002038;NT=label free sample	1	NT=High-performance liquid chromatography;AC=PRIDE:0000565	1	AC=MS:1001251;NT=Trypsin	not available	NT=Stellar;AC=MS:1003409	NT=Carbamidomethyl;AC=UNIMOD:4;TA=C;MT=Fixed	NT=Higher-energy Collisional Dissociation;AC=MS:1000422	27 NCE	40 ppm	0.05 Da	24005	ALS_samples
PRM_20260227_Project ALS _Plate2_G11	G	11	ALS_samples	83	RG11	0.1	C:\Xcalibur\methods\method1	C:\data\yourdir	PRM_20260227_Project ALS _Plate2_G11	Homo sapiens	blood plasma	Plate2	Project_ALS	not available	not available	not available	not available	not available	not available	not available	not available	1	AC=EFO:0009656;NT=plasma	run 179	proteomic profiling by mass spectrometry	PRM_20260227_Project ALS _Plate2_G11.raw	PRM_20260227_Project ALS _Plate2_G11.raw	NT=Parallel Reaction Monitoring;AC=MS:1002956	AC=MS:1002038;NT=label free sample	1	NT=High-performance liquid chromatography;AC=PRIDE:0000565	1	AC=MS:1001251;NT=Trypsin	not available	NT=Stellar;AC=MS:1003409	NT=Carbamidomethyl;AC=UNIMOD:4;TA=C;MT=Fixed	NT=Higher-energy Collisional Dissociation;AC=MS:1000422	27 NCE	40 ppm	0.05 Da	24005	ALS_samples
PRM_20260227_Project ALS _Plate2_G12	G	12	ALS_samples	84	RG12	0.1	C:\Xcalibur\methods\method1	C:\data\yourdir	PRM_20260227_Project ALS _Plate2_G12	Homo sapiens	blood plasma	Plate2	Project_ALS	not available	not available	not available	not available	not available	not available	not available	not available	1	AC=EFO:0009656;NT=plasma	run 180	proteomic profiling by mass spectrometry	PRM_20260227_Project ALS _Plate2_G12.raw	PRM_20260227_Project ALS _Plate2_G12.raw	NT=Parallel Reaction Monitoring;AC=MS:1002956	AC=MS:1002038;NT=label free sample	1	NT=High-performance liquid chromatography;AC=PRIDE:0000565	1	AC=MS:1001251;NT=Trypsin	not available	NT=Stellar;AC=MS:1003409	NT=Carbamidomethyl;AC=UNIMOD:4;TA=C;MT=Fixed	NT=Higher-energy Collisional Dissociation;AC=MS:1000422	27 NCE	40 ppm	0.05 Da	24005	ALS_samples
PRM_20260227_Project ALS _Plate2_H1	H	1	ALS_samples	85	RH1	0.1	C:\Xcalibur\methods\method1	C:\data\yourdir	PRM_20260227_Project ALS _Plate2_H1	Homo sapiens	blood plasma	Plate2	Project_ALS	not available	not available	not available	not available	not available	not available	not available	not available	1	AC=EFO:0009656;NT=plasma	run 181	proteomic profiling by mass spectrometry	PRM_20260227_Project ALS _Plate2_H1.raw	PRM_20260227_Project ALS _Plate2_H1.raw	NT=Parallel Reaction Monitoring;AC=MS:1002956	AC=MS:1002038;NT=label free sample	1	NT=High-performance liquid chromatography;AC=PRIDE:0000565	1	AC=MS:1001251;NT=Trypsin	not available	NT=Stellar;AC=MS:1003409	NT=Carbamidomethyl;AC=UNIMOD:4;TA=C;MT=Fixed	NT=Higher-energy Collisional Dissociation;AC=MS:1000422	27 NCE	40 ppm	0.05 Da	24005	ALS_samples
PRM_20260227_Project ALS _Plate2_H2	H	2	ALS_samples	86	RH2	0.1	C:\Xcalibur\methods\method1	C:\data\yourdir	PRM_20260227_Project ALS _Plate2_H2	Homo sapiens	blood plasma	Plate2	Project_ALS	not available	not available	not available	not available	not available	not available	not available	not available	1	AC=EFO:0009656;NT=plasma	run 182	proteomic profiling by mass spectrometry	PRM_20260227_Project ALS _Plate2_H2.raw	PRM_20260227_Project ALS _Plate2_H2.raw	NT=Parallel Reaction Monitoring;AC=MS:1002956	AC=MS:1002038;NT=label free sample	1	NT=High-performance liquid chromatography;AC=PRIDE:0000565	1	AC=MS:1001251;NT=Trypsin	not available	NT=Stellar;AC=MS:1003409	NT=Carbamidomethyl;AC=UNIMOD:4;TA=C;MT=Fixed	NT=Higher-energy Collisional Dissociation;AC=MS:1000422	27 NCE	40 ppm	0.05 Da	24005	ALS_samples
PRM_20260227_Project ALS _Plate2_H3	H	3	ALS_samples	87	RH3	0.1	C:\Xcalibur\methods\method1	C:\data\yourdir	PRM_20260227_Project ALS _Plate2_H3	Homo sapiens	blood plasma	Plate2	Project_ALS	not available	not available	not available	not available	not available	not available	not available	not available	1	AC=EFO:0009656;NT=plasma	run 183	proteomic profiling by mass spectrometry	PRM_20260227_Project ALS _Plate2_H3.raw	PRM_20260227_Project ALS _Plate2_H3.raw	NT=Parallel Reaction Monitoring;AC=MS:1002956	AC=MS:1002038;NT=label free sample	1	NT=High-performance liquid chromatography;AC=PRIDE:0000565	1	AC=MS:1001251;NT=Trypsin	not available	NT=Stellar;AC=MS:1003409	NT=Carbamidomethyl;AC=UNIMOD:4;TA=C;MT=Fixed	NT=Higher-energy Collisional Dissociation;AC=MS:1000422	27 NCE	40 ppm	0.05 Da	24005	ALS_samples
PRM_20260227_Project ALS _Plate2_H4	H	4	ALS_samples	88	RH4	0.1	C:\Xcalibur\methods\method1	C:\data\yourdir	PRM_20260227_Project ALS _Plate2_H4	Homo sapiens	blood plasma	Plate2	Project_ALS	not available	not available	not available	not available	not available	not available	not available	not available	1	AC=EFO:0009656;NT=plasma	run 184	proteomic profiling by mass spectrometry	PRM_20260227_Project ALS _Plate2_H4.raw	PRM_20260227_Project ALS _Plate2_H4.raw	NT=Parallel Reaction Monitoring;AC=MS:1002956	AC=MS:1002038;NT=label free sample	1	NT=High-performance liquid chromatography;AC=PRIDE:0000565	1	AC=MS:1001251;NT=Trypsin	not available	NT=Stellar;AC=MS:1003409	NT=Carbamidomethyl;AC=UNIMOD:4;TA=C;MT=Fixed	NT=Higher-energy Collisional Dissociation;AC=MS:1000422	27 NCE	40 ppm	0.05 Da	24005	ALS_samples
PRM_20260227_Project ALS _Plate2_H5	H	5	Control	89	RH5	0.1	C:\Xcalibur\methods\method1	C:\data\yourdir	PRM_20260227_Project ALS _Plate2_H5	Homo sapiens	blood plasma	Plate2	Project_ALS	not available	not available	not available	not available	not available	not available	not available	not available	1	AC=EFO:0009656;NT=plasma	run 185	proteomic profiling by mass spectrometry	PRM_20260227_Project ALS _Plate2_H5.raw	PRM_20260227_Project ALS _Plate2_H5.raw	NT=Parallel Reaction Monitoring;AC=MS:1002956	AC=MS:1002038;NT=label free sample	1	NT=High-performance liquid chromatography;AC=PRIDE:0000565	1	AC=MS:1001251;NT=Trypsin	not available	NT=Stellar;AC=MS:1003409	NT=Carbamidomethyl;AC=UNIMOD:4;TA=C;MT=Fixed	NT=Higher-energy Collisional Dissociation;AC=MS:1000422	27 NCE	40 ppm	0.05 Da	24005	Control
PRM_20260227_Project ALS _Plate2_H6	H	6	ALS_samples	90	RH6	0.1	C:\Xcalibur\methods\method1	C:\data\yourdir	PRM_20260227_Project ALS _Plate2_H6	Homo sapiens	blood plasma	Plate2	Project_ALS	not available	not available	not available	not available	not available	not available	not available	not available	1	AC=EFO:0009656;NT=plasma	run 186	proteomic profiling by mass spectrometry	PRM_20260227_Project ALS _Plate2_H6.raw	PRM_20260227_Project ALS _Plate2_H6.raw	NT=Parallel Reaction Monitoring;AC=MS:1002956	AC=MS:1002038;NT=label free sample	1	NT=High-performance liquid chromatography;AC=PRIDE:0000565	1	AC=MS:1001251;NT=Trypsin	not available	NT=Stellar;AC=MS:1003409	NT=Carbamidomethyl;AC=UNIMOD:4;TA=C;MT=Fixed	NT=Higher-energy Collisional Dissociation;AC=MS:1000422	27 NCE	40 ppm	0.05 Da	24005	ALS_samples
PRM_20260227_Project ALS _Plate2_H7	H	7	ALS_samples	91	RH7	0.1	C:\Xcalibur\methods\method1	C:\data\yourdir	PRM_20260227_Project ALS _Plate2_H7	Homo sapiens	blood plasma	Plate2	Project_ALS	not available	not available	not available	not available	not available	not available	not available	not available	1	AC=EFO:0009656;NT=plasma	run 187	proteomic profiling by mass spectrometry	PRM_20260227_Project ALS _Plate2_H7.raw	PRM_20260227_Project ALS _Plate2_H7.raw	NT=Parallel Reaction Monitoring;AC=MS:1002956	AC=MS:1002038;NT=label free sample	1	NT=High-performance liquid chromatography;AC=PRIDE:0000565	1	AC=MS:1001251;NT=Trypsin	not available	NT=Stellar;AC=MS:1003409	NT=Carbamidomethyl;AC=UNIMOD:4;TA=C;MT=Fixed	NT=Higher-energy Collisional Dissociation;AC=MS:1000422	27 NCE	40 ppm	0.05 Da	24005	ALS_samples
PRM_20260227_Project ALS _Plate2_H8	H	8	Control	92	RH8	0.1	C:\Xcalibur\methods\method1	C:\data\yourdir	PRM_20260227_Project ALS _Plate2_H8	Homo sapiens	blood plasma	Plate2	Project_ALS	not available	not available	not available	not available	not available	not available	not available	not available	1	AC=EFO:0009656;NT=plasma	run 188	proteomic profiling by mass spectrometry	PRM_20260227_Project ALS _Plate2_H8.raw	PRM_20260227_Project ALS _Plate2_H8.raw	NT=Parallel Reaction Monitoring;AC=MS:1002956	AC=MS:1002038;NT=label free sample	1	NT=High-performance liquid chromatography;AC=PRIDE:0000565	1	AC=MS:1001251;NT=Trypsin	not available	NT=Stellar;AC=MS:1003409	NT=Carbamidomethyl;AC=UNIMOD:4;TA=C;MT=Fixed	NT=Higher-energy Collisional Dissociation;AC=MS:1000422	27 NCE	40 ppm	0.05 Da	24005	Control
PRM_20260227_Project ALS _Plate2_H9	H	9	ALS_samples	93	RH9	0.1	C:\Xcalibur\methods\method1	C:\data\yourdir	PRM_20260227_Project ALS _Plate2_H9	Homo sapiens	blood plasma	Plate2	Project_ALS	not available	not available	not available	not available	not available	not available	not available	not available	1	AC=EFO:0009656;NT=plasma	run 189	proteomic profiling by mass spectrometry	PRM_20260227_Project ALS _Plate2_H9.raw	PRM_20260227_Project ALS _Plate2_H9.raw	NT=Parallel Reaction Monitoring;AC=MS:1002956	AC=MS:1002038;NT=label free sample	1	NT=High-performance liquid chromatography;AC=PRIDE:0000565	1	AC=MS:1001251;NT=Trypsin	not available	NT=Stellar;AC=MS:1003409	NT=Carbamidomethyl;AC=UNIMOD:4;TA=C;MT=Fixed	NT=Higher-energy Collisional Dissociation;AC=MS:1000422	27 NCE	40 ppm	0.05 Da	24005	ALS_samples
PRM_20260227_Project ALS _Plate2_H10	H	10	ALS_samples	94	RH10	0.1	C:\Xcalibur\methods\method1	C:\data\yourdir	PRM_20260227_Project ALS _Plate2_H10	Homo sapiens	blood plasma	Plate2	Project_ALS	not available	not available	not available	not available	not available	not available	not available	not available	1	AC=EFO:0009656;NT=plasma	run 190	proteomic profiling by mass spectrometry	PRM_20260227_Project ALS _Plate2_H10.raw	PRM_20260227_Project ALS _Plate2_H10.raw	NT=Parallel Reaction Monitoring;AC=MS:1002956	AC=MS:1002038;NT=label free sample	1	NT=High-performance liquid chromatography;AC=PRIDE:0000565	1	AC=MS:1001251;NT=Trypsin	not available	NT=Stellar;AC=MS:1003409	NT=Carbamidomethyl;AC=UNIMOD:4;TA=C;MT=Fixed	NT=Higher-energy Collisional Dissociation;AC=MS:1000422	27 NCE	40 ppm	0.05 Da	24005	ALS_samples
PRM_20260227_Project ALS _Plate2_H11	H	11	ALS_samples	95	RH11	0.1	C:\Xcalibur\methods\method1	C:\data\yourdir	PRM_20260227_Project ALS _Plate2_H11	Homo sapiens	blood plasma	Plate2	Project_ALS	not available	not available	not available	not available	not available	not available	not available	not available	1	AC=EFO:0009656;NT=plasma	run 191	proteomic profiling by mass spectrometry	PRM_20260227_Project ALS _Plate2_H11.raw	PRM_20260227_Project ALS _Plate2_H11.raw	NT=Parallel Reaction Monitoring;AC=MS:1002956	AC=MS:1002038;NT=label free sample	1	NT=High-performance liquid chromatography;AC=PRIDE:0000565	1	AC=MS:1001251;NT=Trypsin	not available	NT=Stellar;AC=MS:1003409	NT=Carbamidomethyl;AC=UNIMOD:4;TA=C;MT=Fixed	NT=Higher-energy Collisional Dissociation;AC=MS:1000422	27 NCE	40 ppm	0.05 Da	24005	ALS_samples
PRM_20260227_Project ALS _Plate2_H12	H	12	ALS_samples	96	RH12	0.1	C:\Xcalibur\methods\method1	C:\data\yourdir	PRM_20260227_Project ALS _Plate2_H12	Homo sapiens	blood plasma	Plate2	Project_ALS	not available	not available	not available	not available	not available	not available	not available	not available	1	AC=EFO:0009656;NT=plasma	run 192	proteomic profiling by mass spectrometry	PRM_20260227_Project ALS _Plate2_H12.raw	PRM_20260227_Project ALS _Plate2_H12.raw	NT=Parallel Reaction Monitoring;AC=MS:1002956	AC=MS:1002038;NT=label free sample	1	NT=High-performance liquid chromatography;AC=PRIDE:0000565	1	AC=MS:1001251;NT=Trypsin	not available	NT=Stellar;AC=MS:1003409	NT=Carbamidomethyl;AC=UNIMOD:4;TA=C;MT=Fixed	NT=Higher-energy Collisional Dissociation;AC=MS:1000422	27 NCE	40 ppm	0.05 Da	24005	ALS_samples
PRM_20260227_Project ALS _Plate3_A1	A	1	ALS_samples	1	RA1	0.1	C:\Xcalibur\methods\method1	C:\data\yourdir	PRM_20260227_Project ALS _Plate3_A1	Homo sapiens	blood plasma	Plate3	Project_ALS	not available	not available	not available	not available	not available	not available	not available	not available	1	AC=EFO:0009656;NT=plasma	run 193	proteomic profiling by mass spectrometry	PRM_20260227_Project ALS _Plate3_A1.raw	PRM_20260227_Project ALS _Plate3_A1.raw	NT=Parallel Reaction Monitoring;AC=MS:1002956	AC=MS:1002038;NT=label free sample	1	NT=High-performance liquid chromatography;AC=PRIDE:0000565	1	AC=MS:1001251;NT=Trypsin	not available	NT=Stellar;AC=MS:1003409	NT=Carbamidomethyl;AC=UNIMOD:4;TA=C;MT=Fixed	NT=Higher-energy Collisional Dissociation;AC=MS:1000422	27 NCE	40 ppm	0.05 Da	24005	ALS_samples
PRM_20260227_Project ALS _Plate3_A2	A	2	ALS_samples	2	RA2	0.1	C:\Xcalibur\methods\method1	C:\data\yourdir	PRM_20260227_Project ALS _Plate3_A2	Homo sapiens	blood plasma	Plate3	Project_ALS	not available	not available	not available	not available	not available	not available	not available	not available	1	AC=EFO:0009656;NT=plasma	run 194	proteomic profiling by mass spectrometry	PRM_20260227_Project ALS _Plate3_A2.raw	PRM_20260227_Project ALS _Plate3_A2.raw	NT=Parallel Reaction Monitoring;AC=MS:1002956	AC=MS:1002038;NT=label free sample	1	NT=High-performance liquid chromatography;AC=PRIDE:0000565	1	AC=MS:1001251;NT=Trypsin	not available	NT=Stellar;AC=MS:1003409	NT=Carbamidomethyl;AC=UNIMOD:4;TA=C;MT=Fixed	NT=Higher-energy Collisional Dissociation;AC=MS:1000422	27 NCE	40 ppm	0.05 Da	24005	ALS_samples
PRM_20260227_Project ALS _Plate3_A3	A	3	Control	3	RA3	0.1	C:\Xcalibur\methods\method1	C:\data\yourdir	PRM_20260227_Project ALS _Plate3_A3	Homo sapiens	blood plasma	Plate3	Project_ALS	not available	not available	not available	not available	not available	not available	not available	not available	1	AC=EFO:0009656;NT=plasma	run 195	proteomic profiling by mass spectrometry	PRM_20260227_Project ALS _Plate3_A3.raw	PRM_20260227_Project ALS _Plate3_A3.raw	NT=Parallel Reaction Monitoring;AC=MS:1002956	AC=MS:1002038;NT=label free sample	1	NT=High-performance liquid chromatography;AC=PRIDE:0000565	1	AC=MS:1001251;NT=Trypsin	not available	NT=Stellar;AC=MS:1003409	NT=Carbamidomethyl;AC=UNIMOD:4;TA=C;MT=Fixed	NT=Higher-energy Collisional Dissociation;AC=MS:1000422	27 NCE	40 ppm	0.05 Da	24005	Control
PRM_20260227_Project ALS _Plate3_A4	A	4	ALS_samples	4	RA4	0.1	C:\Xcalibur\methods\method1	C:\data\yourdir	PRM_20260227_Project ALS _Plate3_A4	Homo sapiens	blood plasma	Plate3	Project_ALS	not available	not available	not available	not available	not available	not available	not available	not available	1	AC=EFO:0009656;NT=plasma	run 196	proteomic profiling by mass spectrometry	PRM_20260227_Project ALS _Plate3_A4.raw	PRM_20260227_Project ALS _Plate3_A4.raw	NT=Parallel Reaction Monitoring;AC=MS:1002956	AC=MS:1002038;NT=label free sample	1	NT=High-performance liquid chromatography;AC=PRIDE:0000565	1	AC=MS:1001251;NT=Trypsin	not available	NT=Stellar;AC=MS:1003409	NT=Carbamidomethyl;AC=UNIMOD:4;TA=C;MT=Fixed	NT=Higher-energy Collisional Dissociation;AC=MS:1000422	27 NCE	40 ppm	0.05 Da	24005	ALS_samples
PRM_20260227_Project ALS _Plate3_A5	A	5	ALS_samples	5	RA5	0.1	C:\Xcalibur\methods\method1	C:\data\yourdir	PRM_20260227_Project ALS _Plate3_A5	Homo sapiens	blood plasma	Plate3	Project_ALS	not available	not available	not available	not available	not available	not available	not available	not available	1	AC=EFO:0009656;NT=plasma	run 197	proteomic profiling by mass spectrometry	PRM_20260227_Project ALS _Plate3_A5.raw	PRM_20260227_Project ALS _Plate3_A5.raw	NT=Parallel Reaction Monitoring;AC=MS:1002956	AC=MS:1002038;NT=label free sample	1	NT=High-performance liquid chromatography;AC=PRIDE:0000565	1	AC=MS:1001251;NT=Trypsin	not available	NT=Stellar;AC=MS:1003409	NT=Carbamidomethyl;AC=UNIMOD:4;TA=C;MT=Fixed	NT=Higher-energy Collisional Dissociation;AC=MS:1000422	27 NCE	40 ppm	0.05 Da	24005	ALS_samples
PRM_20260227_Project ALS _Plate3_A6	A	6	ALS_samples	6	RA6	0.1	C:\Xcalibur\methods\method1	C:\data\yourdir	PRM_20260227_Project ALS _Plate3_A6	Homo sapiens	blood plasma	Plate3	Project_ALS	not available	not available	not available	not available	not available	not available	not available	not available	1	AC=EFO:0009656;NT=plasma	run 198	proteomic profiling by mass spectrometry	PRM_20260227_Project ALS _Plate3_A6.raw	PRM_20260227_Project ALS _Plate3_A6.raw	NT=Parallel Reaction Monitoring;AC=MS:1002956	AC=MS:1002038;NT=label free sample	1	NT=High-performance liquid chromatography;AC=PRIDE:0000565	1	AC=MS:1001251;NT=Trypsin	not available	NT=Stellar;AC=MS:1003409	NT=Carbamidomethyl;AC=UNIMOD:4;TA=C;MT=Fixed	NT=Higher-energy Collisional Dissociation;AC=MS:1000422	27 NCE	40 ppm	0.05 Da	24005	ALS_samples
PRM_20260227_Project ALS _Plate3_A7	A	7	ALS_samples	7	RA7	0.1	C:\Xcalibur\methods\method1	C:\data\yourdir	PRM_20260227_Project ALS _Plate3_A7	Homo sapiens	blood plasma	Plate3	Project_ALS	not available	not available	not available	not available	not available	not available	not available	not available	1	AC=EFO:0009656;NT=plasma	run 199	proteomic profiling by mass spectrometry	PRM_20260227_Project ALS _Plate3_A7.raw	PRM_20260227_Project ALS _Plate3_A7.raw	NT=Parallel Reaction Monitoring;AC=MS:1002956	AC=MS:1002038;NT=label free sample	1	NT=High-performance liquid chromatography;AC=PRIDE:0000565	1	AC=MS:1001251;NT=Trypsin	not available	NT=Stellar;AC=MS:1003409	NT=Carbamidomethyl;AC=UNIMOD:4;TA=C;MT=Fixed	NT=Higher-energy Collisional Dissociation;AC=MS:1000422	27 NCE	40 ppm	0.05 Da	24005	ALS_samples
PRM_20260227_Project ALS _Plate3_A8	A	8	ALS_samples	8	RA8	0.1	C:\Xcalibur\methods\method1	C:\data\yourdir	PRM_20260227_Project ALS _Plate3_A8	Homo sapiens	blood plasma	Plate3	Project_ALS	not available	not available	not available	not available	not available	not available	not available	not available	1	AC=EFO:0009656;NT=plasma	run 200	proteomic profiling by mass spectrometry	PRM_20260227_Project ALS _Plate3_A8.raw	PRM_20260227_Project ALS _Plate3_A8.raw	NT=Parallel Reaction Monitoring;AC=MS:1002956	AC=MS:1002038;NT=label free sample	1	NT=High-performance liquid chromatography;AC=PRIDE:0000565	1	AC=MS:1001251;NT=Trypsin	not available	NT=Stellar;AC=MS:1003409	NT=Carbamidomethyl;AC=UNIMOD:4;TA=C;MT=Fixed	NT=Higher-energy Collisional Dissociation;AC=MS:1000422	27 NCE	40 ppm	0.05 Da	24005	ALS_samples
PRM_20260227_Project ALS _Plate3_A9	A	9	ALS_samples	9	RA9	0.1	C:\Xcalibur\methods\method1	C:\data\yourdir	PRM_20260227_Project ALS _Plate3_A9	Homo sapiens	blood plasma	Plate3	Project_ALS	not available	not available	not available	not available	not available	not available	not available	not available	1	AC=EFO:0009656;NT=plasma	run 201	proteomic profiling by mass spectrometry	PRM_20260227_Project ALS _Plate3_A9.raw	PRM_20260227_Project ALS _Plate3_A9.raw	NT=Parallel Reaction Monitoring;AC=MS:1002956	AC=MS:1002038;NT=label free sample	1	NT=High-performance liquid chromatography;AC=PRIDE:0000565	1	AC=MS:1001251;NT=Trypsin	not available	NT=Stellar;AC=MS:1003409	NT=Carbamidomethyl;AC=UNIMOD:4;TA=C;MT=Fixed	NT=Higher-energy Collisional Dissociation;AC=MS:1000422	27 NCE	40 ppm	0.05 Da	24005	ALS_samples
PRM_20260227_Project ALS _Plate3_A10	A	10	ALS_samples	10	RA10	0.1	C:\Xcalibur\methods\method1	C:\data\yourdir	PRM_20260227_Project ALS _Plate3_A10	Homo sapiens	blood plasma	Plate3	Project_ALS	not available	not available	not available	not available	not available	not available	not available	not available	1	AC=EFO:0009656;NT=plasma	run 202	proteomic profiling by mass spectrometry	PRM_20260227_Project ALS _Plate3_A10.raw	PRM_20260227_Project ALS _Plate3_A10.raw	NT=Parallel Reaction Monitoring;AC=MS:1002956	AC=MS:1002038;NT=label free sample	1	NT=High-performance liquid chromatography;AC=PRIDE:0000565	1	AC=MS:1001251;NT=Trypsin	not available	NT=Stellar;AC=MS:1003409	NT=Carbamidomethyl;AC=UNIMOD:4;TA=C;MT=Fixed	NT=Higher-energy Collisional Dissociation;AC=MS:1000422	27 NCE	40 ppm	0.05 Da	24005	ALS_samples
PRM_20260227_Project ALS _Plate3_A11	A	11	ALS_samples	11	RA11	0.1	C:\Xcalibur\methods\method1	C:\data\yourdir	PRM_20260227_Project ALS _Plate3_A11	Homo sapiens	blood plasma	Plate3	Project_ALS	not available	not available	not available	not available	not available	not available	not available	not available	1	AC=EFO:0009656;NT=plasma	run 203	proteomic profiling by mass spectrometry	PRM_20260227_Project ALS _Plate3_A11.raw	PRM_20260227_Project ALS _Plate3_A11.raw	NT=Parallel Reaction Monitoring;AC=MS:1002956	AC=MS:1002038;NT=label free sample	1	NT=High-performance liquid chromatography;AC=PRIDE:0000565	1	AC=MS:1001251;NT=Trypsin	not available	NT=Stellar;AC=MS:1003409	NT=Carbamidomethyl;AC=UNIMOD:4;TA=C;MT=Fixed	NT=Higher-energy Collisional Dissociation;AC=MS:1000422	27 NCE	40 ppm	0.05 Da	24005	ALS_samples
PRM_20260227_Project ALS _Plate3_A12	A	12	ALS_samples	12	RA12	0.1	C:\Xcalibur\methods\method1	C:\data\yourdir	PRM_20260227_Project ALS _Plate3_A12	Homo sapiens	blood plasma	Plate3	Project_ALS	not available	not available	not available	not available	not available	not available	not available	not available	1	AC=EFO:0009656;NT=plasma	run 204	proteomic profiling by mass spectrometry	PRM_20260227_Project ALS _Plate3_A12.raw	PRM_20260227_Project ALS _Plate3_A12.raw	NT=Parallel Reaction Monitoring;AC=MS:1002956	AC=MS:1002038;NT=label free sample	1	NT=High-performance liquid chromatography;AC=PRIDE:0000565	1	AC=MS:1001251;NT=Trypsin	not available	NT=Stellar;AC=MS:1003409	NT=Carbamidomethyl;AC=UNIMOD:4;TA=C;MT=Fixed	NT=Higher-energy Collisional Dissociation;AC=MS:1000422	27 NCE	40 ppm	0.05 Da	24005	ALS_samples
PRM_20260227_Project ALS _Plate3_B1	B	1	ALS_samples	13	RB1	0.1	C:\Xcalibur\methods\method1	C:\data\yourdir	PRM_20260227_Project ALS _Plate3_B1	Homo sapiens	blood plasma	Plate3	Project_ALS	not available	not available	not available	not available	not available	not available	not available	not available	1	AC=EFO:0009656;NT=plasma	run 205	proteomic profiling by mass spectrometry	PRM_20260227_Project ALS _Plate3_B1.raw	PRM_20260227_Project ALS _Plate3_B1.raw	NT=Parallel Reaction Monitoring;AC=MS:1002956	AC=MS:1002038;NT=label free sample	1	NT=High-performance liquid chromatography;AC=PRIDE:0000565	1	AC=MS:1001251;NT=Trypsin	not available	NT=Stellar;AC=MS:1003409	NT=Carbamidomethyl;AC=UNIMOD:4;TA=C;MT=Fixed	NT=Higher-energy Collisional Dissociation;AC=MS:1000422	27 NCE	40 ppm	0.05 Da	24005	ALS_samples
PRM_20260227_Project ALS _Plate3_B2	B	2	ALS_samples	14	RB2	0.1	C:\Xcalibur\methods\method1	C:\data\yourdir	PRM_20260227_Project ALS _Plate3_B2	Homo sapiens	blood plasma	Plate3	Project_ALS	not available	not available	not available	not available	not available	not available	not available	not available	1	AC=EFO:0009656;NT=plasma	run 206	proteomic profiling by mass spectrometry	PRM_20260227_Project ALS _Plate3_B2.raw	PRM_20260227_Project ALS _Plate3_B2.raw	NT=Parallel Reaction Monitoring;AC=MS:1002956	AC=MS:1002038;NT=label free sample	1	NT=High-performance liquid chromatography;AC=PRIDE:0000565	1	AC=MS:1001251;NT=Trypsin	not available	NT=Stellar;AC=MS:1003409	NT=Carbamidomethyl;AC=UNIMOD:4;TA=C;MT=Fixed	NT=Higher-energy Collisional Dissociation;AC=MS:1000422	27 NCE	40 ppm	0.05 Da	24005	ALS_samples
PRM_20260227_Project ALS _Plate3_B3	B	3	ALS_samples	15	RB3	0.1	C:\Xcalibur\methods\method1	C:\data\yourdir	PRM_20260227_Project ALS _Plate3_B3	Homo sapiens	blood plasma	Plate3	Project_ALS	not available	not available	not available	not available	not available	not available	not available	not available	1	AC=EFO:0009656;NT=plasma	run 207	proteomic profiling by mass spectrometry	PRM_20260227_Project ALS _Plate3_B3.raw	PRM_20260227_Project ALS _Plate3_B3.raw	NT=Parallel Reaction Monitoring;AC=MS:1002956	AC=MS:1002038;NT=label free sample	1	NT=High-performance liquid chromatography;AC=PRIDE:0000565	1	AC=MS:1001251;NT=Trypsin	not available	NT=Stellar;AC=MS:1003409	NT=Carbamidomethyl;AC=UNIMOD:4;TA=C;MT=Fixed	NT=Higher-energy Collisional Dissociation;AC=MS:1000422	27 NCE	40 ppm	0.05 Da	24005	ALS_samples
PRM_20260227_Project ALS _Plate3_B4	B	4	ALS_samples	16	RB4	0.1	C:\Xcalibur\methods\method1	C:\data\yourdir	PRM_20260227_Project ALS _Plate3_B4	Homo sapiens	blood plasma	Plate3	Project_ALS	not available	not available	not available	not available	not available	not available	not available	not available	1	AC=EFO:0009656;NT=plasma	run 208	proteomic profiling by mass spectrometry	PRM_20260227_Project ALS _Plate3_B4.raw	PRM_20260227_Project ALS _Plate3_B4.raw	NT=Parallel Reaction Monitoring;AC=MS:1002956	AC=MS:1002038;NT=label free sample	1	NT=High-performance liquid chromatography;AC=PRIDE:0000565	1	AC=MS:1001251;NT=Trypsin	not available	NT=Stellar;AC=MS:1003409	NT=Carbamidomethyl;AC=UNIMOD:4;TA=C;MT=Fixed	NT=Higher-energy Collisional Dissociation;AC=MS:1000422	27 NCE	40 ppm	0.05 Da	24005	ALS_samples
PRM_20260227_Project ALS _Plate3_B5	B	5	ALS_samples	17	RB5	0.1	C:\Xcalibur\methods\method1	C:\data\yourdir	PRM_20260227_Project ALS _Plate3_B5	Homo sapiens	blood plasma	Plate3	Project_ALS	not available	not available	not available	not available	not available	not available	not available	not available	1	AC=EFO:0009656;NT=plasma	run 209	proteomic profiling by mass spectrometry	PRM_20260227_Project ALS _Plate3_B5.raw	PRM_20260227_Project ALS _Plate3_B5.raw	NT=Parallel Reaction Monitoring;AC=MS:1002956	AC=MS:1002038;NT=label free sample	1	NT=High-performance liquid chromatography;AC=PRIDE:0000565	1	AC=MS:1001251;NT=Trypsin	not available	NT=Stellar;AC=MS:1003409	NT=Carbamidomethyl;AC=UNIMOD:4;TA=C;MT=Fixed	NT=Higher-energy Collisional Dissociation;AC=MS:1000422	27 NCE	40 ppm	0.05 Da	24005	ALS_samples
PRM_20260227_Project ALS _Plate3_B6	B	6	ALS_samples	18	RB6	0.1	C:\Xcalibur\methods\method1	C:\data\yourdir	PRM_20260227_Project ALS _Plate3_B6	Homo sapiens	blood plasma	Plate3	Project_ALS	not available	not available	not available	not available	not available	not available	not available	not available	1	AC=EFO:0009656;NT=plasma	run 210	proteomic profiling by mass spectrometry	PRM_20260227_Project ALS _Plate3_B6.raw	PRM_20260227_Project ALS _Plate3_B6.raw	NT=Parallel Reaction Monitoring;AC=MS:1002956	AC=MS:1002038;NT=label free sample	1	NT=High-performance liquid chromatography;AC=PRIDE:0000565	1	AC=MS:1001251;NT=Trypsin	not available	NT=Stellar;AC=MS:1003409	NT=Carbamidomethyl;AC=UNIMOD:4;TA=C;MT=Fixed	NT=Higher-energy Collisional Dissociation;AC=MS:1000422	27 NCE	40 ppm	0.05 Da	24005	ALS_samples
PRM_20260227_Project ALS _Plate3_B7	B	7	ALS_samples	19	RB7	0.1	C:\Xcalibur\methods\method1	C:\data\yourdir	PRM_20260227_Project ALS _Plate3_B7	Homo sapiens	blood plasma	Plate3	Project_ALS	not available	not available	not available	not available	not available	not available	not available	not available	1	AC=EFO:0009656;NT=plasma	run 211	proteomic profiling by mass spectrometry	PRM_20260227_Project ALS _Plate3_B7.raw	PRM_20260227_Project ALS _Plate3_B7.raw	NT=Parallel Reaction Monitoring;AC=MS:1002956	AC=MS:1002038;NT=label free sample	1	NT=High-performance liquid chromatography;AC=PRIDE:0000565	1	AC=MS:1001251;NT=Trypsin	not available	NT=Stellar;AC=MS:1003409	NT=Carbamidomethyl;AC=UNIMOD:4;TA=C;MT=Fixed	NT=Higher-energy Collisional Dissociation;AC=MS:1000422	27 NCE	40 ppm	0.05 Da	24005	ALS_samples
PRM_20260227_Project ALS _Plate3_B8	B	8	ALS_samples	20	RB8	0.1	C:\Xcalibur\methods\method1	C:\data\yourdir	PRM_20260227_Project ALS _Plate3_B8	Homo sapiens	blood plasma	Plate3	Project_ALS	not available	not available	not available	not available	not available	not available	not available	not available	1	AC=EFO:0009656;NT=plasma	run 212	proteomic profiling by mass spectrometry	PRM_20260227_Project ALS _Plate3_B8.raw	PRM_20260227_Project ALS _Plate3_B8.raw	NT=Parallel Reaction Monitoring;AC=MS:1002956	AC=MS:1002038;NT=label free sample	1	NT=High-performance liquid chromatography;AC=PRIDE:0000565	1	AC=MS:1001251;NT=Trypsin	not available	NT=Stellar;AC=MS:1003409	NT=Carbamidomethyl;AC=UNIMOD:4;TA=C;MT=Fixed	NT=Higher-energy Collisional Dissociation;AC=MS:1000422	27 NCE	40 ppm	0.05 Da	24005	ALS_samples
PRM_20260227_Project ALS _Plate3_B9	B	9	ALS_samples	21	RB9	0.1	C:\Xcalibur\methods\method1	C:\data\yourdir	PRM_20260227_Project ALS _Plate3_B9	Homo sapiens	blood plasma	Plate3	Project_ALS	not available	not available	not available	not available	not available	not available	not available	not available	1	AC=EFO:0009656;NT=plasma	run 213	proteomic profiling by mass spectrometry	PRM_20260227_Project ALS _Plate3_B9.raw	PRM_20260227_Project ALS _Plate3_B9.raw	NT=Parallel Reaction Monitoring;AC=MS:1002956	AC=MS:1002038;NT=label free sample	1	NT=High-performance liquid chromatography;AC=PRIDE:0000565	1	AC=MS:1001251;NT=Trypsin	not available	NT=Stellar;AC=MS:1003409	NT=Carbamidomethyl;AC=UNIMOD:4;TA=C;MT=Fixed	NT=Higher-energy Collisional Dissociation;AC=MS:1000422	27 NCE	40 ppm	0.05 Da	24005	ALS_samples
PRM_20260227_Project ALS _Plate3_B10	B	10	ALS_samples	22	RB10	0.1	C:\Xcalibur\methods\method1	C:\data\yourdir	PRM_20260227_Project ALS _Plate3_B10	Homo sapiens	blood plasma	Plate3	Project_ALS	not available	not available	not available	not available	not available	not available	not available	not available	1	AC=EFO:0009656;NT=plasma	run 214	proteomic profiling by mass spectrometry	PRM_20260227_Project ALS _Plate3_B10.raw	PRM_20260227_Project ALS _Plate3_B10.raw	NT=Parallel Reaction Monitoring;AC=MS:1002956	AC=MS:1002038;NT=label free sample	1	NT=High-performance liquid chromatography;AC=PRIDE:0000565	1	AC=MS:1001251;NT=Trypsin	not available	NT=Stellar;AC=MS:1003409	NT=Carbamidomethyl;AC=UNIMOD:4;TA=C;MT=Fixed	NT=Higher-energy Collisional Dissociation;AC=MS:1000422	27 NCE	40 ppm	0.05 Da	24005	ALS_samples
PRM_20260227_Project ALS _Plate3_B11	B	11	ALS_samples	23	RB11	0.1	C:\Xcalibur\methods\method1	C:\data\yourdir	PRM_20260227_Project ALS _Plate3_B11	Homo sapiens	blood plasma	Plate3	Project_ALS	not available	not available	not available	not available	not available	not available	not available	not available	1	AC=EFO:0009656;NT=plasma	run 215	proteomic profiling by mass spectrometry	PRM_20260227_Project ALS _Plate3_B11.raw	PRM_20260227_Project ALS _Plate3_B11.raw	NT=Parallel Reaction Monitoring;AC=MS:1002956	AC=MS:1002038;NT=label free sample	1	NT=High-performance liquid chromatography;AC=PRIDE:0000565	1	AC=MS:1001251;NT=Trypsin	not available	NT=Stellar;AC=MS:1003409	NT=Carbamidomethyl;AC=UNIMOD:4;TA=C;MT=Fixed	NT=Higher-energy Collisional Dissociation;AC=MS:1000422	27 NCE	40 ppm	0.05 Da	24005	ALS_samples
PRM_20260227_Project ALS _Plate3_B12	B	12	ALS_samples	24	RB12	0.1	C:\Xcalibur\methods\method1	C:\data\yourdir	PRM_20260227_Project ALS _Plate3_B12	Homo sapiens	blood plasma	Plate3	Project_ALS	not available	not available	not available	not available	not available	not available	not available	not available	1	AC=EFO:0009656;NT=plasma	run 216	proteomic profiling by mass spectrometry	PRM_20260227_Project ALS _Plate3_B12.raw	PRM_20260227_Project ALS _Plate3_B12.raw	NT=Parallel Reaction Monitoring;AC=MS:1002956	AC=MS:1002038;NT=label free sample	1	NT=High-performance liquid chromatography;AC=PRIDE:0000565	1	AC=MS:1001251;NT=Trypsin	not available	NT=Stellar;AC=MS:1003409	NT=Carbamidomethyl;AC=UNIMOD:4;TA=C;MT=Fixed	NT=Higher-energy Collisional Dissociation;AC=MS:1000422	27 NCE	40 ppm	0.05 Da	24005	ALS_samples
PRM_20260227_Project ALS _Plate3_C1	C	1	ALS_samples	25	RC1	0.1	C:\Xcalibur\methods\method1	C:\data\yourdir	PRM_20260227_Project ALS _Plate3_C1	Homo sapiens	blood plasma	Plate3	Project_ALS	not available	not available	not available	not available	not available	not available	not available	not available	1	AC=EFO:0009656;NT=plasma	run 217	proteomic profiling by mass spectrometry	PRM_20260227_Project ALS _Plate3_C1.raw	PRM_20260227_Project ALS _Plate3_C1.raw	NT=Parallel Reaction Monitoring;AC=MS:1002956	AC=MS:1002038;NT=label free sample	1	NT=High-performance liquid chromatography;AC=PRIDE:0000565	1	AC=MS:1001251;NT=Trypsin	not available	NT=Stellar;AC=MS:1003409	NT=Carbamidomethyl;AC=UNIMOD:4;TA=C;MT=Fixed	NT=Higher-energy Collisional Dissociation;AC=MS:1000422	27 NCE	40 ppm	0.05 Da	24005	ALS_samples
PRM_20260227_Project ALS _Plate3_C2	C	2	ALS_samples	26	RC2	0.1	C:\Xcalibur\methods\method1	C:\data\yourdir	PRM_20260227_Project ALS _Plate3_C2	Homo sapiens	blood plasma	Plate3	Project_ALS	not available	not available	not available	not available	not available	not available	not available	not available	1	AC=EFO:0009656;NT=plasma	run 218	proteomic profiling by mass spectrometry	PRM_20260227_Project ALS _Plate3_C2.raw	PRM_20260227_Project ALS _Plate3_C2.raw	NT=Parallel Reaction Monitoring;AC=MS:1002956	AC=MS:1002038;NT=label free sample	1	NT=High-performance liquid chromatography;AC=PRIDE:0000565	1	AC=MS:1001251;NT=Trypsin	not available	NT=Stellar;AC=MS:1003409	NT=Carbamidomethyl;AC=UNIMOD:4;TA=C;MT=Fixed	NT=Higher-energy Collisional Dissociation;AC=MS:1000422	27 NCE	40 ppm	0.05 Da	24005	ALS_samples
PRM_20260227_Project ALS _Plate3_C3	C	3	ALS_samples	27	RC3	0.1	C:\Xcalibur\methods\method1	C:\data\yourdir	PRM_20260227_Project ALS _Plate3_C3	Homo sapiens	blood plasma	Plate3	Project_ALS	not available	not available	not available	not available	not available	not available	not available	not available	1	AC=EFO:0009656;NT=plasma	run 219	proteomic profiling by mass spectrometry	PRM_20260227_Project ALS _Plate3_C3.raw	PRM_20260227_Project ALS _Plate3_C3.raw	NT=Parallel Reaction Monitoring;AC=MS:1002956	AC=MS:1002038;NT=label free sample	1	NT=High-performance liquid chromatography;AC=PRIDE:0000565	1	AC=MS:1001251;NT=Trypsin	not available	NT=Stellar;AC=MS:1003409	NT=Carbamidomethyl;AC=UNIMOD:4;TA=C;MT=Fixed	NT=Higher-energy Collisional Dissociation;AC=MS:1000422	27 NCE	40 ppm	0.05 Da	24005	ALS_samples
PRM_20260227_Project ALS _Plate3_C4	C	4	ALS_samples	28	RC4	0.1	C:\Xcalibur\methods\method1	C:\data\yourdir	PRM_20260227_Project ALS _Plate3_C4	Homo sapiens	blood plasma	Plate3	Project_ALS	not available	not available	not available	not available	not available	not available	not available	not available	1	AC=EFO:0009656;NT=plasma	run 220	proteomic profiling by mass spectrometry	PRM_20260227_Project ALS _Plate3_C4.raw	PRM_20260227_Project ALS _Plate3_C4.raw	NT=Parallel Reaction Monitoring;AC=MS:1002956	AC=MS:1002038;NT=label free sample	1	NT=High-performance liquid chromatography;AC=PRIDE:0000565	1	AC=MS:1001251;NT=Trypsin	not available	NT=Stellar;AC=MS:1003409	NT=Carbamidomethyl;AC=UNIMOD:4;TA=C;MT=Fixed	NT=Higher-energy Collisional Dissociation;AC=MS:1000422	27 NCE	40 ppm	0.05 Da	24005	ALS_samples
PRM_20260227_Project ALS _Plate3_C5	C	5	ALS_samples	29	RC5	0.1	C:\Xcalibur\methods\method1	C:\data\yourdir	PRM_20260227_Project ALS _Plate3_C5	Homo sapiens	blood plasma	Plate3	Project_ALS	not available	not available	not available	not available	not available	not available	not available	not available	1	AC=EFO:0009656;NT=plasma	run 221	proteomic profiling by mass spectrometry	PRM_20260227_Project ALS _Plate3_C5.raw	PRM_20260227_Project ALS _Plate3_C5.raw	NT=Parallel Reaction Monitoring;AC=MS:1002956	AC=MS:1002038;NT=label free sample	1	NT=High-performance liquid chromatography;AC=PRIDE:0000565	1	AC=MS:1001251;NT=Trypsin	not available	NT=Stellar;AC=MS:1003409	NT=Carbamidomethyl;AC=UNIMOD:4;TA=C;MT=Fixed	NT=Higher-energy Collisional Dissociation;AC=MS:1000422	27 NCE	40 ppm	0.05 Da	24005	ALS_samples
PRM_20260227_Project ALS _Plate3_C6	C	6	ALS_samples	30	RC6	0.1	C:\Xcalibur\methods\method1	C:\data\yourdir	PRM_20260227_Project ALS _Plate3_C6	Homo sapiens	blood plasma	Plate3	Project_ALS	not available	not available	not available	not available	not available	not available	not available	not available	1	AC=EFO:0009656;NT=plasma	run 222	proteomic profiling by mass spectrometry	PRM_20260227_Project ALS _Plate3_C6.raw	PRM_20260227_Project ALS _Plate3_C6.raw	NT=Parallel Reaction Monitoring;AC=MS:1002956	AC=MS:1002038;NT=label free sample	1	NT=High-performance liquid chromatography;AC=PRIDE:0000565	1	AC=MS:1001251;NT=Trypsin	not available	NT=Stellar;AC=MS:1003409	NT=Carbamidomethyl;AC=UNIMOD:4;TA=C;MT=Fixed	NT=Higher-energy Collisional Dissociation;AC=MS:1000422	27 NCE	40 ppm	0.05 Da	24005	ALS_samples
PRM_20260227_Project ALS _Plate3_C7	C	7	ALS_samples	31	RC7	0.1	C:\Xcalibur\methods\method1	C:\data\yourdir	PRM_20260227_Project ALS _Plate3_C7	Homo sapiens	blood plasma	Plate3	Project_ALS	not available	not available	not available	not available	not available	not available	not available	not available	1	AC=EFO:0009656;NT=plasma	run 223	proteomic profiling by mass spectrometry	PRM_20260227_Project ALS _Plate3_C7.raw	PRM_20260227_Project ALS _Plate3_C7.raw	NT=Parallel Reaction Monitoring;AC=MS:1002956	AC=MS:1002038;NT=label free sample	1	NT=High-performance liquid chromatography;AC=PRIDE:0000565	1	AC=MS:1001251;NT=Trypsin	not available	NT=Stellar;AC=MS:1003409	NT=Carbamidomethyl;AC=UNIMOD:4;TA=C;MT=Fixed	NT=Higher-energy Collisional Dissociation;AC=MS:1000422	27 NCE	40 ppm	0.05 Da	24005	ALS_samples
PRM_20260227_Project ALS _Plate3_C8	C	8	ALS_samples	32	RC8	0.1	C:\Xcalibur\methods\method1	C:\data\yourdir	PRM_20260227_Project ALS _Plate3_C8	Homo sapiens	blood plasma	Plate3	Project_ALS	not available	not available	not available	not available	not available	not available	not available	not available	1	AC=EFO:0009656;NT=plasma	run 224	proteomic profiling by mass spectrometry	PRM_20260227_Project ALS _Plate3_C8.raw	PRM_20260227_Project ALS _Plate3_C8.raw	NT=Parallel Reaction Monitoring;AC=MS:1002956	AC=MS:1002038;NT=label free sample	1	NT=High-performance liquid chromatography;AC=PRIDE:0000565	1	AC=MS:1001251;NT=Trypsin	not available	NT=Stellar;AC=MS:1003409	NT=Carbamidomethyl;AC=UNIMOD:4;TA=C;MT=Fixed	NT=Higher-energy Collisional Dissociation;AC=MS:1000422	27 NCE	40 ppm	0.05 Da	24005	ALS_samples
PRM_20260227_Project ALS _Plate3_C9	C	9	Control	33	RC9	0.1	C:\Xcalibur\methods\method1	C:\data\yourdir	PRM_20260227_Project ALS _Plate3_C9	Homo sapiens	blood plasma	Plate3	Project_ALS	not available	not available	not available	not available	not available	not available	not available	not available	1	AC=EFO:0009656;NT=plasma	run 225	proteomic profiling by mass spectrometry	PRM_20260227_Project ALS _Plate3_C9.raw	PRM_20260227_Project ALS _Plate3_C9.raw	NT=Parallel Reaction Monitoring;AC=MS:1002956	AC=MS:1002038;NT=label free sample	1	NT=High-performance liquid chromatography;AC=PRIDE:0000565	1	AC=MS:1001251;NT=Trypsin	not available	NT=Stellar;AC=MS:1003409	NT=Carbamidomethyl;AC=UNIMOD:4;TA=C;MT=Fixed	NT=Higher-energy Collisional Dissociation;AC=MS:1000422	27 NCE	40 ppm	0.05 Da	24005	Control
PRM_20260227_Project ALS _Plate3_C10	C	10	ALS_samples	34	RC10	0.1	C:\Xcalibur\methods\method1	C:\data\yourdir	PRM_20260227_Project ALS _Plate3_C10	Homo sapiens	blood plasma	Plate3	Project_ALS	not available	not available	not available	not available	not available	not available	not available	not available	1	AC=EFO:0009656;NT=plasma	run 226	proteomic profiling by mass spectrometry	PRM_20260227_Project ALS _Plate3_C10.raw	PRM_20260227_Project ALS _Plate3_C10.raw	NT=Parallel Reaction Monitoring;AC=MS:1002956	AC=MS:1002038;NT=label free sample	1	NT=High-performance liquid chromatography;AC=PRIDE:0000565	1	AC=MS:1001251;NT=Trypsin	not available	NT=Stellar;AC=MS:1003409	NT=Carbamidomethyl;AC=UNIMOD:4;TA=C;MT=Fixed	NT=Higher-energy Collisional Dissociation;AC=MS:1000422	27 NCE	40 ppm	0.05 Da	24005	ALS_samples
PRM_20260227_Project ALS _Plate3_C11	C	11	ALS_samples	35	RC11	0.1	C:\Xcalibur\methods\method1	C:\data\yourdir	PRM_20260227_Project ALS _Plate3_C11	Homo sapiens	blood plasma	Plate3	Project_ALS	not available	not available	not available	not available	not available	not available	not available	not available	1	AC=EFO:0009656;NT=plasma	run 227	proteomic profiling by mass spectrometry	PRM_20260227_Project ALS _Plate3_C11.raw	PRM_20260227_Project ALS _Plate3_C11.raw	NT=Parallel Reaction Monitoring;AC=MS:1002956	AC=MS:1002038;NT=label free sample	1	NT=High-performance liquid chromatography;AC=PRIDE:0000565	1	AC=MS:1001251;NT=Trypsin	not available	NT=Stellar;AC=MS:1003409	NT=Carbamidomethyl;AC=UNIMOD:4;TA=C;MT=Fixed	NT=Higher-energy Collisional Dissociation;AC=MS:1000422	27 NCE	40 ppm	0.05 Da	24005	ALS_samples
PRM_20260227_Project ALS _Plate3_C12	C	12	ALS_samples	36	RC12	0.1	C:\Xcalibur\methods\method1	C:\data\yourdir	PRM_20260227_Project ALS _Plate3_C12	Homo sapiens	blood plasma	Plate3	Project_ALS	not available	not available	not available	not available	not available	not available	not available	not available	1	AC=EFO:0009656;NT=plasma	run 228	proteomic profiling by mass spectrometry	PRM_20260227_Project ALS _Plate3_C12.raw	PRM_20260227_Project ALS _Plate3_C12.raw	NT=Parallel Reaction Monitoring;AC=MS:1002956	AC=MS:1002038;NT=label free sample	1	NT=High-performance liquid chromatography;AC=PRIDE:0000565	1	AC=MS:1001251;NT=Trypsin	not available	NT=Stellar;AC=MS:1003409	NT=Carbamidomethyl;AC=UNIMOD:4;TA=C;MT=Fixed	NT=Higher-energy Collisional Dissociation;AC=MS:1000422	27 NCE	40 ppm	0.05 Da	24005	ALS_samples
PRM_20260227_Project ALS _Plate3_D1	D	1	ALS_samples	37	RD1	0.1	C:\Xcalibur\methods\method1	C:\data\yourdir	PRM_20260227_Project ALS _Plate3_D1	Homo sapiens	blood plasma	Plate3	Project_ALS	not available	not available	not available	not available	not available	not available	not available	not available	1	AC=EFO:0009656;NT=plasma	run 229	proteomic profiling by mass spectrometry	PRM_20260227_Project ALS _Plate3_D1.raw	PRM_20260227_Project ALS _Plate3_D1.raw	NT=Parallel Reaction Monitoring;AC=MS:1002956	AC=MS:1002038;NT=label free sample	1	NT=High-performance liquid chromatography;AC=PRIDE:0000565	1	AC=MS:1001251;NT=Trypsin	not available	NT=Stellar;AC=MS:1003409	NT=Carbamidomethyl;AC=UNIMOD:4;TA=C;MT=Fixed	NT=Higher-energy Collisional Dissociation;AC=MS:1000422	27 NCE	40 ppm	0.05 Da	24005	ALS_samples
PRM_20260227_Project ALS _Plate3_D2	D	2	ALS_samples	38	RD2	0.1	C:\Xcalibur\methods\method1	C:\data\yourdir	PRM_20260227_Project ALS _Plate3_D2	Homo sapiens	blood plasma	Plate3	Project_ALS	not available	not available	not available	not available	not available	not available	not available	not available	1	AC=EFO:0009656;NT=plasma	run 230	proteomic profiling by mass spectrometry	PRM_20260227_Project ALS _Plate3_D2.raw	PRM_20260227_Project ALS _Plate3_D2.raw	NT=Parallel Reaction Monitoring;AC=MS:1002956	AC=MS:1002038;NT=label free sample	1	NT=High-performance liquid chromatography;AC=PRIDE:0000565	1	AC=MS:1001251;NT=Trypsin	not available	NT=Stellar;AC=MS:1003409	NT=Carbamidomethyl;AC=UNIMOD:4;TA=C;MT=Fixed	NT=Higher-energy Collisional Dissociation;AC=MS:1000422	27 NCE	40 ppm	0.05 Da	24005	ALS_samples
PRM_20260227_Project ALS _Plate3_D3	D	3	ALS_samples	39	RD3	0.1	C:\Xcalibur\methods\method1	C:\data\yourdir	PRM_20260227_Project ALS _Plate3_D3	Homo sapiens	blood plasma	Plate3	Project_ALS	not available	not available	not available	not available	not available	not available	not available	not available	1	AC=EFO:0009656;NT=plasma	run 231	proteomic profiling by mass spectrometry	PRM_20260227_Project ALS _Plate3_D3.raw	PRM_20260227_Project ALS _Plate3_D3.raw	NT=Parallel Reaction Monitoring;AC=MS:1002956	AC=MS:1002038;NT=label free sample	1	NT=High-performance liquid chromatography;AC=PRIDE:0000565	1	AC=MS:1001251;NT=Trypsin	not available	NT=Stellar;AC=MS:1003409	NT=Carbamidomethyl;AC=UNIMOD:4;TA=C;MT=Fixed	NT=Higher-energy Collisional Dissociation;AC=MS:1000422	27 NCE	40 ppm	0.05 Da	24005	ALS_samples
PRM_20260227_Project ALS _Plate3_D4	D	4	ALS_samples	40	RD4	0.1	C:\Xcalibur\methods\method1	C:\data\yourdir	PRM_20260227_Project ALS _Plate3_D4	Homo sapiens	blood plasma	Plate3	Project_ALS	not available	not available	not available	not available	not available	not available	not available	not available	1	AC=EFO:0009656;NT=plasma	run 232	proteomic profiling by mass spectrometry	PRM_20260227_Project ALS _Plate3_D4.raw	PRM_20260227_Project ALS _Plate3_D4.raw	NT=Parallel Reaction Monitoring;AC=MS:1002956	AC=MS:1002038;NT=label free sample	1	NT=High-performance liquid chromatography;AC=PRIDE:0000565	1	AC=MS:1001251;NT=Trypsin	not available	NT=Stellar;AC=MS:1003409	NT=Carbamidomethyl;AC=UNIMOD:4;TA=C;MT=Fixed	NT=Higher-energy Collisional Dissociation;AC=MS:1000422	27 NCE	40 ppm	0.05 Da	24005	ALS_samples
PRM_20260227_Project ALS _Plate3_D5	D	5	ALS_samples	41	RD5	0.1	C:\Xcalibur\methods\method1	C:\data\yourdir	PRM_20260227_Project ALS _Plate3_D5	Homo sapiens	blood plasma	Plate3	Project_ALS	not available	not available	not available	not available	not available	not available	not available	not available	1	AC=EFO:0009656;NT=plasma	run 233	proteomic profiling by mass spectrometry	PRM_20260227_Project ALS _Plate3_D5.raw	PRM_20260227_Project ALS _Plate3_D5.raw	NT=Parallel Reaction Monitoring;AC=MS:1002956	AC=MS:1002038;NT=label free sample	1	NT=High-performance liquid chromatography;AC=PRIDE:0000565	1	AC=MS:1001251;NT=Trypsin	not available	NT=Stellar;AC=MS:1003409	NT=Carbamidomethyl;AC=UNIMOD:4;TA=C;MT=Fixed	NT=Higher-energy Collisional Dissociation;AC=MS:1000422	27 NCE	40 ppm	0.05 Da	24005	ALS_samples
PRM_20260227_Project ALS _Plate3_D6	D	6	ALS_samples	42	RD6	0.1	C:\Xcalibur\methods\method1	C:\data\yourdir	PRM_20260227_Project ALS _Plate3_D6	Homo sapiens	blood plasma	Plate3	Project_ALS	not available	not available	not available	not available	not available	not available	not available	not available	1	AC=EFO:0009656;NT=plasma	run 234	proteomic profiling by mass spectrometry	PRM_20260227_Project ALS _Plate3_D6.raw	PRM_20260227_Project ALS _Plate3_D6.raw	NT=Parallel Reaction Monitoring;AC=MS:1002956	AC=MS:1002038;NT=label free sample	1	NT=High-performance liquid chromatography;AC=PRIDE:0000565	1	AC=MS:1001251;NT=Trypsin	not available	NT=Stellar;AC=MS:1003409	NT=Carbamidomethyl;AC=UNIMOD:4;TA=C;MT=Fixed	NT=Higher-energy Collisional Dissociation;AC=MS:1000422	27 NCE	40 ppm	0.05 Da	24005	ALS_samples
PRM_20260227_Project ALS _Plate3_D7	D	7	ALS_samples	43	RD7	0.1	C:\Xcalibur\methods\method1	C:\data\yourdir	PRM_20260227_Project ALS _Plate3_D7	Homo sapiens	blood plasma	Plate3	Project_ALS	not available	not available	not available	not available	not available	not available	not available	not available	1	AC=EFO:0009656;NT=plasma	run 235	proteomic profiling by mass spectrometry	PRM_20260227_Project ALS _Plate3_D7.raw	PRM_20260227_Project ALS _Plate3_D7.raw	NT=Parallel Reaction Monitoring;AC=MS:1002956	AC=MS:1002038;NT=label free sample	1	NT=High-performance liquid chromatography;AC=PRIDE:0000565	1	AC=MS:1001251;NT=Trypsin	not available	NT=Stellar;AC=MS:1003409	NT=Carbamidomethyl;AC=UNIMOD:4;TA=C;MT=Fixed	NT=Higher-energy Collisional Dissociation;AC=MS:1000422	27 NCE	40 ppm	0.05 Da	24005	ALS_samples
PRM_20260227_Project ALS _Plate3_D8	D	8	ALS_samples	44	RD8	0.1	C:\Xcalibur\methods\method1	C:\data\yourdir	PRM_20260227_Project ALS _Plate3_D8	Homo sapiens	blood plasma	Plate3	Project_ALS	not available	not available	not available	not available	not available	not available	not available	not available	1	AC=EFO:0009656;NT=plasma	run 236	proteomic profiling by mass spectrometry	PRM_20260227_Project ALS _Plate3_D8.raw	PRM_20260227_Project ALS _Plate3_D8.raw	NT=Parallel Reaction Monitoring;AC=MS:1002956	AC=MS:1002038;NT=label free sample	1	NT=High-performance liquid chromatography;AC=PRIDE:0000565	1	AC=MS:1001251;NT=Trypsin	not available	NT=Stellar;AC=MS:1003409	NT=Carbamidomethyl;AC=UNIMOD:4;TA=C;MT=Fixed	NT=Higher-energy Collisional Dissociation;AC=MS:1000422	27 NCE	40 ppm	0.05 Da	24005	ALS_samples
PRM_20260227_Project ALS _Plate3_D9	D	9	Control	45	RD9	0.1	C:\Xcalibur\methods\method1	C:\data\yourdir	PRM_20260227_Project ALS _Plate3_D9	Homo sapiens	blood plasma	Plate3	Project_ALS	not available	not available	not available	not available	not available	not available	not available	not available	1	AC=EFO:0009656;NT=plasma	run 237	proteomic profiling by mass spectrometry	PRM_20260227_Project ALS _Plate3_D9.raw	PRM_20260227_Project ALS _Plate3_D9.raw	NT=Parallel Reaction Monitoring;AC=MS:1002956	AC=MS:1002038;NT=label free sample	1	NT=High-performance liquid chromatography;AC=PRIDE:0000565	1	AC=MS:1001251;NT=Trypsin	not available	NT=Stellar;AC=MS:1003409	NT=Carbamidomethyl;AC=UNIMOD:4;TA=C;MT=Fixed	NT=Higher-energy Collisional Dissociation;AC=MS:1000422	27 NCE	40 ppm	0.05 Da	24005	Control
PRM_20260227_Project ALS _Plate3_D10	D	10	ALS_samples	46	RD10	0.1	C:\Xcalibur\methods\method1	C:\data\yourdir	PRM_20260227_Project ALS _Plate3_D10	Homo sapiens	blood plasma	Plate3	Project_ALS	not available	not available	not available	not available	not available	not available	not available	not available	1	AC=EFO:0009656;NT=plasma	run 238	proteomic profiling by mass spectrometry	PRM_20260227_Project ALS _Plate3_D10.raw	PRM_20260227_Project ALS _Plate3_D10.raw	NT=Parallel Reaction Monitoring;AC=MS:1002956	AC=MS:1002038;NT=label free sample	1	NT=High-performance liquid chromatography;AC=PRIDE:0000565	1	AC=MS:1001251;NT=Trypsin	not available	NT=Stellar;AC=MS:1003409	NT=Carbamidomethyl;AC=UNIMOD:4;TA=C;MT=Fixed	NT=Higher-energy Collisional Dissociation;AC=MS:1000422	27 NCE	40 ppm	0.05 Da	24005	ALS_samples
PRM_20260227_Project ALS _Plate3_D11	D	11	Control	47	RD11	0.1	C:\Xcalibur\methods\method1	C:\data\yourdir	PRM_20260227_Project ALS _Plate3_D11	Homo sapiens	blood plasma	Plate3	Project_ALS	not available	not available	not available	not available	not available	not available	not available	not available	1	AC=EFO:0009656;NT=plasma	run 239	proteomic profiling by mass spectrometry	PRM_20260227_Project ALS _Plate3_D11.raw	PRM_20260227_Project ALS _Plate3_D11.raw	NT=Parallel Reaction Monitoring;AC=MS:1002956	AC=MS:1002038;NT=label free sample	1	NT=High-performance liquid chromatography;AC=PRIDE:0000565	1	AC=MS:1001251;NT=Trypsin	not available	NT=Stellar;AC=MS:1003409	NT=Carbamidomethyl;AC=UNIMOD:4;TA=C;MT=Fixed	NT=Higher-energy Collisional Dissociation;AC=MS:1000422	27 NCE	40 ppm	0.05 Da	24005	Control
PRM_20260227_Project ALS _Plate3_D12	D	12	ALS_samples	48	RD12	0.1	C:\Xcalibur\methods\method1	C:\data\yourdir	PRM_20260227_Project ALS _Plate3_D12	Homo sapiens	blood plasma	Plate3	Project_ALS	not available	not available	not available	not available	not available	not available	not available	not available	1	AC=EFO:0009656;NT=plasma	run 240	proteomic profiling by mass spectrometry	PRM_20260227_Project ALS _Plate3_D12.raw	PRM_20260227_Project ALS _Plate3_D12.raw	NT=Parallel Reaction Monitoring;AC=MS:1002956	AC=MS:1002038;NT=label free sample	1	NT=High-performance liquid chromatography;AC=PRIDE:0000565	1	AC=MS:1001251;NT=Trypsin	not available	NT=Stellar;AC=MS:1003409	NT=Carbamidomethyl;AC=UNIMOD:4;TA=C;MT=Fixed	NT=Higher-energy Collisional Dissociation;AC=MS:1000422	27 NCE	40 ppm	0.05 Da	24005	ALS_samples
PRM_20260227_Project ALS _Plate3_E1	E	1	ALS_samples	49	RE1	0.1	C:\Xcalibur\methods\method1	C:\data\yourdir	PRM_20260227_Project ALS _Plate3_E1	Homo sapiens	blood plasma	Plate3	Project_ALS	not available	not available	not available	not available	not available	not available	not available	not available	1	AC=EFO:0009656;NT=plasma	run 241	proteomic profiling by mass spectrometry	PRM_20260227_Project ALS _Plate3_E1.raw	PRM_20260227_Project ALS _Plate3_E1.raw	NT=Parallel Reaction Monitoring;AC=MS:1002956	AC=MS:1002038;NT=label free sample	1	NT=High-performance liquid chromatography;AC=PRIDE:0000565	1	AC=MS:1001251;NT=Trypsin	not available	NT=Stellar;AC=MS:1003409	NT=Carbamidomethyl;AC=UNIMOD:4;TA=C;MT=Fixed	NT=Higher-energy Collisional Dissociation;AC=MS:1000422	27 NCE	40 ppm	0.05 Da	24005	ALS_samples
PRM_20260227_Project ALS _Plate3_E2	E	2	ALS_samples	50	RE2	0.1	C:\Xcalibur\methods\method1	C:\data\yourdir	PRM_20260227_Project ALS _Plate3_E2	Homo sapiens	blood plasma	Plate3	Project_ALS	not available	not available	not available	not available	not available	not available	not available	not available	1	AC=EFO:0009656;NT=plasma	run 242	proteomic profiling by mass spectrometry	PRM_20260227_Project ALS _Plate3_E2.raw	PRM_20260227_Project ALS _Plate3_E2.raw	NT=Parallel Reaction Monitoring;AC=MS:1002956	AC=MS:1002038;NT=label free sample	1	NT=High-performance liquid chromatography;AC=PRIDE:0000565	1	AC=MS:1001251;NT=Trypsin	not available	NT=Stellar;AC=MS:1003409	NT=Carbamidomethyl;AC=UNIMOD:4;TA=C;MT=Fixed	NT=Higher-energy Collisional Dissociation;AC=MS:1000422	27 NCE	40 ppm	0.05 Da	24005	ALS_samples
PRM_20260227_Project ALS _Plate3_E3	E	3	ALS_samples	51	RE3	0.1	C:\Xcalibur\methods\method1	C:\data\yourdir	PRM_20260227_Project ALS _Plate3_E3	Homo sapiens	blood plasma	Plate3	Project_ALS	not available	not available	not available	not available	not available	not available	not available	not available	1	AC=EFO:0009656;NT=plasma	run 243	proteomic profiling by mass spectrometry	PRM_20260227_Project ALS _Plate3_E3.raw	PRM_20260227_Project ALS _Plate3_E3.raw	NT=Parallel Reaction Monitoring;AC=MS:1002956	AC=MS:1002038;NT=label free sample	1	NT=High-performance liquid chromatography;AC=PRIDE:0000565	1	AC=MS:1001251;NT=Trypsin	not available	NT=Stellar;AC=MS:1003409	NT=Carbamidomethyl;AC=UNIMOD:4;TA=C;MT=Fixed	NT=Higher-energy Collisional Dissociation;AC=MS:1000422	27 NCE	40 ppm	0.05 Da	24005	ALS_samples
PRM_20260227_Project ALS _Plate3_E4	E	4	ALS_samples	52	RE4	0.1	C:\Xcalibur\methods\method1	C:\data\yourdir	PRM_20260227_Project ALS _Plate3_E4	Homo sapiens	blood plasma	Plate3	Project_ALS	not available	not available	not available	not available	not available	not available	not available	not available	1	AC=EFO:0009656;NT=plasma	run 244	proteomic profiling by mass spectrometry	PRM_20260227_Project ALS _Plate3_E4.raw	PRM_20260227_Project ALS _Plate3_E4.raw	NT=Parallel Reaction Monitoring;AC=MS:1002956	AC=MS:1002038;NT=label free sample	1	NT=High-performance liquid chromatography;AC=PRIDE:0000565	1	AC=MS:1001251;NT=Trypsin	not available	NT=Stellar;AC=MS:1003409	NT=Carbamidomethyl;AC=UNIMOD:4;TA=C;MT=Fixed	NT=Higher-energy Collisional Dissociation;AC=MS:1000422	27 NCE	40 ppm	0.05 Da	24005	ALS_samples
PRM_20260227_Project ALS _Plate3_E5	E	5	ALS_samples	53	RE5	0.1	C:\Xcalibur\methods\method1	C:\data\yourdir	PRM_20260227_Project ALS _Plate3_E5	Homo sapiens	blood plasma	Plate3	Project_ALS	not available	not available	not available	not available	not available	not available	not available	not available	1	AC=EFO:0009656;NT=plasma	run 245	proteomic profiling by mass spectrometry	PRM_20260227_Project ALS _Plate3_E5.raw	PRM_20260227_Project ALS _Plate3_E5.raw	NT=Parallel Reaction Monitoring;AC=MS:1002956	AC=MS:1002038;NT=label free sample	1	NT=High-performance liquid chromatography;AC=PRIDE:0000565	1	AC=MS:1001251;NT=Trypsin	not available	NT=Stellar;AC=MS:1003409	NT=Carbamidomethyl;AC=UNIMOD:4;TA=C;MT=Fixed	NT=Higher-energy Collisional Dissociation;AC=MS:1000422	27 NCE	40 ppm	0.05 Da	24005	ALS_samples
PRM_20260227_Project ALS _Plate3_E6	E	6	ALS_samples	54	RE6	0.1	C:\Xcalibur\methods\method1	C:\data\yourdir	PRM_20260227_Project ALS _Plate3_E6	Homo sapiens	blood plasma	Plate3	Project_ALS	not available	not available	not available	not available	not available	not available	not available	not available	1	AC=EFO:0009656;NT=plasma	run 246	proteomic profiling by mass spectrometry	PRM_20260227_Project ALS _Plate3_E6.raw	PRM_20260227_Project ALS _Plate3_E6.raw	NT=Parallel Reaction Monitoring;AC=MS:1002956	AC=MS:1002038;NT=label free sample	1	NT=High-performance liquid chromatography;AC=PRIDE:0000565	1	AC=MS:1001251;NT=Trypsin	not available	NT=Stellar;AC=MS:1003409	NT=Carbamidomethyl;AC=UNIMOD:4;TA=C;MT=Fixed	NT=Higher-energy Collisional Dissociation;AC=MS:1000422	27 NCE	40 ppm	0.05 Da	24005	ALS_samples
PRM_20260227_Project ALS _Plate3_E7	E	7	ALS_samples	55	RE7	0.1	C:\Xcalibur\methods\method1	C:\data\yourdir	PRM_20260227_Project ALS _Plate3_E7	Homo sapiens	blood plasma	Plate3	Project_ALS	not available	not available	not available	not available	not available	not available	not available	not available	1	AC=EFO:0009656;NT=plasma	run 247	proteomic profiling by mass spectrometry	PRM_20260227_Project ALS _Plate3_E7.raw	PRM_20260227_Project ALS _Plate3_E7.raw	NT=Parallel Reaction Monitoring;AC=MS:1002956	AC=MS:1002038;NT=label free sample	1	NT=High-performance liquid chromatography;AC=PRIDE:0000565	1	AC=MS:1001251;NT=Trypsin	not available	NT=Stellar;AC=MS:1003409	NT=Carbamidomethyl;AC=UNIMOD:4;TA=C;MT=Fixed	NT=Higher-energy Collisional Dissociation;AC=MS:1000422	27 NCE	40 ppm	0.05 Da	24005	ALS_samples
PRM_20260227_Project ALS _Plate3_E8	E	8	ALS_samples	56	RE8	0.1	C:\Xcalibur\methods\method1	C:\data\yourdir	PRM_20260227_Project ALS _Plate3_E8	Homo sapiens	blood plasma	Plate3	Project_ALS	not available	not available	not available	not available	not available	not available	not available	not available	1	AC=EFO:0009656;NT=plasma	run 248	proteomic profiling by mass spectrometry	PRM_20260227_Project ALS _Plate3_E8.raw	PRM_20260227_Project ALS _Plate3_E8.raw	NT=Parallel Reaction Monitoring;AC=MS:1002956	AC=MS:1002038;NT=label free sample	1	NT=High-performance liquid chromatography;AC=PRIDE:0000565	1	AC=MS:1001251;NT=Trypsin	not available	NT=Stellar;AC=MS:1003409	NT=Carbamidomethyl;AC=UNIMOD:4;TA=C;MT=Fixed	NT=Higher-energy Collisional Dissociation;AC=MS:1000422	27 NCE	40 ppm	0.05 Da	24005	ALS_samples
PRM_20260227_Project ALS _Plate3_E9	E	9	ALS_samples	57	RE9	0.1	C:\Xcalibur\methods\method1	C:\data\yourdir	PRM_20260227_Project ALS _Plate3_E9	Homo sapiens	blood plasma	Plate3	Project_ALS	not available	not available	not available	not available	not available	not available	not available	not available	1	AC=EFO:0009656;NT=plasma	run 249	proteomic profiling by mass spectrometry	PRM_20260227_Project ALS _Plate3_E9.raw	PRM_20260227_Project ALS _Plate3_E9.raw	NT=Parallel Reaction Monitoring;AC=MS:1002956	AC=MS:1002038;NT=label free sample	1	NT=High-performance liquid chromatography;AC=PRIDE:0000565	1	AC=MS:1001251;NT=Trypsin	not available	NT=Stellar;AC=MS:1003409	NT=Carbamidomethyl;AC=UNIMOD:4;TA=C;MT=Fixed	NT=Higher-energy Collisional Dissociation;AC=MS:1000422	27 NCE	40 ppm	0.05 Da	24005	ALS_samples
PRM_20260227_Project ALS _Plate3_E10	E	10	ALS_samples	58	RE10	0.1	C:\Xcalibur\methods\method1	C:\data\yourdir	PRM_20260227_Project ALS _Plate3_E10	Homo sapiens	blood plasma	Plate3	Project_ALS	not available	not available	not available	not available	not available	not available	not available	not available	1	AC=EFO:0009656;NT=plasma	run 250	proteomic profiling by mass spectrometry	PRM_20260227_Project ALS _Plate3_E10.raw	PRM_20260227_Project ALS _Plate3_E10.raw	NT=Parallel Reaction Monitoring;AC=MS:1002956	AC=MS:1002038;NT=label free sample	1	NT=High-performance liquid chromatography;AC=PRIDE:0000565	1	AC=MS:1001251;NT=Trypsin	not available	NT=Stellar;AC=MS:1003409	NT=Carbamidomethyl;AC=UNIMOD:4;TA=C;MT=Fixed	NT=Higher-energy Collisional Dissociation;AC=MS:1000422	27 NCE	40 ppm	0.05 Da	24005	ALS_samples
PRM_20260227_Project ALS _Plate3_E11	E	11	ALS_samples	59	RE11	0.1	C:\Xcalibur\methods\method1	C:\data\yourdir	PRM_20260227_Project ALS _Plate3_E11	Homo sapiens	blood plasma	Plate3	Project_ALS	not available	not available	not available	not available	not available	not available	not available	not available	1	AC=EFO:0009656;NT=plasma	run 251	proteomic profiling by mass spectrometry	PRM_20260227_Project ALS _Plate3_E11.raw	PRM_20260227_Project ALS _Plate3_E11.raw	NT=Parallel Reaction Monitoring;AC=MS:1002956	AC=MS:1002038;NT=label free sample	1	NT=High-performance liquid chromatography;AC=PRIDE:0000565	1	AC=MS:1001251;NT=Trypsin	not available	NT=Stellar;AC=MS:1003409	NT=Carbamidomethyl;AC=UNIMOD:4;TA=C;MT=Fixed	NT=Higher-energy Collisional Dissociation;AC=MS:1000422	27 NCE	40 ppm	0.05 Da	24005	ALS_samples
PRM_20260227_Project ALS _Plate3_E12	E	12	ALS_samples	60	RE12	0.1	C:\Xcalibur\methods\method1	C:\data\yourdir	PRM_20260227_Project ALS _Plate3_E12	Homo sapiens	blood plasma	Plate3	Project_ALS	not available	not available	not available	not available	not available	not available	not available	not available	1	AC=EFO:0009656;NT=plasma	run 252	proteomic profiling by mass spectrometry	PRM_20260227_Project ALS _Plate3_E12.raw	PRM_20260227_Project ALS _Plate3_E12.raw	NT=Parallel Reaction Monitoring;AC=MS:1002956	AC=MS:1002038;NT=label free sample	1	NT=High-performance liquid chromatography;AC=PRIDE:0000565	1	AC=MS:1001251;NT=Trypsin	not available	NT=Stellar;AC=MS:1003409	NT=Carbamidomethyl;AC=UNIMOD:4;TA=C;MT=Fixed	NT=Higher-energy Collisional Dissociation;AC=MS:1000422	27 NCE	40 ppm	0.05 Da	24005	ALS_samples
PRM_20260227_Project ALS _Plate3_F1	F	1	ALS_samples	61	RF1	0.1	C:\Xcalibur\methods\method1	C:\data\yourdir	PRM_20260227_Project ALS _Plate3_F1	Homo sapiens	blood plasma	Plate3	Project_ALS	not available	not available	not available	not available	not available	not available	not available	not available	1	AC=EFO:0009656;NT=plasma	run 253	proteomic profiling by mass spectrometry	PRM_20260227_Project ALS _Plate3_F1.raw	PRM_20260227_Project ALS _Plate3_F1.raw	NT=Parallel Reaction Monitoring;AC=MS:1002956	AC=MS:1002038;NT=label free sample	1	NT=High-performance liquid chromatography;AC=PRIDE:0000565	1	AC=MS:1001251;NT=Trypsin	not available	NT=Stellar;AC=MS:1003409	NT=Carbamidomethyl;AC=UNIMOD:4;TA=C;MT=Fixed	NT=Higher-energy Collisional Dissociation;AC=MS:1000422	27 NCE	40 ppm	0.05 Da	24005	ALS_samples
PRM_20260227_Project ALS _Plate3_F2	F	2	ALS_samples	62	RF2	0.1	C:\Xcalibur\methods\method1	C:\data\yourdir	PRM_20260227_Project ALS _Plate3_F2	Homo sapiens	blood plasma	Plate3	Project_ALS	not available	not available	not available	not available	not available	not available	not available	not available	1	AC=EFO:0009656;NT=plasma	run 254	proteomic profiling by mass spectrometry	PRM_20260227_Project ALS _Plate3_F2.raw	PRM_20260227_Project ALS _Plate3_F2.raw	NT=Parallel Reaction Monitoring;AC=MS:1002956	AC=MS:1002038;NT=label free sample	1	NT=High-performance liquid chromatography;AC=PRIDE:0000565	1	AC=MS:1001251;NT=Trypsin	not available	NT=Stellar;AC=MS:1003409	NT=Carbamidomethyl;AC=UNIMOD:4;TA=C;MT=Fixed	NT=Higher-energy Collisional Dissociation;AC=MS:1000422	27 NCE	40 ppm	0.05 Da	24005	ALS_samples
PRM_20260227_Project ALS _Plate3_F3	F	3	ALS_samples	63	RF3	0.1	C:\Xcalibur\methods\method1	C:\data\yourdir	PRM_20260227_Project ALS _Plate3_F3	Homo sapiens	blood plasma	Plate3	Project_ALS	not available	not available	not available	not available	not available	not available	not available	not available	1	AC=EFO:0009656;NT=plasma	run 255	proteomic profiling by mass spectrometry	PRM_20260227_Project ALS _Plate3_F3.raw	PRM_20260227_Project ALS _Plate3_F3.raw	NT=Parallel Reaction Monitoring;AC=MS:1002956	AC=MS:1002038;NT=label free sample	1	NT=High-performance liquid chromatography;AC=PRIDE:0000565	1	AC=MS:1001251;NT=Trypsin	not available	NT=Stellar;AC=MS:1003409	NT=Carbamidomethyl;AC=UNIMOD:4;TA=C;MT=Fixed	NT=Higher-energy Collisional Dissociation;AC=MS:1000422	27 NCE	40 ppm	0.05 Da	24005	ALS_samples
PRM_20260227_Project ALS _Plate3_F4	F	4	ALS_samples	64	RF4	0.1	C:\Xcalibur\methods\method1	C:\data\yourdir	PRM_20260227_Project ALS _Plate3_F4	Homo sapiens	blood plasma	Plate3	Project_ALS	not available	not available	not available	not available	not available	not available	not available	not available	1	AC=EFO:0009656;NT=plasma	run 256	proteomic profiling by mass spectrometry	PRM_20260227_Project ALS _Plate3_F4.raw	PRM_20260227_Project ALS _Plate3_F4.raw	NT=Parallel Reaction Monitoring;AC=MS:1002956	AC=MS:1002038;NT=label free sample	1	NT=High-performance liquid chromatography;AC=PRIDE:0000565	1	AC=MS:1001251;NT=Trypsin	not available	NT=Stellar;AC=MS:1003409	NT=Carbamidomethyl;AC=UNIMOD:4;TA=C;MT=Fixed	NT=Higher-energy Collisional Dissociation;AC=MS:1000422	27 NCE	40 ppm	0.05 Da	24005	ALS_samples
PRM_20260227_Project ALS _Plate3_F5	F	5	ALS_samples	65	RF5	0.1	C:\Xcalibur\methods\method1	C:\data\yourdir	PRM_20260227_Project ALS _Plate3_F5	Homo sapiens	blood plasma	Plate3	Project_ALS	not available	not available	not available	not available	not available	not available	not available	not available	1	AC=EFO:0009656;NT=plasma	run 257	proteomic profiling by mass spectrometry	PRM_20260227_Project ALS _Plate3_F5.raw	PRM_20260227_Project ALS _Plate3_F5.raw	NT=Parallel Reaction Monitoring;AC=MS:1002956	AC=MS:1002038;NT=label free sample	1	NT=High-performance liquid chromatography;AC=PRIDE:0000565	1	AC=MS:1001251;NT=Trypsin	not available	NT=Stellar;AC=MS:1003409	NT=Carbamidomethyl;AC=UNIMOD:4;TA=C;MT=Fixed	NT=Higher-energy Collisional Dissociation;AC=MS:1000422	27 NCE	40 ppm	0.05 Da	24005	ALS_samples
PRM_20260227_Project ALS _Plate3_F6	F	6	ALS_samples	66	RF6	0.1	C:\Xcalibur\methods\method1	C:\data\yourdir	PRM_20260227_Project ALS _Plate3_F6	Homo sapiens	blood plasma	Plate3	Project_ALS	not available	not available	not available	not available	not available	not available	not available	not available	1	AC=EFO:0009656;NT=plasma	run 258	proteomic profiling by mass spectrometry	PRM_20260227_Project ALS _Plate3_F6.raw	PRM_20260227_Project ALS _Plate3_F6.raw	NT=Parallel Reaction Monitoring;AC=MS:1002956	AC=MS:1002038;NT=label free sample	1	NT=High-performance liquid chromatography;AC=PRIDE:0000565	1	AC=MS:1001251;NT=Trypsin	not available	NT=Stellar;AC=MS:1003409	NT=Carbamidomethyl;AC=UNIMOD:4;TA=C;MT=Fixed	NT=Higher-energy Collisional Dissociation;AC=MS:1000422	27 NCE	40 ppm	0.05 Da	24005	ALS_samples
PRM_20260227_Project ALS _Plate3_F7	F	7	ALS_samples	67	RF7	0.1	C:\Xcalibur\methods\method1	C:\data\yourdir	PRM_20260227_Project ALS _Plate3_F7	Homo sapiens	blood plasma	Plate3	Project_ALS	not available	not available	not available	not available	not available	not available	not available	not available	1	AC=EFO:0009656;NT=plasma	run 259	proteomic profiling by mass spectrometry	PRM_20260227_Project ALS _Plate3_F7.raw	PRM_20260227_Project ALS _Plate3_F7.raw	NT=Parallel Reaction Monitoring;AC=MS:1002956	AC=MS:1002038;NT=label free sample	1	NT=High-performance liquid chromatography;AC=PRIDE:0000565	1	AC=MS:1001251;NT=Trypsin	not available	NT=Stellar;AC=MS:1003409	NT=Carbamidomethyl;AC=UNIMOD:4;TA=C;MT=Fixed	NT=Higher-energy Collisional Dissociation;AC=MS:1000422	27 NCE	40 ppm	0.05 Da	24005	ALS_samples
PRM_20260227_Project ALS _Plate3_F8	F	8	ALS_samples	68	RF8	0.1	C:\Xcalibur\methods\method1	C:\data\yourdir	PRM_20260227_Project ALS _Plate3_F8	Homo sapiens	blood plasma	Plate3	Project_ALS	not available	not available	not available	not available	not available	not available	not available	not available	1	AC=EFO:0009656;NT=plasma	run 260	proteomic profiling by mass spectrometry	PRM_20260227_Project ALS _Plate3_F8.raw	PRM_20260227_Project ALS _Plate3_F8.raw	NT=Parallel Reaction Monitoring;AC=MS:1002956	AC=MS:1002038;NT=label free sample	1	NT=High-performance liquid chromatography;AC=PRIDE:0000565	1	AC=MS:1001251;NT=Trypsin	not available	NT=Stellar;AC=MS:1003409	NT=Carbamidomethyl;AC=UNIMOD:4;TA=C;MT=Fixed	NT=Higher-energy Collisional Dissociation;AC=MS:1000422	27 NCE	40 ppm	0.05 Da	24005	ALS_samples
PRM_20260227_Project ALS _Plate3_F9	F	9	ALS_samples	69	RF9	0.1	C:\Xcalibur\methods\method1	C:\data\yourdir	PRM_20260227_Project ALS _Plate3_F9	Homo sapiens	blood plasma	Plate3	Project_ALS	not available	not available	not available	not available	not available	not available	not available	not available	1	AC=EFO:0009656;NT=plasma	run 261	proteomic profiling by mass spectrometry	PRM_20260227_Project ALS _Plate3_F9.raw	PRM_20260227_Project ALS _Plate3_F9.raw	NT=Parallel Reaction Monitoring;AC=MS:1002956	AC=MS:1002038;NT=label free sample	1	NT=High-performance liquid chromatography;AC=PRIDE:0000565	1	AC=MS:1001251;NT=Trypsin	not available	NT=Stellar;AC=MS:1003409	NT=Carbamidomethyl;AC=UNIMOD:4;TA=C;MT=Fixed	NT=Higher-energy Collisional Dissociation;AC=MS:1000422	27 NCE	40 ppm	0.05 Da	24005	ALS_samples
PRM_20260227_Project ALS _Plate3_F10	F	10	ALS_samples	70	RF10	0.1	C:\Xcalibur\methods\method1	C:\data\yourdir	PRM_20260227_Project ALS _Plate3_F10	Homo sapiens	blood plasma	Plate3	Project_ALS	not available	not available	not available	not available	not available	not available	not available	not available	1	AC=EFO:0009656;NT=plasma	run 262	proteomic profiling by mass spectrometry	PRM_20260227_Project ALS _Plate3_F10.raw	PRM_20260227_Project ALS _Plate3_F10.raw	NT=Parallel Reaction Monitoring;AC=MS:1002956	AC=MS:1002038;NT=label free sample	1	NT=High-performance liquid chromatography;AC=PRIDE:0000565	1	AC=MS:1001251;NT=Trypsin	not available	NT=Stellar;AC=MS:1003409	NT=Carbamidomethyl;AC=UNIMOD:4;TA=C;MT=Fixed	NT=Higher-energy Collisional Dissociation;AC=MS:1000422	27 NCE	40 ppm	0.05 Da	24005	ALS_samples
PRM_20260227_Project ALS _Plate3_F11	F	11	ALS_samples	71	RF11	0.1	C:\Xcalibur\methods\method1	C:\data\yourdir	PRM_20260227_Project ALS _Plate3_F11	Homo sapiens	blood plasma	Plate3	Project_ALS	not available	not available	not available	not available	not available	not available	not available	not available	1	AC=EFO:0009656;NT=plasma	run 263	proteomic profiling by mass spectrometry	PRM_20260227_Project ALS _Plate3_F11.raw	PRM_20260227_Project ALS _Plate3_F11.raw	NT=Parallel Reaction Monitoring;AC=MS:1002956	AC=MS:1002038;NT=label free sample	1	NT=High-performance liquid chromatography;AC=PRIDE:0000565	1	AC=MS:1001251;NT=Trypsin	not available	NT=Stellar;AC=MS:1003409	NT=Carbamidomethyl;AC=UNIMOD:4;TA=C;MT=Fixed	NT=Higher-energy Collisional Dissociation;AC=MS:1000422	27 NCE	40 ppm	0.05 Da	24005	ALS_samples
PRM_20260227_Project ALS _Plate3_F12	F	12	ALS_samples	72	RF12	0.1	C:\Xcalibur\methods\method1	C:\data\yourdir	PRM_20260227_Project ALS _Plate3_F12	Homo sapiens	blood plasma	Plate3	Project_ALS	not available	not available	not available	not available	not available	not available	not available	not available	1	AC=EFO:0009656;NT=plasma	run 264	proteomic profiling by mass spectrometry	PRM_20260227_Project ALS _Plate3_F12.raw	PRM_20260227_Project ALS _Plate3_F12.raw	NT=Parallel Reaction Monitoring;AC=MS:1002956	AC=MS:1002038;NT=label free sample	1	NT=High-performance liquid chromatography;AC=PRIDE:0000565	1	AC=MS:1001251;NT=Trypsin	not available	NT=Stellar;AC=MS:1003409	NT=Carbamidomethyl;AC=UNIMOD:4;TA=C;MT=Fixed	NT=Higher-energy Collisional Dissociation;AC=MS:1000422	27 NCE	40 ppm	0.05 Da	24005	ALS_samples
PRM_20260227_Project ALS _Plate3_G1	G	1	ALS_samples	73	RG1	0.1	C:\Xcalibur\methods\method1	C:\data\yourdir	PRM_20260227_Project ALS _Plate3_G1	Homo sapiens	blood plasma	Plate3	Project_ALS	not available	not available	not available	not available	not available	not available	not available	not available	1	AC=EFO:0009656;NT=plasma	run 265	proteomic profiling by mass spectrometry	PRM_20260227_Project ALS _Plate3_G1.raw	PRM_20260227_Project ALS _Plate3_G1.raw	NT=Parallel Reaction Monitoring;AC=MS:1002956	AC=MS:1002038;NT=label free sample	1	NT=High-performance liquid chromatography;AC=PRIDE:0000565	1	AC=MS:1001251;NT=Trypsin	not available	NT=Stellar;AC=MS:1003409	NT=Carbamidomethyl;AC=UNIMOD:4;TA=C;MT=Fixed	NT=Higher-energy Collisional Dissociation;AC=MS:1000422	27 NCE	40 ppm	0.05 Da	24005	ALS_samples
PRM_20260227_Project ALS _Plate3_G2	G	2	ALS_samples	74	RG2	0.1	C:\Xcalibur\methods\method1	C:\data\yourdir	PRM_20260227_Project ALS _Plate3_G2	Homo sapiens	blood plasma	Plate3	Project_ALS	not available	not available	not available	not available	not available	not available	not available	not available	1	AC=EFO:0009656;NT=plasma	run 266	proteomic profiling by mass spectrometry	PRM_20260227_Project ALS _Plate3_G2.raw	PRM_20260227_Project ALS _Plate3_G2.raw	NT=Parallel Reaction Monitoring;AC=MS:1002956	AC=MS:1002038;NT=label free sample	1	NT=High-performance liquid chromatography;AC=PRIDE:0000565	1	AC=MS:1001251;NT=Trypsin	not available	NT=Stellar;AC=MS:1003409	NT=Carbamidomethyl;AC=UNIMOD:4;TA=C;MT=Fixed	NT=Higher-energy Collisional Dissociation;AC=MS:1000422	27 NCE	40 ppm	0.05 Da	24005	ALS_samples
PRM_20260227_Project ALS _Plate3_G3	G	3	ALS_samples	75	RG3	0.1	C:\Xcalibur\methods\method1	C:\data\yourdir	PRM_20260227_Project ALS _Plate3_G3	Homo sapiens	blood plasma	Plate3	Project_ALS	not available	not available	not available	not available	not available	not available	not available	not available	1	AC=EFO:0009656;NT=plasma	run 267	proteomic profiling by mass spectrometry	PRM_20260227_Project ALS _Plate3_G3.raw	PRM_20260227_Project ALS _Plate3_G3.raw	NT=Parallel Reaction Monitoring;AC=MS:1002956	AC=MS:1002038;NT=label free sample	1	NT=High-performance liquid chromatography;AC=PRIDE:0000565	1	AC=MS:1001251;NT=Trypsin	not available	NT=Stellar;AC=MS:1003409	NT=Carbamidomethyl;AC=UNIMOD:4;TA=C;MT=Fixed	NT=Higher-energy Collisional Dissociation;AC=MS:1000422	27 NCE	40 ppm	0.05 Da	24005	ALS_samples
PRM_20260227_Project ALS _Plate3_G4	G	4	ALS_samples	76	RG4	0.1	C:\Xcalibur\methods\method1	C:\data\yourdir	PRM_20260227_Project ALS _Plate3_G4	Homo sapiens	blood plasma	Plate3	Project_ALS	not available	not available	not available	not available	not available	not available	not available	not available	1	AC=EFO:0009656;NT=plasma	run 268	proteomic profiling by mass spectrometry	PRM_20260227_Project ALS _Plate3_G4.raw	PRM_20260227_Project ALS _Plate3_G4.raw	NT=Parallel Reaction Monitoring;AC=MS:1002956	AC=MS:1002038;NT=label free sample	1	NT=High-performance liquid chromatography;AC=PRIDE:0000565	1	AC=MS:1001251;NT=Trypsin	not available	NT=Stellar;AC=MS:1003409	NT=Carbamidomethyl;AC=UNIMOD:4;TA=C;MT=Fixed	NT=Higher-energy Collisional Dissociation;AC=MS:1000422	27 NCE	40 ppm	0.05 Da	24005	ALS_samples
PRM_20260227_Project ALS _Plate3_G5	G	5	ALS_samples	77	RG5	0.1	C:\Xcalibur\methods\method1	C:\data\yourdir	PRM_20260227_Project ALS _Plate3_G5	Homo sapiens	blood plasma	Plate3	Project_ALS	not available	not available	not available	not available	not available	not available	not available	not available	1	AC=EFO:0009656;NT=plasma	run 269	proteomic profiling by mass spectrometry	PRM_20260227_Project ALS _Plate3_G5.raw	PRM_20260227_Project ALS _Plate3_G5.raw	NT=Parallel Reaction Monitoring;AC=MS:1002956	AC=MS:1002038;NT=label free sample	1	NT=High-performance liquid chromatography;AC=PRIDE:0000565	1	AC=MS:1001251;NT=Trypsin	not available	NT=Stellar;AC=MS:1003409	NT=Carbamidomethyl;AC=UNIMOD:4;TA=C;MT=Fixed	NT=Higher-energy Collisional Dissociation;AC=MS:1000422	27 NCE	40 ppm	0.05 Da	24005	ALS_samples
PRM_20260227_Project ALS _Plate3_G6	G	6	ALS_samples	78	RG6	0.1	C:\Xcalibur\methods\method1	C:\data\yourdir	PRM_20260227_Project ALS _Plate3_G6	Homo sapiens	blood plasma	Plate3	Project_ALS	not available	not available	not available	not available	not available	not available	not available	not available	1	AC=EFO:0009656;NT=plasma	run 270	proteomic profiling by mass spectrometry	PRM_20260227_Project ALS _Plate3_G6.raw	PRM_20260227_Project ALS _Plate3_G6.raw	NT=Parallel Reaction Monitoring;AC=MS:1002956	AC=MS:1002038;NT=label free sample	1	NT=High-performance liquid chromatography;AC=PRIDE:0000565	1	AC=MS:1001251;NT=Trypsin	not available	NT=Stellar;AC=MS:1003409	NT=Carbamidomethyl;AC=UNIMOD:4;TA=C;MT=Fixed	NT=Higher-energy Collisional Dissociation;AC=MS:1000422	27 NCE	40 ppm	0.05 Da	24005	ALS_samples
PRM_20260227_Project ALS _Plate3_G7	G	7	ALS_samples	79	RG7	0.1	C:\Xcalibur\methods\method1	C:\data\yourdir	PRM_20260227_Project ALS _Plate3_G7	Homo sapiens	blood plasma	Plate3	Project_ALS	not available	not available	not available	not available	not available	not available	not available	not available	1	AC=EFO:0009656;NT=plasma	run 271	proteomic profiling by mass spectrometry	PRM_20260227_Project ALS _Plate3_G7.raw	PRM_20260227_Project ALS _Plate3_G7.raw	NT=Parallel Reaction Monitoring;AC=MS:1002956	AC=MS:1002038;NT=label free sample	1	NT=High-performance liquid chromatography;AC=PRIDE:0000565	1	AC=MS:1001251;NT=Trypsin	not available	NT=Stellar;AC=MS:1003409	NT=Carbamidomethyl;AC=UNIMOD:4;TA=C;MT=Fixed	NT=Higher-energy Collisional Dissociation;AC=MS:1000422	27 NCE	40 ppm	0.05 Da	24005	ALS_samples
PRM_20260227_Project ALS _Plate3_G8	G	8	ALS_samples	80	RG8	0.1	C:\Xcalibur\methods\method1	C:\data\yourdir	PRM_20260227_Project ALS _Plate3_G8	Homo sapiens	blood plasma	Plate3	Project_ALS	not available	not available	not available	not available	not available	not available	not available	not available	1	AC=EFO:0009656;NT=plasma	run 272	proteomic profiling by mass spectrometry	PRM_20260227_Project ALS _Plate3_G8.raw	PRM_20260227_Project ALS _Plate3_G8.raw	NT=Parallel Reaction Monitoring;AC=MS:1002956	AC=MS:1002038;NT=label free sample	1	NT=High-performance liquid chromatography;AC=PRIDE:0000565	1	AC=MS:1001251;NT=Trypsin	not available	NT=Stellar;AC=MS:1003409	NT=Carbamidomethyl;AC=UNIMOD:4;TA=C;MT=Fixed	NT=Higher-energy Collisional Dissociation;AC=MS:1000422	27 NCE	40 ppm	0.05 Da	24005	ALS_samples
PRM_20260227_Project ALS _Plate3_G9	G	9	ALS_samples	81	RG9	0.1	C:\Xcalibur\methods\method1	C:\data\yourdir	PRM_20260227_Project ALS _Plate3_G9	Homo sapiens	blood plasma	Plate3	Project_ALS	not available	not available	not available	not available	not available	not available	not available	not available	1	AC=EFO:0009656;NT=plasma	run 273	proteomic profiling by mass spectrometry	PRM_20260227_Project ALS _Plate3_G9.raw	PRM_20260227_Project ALS _Plate3_G9.raw	NT=Parallel Reaction Monitoring;AC=MS:1002956	AC=MS:1002038;NT=label free sample	1	NT=High-performance liquid chromatography;AC=PRIDE:0000565	1	AC=MS:1001251;NT=Trypsin	not available	NT=Stellar;AC=MS:1003409	NT=Carbamidomethyl;AC=UNIMOD:4;TA=C;MT=Fixed	NT=Higher-energy Collisional Dissociation;AC=MS:1000422	27 NCE	40 ppm	0.05 Da	24005	ALS_samples
PRM_20260227_Project ALS _Plate3_G10	G	10	ALS_samples	82	RG10	0.1	C:\Xcalibur\methods\method1	C:\data\yourdir	PRM_20260227_Project ALS _Plate3_G10	Homo sapiens	blood plasma	Plate3	Project_ALS	not available	not available	not available	not available	not available	not available	not available	not available	1	AC=EFO:0009656;NT=plasma	run 274	proteomic profiling by mass spectrometry	PRM_20260227_Project ALS _Plate3_G10.raw	PRM_20260227_Project ALS _Plate3_G10.raw	NT=Parallel Reaction Monitoring;AC=MS:1002956	AC=MS:1002038;NT=label free sample	1	NT=High-performance liquid chromatography;AC=PRIDE:0000565	1	AC=MS:1001251;NT=Trypsin	not available	NT=Stellar;AC=MS:1003409	NT=Carbamidomethyl;AC=UNIMOD:4;TA=C;MT=Fixed	NT=Higher-energy Collisional Dissociation;AC=MS:1000422	27 NCE	40 ppm	0.05 Da	24005	ALS_samples
PRM_20260227_Project ALS _Plate3_G11	G	11	ALS_samples	83	RG11	0.1	C:\Xcalibur\methods\method1	C:\data\yourdir	PRM_20260227_Project ALS _Plate3_G11	Homo sapiens	blood plasma	Plate3	Project_ALS	not available	not available	not available	not available	not available	not available	not available	not available	1	AC=EFO:0009656;NT=plasma	run 275	proteomic profiling by mass spectrometry	PRM_20260227_Project ALS _Plate3_G11.raw	PRM_20260227_Project ALS _Plate3_G11.raw	NT=Parallel Reaction Monitoring;AC=MS:1002956	AC=MS:1002038;NT=label free sample	1	NT=High-performance liquid chromatography;AC=PRIDE:0000565	1	AC=MS:1001251;NT=Trypsin	not available	NT=Stellar;AC=MS:1003409	NT=Carbamidomethyl;AC=UNIMOD:4;TA=C;MT=Fixed	NT=Higher-energy Collisional Dissociation;AC=MS:1000422	27 NCE	40 ppm	0.05 Da	24005	ALS_samples
PRM_20260227_Project ALS _Plate3_G12	G	12	ALS_samples	84	RG12	0.1	C:\Xcalibur\methods\method1	C:\data\yourdir	PRM_20260227_Project ALS _Plate3_G12	Homo sapiens	blood plasma	Plate3	Project_ALS	not available	not available	not available	not available	not available	not available	not available	not available	1	AC=EFO:0009656;NT=plasma	run 276	proteomic profiling by mass spectrometry	PRM_20260227_Project ALS _Plate3_G12.raw	PRM_20260227_Project ALS _Plate3_G12.raw	NT=Parallel Reaction Monitoring;AC=MS:1002956	AC=MS:1002038;NT=label free sample	1	NT=High-performance liquid chromatography;AC=PRIDE:0000565	1	AC=MS:1001251;NT=Trypsin	not available	NT=Stellar;AC=MS:1003409	NT=Carbamidomethyl;AC=UNIMOD:4;TA=C;MT=Fixed	NT=Higher-energy Collisional Dissociation;AC=MS:1000422	27 NCE	40 ppm	0.05 Da	24005	ALS_samples
PRM_20260227_Project ALS _Plate3_H1	H	1	ALS_samples	85	RH1	0.1	C:\Xcalibur\methods\method1	C:\data\yourdir	PRM_20260227_Project ALS _Plate3_H1	Homo sapiens	blood plasma	Plate3	Project_ALS	not available	not available	not available	not available	not available	not available	not available	not available	1	AC=EFO:0009656;NT=plasma	run 277	proteomic profiling by mass spectrometry	PRM_20260227_Project ALS _Plate3_H1.raw	PRM_20260227_Project ALS _Plate3_H1.raw	NT=Parallel Reaction Monitoring;AC=MS:1002956	AC=MS:1002038;NT=label free sample	1	NT=High-performance liquid chromatography;AC=PRIDE:0000565	1	AC=MS:1001251;NT=Trypsin	not available	NT=Stellar;AC=MS:1003409	NT=Carbamidomethyl;AC=UNIMOD:4;TA=C;MT=Fixed	NT=Higher-energy Collisional Dissociation;AC=MS:1000422	27 NCE	40 ppm	0.05 Da	24005	ALS_samples
PRM_20260227_Project ALS _Plate3_H2	H	2	ALS_samples	86	RH2	0.1	C:\Xcalibur\methods\method1	C:\data\yourdir	PRM_20260227_Project ALS _Plate3_H2	Homo sapiens	blood plasma	Plate3	Project_ALS	not available	not available	not available	not available	not available	not available	not available	not available	1	AC=EFO:0009656;NT=plasma	run 278	proteomic profiling by mass spectrometry	PRM_20260227_Project ALS _Plate3_H2.raw	PRM_20260227_Project ALS _Plate3_H2.raw	NT=Parallel Reaction Monitoring;AC=MS:1002956	AC=MS:1002038;NT=label free sample	1	NT=High-performance liquid chromatography;AC=PRIDE:0000565	1	AC=MS:1001251;NT=Trypsin	not available	NT=Stellar;AC=MS:1003409	NT=Carbamidomethyl;AC=UNIMOD:4;TA=C;MT=Fixed	NT=Higher-energy Collisional Dissociation;AC=MS:1000422	27 NCE	40 ppm	0.05 Da	24005	ALS_samples
PRM_20260227_Project ALS _Plate3_H3	H	3	ALS_samples	87	RH3	0.1	C:\Xcalibur\methods\method1	C:\data\yourdir	PRM_20260227_Project ALS _Plate3_H3	Homo sapiens	blood plasma	Plate3	Project_ALS	not available	not available	not available	not available	not available	not available	not available	not available	1	AC=EFO:0009656;NT=plasma	run 279	proteomic profiling by mass spectrometry	PRM_20260227_Project ALS _Plate3_H3.raw	PRM_20260227_Project ALS _Plate3_H3.raw	NT=Parallel Reaction Monitoring;AC=MS:1002956	AC=MS:1002038;NT=label free sample	1	NT=High-performance liquid chromatography;AC=PRIDE:0000565	1	AC=MS:1001251;NT=Trypsin	not available	NT=Stellar;AC=MS:1003409	NT=Carbamidomethyl;AC=UNIMOD:4;TA=C;MT=Fixed	NT=Higher-energy Collisional Dissociation;AC=MS:1000422	27 NCE	40 ppm	0.05 Da	24005	ALS_samples
PRM_20260227_Project ALS _Plate3_H4	H	4	ALS_samples	88	RH4	0.1	C:\Xcalibur\methods\method1	C:\data\yourdir	PRM_20260227_Project ALS _Plate3_H4	Homo sapiens	blood plasma	Plate3	Project_ALS	not available	not available	not available	not available	not available	not available	not available	not available	1	AC=EFO:0009656;NT=plasma	run 280	proteomic profiling by mass spectrometry	PRM_20260227_Project ALS _Plate3_H4.raw	PRM_20260227_Project ALS _Plate3_H4.raw	NT=Parallel Reaction Monitoring;AC=MS:1002956	AC=MS:1002038;NT=label free sample	1	NT=High-performance liquid chromatography;AC=PRIDE:0000565	1	AC=MS:1001251;NT=Trypsin	not available	NT=Stellar;AC=MS:1003409	NT=Carbamidomethyl;AC=UNIMOD:4;TA=C;MT=Fixed	NT=Higher-energy Collisional Dissociation;AC=MS:1000422	27 NCE	40 ppm	0.05 Da	24005	ALS_samples
PRM_20260227_Project ALS _Plate3_H5	H	5	ALS_samples	89	RH5	0.1	C:\Xcalibur\methods\method1	C:\data\yourdir	PRM_20260227_Project ALS _Plate3_H5	Homo sapiens	blood plasma	Plate3	Project_ALS	not available	not available	not available	not available	not available	not available	not available	not available	1	AC=EFO:0009656;NT=plasma	run 281	proteomic profiling by mass spectrometry	PRM_20260227_Project ALS _Plate3_H5.raw	PRM_20260227_Project ALS _Plate3_H5.raw	NT=Parallel Reaction Monitoring;AC=MS:1002956	AC=MS:1002038;NT=label free sample	1	NT=High-performance liquid chromatography;AC=PRIDE:0000565	1	AC=MS:1001251;NT=Trypsin	not available	NT=Stellar;AC=MS:1003409	NT=Carbamidomethyl;AC=UNIMOD:4;TA=C;MT=Fixed	NT=Higher-energy Collisional Dissociation;AC=MS:1000422	27 NCE	40 ppm	0.05 Da	24005	ALS_samples
PRM_20260227_Project ALS _Plate3_H6	H	6	ALS_samples	90	RH6	0.1	C:\Xcalibur\methods\method1	C:\data\yourdir	PRM_20260227_Project ALS _Plate3_H6	Homo sapiens	blood plasma	Plate3	Project_ALS	not available	not available	not available	not available	not available	not available	not available	not available	1	AC=EFO:0009656;NT=plasma	run 282	proteomic profiling by mass spectrometry	PRM_20260227_Project ALS _Plate3_H6.raw	PRM_20260227_Project ALS _Plate3_H6.raw	NT=Parallel Reaction Monitoring;AC=MS:1002956	AC=MS:1002038;NT=label free sample	1	NT=High-performance liquid chromatography;AC=PRIDE:0000565	1	AC=MS:1001251;NT=Trypsin	not available	NT=Stellar;AC=MS:1003409	NT=Carbamidomethyl;AC=UNIMOD:4;TA=C;MT=Fixed	NT=Higher-energy Collisional Dissociation;AC=MS:1000422	27 NCE	40 ppm	0.05 Da	24005	ALS_samples
PRM_20260227_Project ALS _Plate3_H7	H	7	ALS_samples	91	RH7	0.1	C:\Xcalibur\methods\method1	C:\data\yourdir	PRM_20260227_Project ALS _Plate3_H7	Homo sapiens	blood plasma	Plate3	Project_ALS	not available	not available	not available	not available	not available	not available	not available	not available	1	AC=EFO:0009656;NT=plasma	run 283	proteomic profiling by mass spectrometry	PRM_20260227_Project ALS _Plate3_H7.raw	PRM_20260227_Project ALS _Plate3_H7.raw	NT=Parallel Reaction Monitoring;AC=MS:1002956	AC=MS:1002038;NT=label free sample	1	NT=High-performance liquid chromatography;AC=PRIDE:0000565	1	AC=MS:1001251;NT=Trypsin	not available	NT=Stellar;AC=MS:1003409	NT=Carbamidomethyl;AC=UNIMOD:4;TA=C;MT=Fixed	NT=Higher-energy Collisional Dissociation;AC=MS:1000422	27 NCE	40 ppm	0.05 Da	24005	ALS_samples
PRM_20260227_Project ALS _Plate3_H8	H	8	ALS_samples	92	RH8	0.1	C:\Xcalibur\methods\method1	C:\data\yourdir	PRM_20260227_Project ALS _Plate3_H8	Homo sapiens	blood plasma	Plate3	Project_ALS	not available	not available	not available	not available	not available	not available	not available	not available	1	AC=EFO:0009656;NT=plasma	run 284	proteomic profiling by mass spectrometry	PRM_20260227_Project ALS _Plate3_H8.raw	PRM_20260227_Project ALS _Plate3_H8.raw	NT=Parallel Reaction Monitoring;AC=MS:1002956	AC=MS:1002038;NT=label free sample	1	NT=High-performance liquid chromatography;AC=PRIDE:0000565	1	AC=MS:1001251;NT=Trypsin	not available	NT=Stellar;AC=MS:1003409	NT=Carbamidomethyl;AC=UNIMOD:4;TA=C;MT=Fixed	NT=Higher-energy Collisional Dissociation;AC=MS:1000422	27 NCE	40 ppm	0.05 Da	24005	ALS_samples
PRM_20260227_Project ALS _Plate3_H9	H	9	ALS_samples	93	RH9	0.1	C:\Xcalibur\methods\method1	C:\data\yourdir	PRM_20260227_Project ALS _Plate3_H9	Homo sapiens	blood plasma	Plate3	Project_ALS	not available	not available	not available	not available	not available	not available	not available	not available	1	AC=EFO:0009656;NT=plasma	run 285	proteomic profiling by mass spectrometry	PRM_20260227_Project ALS _Plate3_H9.raw	PRM_20260227_Project ALS _Plate3_H9.raw	NT=Parallel Reaction Monitoring;AC=MS:1002956	AC=MS:1002038;NT=label free sample	1	NT=High-performance liquid chromatography;AC=PRIDE:0000565	1	AC=MS:1001251;NT=Trypsin	not available	NT=Stellar;AC=MS:1003409	NT=Carbamidomethyl;AC=UNIMOD:4;TA=C;MT=Fixed	NT=Higher-energy Collisional Dissociation;AC=MS:1000422	27 NCE	40 ppm	0.05 Da	24005	ALS_samples
PRM_20260227_Project ALS _Plate3_H10	H	10	ALS_samples	94	RH10	0.1	C:\Xcalibur\methods\method1	C:\data\yourdir	PRM_20260227_Project ALS _Plate3_H10	Homo sapiens	blood plasma	Plate3	Project_ALS	not available	not available	not available	not available	not available	not available	not available	not available	1	AC=EFO:0009656;NT=plasma	run 286	proteomic profiling by mass spectrometry	PRM_20260227_Project ALS _Plate3_H10.raw	PRM_20260227_Project ALS _Plate3_H10.raw	NT=Parallel Reaction Monitoring;AC=MS:1002956	AC=MS:1002038;NT=label free sample	1	NT=High-performance liquid chromatography;AC=PRIDE:0000565	1	AC=MS:1001251;NT=Trypsin	not available	NT=Stellar;AC=MS:1003409	NT=Carbamidomethyl;AC=UNIMOD:4;TA=C;MT=Fixed	NT=Higher-energy Collisional Dissociation;AC=MS:1000422	27 NCE	40 ppm	0.05 Da	24005	ALS_samples
PRM_20260227_Project ALS _Plate3_H11	H	11	Control	95	RH11	0.1	C:\Xcalibur\methods\method1	C:\data\yourdir	PRM_20260227_Project ALS _Plate3_H11	Homo sapiens	blood plasma	Plate3	Project_ALS	not available	not available	not available	not available	not available	not available	not available	not available	1	AC=EFO:0009656;NT=plasma	run 287	proteomic profiling by mass spectrometry	PRM_20260227_Project ALS _Plate3_H11.raw	PRM_20260227_Project ALS _Plate3_H11.raw	NT=Parallel Reaction Monitoring;AC=MS:1002956	AC=MS:1002038;NT=label free sample	1	NT=High-performance liquid chromatography;AC=PRIDE:0000565	1	AC=MS:1001251;NT=Trypsin	not available	NT=Stellar;AC=MS:1003409	NT=Carbamidomethyl;AC=UNIMOD:4;TA=C;MT=Fixed	NT=Higher-energy Collisional Dissociation;AC=MS:1000422	27 NCE	40 ppm	0.05 Da	24005	Control
PRM_20260227_Project ALS _Plate3_H12	H	12	ALS_samples	96	RH12	0.1	C:\Xcalibur\methods\method1	C:\data\yourdir	PRM_20260227_Project ALS _Plate3_H12	Homo sapiens	blood plasma	Plate3	Project_ALS	not available	not available	not available	not available	not available	not available	not available	not available	1	AC=EFO:0009656;NT=plasma	run 288	proteomic profiling by mass spectrometry	PRM_20260227_Project ALS _Plate3_H12.raw	PRM_20260227_Project ALS _Plate3_H12.raw	NT=Parallel Reaction Monitoring;AC=MS:1002956	AC=MS:1002038;NT=label free sample	1	NT=High-performance liquid chromatography;AC=PRIDE:0000565	1	AC=MS:1001251;NT=Trypsin	not available	NT=Stellar;AC=MS:1003409	NT=Carbamidomethyl;AC=UNIMOD:4;TA=C;MT=Fixed	NT=Higher-energy Collisional Dissociation;AC=MS:1000422	27 NCE	40 ppm	0.05 Da	24005	ALS_samples
PRM_20260227_Project ALS _Plate4_A1	A	1	ALS_samples	1	RA1	0.1	C:\Xcalibur\methods\method1	C:\data\yourdir	PRM_20260227_Project ALS _Plate4_A1	Homo sapiens	blood plasma	Plate4	Project_ALS	not available	not available	not available	not available	not available	not available	not available	not available	1	AC=EFO:0009656;NT=plasma	run 289	proteomic profiling by mass spectrometry	PRM_20260227_Project ALS _Plate4_A1.raw	PRM_20260227_Project ALS _Plate4_A1.raw	NT=Parallel Reaction Monitoring;AC=MS:1002956	AC=MS:1002038;NT=label free sample	1	NT=High-performance liquid chromatography;AC=PRIDE:0000565	1	AC=MS:1001251;NT=Trypsin	not available	NT=Stellar;AC=MS:1003409	NT=Carbamidomethyl;AC=UNIMOD:4;TA=C;MT=Fixed	NT=Higher-energy Collisional Dissociation;AC=MS:1000422	27 NCE	40 ppm	0.05 Da	24005	ALS_samples
PRM_20260227_Project ALS _Plate4_A2	A	2	ALS_samples	2	RA2	0.1	C:\Xcalibur\methods\method1	C:\data\yourdir	PRM_20260227_Project ALS _Plate4_A2	Homo sapiens	blood plasma	Plate4	Project_ALS	not available	not available	not available	not available	not available	not available	not available	not available	1	AC=EFO:0009656;NT=plasma	run 290	proteomic profiling by mass spectrometry	PRM_20260227_Project ALS _Plate4_A2.raw	PRM_20260227_Project ALS _Plate4_A2.raw	NT=Parallel Reaction Monitoring;AC=MS:1002956	AC=MS:1002038;NT=label free sample	1	NT=High-performance liquid chromatography;AC=PRIDE:0000565	1	AC=MS:1001251;NT=Trypsin	not available	NT=Stellar;AC=MS:1003409	NT=Carbamidomethyl;AC=UNIMOD:4;TA=C;MT=Fixed	NT=Higher-energy Collisional Dissociation;AC=MS:1000422	27 NCE	40 ppm	0.05 Da	24005	ALS_samples
PRM_20260227_Project ALS _Plate4_A3	A	3	ALS_samples	3	RA3	0.1	C:\Xcalibur\methods\method1	C:\data\yourdir	PRM_20260227_Project ALS _Plate4_A3	Homo sapiens	blood plasma	Plate4	Project_ALS	not available	not available	not available	not available	not available	not available	not available	not available	1	AC=EFO:0009656;NT=plasma	run 291	proteomic profiling by mass spectrometry	PRM_20260227_Project ALS _Plate4_A3.raw	PRM_20260227_Project ALS _Plate4_A3.raw	NT=Parallel Reaction Monitoring;AC=MS:1002956	AC=MS:1002038;NT=label free sample	1	NT=High-performance liquid chromatography;AC=PRIDE:0000565	1	AC=MS:1001251;NT=Trypsin	not available	NT=Stellar;AC=MS:1003409	NT=Carbamidomethyl;AC=UNIMOD:4;TA=C;MT=Fixed	NT=Higher-energy Collisional Dissociation;AC=MS:1000422	27 NCE	40 ppm	0.05 Da	24005	ALS_samples
PRM_20260227_Project ALS _Plate4_A4	A	4	ALS_samples	4	RA4	0.1	C:\Xcalibur\methods\method1	C:\data\yourdir	PRM_20260227_Project ALS _Plate4_A4	Homo sapiens	blood plasma	Plate4	Project_ALS	not available	not available	not available	not available	not available	not available	not available	not available	1	AC=EFO:0009656;NT=plasma	run 292	proteomic profiling by mass spectrometry	PRM_20260227_Project ALS _Plate4_A4.raw	PRM_20260227_Project ALS _Plate4_A4.raw	NT=Parallel Reaction Monitoring;AC=MS:1002956	AC=MS:1002038;NT=label free sample	1	NT=High-performance liquid chromatography;AC=PRIDE:0000565	1	AC=MS:1001251;NT=Trypsin	not available	NT=Stellar;AC=MS:1003409	NT=Carbamidomethyl;AC=UNIMOD:4;TA=C;MT=Fixed	NT=Higher-energy Collisional Dissociation;AC=MS:1000422	27 NCE	40 ppm	0.05 Da	24005	ALS_samples
PRM_20260227_Project ALS _Plate4_A5	A	5	ALS_samples	5	RA5	0.1	C:\Xcalibur\methods\method1	C:\data\yourdir	PRM_20260227_Project ALS _Plate4_A5	Homo sapiens	blood plasma	Plate4	Project_ALS	not available	not available	not available	not available	not available	not available	not available	not available	1	AC=EFO:0009656;NT=plasma	run 293	proteomic profiling by mass spectrometry	PRM_20260227_Project ALS _Plate4_A5.raw	PRM_20260227_Project ALS _Plate4_A5.raw	NT=Parallel Reaction Monitoring;AC=MS:1002956	AC=MS:1002038;NT=label free sample	1	NT=High-performance liquid chromatography;AC=PRIDE:0000565	1	AC=MS:1001251;NT=Trypsin	not available	NT=Stellar;AC=MS:1003409	NT=Carbamidomethyl;AC=UNIMOD:4;TA=C;MT=Fixed	NT=Higher-energy Collisional Dissociation;AC=MS:1000422	27 NCE	40 ppm	0.05 Da	24005	ALS_samples
PRM_20260227_Project ALS _Plate4_A6	A	6	ALS_samples	6	RA6	0.1	C:\Xcalibur\methods\method1	C:\data\yourdir	PRM_20260227_Project ALS _Plate4_A6	Homo sapiens	blood plasma	Plate4	Project_ALS	not available	not available	not available	not available	not available	not available	not available	not available	1	AC=EFO:0009656;NT=plasma	run 294	proteomic profiling by mass spectrometry	PRM_20260227_Project ALS _Plate4_A6.raw	PRM_20260227_Project ALS _Plate4_A6.raw	NT=Parallel Reaction Monitoring;AC=MS:1002956	AC=MS:1002038;NT=label free sample	1	NT=High-performance liquid chromatography;AC=PRIDE:0000565	1	AC=MS:1001251;NT=Trypsin	not available	NT=Stellar;AC=MS:1003409	NT=Carbamidomethyl;AC=UNIMOD:4;TA=C;MT=Fixed	NT=Higher-energy Collisional Dissociation;AC=MS:1000422	27 NCE	40 ppm	0.05 Da	24005	ALS_samples
PRM_20260227_Project ALS _Plate4_A7	A	7	ALS_samples	7	RA7	0.1	C:\Xcalibur\methods\method1	C:\data\yourdir	PRM_20260227_Project ALS _Plate4_A7	Homo sapiens	blood plasma	Plate4	Project_ALS	not available	not available	not available	not available	not available	not available	not available	not available	1	AC=EFO:0009656;NT=plasma	run 295	proteomic profiling by mass spectrometry	PRM_20260227_Project ALS _Plate4_A7.raw	PRM_20260227_Project ALS _Plate4_A7.raw	NT=Parallel Reaction Monitoring;AC=MS:1002956	AC=MS:1002038;NT=label free sample	1	NT=High-performance liquid chromatography;AC=PRIDE:0000565	1	AC=MS:1001251;NT=Trypsin	not available	NT=Stellar;AC=MS:1003409	NT=Carbamidomethyl;AC=UNIMOD:4;TA=C;MT=Fixed	NT=Higher-energy Collisional Dissociation;AC=MS:1000422	27 NCE	40 ppm	0.05 Da	24005	ALS_samples
PRM_20260227_Project ALS _Plate4_A8	A	8	ALS_samples	8	RA8	0.1	C:\Xcalibur\methods\method1	C:\data\yourdir	PRM_20260227_Project ALS _Plate4_A8	Homo sapiens	blood plasma	Plate4	Project_ALS	not available	not available	not available	not available	not available	not available	not available	not available	1	AC=EFO:0009656;NT=plasma	run 296	proteomic profiling by mass spectrometry	PRM_20260227_Project ALS _Plate4_A8.raw	PRM_20260227_Project ALS _Plate4_A8.raw	NT=Parallel Reaction Monitoring;AC=MS:1002956	AC=MS:1002038;NT=label free sample	1	NT=High-performance liquid chromatography;AC=PRIDE:0000565	1	AC=MS:1001251;NT=Trypsin	not available	NT=Stellar;AC=MS:1003409	NT=Carbamidomethyl;AC=UNIMOD:4;TA=C;MT=Fixed	NT=Higher-energy Collisional Dissociation;AC=MS:1000422	27 NCE	40 ppm	0.05 Da	24005	ALS_samples
PRM_20260227_Project ALS _Plate4_A9	A	9	ALS_samples	9	RA9	0.1	C:\Xcalibur\methods\method1	C:\data\yourdir	PRM_20260227_Project ALS _Plate4_A9	Homo sapiens	blood plasma	Plate4	Project_ALS	not available	not available	not available	not available	not available	not available	not available	not available	1	AC=EFO:0009656;NT=plasma	run 297	proteomic profiling by mass spectrometry	PRM_20260227_Project ALS _Plate4_A9.raw	PRM_20260227_Project ALS _Plate4_A9.raw	NT=Parallel Reaction Monitoring;AC=MS:1002956	AC=MS:1002038;NT=label free sample	1	NT=High-performance liquid chromatography;AC=PRIDE:0000565	1	AC=MS:1001251;NT=Trypsin	not available	NT=Stellar;AC=MS:1003409	NT=Carbamidomethyl;AC=UNIMOD:4;TA=C;MT=Fixed	NT=Higher-energy Collisional Dissociation;AC=MS:1000422	27 NCE	40 ppm	0.05 Da	24005	ALS_samples
PRM_20260227_Project ALS _Plate4_A10	A	10	ALS_samples	10	RA10	0.1	C:\Xcalibur\methods\method1	C:\data\yourdir	PRM_20260227_Project ALS _Plate4_A10	Homo sapiens	blood plasma	Plate4	Project_ALS	not available	not available	not available	not available	not available	not available	not available	not available	1	AC=EFO:0009656;NT=plasma	run 298	proteomic profiling by mass spectrometry	PRM_20260227_Project ALS _Plate4_A10.raw	PRM_20260227_Project ALS _Plate4_A10.raw	NT=Parallel Reaction Monitoring;AC=MS:1002956	AC=MS:1002038;NT=label free sample	1	NT=High-performance liquid chromatography;AC=PRIDE:0000565	1	AC=MS:1001251;NT=Trypsin	not available	NT=Stellar;AC=MS:1003409	NT=Carbamidomethyl;AC=UNIMOD:4;TA=C;MT=Fixed	NT=Higher-energy Collisional Dissociation;AC=MS:1000422	27 NCE	40 ppm	0.05 Da	24005	ALS_samples
PRM_20260227_Project ALS _Plate4_A11	A	11	ALS_samples	11	RA11	0.1	C:\Xcalibur\methods\method1	C:\data\yourdir	PRM_20260227_Project ALS _Plate4_A11	Homo sapiens	blood plasma	Plate4	Project_ALS	not available	not available	not available	not available	not available	not available	not available	not available	1	AC=EFO:0009656;NT=plasma	run 299	proteomic profiling by mass spectrometry	PRM_20260227_Project ALS _Plate4_A11.raw	PRM_20260227_Project ALS _Plate4_A11.raw	NT=Parallel Reaction Monitoring;AC=MS:1002956	AC=MS:1002038;NT=label free sample	1	NT=High-performance liquid chromatography;AC=PRIDE:0000565	1	AC=MS:1001251;NT=Trypsin	not available	NT=Stellar;AC=MS:1003409	NT=Carbamidomethyl;AC=UNIMOD:4;TA=C;MT=Fixed	NT=Higher-energy Collisional Dissociation;AC=MS:1000422	27 NCE	40 ppm	0.05 Da	24005	ALS_samples
PRM_20260227_Project ALS _Plate4_A12	A	12	ALS_samples	12	RA12	0.1	C:\Xcalibur\methods\method1	C:\data\yourdir	PRM_20260227_Project ALS _Plate4_A12	Homo sapiens	blood plasma	Plate4	Project_ALS	not available	not available	not available	not available	not available	not available	not available	not available	1	AC=EFO:0009656;NT=plasma	run 300	proteomic profiling by mass spectrometry	PRM_20260227_Project ALS _Plate4_A12.raw	PRM_20260227_Project ALS _Plate4_A12.raw	NT=Parallel Reaction Monitoring;AC=MS:1002956	AC=MS:1002038;NT=label free sample	1	NT=High-performance liquid chromatography;AC=PRIDE:0000565	1	AC=MS:1001251;NT=Trypsin	not available	NT=Stellar;AC=MS:1003409	NT=Carbamidomethyl;AC=UNIMOD:4;TA=C;MT=Fixed	NT=Higher-energy Collisional Dissociation;AC=MS:1000422	27 NCE	40 ppm	0.05 Da	24005	ALS_samples
PRM_20260227_Project ALS _Plate4_B1	B	1	ALS_samples	13	RB1	0.1	C:\Xcalibur\methods\method1	C:\data\yourdir	PRM_20260227_Project ALS _Plate4_B1	Homo sapiens	blood plasma	Plate4	Project_ALS	not available	not available	not available	not available	not available	not available	not available	not available	1	AC=EFO:0009656;NT=plasma	run 301	proteomic profiling by mass spectrometry	PRM_20260227_Project ALS _Plate4_B1.raw	PRM_20260227_Project ALS _Plate4_B1.raw	NT=Parallel Reaction Monitoring;AC=MS:1002956	AC=MS:1002038;NT=label free sample	1	NT=High-performance liquid chromatography;AC=PRIDE:0000565	1	AC=MS:1001251;NT=Trypsin	not available	NT=Stellar;AC=MS:1003409	NT=Carbamidomethyl;AC=UNIMOD:4;TA=C;MT=Fixed	NT=Higher-energy Collisional Dissociation;AC=MS:1000422	27 NCE	40 ppm	0.05 Da	24005	ALS_samples
PRM_20260227_Project ALS _Plate4_B2	B	2	ALS_samples	14	RB2	0.1	C:\Xcalibur\methods\method1	C:\data\yourdir	PRM_20260227_Project ALS _Plate4_B2	Homo sapiens	blood plasma	Plate4	Project_ALS	not available	not available	not available	not available	not available	not available	not available	not available	1	AC=EFO:0009656;NT=plasma	run 302	proteomic profiling by mass spectrometry	PRM_20260227_Project ALS _Plate4_B2.raw	PRM_20260227_Project ALS _Plate4_B2.raw	NT=Parallel Reaction Monitoring;AC=MS:1002956	AC=MS:1002038;NT=label free sample	1	NT=High-performance liquid chromatography;AC=PRIDE:0000565	1	AC=MS:1001251;NT=Trypsin	not available	NT=Stellar;AC=MS:1003409	NT=Carbamidomethyl;AC=UNIMOD:4;TA=C;MT=Fixed	NT=Higher-energy Collisional Dissociation;AC=MS:1000422	27 NCE	40 ppm	0.05 Da	24005	ALS_samples
PRM_20260227_Project ALS _Plate4_B3	B	3	ALS_samples	15	RB3	0.1	C:\Xcalibur\methods\method1	C:\data\yourdir	PRM_20260227_Project ALS _Plate4_B3	Homo sapiens	blood plasma	Plate4	Project_ALS	not available	not available	not available	not available	not available	not available	not available	not available	1	AC=EFO:0009656;NT=plasma	run 303	proteomic profiling by mass spectrometry	PRM_20260227_Project ALS _Plate4_B3.raw	PRM_20260227_Project ALS _Plate4_B3.raw	NT=Parallel Reaction Monitoring;AC=MS:1002956	AC=MS:1002038;NT=label free sample	1	NT=High-performance liquid chromatography;AC=PRIDE:0000565	1	AC=MS:1001251;NT=Trypsin	not available	NT=Stellar;AC=MS:1003409	NT=Carbamidomethyl;AC=UNIMOD:4;TA=C;MT=Fixed	NT=Higher-energy Collisional Dissociation;AC=MS:1000422	27 NCE	40 ppm	0.05 Da	24005	ALS_samples
PRM_20260227_Project ALS _Plate4_B4	B	4	Control	16	RB4	0.1	C:\Xcalibur\methods\method1	C:\data\yourdir	PRM_20260227_Project ALS _Plate4_B4	Homo sapiens	blood plasma	Plate4	Project_ALS	not available	not available	not available	not available	not available	not available	not available	not available	1	AC=EFO:0009656;NT=plasma	run 304	proteomic profiling by mass spectrometry	PRM_20260227_Project ALS _Plate4_B4.raw	PRM_20260227_Project ALS _Plate4_B4.raw	NT=Parallel Reaction Monitoring;AC=MS:1002956	AC=MS:1002038;NT=label free sample	1	NT=High-performance liquid chromatography;AC=PRIDE:0000565	1	AC=MS:1001251;NT=Trypsin	not available	NT=Stellar;AC=MS:1003409	NT=Carbamidomethyl;AC=UNIMOD:4;TA=C;MT=Fixed	NT=Higher-energy Collisional Dissociation;AC=MS:1000422	27 NCE	40 ppm	0.05 Da	24005	Control
PRM_20260227_Project ALS _Plate4_B5	B	5	ALS_samples	17	RB5	0.1	C:\Xcalibur\methods\method1	C:\data\yourdir	PRM_20260227_Project ALS _Plate4_B5	Homo sapiens	blood plasma	Plate4	Project_ALS	not available	not available	not available	not available	not available	not available	not available	not available	1	AC=EFO:0009656;NT=plasma	run 305	proteomic profiling by mass spectrometry	PRM_20260227_Project ALS _Plate4_B5.raw	PRM_20260227_Project ALS _Plate4_B5.raw	NT=Parallel Reaction Monitoring;AC=MS:1002956	AC=MS:1002038;NT=label free sample	1	NT=High-performance liquid chromatography;AC=PRIDE:0000565	1	AC=MS:1001251;NT=Trypsin	not available	NT=Stellar;AC=MS:1003409	NT=Carbamidomethyl;AC=UNIMOD:4;TA=C;MT=Fixed	NT=Higher-energy Collisional Dissociation;AC=MS:1000422	27 NCE	40 ppm	0.05 Da	24005	ALS_samples
PRM_20260227_Project ALS _Plate4_B6	B	6	ALS_samples	18	RB6	0.1	C:\Xcalibur\methods\method1	C:\data\yourdir	PRM_20260227_Project ALS _Plate4_B6	Homo sapiens	blood plasma	Plate4	Project_ALS	not available	not available	not available	not available	not available	not available	not available	not available	1	AC=EFO:0009656;NT=plasma	run 306	proteomic profiling by mass spectrometry	PRM_20260227_Project ALS _Plate4_B6.raw	PRM_20260227_Project ALS _Plate4_B6.raw	NT=Parallel Reaction Monitoring;AC=MS:1002956	AC=MS:1002038;NT=label free sample	1	NT=High-performance liquid chromatography;AC=PRIDE:0000565	1	AC=MS:1001251;NT=Trypsin	not available	NT=Stellar;AC=MS:1003409	NT=Carbamidomethyl;AC=UNIMOD:4;TA=C;MT=Fixed	NT=Higher-energy Collisional Dissociation;AC=MS:1000422	27 NCE	40 ppm	0.05 Da	24005	ALS_samples
PRM_20260227_Project ALS _Plate4_B7	B	7	ALS_samples	19	RB7	0.1	C:\Xcalibur\methods\method1	C:\data\yourdir	PRM_20260227_Project ALS _Plate4_B7	Homo sapiens	blood plasma	Plate4	Project_ALS	not available	not available	not available	not available	not available	not available	not available	not available	1	AC=EFO:0009656;NT=plasma	run 307	proteomic profiling by mass spectrometry	PRM_20260227_Project ALS _Plate4_B7.raw	PRM_20260227_Project ALS _Plate4_B7.raw	NT=Parallel Reaction Monitoring;AC=MS:1002956	AC=MS:1002038;NT=label free sample	1	NT=High-performance liquid chromatography;AC=PRIDE:0000565	1	AC=MS:1001251;NT=Trypsin	not available	NT=Stellar;AC=MS:1003409	NT=Carbamidomethyl;AC=UNIMOD:4;TA=C;MT=Fixed	NT=Higher-energy Collisional Dissociation;AC=MS:1000422	27 NCE	40 ppm	0.05 Da	24005	ALS_samples
PRM_20260227_Project ALS _Plate4_B8	B	8	ALS_samples	20	RB8	0.1	C:\Xcalibur\methods\method1	C:\data\yourdir	PRM_20260227_Project ALS _Plate4_B8	Homo sapiens	blood plasma	Plate4	Project_ALS	not available	not available	not available	not available	not available	not available	not available	not available	1	AC=EFO:0009656;NT=plasma	run 308	proteomic profiling by mass spectrometry	PRM_20260227_Project ALS _Plate4_B8.raw	PRM_20260227_Project ALS _Plate4_B8.raw	NT=Parallel Reaction Monitoring;AC=MS:1002956	AC=MS:1002038;NT=label free sample	1	NT=High-performance liquid chromatography;AC=PRIDE:0000565	1	AC=MS:1001251;NT=Trypsin	not available	NT=Stellar;AC=MS:1003409	NT=Carbamidomethyl;AC=UNIMOD:4;TA=C;MT=Fixed	NT=Higher-energy Collisional Dissociation;AC=MS:1000422	27 NCE	40 ppm	0.05 Da	24005	ALS_samples
PRM_20260227_Project ALS _Plate4_B9	B	9	ALS_samples	21	RB9	0.1	C:\Xcalibur\methods\method1	C:\data\yourdir	PRM_20260227_Project ALS _Plate4_B9	Homo sapiens	blood plasma	Plate4	Project_ALS	not available	not available	not available	not available	not available	not available	not available	not available	1	AC=EFO:0009656;NT=plasma	run 309	proteomic profiling by mass spectrometry	PRM_20260227_Project ALS _Plate4_B9.raw	PRM_20260227_Project ALS _Plate4_B9.raw	NT=Parallel Reaction Monitoring;AC=MS:1002956	AC=MS:1002038;NT=label free sample	1	NT=High-performance liquid chromatography;AC=PRIDE:0000565	1	AC=MS:1001251;NT=Trypsin	not available	NT=Stellar;AC=MS:1003409	NT=Carbamidomethyl;AC=UNIMOD:4;TA=C;MT=Fixed	NT=Higher-energy Collisional Dissociation;AC=MS:1000422	27 NCE	40 ppm	0.05 Da	24005	ALS_samples
PRM_20260227_Project ALS _Plate4_B10	B	10	ALS_samples	22	RB10	0.1	C:\Xcalibur\methods\method1	C:\data\yourdir	PRM_20260227_Project ALS _Plate4_B10	Homo sapiens	blood plasma	Plate4	Project_ALS	not available	not available	not available	not available	not available	not available	not available	not available	1	AC=EFO:0009656;NT=plasma	run 310	proteomic profiling by mass spectrometry	PRM_20260227_Project ALS _Plate4_B10.raw	PRM_20260227_Project ALS _Plate4_B10.raw	NT=Parallel Reaction Monitoring;AC=MS:1002956	AC=MS:1002038;NT=label free sample	1	NT=High-performance liquid chromatography;AC=PRIDE:0000565	1	AC=MS:1001251;NT=Trypsin	not available	NT=Stellar;AC=MS:1003409	NT=Carbamidomethyl;AC=UNIMOD:4;TA=C;MT=Fixed	NT=Higher-energy Collisional Dissociation;AC=MS:1000422	27 NCE	40 ppm	0.05 Da	24005	ALS_samples
PRM_20260227_Project ALS _Plate4_B11	B	11	ALS_samples	23	RB11	0.1	C:\Xcalibur\methods\method1	C:\data\yourdir	PRM_20260227_Project ALS _Plate4_B11	Homo sapiens	blood plasma	Plate4	Project_ALS	not available	not available	not available	not available	not available	not available	not available	not available	1	AC=EFO:0009656;NT=plasma	run 311	proteomic profiling by mass spectrometry	PRM_20260227_Project ALS _Plate4_B11.raw	PRM_20260227_Project ALS _Plate4_B11.raw	NT=Parallel Reaction Monitoring;AC=MS:1002956	AC=MS:1002038;NT=label free sample	1	NT=High-performance liquid chromatography;AC=PRIDE:0000565	1	AC=MS:1001251;NT=Trypsin	not available	NT=Stellar;AC=MS:1003409	NT=Carbamidomethyl;AC=UNIMOD:4;TA=C;MT=Fixed	NT=Higher-energy Collisional Dissociation;AC=MS:1000422	27 NCE	40 ppm	0.05 Da	24005	ALS_samples
PRM_20260227_Project ALS _Plate4_B12	B	12	ALS_samples	24	RB12	0.1	C:\Xcalibur\methods\method1	C:\data\yourdir	PRM_20260227_Project ALS _Plate4_B12	Homo sapiens	blood plasma	Plate4	Project_ALS	not available	not available	not available	not available	not available	not available	not available	not available	1	AC=EFO:0009656;NT=plasma	run 312	proteomic profiling by mass spectrometry	PRM_20260227_Project ALS _Plate4_B12.raw	PRM_20260227_Project ALS _Plate4_B12.raw	NT=Parallel Reaction Monitoring;AC=MS:1002956	AC=MS:1002038;NT=label free sample	1	NT=High-performance liquid chromatography;AC=PRIDE:0000565	1	AC=MS:1001251;NT=Trypsin	not available	NT=Stellar;AC=MS:1003409	NT=Carbamidomethyl;AC=UNIMOD:4;TA=C;MT=Fixed	NT=Higher-energy Collisional Dissociation;AC=MS:1000422	27 NCE	40 ppm	0.05 Da	24005	ALS_samples
PRM_20260227_Project ALS _Plate4_C1	C	1	ALS_samples	25	RC1	0.1	C:\Xcalibur\methods\method1	C:\data\yourdir	PRM_20260227_Project ALS _Plate4_C1	Homo sapiens	blood plasma	Plate4	Project_ALS	not available	not available	not available	not available	not available	not available	not available	not available	1	AC=EFO:0009656;NT=plasma	run 313	proteomic profiling by mass spectrometry	PRM_20260227_Project ALS _Plate4_C1.raw	PRM_20260227_Project ALS _Plate4_C1.raw	NT=Parallel Reaction Monitoring;AC=MS:1002956	AC=MS:1002038;NT=label free sample	1	NT=High-performance liquid chromatography;AC=PRIDE:0000565	1	AC=MS:1001251;NT=Trypsin	not available	NT=Stellar;AC=MS:1003409	NT=Carbamidomethyl;AC=UNIMOD:4;TA=C;MT=Fixed	NT=Higher-energy Collisional Dissociation;AC=MS:1000422	27 NCE	40 ppm	0.05 Da	24005	ALS_samples
PRM_20260227_Project ALS _Plate4_C2	C	2	ALS_samples	26	RC2	0.1	C:\Xcalibur\methods\method1	C:\data\yourdir	PRM_20260227_Project ALS _Plate4_C2	Homo sapiens	blood plasma	Plate4	Project_ALS	not available	not available	not available	not available	not available	not available	not available	not available	1	AC=EFO:0009656;NT=plasma	run 314	proteomic profiling by mass spectrometry	PRM_20260227_Project ALS _Plate4_C2.raw	PRM_20260227_Project ALS _Plate4_C2.raw	NT=Parallel Reaction Monitoring;AC=MS:1002956	AC=MS:1002038;NT=label free sample	1	NT=High-performance liquid chromatography;AC=PRIDE:0000565	1	AC=MS:1001251;NT=Trypsin	not available	NT=Stellar;AC=MS:1003409	NT=Carbamidomethyl;AC=UNIMOD:4;TA=C;MT=Fixed	NT=Higher-energy Collisional Dissociation;AC=MS:1000422	27 NCE	40 ppm	0.05 Da	24005	ALS_samples
PRM_20260227_Project ALS _Plate4_C3	C	3	ALS_samples	27	RC3	0.1	C:\Xcalibur\methods\method1	C:\data\yourdir	PRM_20260227_Project ALS _Plate4_C3	Homo sapiens	blood plasma	Plate4	Project_ALS	not available	not available	not available	not available	not available	not available	not available	not available	1	AC=EFO:0009656;NT=plasma	run 315	proteomic profiling by mass spectrometry	PRM_20260227_Project ALS _Plate4_C3.raw	PRM_20260227_Project ALS _Plate4_C3.raw	NT=Parallel Reaction Monitoring;AC=MS:1002956	AC=MS:1002038;NT=label free sample	1	NT=High-performance liquid chromatography;AC=PRIDE:0000565	1	AC=MS:1001251;NT=Trypsin	not available	NT=Stellar;AC=MS:1003409	NT=Carbamidomethyl;AC=UNIMOD:4;TA=C;MT=Fixed	NT=Higher-energy Collisional Dissociation;AC=MS:1000422	27 NCE	40 ppm	0.05 Da	24005	ALS_samples
PRM_20260227_Project ALS _Plate4_C4	C	4	ALS_samples	28	RC4	0.1	C:\Xcalibur\methods\method1	C:\data\yourdir	PRM_20260227_Project ALS _Plate4_C4	Homo sapiens	blood plasma	Plate4	Project_ALS	not available	not available	not available	not available	not available	not available	not available	not available	1	AC=EFO:0009656;NT=plasma	run 316	proteomic profiling by mass spectrometry	PRM_20260227_Project ALS _Plate4_C4.raw	PRM_20260227_Project ALS _Plate4_C4.raw	NT=Parallel Reaction Monitoring;AC=MS:1002956	AC=MS:1002038;NT=label free sample	1	NT=High-performance liquid chromatography;AC=PRIDE:0000565	1	AC=MS:1001251;NT=Trypsin	not available	NT=Stellar;AC=MS:1003409	NT=Carbamidomethyl;AC=UNIMOD:4;TA=C;MT=Fixed	NT=Higher-energy Collisional Dissociation;AC=MS:1000422	27 NCE	40 ppm	0.05 Da	24005	ALS_samples
PRM_20260227_Project ALS _Plate4_C5	C	5	ALS_samples	29	RC5	0.1	C:\Xcalibur\methods\method1	C:\data\yourdir	PRM_20260227_Project ALS _Plate4_C5	Homo sapiens	blood plasma	Plate4	Project_ALS	not available	not available	not available	not available	not available	not available	not available	not available	1	AC=EFO:0009656;NT=plasma	run 317	proteomic profiling by mass spectrometry	PRM_20260227_Project ALS _Plate4_C5.raw	PRM_20260227_Project ALS _Plate4_C5.raw	NT=Parallel Reaction Monitoring;AC=MS:1002956	AC=MS:1002038;NT=label free sample	1	NT=High-performance liquid chromatography;AC=PRIDE:0000565	1	AC=MS:1001251;NT=Trypsin	not available	NT=Stellar;AC=MS:1003409	NT=Carbamidomethyl;AC=UNIMOD:4;TA=C;MT=Fixed	NT=Higher-energy Collisional Dissociation;AC=MS:1000422	27 NCE	40 ppm	0.05 Da	24005	ALS_samples
PRM_20260227_Project ALS _Plate4_C6	C	6	ALS_samples	30	RC6	0.1	C:\Xcalibur\methods\method1	C:\data\yourdir	PRM_20260227_Project ALS _Plate4_C6	Homo sapiens	blood plasma	Plate4	Project_ALS	not available	not available	not available	not available	not available	not available	not available	not available	1	AC=EFO:0009656;NT=plasma	run 318	proteomic profiling by mass spectrometry	PRM_20260227_Project ALS _Plate4_C6.raw	PRM_20260227_Project ALS _Plate4_C6.raw	NT=Parallel Reaction Monitoring;AC=MS:1002956	AC=MS:1002038;NT=label free sample	1	NT=High-performance liquid chromatography;AC=PRIDE:0000565	1	AC=MS:1001251;NT=Trypsin	not available	NT=Stellar;AC=MS:1003409	NT=Carbamidomethyl;AC=UNIMOD:4;TA=C;MT=Fixed	NT=Higher-energy Collisional Dissociation;AC=MS:1000422	27 NCE	40 ppm	0.05 Da	24005	ALS_samples
PRM_20260227_Project ALS _Plate4_C7	C	7	ALS_samples	31	RC7	0.1	C:\Xcalibur\methods\method1	C:\data\yourdir	PRM_20260227_Project ALS _Plate4_C7	Homo sapiens	blood plasma	Plate4	Project_ALS	not available	not available	not available	not available	not available	not available	not available	not available	1	AC=EFO:0009656;NT=plasma	run 319	proteomic profiling by mass spectrometry	PRM_20260227_Project ALS _Plate4_C7.raw	PRM_20260227_Project ALS _Plate4_C7.raw	NT=Parallel Reaction Monitoring;AC=MS:1002956	AC=MS:1002038;NT=label free sample	1	NT=High-performance liquid chromatography;AC=PRIDE:0000565	1	AC=MS:1001251;NT=Trypsin	not available	NT=Stellar;AC=MS:1003409	NT=Carbamidomethyl;AC=UNIMOD:4;TA=C;MT=Fixed	NT=Higher-energy Collisional Dissociation;AC=MS:1000422	27 NCE	40 ppm	0.05 Da	24005	ALS_samples
PRM_20260227_Project ALS _Plate4_C8	C	8	ALS_samples	32	RC8	0.1	C:\Xcalibur\methods\method1	C:\data\yourdir	PRM_20260227_Project ALS _Plate4_C8	Homo sapiens	blood plasma	Plate4	Project_ALS	not available	not available	not available	not available	not available	not available	not available	not available	1	AC=EFO:0009656;NT=plasma	run 320	proteomic profiling by mass spectrometry	PRM_20260227_Project ALS _Plate4_C8.raw	PRM_20260227_Project ALS _Plate4_C8.raw	NT=Parallel Reaction Monitoring;AC=MS:1002956	AC=MS:1002038;NT=label free sample	1	NT=High-performance liquid chromatography;AC=PRIDE:0000565	1	AC=MS:1001251;NT=Trypsin	not available	NT=Stellar;AC=MS:1003409	NT=Carbamidomethyl;AC=UNIMOD:4;TA=C;MT=Fixed	NT=Higher-energy Collisional Dissociation;AC=MS:1000422	27 NCE	40 ppm	0.05 Da	24005	ALS_samples
PRM_20260227_Project ALS _Plate4_C9	C	9	ALS_samples	33	RC9	0.1	C:\Xcalibur\methods\method1	C:\data\yourdir	PRM_20260227_Project ALS _Plate4_C9	Homo sapiens	blood plasma	Plate4	Project_ALS	not available	not available	not available	not available	not available	not available	not available	not available	1	AC=EFO:0009656;NT=plasma	run 321	proteomic profiling by mass spectrometry	PRM_20260227_Project ALS _Plate4_C9.raw	PRM_20260227_Project ALS _Plate4_C9.raw	NT=Parallel Reaction Monitoring;AC=MS:1002956	AC=MS:1002038;NT=label free sample	1	NT=High-performance liquid chromatography;AC=PRIDE:0000565	1	AC=MS:1001251;NT=Trypsin	not available	NT=Stellar;AC=MS:1003409	NT=Carbamidomethyl;AC=UNIMOD:4;TA=C;MT=Fixed	NT=Higher-energy Collisional Dissociation;AC=MS:1000422	27 NCE	40 ppm	0.05 Da	24005	ALS_samples
PRM_20260227_Project ALS _Plate4_C10	C	10	ALS_samples	34	RC10	0.1	C:\Xcalibur\methods\method1	C:\data\yourdir	PRM_20260227_Project ALS _Plate4_C10	Homo sapiens	blood plasma	Plate4	Project_ALS	not available	not available	not available	not available	not available	not available	not available	not available	1	AC=EFO:0009656;NT=plasma	run 322	proteomic profiling by mass spectrometry	PRM_20260227_Project ALS _Plate4_C10.raw	PRM_20260227_Project ALS _Plate4_C10.raw	NT=Parallel Reaction Monitoring;AC=MS:1002956	AC=MS:1002038;NT=label free sample	1	NT=High-performance liquid chromatography;AC=PRIDE:0000565	1	AC=MS:1001251;NT=Trypsin	not available	NT=Stellar;AC=MS:1003409	NT=Carbamidomethyl;AC=UNIMOD:4;TA=C;MT=Fixed	NT=Higher-energy Collisional Dissociation;AC=MS:1000422	27 NCE	40 ppm	0.05 Da	24005	ALS_samples
PRM_20260227_Project ALS _Plate4_C11	C	11	ALS_samples	35	RC11	0.1	C:\Xcalibur\methods\method1	C:\data\yourdir	PRM_20260227_Project ALS _Plate4_C11	Homo sapiens	blood plasma	Plate4	Project_ALS	not available	not available	not available	not available	not available	not available	not available	not available	1	AC=EFO:0009656;NT=plasma	run 323	proteomic profiling by mass spectrometry	PRM_20260227_Project ALS _Plate4_C11.raw	PRM_20260227_Project ALS _Plate4_C11.raw	NT=Parallel Reaction Monitoring;AC=MS:1002956	AC=MS:1002038;NT=label free sample	1	NT=High-performance liquid chromatography;AC=PRIDE:0000565	1	AC=MS:1001251;NT=Trypsin	not available	NT=Stellar;AC=MS:1003409	NT=Carbamidomethyl;AC=UNIMOD:4;TA=C;MT=Fixed	NT=Higher-energy Collisional Dissociation;AC=MS:1000422	27 NCE	40 ppm	0.05 Da	24005	ALS_samples
PRM_20260227_Project ALS _Plate4_C12	C	12	ALS_samples	36	RC12	0.1	C:\Xcalibur\methods\method1	C:\data\yourdir	PRM_20260227_Project ALS _Plate4_C12	Homo sapiens	blood plasma	Plate4	Project_ALS	not available	not available	not available	not available	not available	not available	not available	not available	1	AC=EFO:0009656;NT=plasma	run 324	proteomic profiling by mass spectrometry	PRM_20260227_Project ALS _Plate4_C12.raw	PRM_20260227_Project ALS _Plate4_C12.raw	NT=Parallel Reaction Monitoring;AC=MS:1002956	AC=MS:1002038;NT=label free sample	1	NT=High-performance liquid chromatography;AC=PRIDE:0000565	1	AC=MS:1001251;NT=Trypsin	not available	NT=Stellar;AC=MS:1003409	NT=Carbamidomethyl;AC=UNIMOD:4;TA=C;MT=Fixed	NT=Higher-energy Collisional Dissociation;AC=MS:1000422	27 NCE	40 ppm	0.05 Da	24005	ALS_samples
PRM_20260227_Project ALS _Plate4_D1	D	1	ALS_samples	37	RD1	0.1	C:\Xcalibur\methods\method1	C:\data\yourdir	PRM_20260227_Project ALS _Plate4_D1	Homo sapiens	blood plasma	Plate4	Project_ALS	not available	not available	not available	not available	not available	not available	not available	not available	1	AC=EFO:0009656;NT=plasma	run 325	proteomic profiling by mass spectrometry	PRM_20260227_Project ALS _Plate4_D1.raw	PRM_20260227_Project ALS _Plate4_D1.raw	NT=Parallel Reaction Monitoring;AC=MS:1002956	AC=MS:1002038;NT=label free sample	1	NT=High-performance liquid chromatography;AC=PRIDE:0000565	1	AC=MS:1001251;NT=Trypsin	not available	NT=Stellar;AC=MS:1003409	NT=Carbamidomethyl;AC=UNIMOD:4;TA=C;MT=Fixed	NT=Higher-energy Collisional Dissociation;AC=MS:1000422	27 NCE	40 ppm	0.05 Da	24005	ALS_samples
PRM_20260227_Project ALS _Plate4_D2	D	2	ALS_samples	38	RD2	0.1	C:\Xcalibur\methods\method1	C:\data\yourdir	PRM_20260227_Project ALS _Plate4_D2	Homo sapiens	blood plasma	Plate4	Project_ALS	not available	not available	not available	not available	not available	not available	not available	not available	1	AC=EFO:0009656;NT=plasma	run 326	proteomic profiling by mass spectrometry	PRM_20260227_Project ALS _Plate4_D2.raw	PRM_20260227_Project ALS _Plate4_D2.raw	NT=Parallel Reaction Monitoring;AC=MS:1002956	AC=MS:1002038;NT=label free sample	1	NT=High-performance liquid chromatography;AC=PRIDE:0000565	1	AC=MS:1001251;NT=Trypsin	not available	NT=Stellar;AC=MS:1003409	NT=Carbamidomethyl;AC=UNIMOD:4;TA=C;MT=Fixed	NT=Higher-energy Collisional Dissociation;AC=MS:1000422	27 NCE	40 ppm	0.05 Da	24005	ALS_samples
PRM_20260227_Project ALS _Plate4_D3	D	3	ALS_samples	39	RD3	0.1	C:\Xcalibur\methods\method1	C:\data\yourdir	PRM_20260227_Project ALS _Plate4_D3	Homo sapiens	blood plasma	Plate4	Project_ALS	not available	not available	not available	not available	not available	not available	not available	not available	1	AC=EFO:0009656;NT=plasma	run 327	proteomic profiling by mass spectrometry	PRM_20260227_Project ALS _Plate4_D3.raw	PRM_20260227_Project ALS _Plate4_D3.raw	NT=Parallel Reaction Monitoring;AC=MS:1002956	AC=MS:1002038;NT=label free sample	1	NT=High-performance liquid chromatography;AC=PRIDE:0000565	1	AC=MS:1001251;NT=Trypsin	not available	NT=Stellar;AC=MS:1003409	NT=Carbamidomethyl;AC=UNIMOD:4;TA=C;MT=Fixed	NT=Higher-energy Collisional Dissociation;AC=MS:1000422	27 NCE	40 ppm	0.05 Da	24005	ALS_samples
PRM_20260227_Project ALS _Plate4_D4	D	4	ALS_samples	40	RD4	0.1	C:\Xcalibur\methods\method1	C:\data\yourdir	PRM_20260227_Project ALS _Plate4_D4	Homo sapiens	blood plasma	Plate4	Project_ALS	not available	not available	not available	not available	not available	not available	not available	not available	1	AC=EFO:0009656;NT=plasma	run 328	proteomic profiling by mass spectrometry	PRM_20260227_Project ALS _Plate4_D4.raw	PRM_20260227_Project ALS _Plate4_D4.raw	NT=Parallel Reaction Monitoring;AC=MS:1002956	AC=MS:1002038;NT=label free sample	1	NT=High-performance liquid chromatography;AC=PRIDE:0000565	1	AC=MS:1001251;NT=Trypsin	not available	NT=Stellar;AC=MS:1003409	NT=Carbamidomethyl;AC=UNIMOD:4;TA=C;MT=Fixed	NT=Higher-energy Collisional Dissociation;AC=MS:1000422	27 NCE	40 ppm	0.05 Da	24005	ALS_samples
PRM_20260227_Project ALS _Plate4_D5	D	5	ALS_samples	41	RD5	0.1	C:\Xcalibur\methods\method1	C:\data\yourdir	PRM_20260227_Project ALS _Plate4_D5	Homo sapiens	blood plasma	Plate4	Project_ALS	not available	not available	not available	not available	not available	not available	not available	not available	1	AC=EFO:0009656;NT=plasma	run 329	proteomic profiling by mass spectrometry	PRM_20260227_Project ALS _Plate4_D5.raw	PRM_20260227_Project ALS _Plate4_D5.raw	NT=Parallel Reaction Monitoring;AC=MS:1002956	AC=MS:1002038;NT=label free sample	1	NT=High-performance liquid chromatography;AC=PRIDE:0000565	1	AC=MS:1001251;NT=Trypsin	not available	NT=Stellar;AC=MS:1003409	NT=Carbamidomethyl;AC=UNIMOD:4;TA=C;MT=Fixed	NT=Higher-energy Collisional Dissociation;AC=MS:1000422	27 NCE	40 ppm	0.05 Da	24005	ALS_samples
PRM_20260227_Project ALS _Plate4_D6	D	6	ALS_samples	42	RD6	0.1	C:\Xcalibur\methods\method1	C:\data\yourdir	PRM_20260227_Project ALS _Plate4_D6	Homo sapiens	blood plasma	Plate4	Project_ALS	not available	not available	not available	not available	not available	not available	not available	not available	1	AC=EFO:0009656;NT=plasma	run 330	proteomic profiling by mass spectrometry	PRM_20260227_Project ALS _Plate4_D6.raw	PRM_20260227_Project ALS _Plate4_D6.raw	NT=Parallel Reaction Monitoring;AC=MS:1002956	AC=MS:1002038;NT=label free sample	1	NT=High-performance liquid chromatography;AC=PRIDE:0000565	1	AC=MS:1001251;NT=Trypsin	not available	NT=Stellar;AC=MS:1003409	NT=Carbamidomethyl;AC=UNIMOD:4;TA=C;MT=Fixed	NT=Higher-energy Collisional Dissociation;AC=MS:1000422	27 NCE	40 ppm	0.05 Da	24005	ALS_samples
PRM_20260227_Project ALS _Plate4_D7	D	7	ALS_samples	43	RD7	0.1	C:\Xcalibur\methods\method1	C:\data\yourdir	PRM_20260227_Project ALS _Plate4_D7	Homo sapiens	blood plasma	Plate4	Project_ALS	not available	not available	not available	not available	not available	not available	not available	not available	1	AC=EFO:0009656;NT=plasma	run 331	proteomic profiling by mass spectrometry	PRM_20260227_Project ALS _Plate4_D7.raw	PRM_20260227_Project ALS _Plate4_D7.raw	NT=Parallel Reaction Monitoring;AC=MS:1002956	AC=MS:1002038;NT=label free sample	1	NT=High-performance liquid chromatography;AC=PRIDE:0000565	1	AC=MS:1001251;NT=Trypsin	not available	NT=Stellar;AC=MS:1003409	NT=Carbamidomethyl;AC=UNIMOD:4;TA=C;MT=Fixed	NT=Higher-energy Collisional Dissociation;AC=MS:1000422	27 NCE	40 ppm	0.05 Da	24005	ALS_samples
PRM_20260227_Project ALS _Plate4_D8	D	8	ALS_samples	44	RD8	0.1	C:\Xcalibur\methods\method1	C:\data\yourdir	PRM_20260227_Project ALS _Plate4_D8	Homo sapiens	blood plasma	Plate4	Project_ALS	not available	not available	not available	not available	not available	not available	not available	not available	1	AC=EFO:0009656;NT=plasma	run 332	proteomic profiling by mass spectrometry	PRM_20260227_Project ALS _Plate4_D8.raw	PRM_20260227_Project ALS _Plate4_D8.raw	NT=Parallel Reaction Monitoring;AC=MS:1002956	AC=MS:1002038;NT=label free sample	1	NT=High-performance liquid chromatography;AC=PRIDE:0000565	1	AC=MS:1001251;NT=Trypsin	not available	NT=Stellar;AC=MS:1003409	NT=Carbamidomethyl;AC=UNIMOD:4;TA=C;MT=Fixed	NT=Higher-energy Collisional Dissociation;AC=MS:1000422	27 NCE	40 ppm	0.05 Da	24005	ALS_samples
PRM_20260227_Project ALS _Plate4_D9	D	9	ALS_samples	45	RD9	0.1	C:\Xcalibur\methods\method1	C:\data\yourdir	PRM_20260227_Project ALS _Plate4_D9	Homo sapiens	blood plasma	Plate4	Project_ALS	not available	not available	not available	not available	not available	not available	not available	not available	1	AC=EFO:0009656;NT=plasma	run 333	proteomic profiling by mass spectrometry	PRM_20260227_Project ALS _Plate4_D9.raw	PRM_20260227_Project ALS _Plate4_D9.raw	NT=Parallel Reaction Monitoring;AC=MS:1002956	AC=MS:1002038;NT=label free sample	1	NT=High-performance liquid chromatography;AC=PRIDE:0000565	1	AC=MS:1001251;NT=Trypsin	not available	NT=Stellar;AC=MS:1003409	NT=Carbamidomethyl;AC=UNIMOD:4;TA=C;MT=Fixed	NT=Higher-energy Collisional Dissociation;AC=MS:1000422	27 NCE	40 ppm	0.05 Da	24005	ALS_samples
PRM_20260227_Project ALS _Plate4_D10	D	10	ALS_samples	46	RD10	0.1	C:\Xcalibur\methods\method1	C:\data\yourdir	PRM_20260227_Project ALS _Plate4_D10	Homo sapiens	blood plasma	Plate4	Project_ALS	not available	not available	not available	not available	not available	not available	not available	not available	1	AC=EFO:0009656;NT=plasma	run 334	proteomic profiling by mass spectrometry	PRM_20260227_Project ALS _Plate4_D10.raw	PRM_20260227_Project ALS _Plate4_D10.raw	NT=Parallel Reaction Monitoring;AC=MS:1002956	AC=MS:1002038;NT=label free sample	1	NT=High-performance liquid chromatography;AC=PRIDE:0000565	1	AC=MS:1001251;NT=Trypsin	not available	NT=Stellar;AC=MS:1003409	NT=Carbamidomethyl;AC=UNIMOD:4;TA=C;MT=Fixed	NT=Higher-energy Collisional Dissociation;AC=MS:1000422	27 NCE	40 ppm	0.05 Da	24005	ALS_samples
PRM_20260227_Project ALS _Plate4_D11	D	11	ALS_samples	47	RD11	0.1	C:\Xcalibur\methods\method1	C:\data\yourdir	PRM_20260227_Project ALS _Plate4_D11	Homo sapiens	blood plasma	Plate4	Project_ALS	not available	not available	not available	not available	not available	not available	not available	not available	1	AC=EFO:0009656;NT=plasma	run 335	proteomic profiling by mass spectrometry	PRM_20260227_Project ALS _Plate4_D11.raw	PRM_20260227_Project ALS _Plate4_D11.raw	NT=Parallel Reaction Monitoring;AC=MS:1002956	AC=MS:1002038;NT=label free sample	1	NT=High-performance liquid chromatography;AC=PRIDE:0000565	1	AC=MS:1001251;NT=Trypsin	not available	NT=Stellar;AC=MS:1003409	NT=Carbamidomethyl;AC=UNIMOD:4;TA=C;MT=Fixed	NT=Higher-energy Collisional Dissociation;AC=MS:1000422	27 NCE	40 ppm	0.05 Da	24005	ALS_samples
PRM_20260227_Project ALS _Plate4_D12	D	12	ALS_samples	48	RD12	0.1	C:\Xcalibur\methods\method1	C:\data\yourdir	PRM_20260227_Project ALS _Plate4_D12	Homo sapiens	blood plasma	Plate4	Project_ALS	not available	not available	not available	not available	not available	not available	not available	not available	1	AC=EFO:0009656;NT=plasma	run 336	proteomic profiling by mass spectrometry	PRM_20260227_Project ALS _Plate4_D12.raw	PRM_20260227_Project ALS _Plate4_D12.raw	NT=Parallel Reaction Monitoring;AC=MS:1002956	AC=MS:1002038;NT=label free sample	1	NT=High-performance liquid chromatography;AC=PRIDE:0000565	1	AC=MS:1001251;NT=Trypsin	not available	NT=Stellar;AC=MS:1003409	NT=Carbamidomethyl;AC=UNIMOD:4;TA=C;MT=Fixed	NT=Higher-energy Collisional Dissociation;AC=MS:1000422	27 NCE	40 ppm	0.05 Da	24005	ALS_samples
PRM_20260227_Project ALS _Plate4_E1	E	1	ALS_samples	49	RE1	0.1	C:\Xcalibur\methods\method1	C:\data\yourdir	PRM_20260227_Project ALS _Plate4_E1	Homo sapiens	blood plasma	Plate4	Project_ALS	not available	not available	not available	not available	not available	not available	not available	not available	1	AC=EFO:0009656;NT=plasma	run 337	proteomic profiling by mass spectrometry	PRM_20260227_Project ALS _Plate4_E1.raw	PRM_20260227_Project ALS _Plate4_E1.raw	NT=Parallel Reaction Monitoring;AC=MS:1002956	AC=MS:1002038;NT=label free sample	1	NT=High-performance liquid chromatography;AC=PRIDE:0000565	1	AC=MS:1001251;NT=Trypsin	not available	NT=Stellar;AC=MS:1003409	NT=Carbamidomethyl;AC=UNIMOD:4;TA=C;MT=Fixed	NT=Higher-energy Collisional Dissociation;AC=MS:1000422	27 NCE	40 ppm	0.05 Da	24005	ALS_samples
PRM_20260227_Project ALS _Plate4_E2	E	2	ALS_samples	50	RE2	0.1	C:\Xcalibur\methods\method1	C:\data\yourdir	PRM_20260227_Project ALS _Plate4_E2	Homo sapiens	blood plasma	Plate4	Project_ALS	not available	not available	not available	not available	not available	not available	not available	not available	1	AC=EFO:0009656;NT=plasma	run 338	proteomic profiling by mass spectrometry	PRM_20260227_Project ALS _Plate4_E2.raw	PRM_20260227_Project ALS _Plate4_E2.raw	NT=Parallel Reaction Monitoring;AC=MS:1002956	AC=MS:1002038;NT=label free sample	1	NT=High-performance liquid chromatography;AC=PRIDE:0000565	1	AC=MS:1001251;NT=Trypsin	not available	NT=Stellar;AC=MS:1003409	NT=Carbamidomethyl;AC=UNIMOD:4;TA=C;MT=Fixed	NT=Higher-energy Collisional Dissociation;AC=MS:1000422	27 NCE	40 ppm	0.05 Da	24005	ALS_samples
PRM_20260227_Project ALS _Plate4_E3	E	3	ALS_samples	51	RE3	0.1	C:\Xcalibur\methods\method1	C:\data\yourdir	PRM_20260227_Project ALS _Plate4_E3	Homo sapiens	blood plasma	Plate4	Project_ALS	not available	not available	not available	not available	not available	not available	not available	not available	1	AC=EFO:0009656;NT=plasma	run 339	proteomic profiling by mass spectrometry	PRM_20260227_Project ALS _Plate4_E3.raw	PRM_20260227_Project ALS _Plate4_E3.raw	NT=Parallel Reaction Monitoring;AC=MS:1002956	AC=MS:1002038;NT=label free sample	1	NT=High-performance liquid chromatography;AC=PRIDE:0000565	1	AC=MS:1001251;NT=Trypsin	not available	NT=Stellar;AC=MS:1003409	NT=Carbamidomethyl;AC=UNIMOD:4;TA=C;MT=Fixed	NT=Higher-energy Collisional Dissociation;AC=MS:1000422	27 NCE	40 ppm	0.05 Da	24005	ALS_samples
PRM_20260227_Project ALS _Plate4_E4	E	4	ALS_samples	52	RE4	0.1	C:\Xcalibur\methods\method1	C:\data\yourdir	PRM_20260227_Project ALS _Plate4_E4	Homo sapiens	blood plasma	Plate4	Project_ALS	not available	not available	not available	not available	not available	not available	not available	not available	1	AC=EFO:0009656;NT=plasma	run 340	proteomic profiling by mass spectrometry	PRM_20260227_Project ALS _Plate4_E4.raw	PRM_20260227_Project ALS _Plate4_E4.raw	NT=Parallel Reaction Monitoring;AC=MS:1002956	AC=MS:1002038;NT=label free sample	1	NT=High-performance liquid chromatography;AC=PRIDE:0000565	1	AC=MS:1001251;NT=Trypsin	not available	NT=Stellar;AC=MS:1003409	NT=Carbamidomethyl;AC=UNIMOD:4;TA=C;MT=Fixed	NT=Higher-energy Collisional Dissociation;AC=MS:1000422	27 NCE	40 ppm	0.05 Da	24005	ALS_samples
PRM_20260227_Project ALS _Plate4_E5	E	5	ALS_samples	53	RE5	0.1	C:\Xcalibur\methods\method1	C:\data\yourdir	PRM_20260227_Project ALS _Plate4_E5	Homo sapiens	blood plasma	Plate4	Project_ALS	not available	not available	not available	not available	not available	not available	not available	not available	1	AC=EFO:0009656;NT=plasma	run 341	proteomic profiling by mass spectrometry	PRM_20260227_Project ALS _Plate4_E5.raw	PRM_20260227_Project ALS _Plate4_E5.raw	NT=Parallel Reaction Monitoring;AC=MS:1002956	AC=MS:1002038;NT=label free sample	1	NT=High-performance liquid chromatography;AC=PRIDE:0000565	1	AC=MS:1001251;NT=Trypsin	not available	NT=Stellar;AC=MS:1003409	NT=Carbamidomethyl;AC=UNIMOD:4;TA=C;MT=Fixed	NT=Higher-energy Collisional Dissociation;AC=MS:1000422	27 NCE	40 ppm	0.05 Da	24005	ALS_samples
PRM_20260227_Project ALS _Plate4_E6	E	6	ALS_samples	54	RE6	0.1	C:\Xcalibur\methods\method1	C:\data\yourdir	PRM_20260227_Project ALS _Plate4_E6	Homo sapiens	blood plasma	Plate4	Project_ALS	not available	not available	not available	not available	not available	not available	not available	not available	1	AC=EFO:0009656;NT=plasma	run 342	proteomic profiling by mass spectrometry	PRM_20260227_Project ALS _Plate4_E6.raw	PRM_20260227_Project ALS _Plate4_E6.raw	NT=Parallel Reaction Monitoring;AC=MS:1002956	AC=MS:1002038;NT=label free sample	1	NT=High-performance liquid chromatography;AC=PRIDE:0000565	1	AC=MS:1001251;NT=Trypsin	not available	NT=Stellar;AC=MS:1003409	NT=Carbamidomethyl;AC=UNIMOD:4;TA=C;MT=Fixed	NT=Higher-energy Collisional Dissociation;AC=MS:1000422	27 NCE	40 ppm	0.05 Da	24005	ALS_samples
PRM_20260227_Project ALS _Plate4_E7	E	7	ALS_samples	55	RE7	0.1	C:\Xcalibur\methods\method1	C:\data\yourdir	PRM_20260227_Project ALS _Plate4_E7	Homo sapiens	blood plasma	Plate4	Project_ALS	not available	not available	not available	not available	not available	not available	not available	not available	1	AC=EFO:0009656;NT=plasma	run 343	proteomic profiling by mass spectrometry	PRM_20260227_Project ALS _Plate4_E7.raw	PRM_20260227_Project ALS _Plate4_E7.raw	NT=Parallel Reaction Monitoring;AC=MS:1002956	AC=MS:1002038;NT=label free sample	1	NT=High-performance liquid chromatography;AC=PRIDE:0000565	1	AC=MS:1001251;NT=Trypsin	not available	NT=Stellar;AC=MS:1003409	NT=Carbamidomethyl;AC=UNIMOD:4;TA=C;MT=Fixed	NT=Higher-energy Collisional Dissociation;AC=MS:1000422	27 NCE	40 ppm	0.05 Da	24005	ALS_samples
PRM_20260227_Project ALS _Plate4_E8	E	8	ALS_samples	56	RE8	0.1	C:\Xcalibur\methods\method1	C:\data\yourdir	PRM_20260227_Project ALS _Plate4_E8	Homo sapiens	blood plasma	Plate4	Project_ALS	not available	not available	not available	not available	not available	not available	not available	not available	1	AC=EFO:0009656;NT=plasma	run 344	proteomic profiling by mass spectrometry	PRM_20260227_Project ALS _Plate4_E8.raw	PRM_20260227_Project ALS _Plate4_E8.raw	NT=Parallel Reaction Monitoring;AC=MS:1002956	AC=MS:1002038;NT=label free sample	1	NT=High-performance liquid chromatography;AC=PRIDE:0000565	1	AC=MS:1001251;NT=Trypsin	not available	NT=Stellar;AC=MS:1003409	NT=Carbamidomethyl;AC=UNIMOD:4;TA=C;MT=Fixed	NT=Higher-energy Collisional Dissociation;AC=MS:1000422	27 NCE	40 ppm	0.05 Da	24005	ALS_samples
PRM_20260227_Project ALS _Plate4_E9	E	9	ALS_samples	57	RE9	0.1	C:\Xcalibur\methods\method1	C:\data\yourdir	PRM_20260227_Project ALS _Plate4_E9	Homo sapiens	blood plasma	Plate4	Project_ALS	not available	not available	not available	not available	not available	not available	not available	not available	1	AC=EFO:0009656;NT=plasma	run 345	proteomic profiling by mass spectrometry	PRM_20260227_Project ALS _Plate4_E9.raw	PRM_20260227_Project ALS _Plate4_E9.raw	NT=Parallel Reaction Monitoring;AC=MS:1002956	AC=MS:1002038;NT=label free sample	1	NT=High-performance liquid chromatography;AC=PRIDE:0000565	1	AC=MS:1001251;NT=Trypsin	not available	NT=Stellar;AC=MS:1003409	NT=Carbamidomethyl;AC=UNIMOD:4;TA=C;MT=Fixed	NT=Higher-energy Collisional Dissociation;AC=MS:1000422	27 NCE	40 ppm	0.05 Da	24005	ALS_samples
PRM_20260227_Project ALS _Plate4_E10	E	10	ALS_samples	58	RE10	0.1	C:\Xcalibur\methods\method1	C:\data\yourdir	PRM_20260227_Project ALS _Plate4_E10	Homo sapiens	blood plasma	Plate4	Project_ALS	not available	not available	not available	not available	not available	not available	not available	not available	1	AC=EFO:0009656;NT=plasma	run 346	proteomic profiling by mass spectrometry	PRM_20260227_Project ALS _Plate4_E10.raw	PRM_20260227_Project ALS _Plate4_E10.raw	NT=Parallel Reaction Monitoring;AC=MS:1002956	AC=MS:1002038;NT=label free sample	1	NT=High-performance liquid chromatography;AC=PRIDE:0000565	1	AC=MS:1001251;NT=Trypsin	not available	NT=Stellar;AC=MS:1003409	NT=Carbamidomethyl;AC=UNIMOD:4;TA=C;MT=Fixed	NT=Higher-energy Collisional Dissociation;AC=MS:1000422	27 NCE	40 ppm	0.05 Da	24005	ALS_samples
PRM_20260227_Project ALS _Plate4_E11	E	11	ALS_samples	59	RE11	0.1	C:\Xcalibur\methods\method1	C:\data\yourdir	PRM_20260227_Project ALS _Plate4_E11	Homo sapiens	blood plasma	Plate4	Project_ALS	not available	not available	not available	not available	not available	not available	not available	not available	1	AC=EFO:0009656;NT=plasma	run 347	proteomic profiling by mass spectrometry	PRM_20260227_Project ALS _Plate4_E11.raw	PRM_20260227_Project ALS _Plate4_E11.raw	NT=Parallel Reaction Monitoring;AC=MS:1002956	AC=MS:1002038;NT=label free sample	1	NT=High-performance liquid chromatography;AC=PRIDE:0000565	1	AC=MS:1001251;NT=Trypsin	not available	NT=Stellar;AC=MS:1003409	NT=Carbamidomethyl;AC=UNIMOD:4;TA=C;MT=Fixed	NT=Higher-energy Collisional Dissociation;AC=MS:1000422	27 NCE	40 ppm	0.05 Da	24005	ALS_samples
PRM_20260227_Project ALS _Plate4_E12	E	12	ALS_samples	60	RE12	0.1	C:\Xcalibur\methods\method1	C:\data\yourdir	PRM_20260227_Project ALS _Plate4_E12	Homo sapiens	blood plasma	Plate4	Project_ALS	not available	not available	not available	not available	not available	not available	not available	not available	1	AC=EFO:0009656;NT=plasma	run 348	proteomic profiling by mass spectrometry	PRM_20260227_Project ALS _Plate4_E12.raw	PRM_20260227_Project ALS _Plate4_E12.raw	NT=Parallel Reaction Monitoring;AC=MS:1002956	AC=MS:1002038;NT=label free sample	1	NT=High-performance liquid chromatography;AC=PRIDE:0000565	1	AC=MS:1001251;NT=Trypsin	not available	NT=Stellar;AC=MS:1003409	NT=Carbamidomethyl;AC=UNIMOD:4;TA=C;MT=Fixed	NT=Higher-energy Collisional Dissociation;AC=MS:1000422	27 NCE	40 ppm	0.05 Da	24005	ALS_samples
PRM_20260227_Project ALS _Plate4_F1	F	1	ALS_samples	61	RF1	0.1	C:\Xcalibur\methods\method1	C:\data\yourdir	PRM_20260227_Project ALS _Plate4_F1	Homo sapiens	blood plasma	Plate4	Project_ALS	not available	not available	not available	not available	not available	not available	not available	not available	1	AC=EFO:0009656;NT=plasma	run 349	proteomic profiling by mass spectrometry	PRM_20260227_Project ALS _Plate4_F1.raw	PRM_20260227_Project ALS _Plate4_F1.raw	NT=Parallel Reaction Monitoring;AC=MS:1002956	AC=MS:1002038;NT=label free sample	1	NT=High-performance liquid chromatography;AC=PRIDE:0000565	1	AC=MS:1001251;NT=Trypsin	not available	NT=Stellar;AC=MS:1003409	NT=Carbamidomethyl;AC=UNIMOD:4;TA=C;MT=Fixed	NT=Higher-energy Collisional Dissociation;AC=MS:1000422	27 NCE	40 ppm	0.05 Da	24005	ALS_samples
PRM_20260227_Project ALS _Plate4_F2	F	2	ALS_samples	62	RF2	0.1	C:\Xcalibur\methods\method1	C:\data\yourdir	PRM_20260227_Project ALS _Plate4_F2	Homo sapiens	blood plasma	Plate4	Project_ALS	not available	not available	not available	not available	not available	not available	not available	not available	1	AC=EFO:0009656;NT=plasma	run 350	proteomic profiling by mass spectrometry	PRM_20260227_Project ALS _Plate4_F2.raw	PRM_20260227_Project ALS _Plate4_F2.raw	NT=Parallel Reaction Monitoring;AC=MS:1002956	AC=MS:1002038;NT=label free sample	1	NT=High-performance liquid chromatography;AC=PRIDE:0000565	1	AC=MS:1001251;NT=Trypsin	not available	NT=Stellar;AC=MS:1003409	NT=Carbamidomethyl;AC=UNIMOD:4;TA=C;MT=Fixed	NT=Higher-energy Collisional Dissociation;AC=MS:1000422	27 NCE	40 ppm	0.05 Da	24005	ALS_samples
PRM_20260227_Project ALS _Plate4_F3	F	3	ALS_samples	63	RF3	0.1	C:\Xcalibur\methods\method1	C:\data\yourdir	PRM_20260227_Project ALS _Plate4_F3	Homo sapiens	blood plasma	Plate4	Project_ALS	not available	not available	not available	not available	not available	not available	not available	not available	1	AC=EFO:0009656;NT=plasma	run 351	proteomic profiling by mass spectrometry	PRM_20260227_Project ALS _Plate4_F3.raw	PRM_20260227_Project ALS _Plate4_F3.raw	NT=Parallel Reaction Monitoring;AC=MS:1002956	AC=MS:1002038;NT=label free sample	1	NT=High-performance liquid chromatography;AC=PRIDE:0000565	1	AC=MS:1001251;NT=Trypsin	not available	NT=Stellar;AC=MS:1003409	NT=Carbamidomethyl;AC=UNIMOD:4;TA=C;MT=Fixed	NT=Higher-energy Collisional Dissociation;AC=MS:1000422	27 NCE	40 ppm	0.05 Da	24005	ALS_samples
PRM_20260227_Project ALS _Plate4_F4	F	4	Control	64	RF4	0.1	C:\Xcalibur\methods\method1	C:\data\yourdir	PRM_20260227_Project ALS _Plate4_F4	Homo sapiens	blood plasma	Plate4	Project_ALS	not available	not available	not available	not available	not available	not available	not available	not available	1	AC=EFO:0009656;NT=plasma	run 352	proteomic profiling by mass spectrometry	PRM_20260227_Project ALS _Plate4_F4.raw	PRM_20260227_Project ALS _Plate4_F4.raw	NT=Parallel Reaction Monitoring;AC=MS:1002956	AC=MS:1002038;NT=label free sample	1	NT=High-performance liquid chromatography;AC=PRIDE:0000565	1	AC=MS:1001251;NT=Trypsin	not available	NT=Stellar;AC=MS:1003409	NT=Carbamidomethyl;AC=UNIMOD:4;TA=C;MT=Fixed	NT=Higher-energy Collisional Dissociation;AC=MS:1000422	27 NCE	40 ppm	0.05 Da	24005	Control
PRM_20260227_Project ALS _Plate4_F5	F	5	ALS_samples	65	RF5	0.1	C:\Xcalibur\methods\method1	C:\data\yourdir	PRM_20260227_Project ALS _Plate4_F5	Homo sapiens	blood plasma	Plate4	Project_ALS	not available	not available	not available	not available	not available	not available	not available	not available	1	AC=EFO:0009656;NT=plasma	run 353	proteomic profiling by mass spectrometry	PRM_20260227_Project ALS _Plate4_F5.raw	PRM_20260227_Project ALS _Plate4_F5.raw	NT=Parallel Reaction Monitoring;AC=MS:1002956	AC=MS:1002038;NT=label free sample	1	NT=High-performance liquid chromatography;AC=PRIDE:0000565	1	AC=MS:1001251;NT=Trypsin	not available	NT=Stellar;AC=MS:1003409	NT=Carbamidomethyl;AC=UNIMOD:4;TA=C;MT=Fixed	NT=Higher-energy Collisional Dissociation;AC=MS:1000422	27 NCE	40 ppm	0.05 Da	24005	ALS_samples
PRM_20260227_Project ALS _Plate4_F6	F	6	ALS_samples	66	RF6	0.1	C:\Xcalibur\methods\method1	C:\data\yourdir	PRM_20260227_Project ALS _Plate4_F6	Homo sapiens	blood plasma	Plate4	Project_ALS	not available	not available	not available	not available	not available	not available	not available	not available	1	AC=EFO:0009656;NT=plasma	run 354	proteomic profiling by mass spectrometry	PRM_20260227_Project ALS _Plate4_F6.raw	PRM_20260227_Project ALS _Plate4_F6.raw	NT=Parallel Reaction Monitoring;AC=MS:1002956	AC=MS:1002038;NT=label free sample	1	NT=High-performance liquid chromatography;AC=PRIDE:0000565	1	AC=MS:1001251;NT=Trypsin	not available	NT=Stellar;AC=MS:1003409	NT=Carbamidomethyl;AC=UNIMOD:4;TA=C;MT=Fixed	NT=Higher-energy Collisional Dissociation;AC=MS:1000422	27 NCE	40 ppm	0.05 Da	24005	ALS_samples
PRM_20260227_Project ALS _Plate4_F7	F	7	ALS_samples	67	RF7	0.1	C:\Xcalibur\methods\method1	C:\data\yourdir	PRM_20260227_Project ALS _Plate4_F7	Homo sapiens	blood plasma	Plate4	Project_ALS	not available	not available	not available	not available	not available	not available	not available	not available	1	AC=EFO:0009656;NT=plasma	run 355	proteomic profiling by mass spectrometry	PRM_20260227_Project ALS _Plate4_F7.raw	PRM_20260227_Project ALS _Plate4_F7.raw	NT=Parallel Reaction Monitoring;AC=MS:1002956	AC=MS:1002038;NT=label free sample	1	NT=High-performance liquid chromatography;AC=PRIDE:0000565	1	AC=MS:1001251;NT=Trypsin	not available	NT=Stellar;AC=MS:1003409	NT=Carbamidomethyl;AC=UNIMOD:4;TA=C;MT=Fixed	NT=Higher-energy Collisional Dissociation;AC=MS:1000422	27 NCE	40 ppm	0.05 Da	24005	ALS_samples
PRM_20260227_Project ALS _Plate4_F8	F	8	ALS_samples	68	RF8	0.1	C:\Xcalibur\methods\method1	C:\data\yourdir	PRM_20260227_Project ALS _Plate4_F8	Homo sapiens	blood plasma	Plate4	Project_ALS	not available	not available	not available	not available	not available	not available	not available	not available	1	AC=EFO:0009656;NT=plasma	run 356	proteomic profiling by mass spectrometry	PRM_20260227_Project ALS _Plate4_F8.raw	PRM_20260227_Project ALS _Plate4_F8.raw	NT=Parallel Reaction Monitoring;AC=MS:1002956	AC=MS:1002038;NT=label free sample	1	NT=High-performance liquid chromatography;AC=PRIDE:0000565	1	AC=MS:1001251;NT=Trypsin	not available	NT=Stellar;AC=MS:1003409	NT=Carbamidomethyl;AC=UNIMOD:4;TA=C;MT=Fixed	NT=Higher-energy Collisional Dissociation;AC=MS:1000422	27 NCE	40 ppm	0.05 Da	24005	ALS_samples
PRM_20260227_Project ALS _Plate4_F9	F	9	ALS_samples	69	RF9	0.1	C:\Xcalibur\methods\method1	C:\data\yourdir	PRM_20260227_Project ALS _Plate4_F9	Homo sapiens	blood plasma	Plate4	Project_ALS	not available	not available	not available	not available	not available	not available	not available	not available	1	AC=EFO:0009656;NT=plasma	run 357	proteomic profiling by mass spectrometry	PRM_20260227_Project ALS _Plate4_F9.raw	PRM_20260227_Project ALS _Plate4_F9.raw	NT=Parallel Reaction Monitoring;AC=MS:1002956	AC=MS:1002038;NT=label free sample	1	NT=High-performance liquid chromatography;AC=PRIDE:0000565	1	AC=MS:1001251;NT=Trypsin	not available	NT=Stellar;AC=MS:1003409	NT=Carbamidomethyl;AC=UNIMOD:4;TA=C;MT=Fixed	NT=Higher-energy Collisional Dissociation;AC=MS:1000422	27 NCE	40 ppm	0.05 Da	24005	ALS_samples
PRM_20260227_Project ALS _Plate4_F10	F	10	ALS_samples	70	RF10	0.1	C:\Xcalibur\methods\method1	C:\data\yourdir	PRM_20260227_Project ALS _Plate4_F10	Homo sapiens	blood plasma	Plate4	Project_ALS	not available	not available	not available	not available	not available	not available	not available	not available	1	AC=EFO:0009656;NT=plasma	run 358	proteomic profiling by mass spectrometry	PRM_20260227_Project ALS _Plate4_F10.raw	PRM_20260227_Project ALS _Plate4_F10.raw	NT=Parallel Reaction Monitoring;AC=MS:1002956	AC=MS:1002038;NT=label free sample	1	NT=High-performance liquid chromatography;AC=PRIDE:0000565	1	AC=MS:1001251;NT=Trypsin	not available	NT=Stellar;AC=MS:1003409	NT=Carbamidomethyl;AC=UNIMOD:4;TA=C;MT=Fixed	NT=Higher-energy Collisional Dissociation;AC=MS:1000422	27 NCE	40 ppm	0.05 Da	24005	ALS_samples
PRM_20260227_Project ALS _Plate4_F11	F	11	Control	71	RF11	0.1	C:\Xcalibur\methods\method1	C:\data\yourdir	PRM_20260227_Project ALS _Plate4_F11	Homo sapiens	blood plasma	Plate4	Project_ALS	not available	not available	not available	not available	not available	not available	not available	not available	1	AC=EFO:0009656;NT=plasma	run 359	proteomic profiling by mass spectrometry	PRM_20260227_Project ALS _Plate4_F11.raw	PRM_20260227_Project ALS _Plate4_F11.raw	NT=Parallel Reaction Monitoring;AC=MS:1002956	AC=MS:1002038;NT=label free sample	1	NT=High-performance liquid chromatography;AC=PRIDE:0000565	1	AC=MS:1001251;NT=Trypsin	not available	NT=Stellar;AC=MS:1003409	NT=Carbamidomethyl;AC=UNIMOD:4;TA=C;MT=Fixed	NT=Higher-energy Collisional Dissociation;AC=MS:1000422	27 NCE	40 ppm	0.05 Da	24005	Control
PRM_20260227_Project ALS _Plate4_F12	F	12	ALS_samples	72	RF12	0.1	C:\Xcalibur\methods\method1	C:\data\yourdir	PRM_20260227_Project ALS _Plate4_F12	Homo sapiens	blood plasma	Plate4	Project_ALS	not available	not available	not available	not available	not available	not available	not available	not available	1	AC=EFO:0009656;NT=plasma	run 360	proteomic profiling by mass spectrometry	PRM_20260227_Project ALS _Plate4_F12.raw	PRM_20260227_Project ALS _Plate4_F12.raw	NT=Parallel Reaction Monitoring;AC=MS:1002956	AC=MS:1002038;NT=label free sample	1	NT=High-performance liquid chromatography;AC=PRIDE:0000565	1	AC=MS:1001251;NT=Trypsin	not available	NT=Stellar;AC=MS:1003409	NT=Carbamidomethyl;AC=UNIMOD:4;TA=C;MT=Fixed	NT=Higher-energy Collisional Dissociation;AC=MS:1000422	27 NCE	40 ppm	0.05 Da	24005	ALS_samples
PRM_20260227_Project ALS _Plate4_G1	G	1	ALS_samples	73	RG1	0.1	C:\Xcalibur\methods\method1	C:\data\yourdir	PRM_20260227_Project ALS _Plate4_G1	Homo sapiens	blood plasma	Plate4	Project_ALS	not available	not available	not available	not available	not available	not available	not available	not available	1	AC=EFO:0009656;NT=plasma	run 361	proteomic profiling by mass spectrometry	PRM_20260227_Project ALS _Plate4_G1.raw	PRM_20260227_Project ALS _Plate4_G1.raw	NT=Parallel Reaction Monitoring;AC=MS:1002956	AC=MS:1002038;NT=label free sample	1	NT=High-performance liquid chromatography;AC=PRIDE:0000565	1	AC=MS:1001251;NT=Trypsin	not available	NT=Stellar;AC=MS:1003409	NT=Carbamidomethyl;AC=UNIMOD:4;TA=C;MT=Fixed	NT=Higher-energy Collisional Dissociation;AC=MS:1000422	27 NCE	40 ppm	0.05 Da	24005	ALS_samples
PRM_20260227_Project ALS _Plate4_G2	G	2	ALS_samples	74	RG2	0.1	C:\Xcalibur\methods\method1	C:\data\yourdir	PRM_20260227_Project ALS _Plate4_G2	Homo sapiens	blood plasma	Plate4	Project_ALS	not available	not available	not available	not available	not available	not available	not available	not available	1	AC=EFO:0009656;NT=plasma	run 362	proteomic profiling by mass spectrometry	PRM_20260227_Project ALS _Plate4_G2.raw	PRM_20260227_Project ALS _Plate4_G2.raw	NT=Parallel Reaction Monitoring;AC=MS:1002956	AC=MS:1002038;NT=label free sample	1	NT=High-performance liquid chromatography;AC=PRIDE:0000565	1	AC=MS:1001251;NT=Trypsin	not available	NT=Stellar;AC=MS:1003409	NT=Carbamidomethyl;AC=UNIMOD:4;TA=C;MT=Fixed	NT=Higher-energy Collisional Dissociation;AC=MS:1000422	27 NCE	40 ppm	0.05 Da	24005	ALS_samples
PRM_20260227_Project ALS _Plate4_G3	G	3	ALS_samples	75	RG3	0.1	C:\Xcalibur\methods\method1	C:\data\yourdir	PRM_20260227_Project ALS _Plate4_G3	Homo sapiens	blood plasma	Plate4	Project_ALS	not available	not available	not available	not available	not available	not available	not available	not available	1	AC=EFO:0009656;NT=plasma	run 363	proteomic profiling by mass spectrometry	PRM_20260227_Project ALS _Plate4_G3.raw	PRM_20260227_Project ALS _Plate4_G3.raw	NT=Parallel Reaction Monitoring;AC=MS:1002956	AC=MS:1002038;NT=label free sample	1	NT=High-performance liquid chromatography;AC=PRIDE:0000565	1	AC=MS:1001251;NT=Trypsin	not available	NT=Stellar;AC=MS:1003409	NT=Carbamidomethyl;AC=UNIMOD:4;TA=C;MT=Fixed	NT=Higher-energy Collisional Dissociation;AC=MS:1000422	27 NCE	40 ppm	0.05 Da	24005	ALS_samples
PRM_20260227_Project ALS _Plate4_G4	G	4	ALS_samples	76	RG4	0.1	C:\Xcalibur\methods\method1	C:\data\yourdir	PRM_20260227_Project ALS _Plate4_G4	Homo sapiens	blood plasma	Plate4	Project_ALS	not available	not available	not available	not available	not available	not available	not available	not available	1	AC=EFO:0009656;NT=plasma	run 364	proteomic profiling by mass spectrometry	PRM_20260227_Project ALS _Plate4_G4.raw	PRM_20260227_Project ALS _Plate4_G4.raw	NT=Parallel Reaction Monitoring;AC=MS:1002956	AC=MS:1002038;NT=label free sample	1	NT=High-performance liquid chromatography;AC=PRIDE:0000565	1	AC=MS:1001251;NT=Trypsin	not available	NT=Stellar;AC=MS:1003409	NT=Carbamidomethyl;AC=UNIMOD:4;TA=C;MT=Fixed	NT=Higher-energy Collisional Dissociation;AC=MS:1000422	27 NCE	40 ppm	0.05 Da	24005	ALS_samples
PRM_20260227_Project ALS _Plate4_G5	G	5	ALS_samples	77	RG5	0.1	C:\Xcalibur\methods\method1	C:\data\yourdir	PRM_20260227_Project ALS _Plate4_G5	Homo sapiens	blood plasma	Plate4	Project_ALS	not available	not available	not available	not available	not available	not available	not available	not available	1	AC=EFO:0009656;NT=plasma	run 365	proteomic profiling by mass spectrometry	PRM_20260227_Project ALS _Plate4_G5.raw	PRM_20260227_Project ALS _Plate4_G5.raw	NT=Parallel Reaction Monitoring;AC=MS:1002956	AC=MS:1002038;NT=label free sample	1	NT=High-performance liquid chromatography;AC=PRIDE:0000565	1	AC=MS:1001251;NT=Trypsin	not available	NT=Stellar;AC=MS:1003409	NT=Carbamidomethyl;AC=UNIMOD:4;TA=C;MT=Fixed	NT=Higher-energy Collisional Dissociation;AC=MS:1000422	27 NCE	40 ppm	0.05 Da	24005	ALS_samples
PRM_20260227_Project ALS _Plate4_G6	G	6	ALS_samples	78	RG6	0.1	C:\Xcalibur\methods\method1	C:\data\yourdir	PRM_20260227_Project ALS _Plate4_G6	Homo sapiens	blood plasma	Plate4	Project_ALS	not available	not available	not available	not available	not available	not available	not available	not available	1	AC=EFO:0009656;NT=plasma	run 366	proteomic profiling by mass spectrometry	PRM_20260227_Project ALS _Plate4_G6.raw	PRM_20260227_Project ALS _Plate4_G6.raw	NT=Parallel Reaction Monitoring;AC=MS:1002956	AC=MS:1002038;NT=label free sample	1	NT=High-performance liquid chromatography;AC=PRIDE:0000565	1	AC=MS:1001251;NT=Trypsin	not available	NT=Stellar;AC=MS:1003409	NT=Carbamidomethyl;AC=UNIMOD:4;TA=C;MT=Fixed	NT=Higher-energy Collisional Dissociation;AC=MS:1000422	27 NCE	40 ppm	0.05 Da	24005	ALS_samples
PRM_20260227_Project ALS _Plate4_G7	G	7	ALS_samples	79	RG7	0.1	C:\Xcalibur\methods\method1	C:\data\yourdir	PRM_20260227_Project ALS _Plate4_G7	Homo sapiens	blood plasma	Plate4	Project_ALS	not available	not available	not available	not available	not available	not available	not available	not available	1	AC=EFO:0009656;NT=plasma	run 367	proteomic profiling by mass spectrometry	PRM_20260227_Project ALS _Plate4_G7.raw	PRM_20260227_Project ALS _Plate4_G7.raw	NT=Parallel Reaction Monitoring;AC=MS:1002956	AC=MS:1002038;NT=label free sample	1	NT=High-performance liquid chromatography;AC=PRIDE:0000565	1	AC=MS:1001251;NT=Trypsin	not available	NT=Stellar;AC=MS:1003409	NT=Carbamidomethyl;AC=UNIMOD:4;TA=C;MT=Fixed	NT=Higher-energy Collisional Dissociation;AC=MS:1000422	27 NCE	40 ppm	0.05 Da	24005	ALS_samples
PRM_20260227_Project ALS _Plate4_G8	G	8	ALS_samples	80	RG8	0.1	C:\Xcalibur\methods\method1	C:\data\yourdir	PRM_20260227_Project ALS _Plate4_G8	Homo sapiens	blood plasma	Plate4	Project_ALS	not available	not available	not available	not available	not available	not available	not available	not available	1	AC=EFO:0009656;NT=plasma	run 368	proteomic profiling by mass spectrometry	PRM_20260227_Project ALS _Plate4_G8.raw	PRM_20260227_Project ALS _Plate4_G8.raw	NT=Parallel Reaction Monitoring;AC=MS:1002956	AC=MS:1002038;NT=label free sample	1	NT=High-performance liquid chromatography;AC=PRIDE:0000565	1	AC=MS:1001251;NT=Trypsin	not available	NT=Stellar;AC=MS:1003409	NT=Carbamidomethyl;AC=UNIMOD:4;TA=C;MT=Fixed	NT=Higher-energy Collisional Dissociation;AC=MS:1000422	27 NCE	40 ppm	0.05 Da	24005	ALS_samples
PRM_20260227_Project ALS _Plate4_G9	G	9	ALS_samples	81	RG9	0.1	C:\Xcalibur\methods\method1	C:\data\yourdir	PRM_20260227_Project ALS _Plate4_G9	Homo sapiens	blood plasma	Plate4	Project_ALS	not available	not available	not available	not available	not available	not available	not available	not available	1	AC=EFO:0009656;NT=plasma	run 369	proteomic profiling by mass spectrometry	PRM_20260227_Project ALS _Plate4_G9.raw	PRM_20260227_Project ALS _Plate4_G9.raw	NT=Parallel Reaction Monitoring;AC=MS:1002956	AC=MS:1002038;NT=label free sample	1	NT=High-performance liquid chromatography;AC=PRIDE:0000565	1	AC=MS:1001251;NT=Trypsin	not available	NT=Stellar;AC=MS:1003409	NT=Carbamidomethyl;AC=UNIMOD:4;TA=C;MT=Fixed	NT=Higher-energy Collisional Dissociation;AC=MS:1000422	27 NCE	40 ppm	0.05 Da	24005	ALS_samples
PRM_20260227_Project ALS _Plate4_G10	G	10	ALS_samples	82	RG10	0.1	C:\Xcalibur\methods\method1	C:\data\yourdir	PRM_20260227_Project ALS _Plate4_G10	Homo sapiens	blood plasma	Plate4	Project_ALS	not available	not available	not available	not available	not available	not available	not available	not available	1	AC=EFO:0009656;NT=plasma	run 370	proteomic profiling by mass spectrometry	PRM_20260227_Project ALS _Plate4_G10.raw	PRM_20260227_Project ALS _Plate4_G10.raw	NT=Parallel Reaction Monitoring;AC=MS:1002956	AC=MS:1002038;NT=label free sample	1	NT=High-performance liquid chromatography;AC=PRIDE:0000565	1	AC=MS:1001251;NT=Trypsin	not available	NT=Stellar;AC=MS:1003409	NT=Carbamidomethyl;AC=UNIMOD:4;TA=C;MT=Fixed	NT=Higher-energy Collisional Dissociation;AC=MS:1000422	27 NCE	40 ppm	0.05 Da	24005	ALS_samples
PRM_20260227_Project ALS _Plate4_G11	G	11	ALS_samples	83	RG11	0.1	C:\Xcalibur\methods\method1	C:\data\yourdir	PRM_20260227_Project ALS _Plate4_G11	Homo sapiens	blood plasma	Plate4	Project_ALS	not available	not available	not available	not available	not available	not available	not available	not available	1	AC=EFO:0009656;NT=plasma	run 371	proteomic profiling by mass spectrometry	PRM_20260227_Project ALS _Plate4_G11.raw	PRM_20260227_Project ALS _Plate4_G11.raw	NT=Parallel Reaction Monitoring;AC=MS:1002956	AC=MS:1002038;NT=label free sample	1	NT=High-performance liquid chromatography;AC=PRIDE:0000565	1	AC=MS:1001251;NT=Trypsin	not available	NT=Stellar;AC=MS:1003409	NT=Carbamidomethyl;AC=UNIMOD:4;TA=C;MT=Fixed	NT=Higher-energy Collisional Dissociation;AC=MS:1000422	27 NCE	40 ppm	0.05 Da	24005	ALS_samples
PRM_20260227_Project ALS _Plate4_G12	G	12	ALS_samples	84	RG12	0.1	C:\Xcalibur\methods\method1	C:\data\yourdir	PRM_20260227_Project ALS _Plate4_G12	Homo sapiens	blood plasma	Plate4	Project_ALS	not available	not available	not available	not available	not available	not available	not available	not available	1	AC=EFO:0009656;NT=plasma	run 372	proteomic profiling by mass spectrometry	PRM_20260227_Project ALS _Plate4_G12.raw	PRM_20260227_Project ALS _Plate4_G12.raw	NT=Parallel Reaction Monitoring;AC=MS:1002956	AC=MS:1002038;NT=label free sample	1	NT=High-performance liquid chromatography;AC=PRIDE:0000565	1	AC=MS:1001251;NT=Trypsin	not available	NT=Stellar;AC=MS:1003409	NT=Carbamidomethyl;AC=UNIMOD:4;TA=C;MT=Fixed	NT=Higher-energy Collisional Dissociation;AC=MS:1000422	27 NCE	40 ppm	0.05 Da	24005	ALS_samples
PRM_20260227_Project ALS _Plate4_H1	H	1	ALS_samples	85	RH1	0.1	C:\Xcalibur\methods\method1	C:\data\yourdir	PRM_20260227_Project ALS _Plate4_H1	Homo sapiens	blood plasma	Plate4	Project_ALS	not available	not available	not available	not available	not available	not available	not available	not available	1	AC=EFO:0009656;NT=plasma	run 373	proteomic profiling by mass spectrometry	PRM_20260227_Project ALS _Plate4_H1.raw	PRM_20260227_Project ALS _Plate4_H1.raw	NT=Parallel Reaction Monitoring;AC=MS:1002956	AC=MS:1002038;NT=label free sample	1	NT=High-performance liquid chromatography;AC=PRIDE:0000565	1	AC=MS:1001251;NT=Trypsin	not available	NT=Stellar;AC=MS:1003409	NT=Carbamidomethyl;AC=UNIMOD:4;TA=C;MT=Fixed	NT=Higher-energy Collisional Dissociation;AC=MS:1000422	27 NCE	40 ppm	0.05 Da	24005	ALS_samples
PRM_20260227_Project ALS _Plate4_H2	H	2	ALS_samples	86	RH2	0.1	C:\Xcalibur\methods\method1	C:\data\yourdir	PRM_20260227_Project ALS _Plate4_H2	Homo sapiens	blood plasma	Plate4	Project_ALS	not available	not available	not available	not available	not available	not available	not available	not available	1	AC=EFO:0009656;NT=plasma	run 374	proteomic profiling by mass spectrometry	PRM_20260227_Project ALS _Plate4_H2.raw	PRM_20260227_Project ALS _Plate4_H2.raw	NT=Parallel Reaction Monitoring;AC=MS:1002956	AC=MS:1002038;NT=label free sample	1	NT=High-performance liquid chromatography;AC=PRIDE:0000565	1	AC=MS:1001251;NT=Trypsin	not available	NT=Stellar;AC=MS:1003409	NT=Carbamidomethyl;AC=UNIMOD:4;TA=C;MT=Fixed	NT=Higher-energy Collisional Dissociation;AC=MS:1000422	27 NCE	40 ppm	0.05 Da	24005	ALS_samples
PRM_20260227_Project ALS _Plate4_H3	H	3	ALS_samples	87	RH3	0.1	C:\Xcalibur\methods\method1	C:\data\yourdir	PRM_20260227_Project ALS _Plate4_H3	Homo sapiens	blood plasma	Plate4	Project_ALS	not available	not available	not available	not available	not available	not available	not available	not available	1	AC=EFO:0009656;NT=plasma	run 375	proteomic profiling by mass spectrometry	PRM_20260227_Project ALS _Plate4_H3.raw	PRM_20260227_Project ALS _Plate4_H3.raw	NT=Parallel Reaction Monitoring;AC=MS:1002956	AC=MS:1002038;NT=label free sample	1	NT=High-performance liquid chromatography;AC=PRIDE:0000565	1	AC=MS:1001251;NT=Trypsin	not available	NT=Stellar;AC=MS:1003409	NT=Carbamidomethyl;AC=UNIMOD:4;TA=C;MT=Fixed	NT=Higher-energy Collisional Dissociation;AC=MS:1000422	27 NCE	40 ppm	0.05 Da	24005	ALS_samples
PRM_20260227_Project ALS _Plate4_H4	H	4	ALS_samples	88	RH4	0.1	C:\Xcalibur\methods\method1	C:\data\yourdir	PRM_20260227_Project ALS _Plate4_H4	Homo sapiens	blood plasma	Plate4	Project_ALS	not available	not available	not available	not available	not available	not available	not available	not available	1	AC=EFO:0009656;NT=plasma	run 376	proteomic profiling by mass spectrometry	PRM_20260227_Project ALS _Plate4_H4.raw	PRM_20260227_Project ALS _Plate4_H4.raw	NT=Parallel Reaction Monitoring;AC=MS:1002956	AC=MS:1002038;NT=label free sample	1	NT=High-performance liquid chromatography;AC=PRIDE:0000565	1	AC=MS:1001251;NT=Trypsin	not available	NT=Stellar;AC=MS:1003409	NT=Carbamidomethyl;AC=UNIMOD:4;TA=C;MT=Fixed	NT=Higher-energy Collisional Dissociation;AC=MS:1000422	27 NCE	40 ppm	0.05 Da	24005	ALS_samples
PRM_20260227_Project ALS _Plate4_H5	H	5	Control	89	RH5	0.1	C:\Xcalibur\methods\method1	C:\data\yourdir	PRM_20260227_Project ALS _Plate4_H5	Homo sapiens	blood plasma	Plate4	Project_ALS	not available	not available	not available	not available	not available	not available	not available	not available	1	AC=EFO:0009656;NT=plasma	run 377	proteomic profiling by mass spectrometry	PRM_20260227_Project ALS _Plate4_H5.raw	PRM_20260227_Project ALS _Plate4_H5.raw	NT=Parallel Reaction Monitoring;AC=MS:1002956	AC=MS:1002038;NT=label free sample	1	NT=High-performance liquid chromatography;AC=PRIDE:0000565	1	AC=MS:1001251;NT=Trypsin	not available	NT=Stellar;AC=MS:1003409	NT=Carbamidomethyl;AC=UNIMOD:4;TA=C;MT=Fixed	NT=Higher-energy Collisional Dissociation;AC=MS:1000422	27 NCE	40 ppm	0.05 Da	24005	Control
PRM_20260227_Project ALS _Plate4_H6	H	6	ALS_samples	90	RH6	0.1	C:\Xcalibur\methods\method1	C:\data\yourdir	PRM_20260227_Project ALS _Plate4_H6	Homo sapiens	blood plasma	Plate4	Project_ALS	not available	not available	not available	not available	not available	not available	not available	not available	1	AC=EFO:0009656;NT=plasma	run 378	proteomic profiling by mass spectrometry	PRM_20260227_Project ALS _Plate4_H6.raw	PRM_20260227_Project ALS _Plate4_H6.raw	NT=Parallel Reaction Monitoring;AC=MS:1002956	AC=MS:1002038;NT=label free sample	1	NT=High-performance liquid chromatography;AC=PRIDE:0000565	1	AC=MS:1001251;NT=Trypsin	not available	NT=Stellar;AC=MS:1003409	NT=Carbamidomethyl;AC=UNIMOD:4;TA=C;MT=Fixed	NT=Higher-energy Collisional Dissociation;AC=MS:1000422	27 NCE	40 ppm	0.05 Da	24005	ALS_samples
PRM_20260227_Project ALS _Plate4_H7	H	7	ALS_samples	91	RH7	0.1	C:\Xcalibur\methods\method1	C:\data\yourdir	PRM_20260227_Project ALS _Plate4_H7	Homo sapiens	blood plasma	Plate4	Project_ALS	not available	not available	not available	not available	not available	not available	not available	not available	1	AC=EFO:0009656;NT=plasma	run 379	proteomic profiling by mass spectrometry	PRM_20260227_Project ALS _Plate4_H7.raw	PRM_20260227_Project ALS _Plate4_H7.raw	NT=Parallel Reaction Monitoring;AC=MS:1002956	AC=MS:1002038;NT=label free sample	1	NT=High-performance liquid chromatography;AC=PRIDE:0000565	1	AC=MS:1001251;NT=Trypsin	not available	NT=Stellar;AC=MS:1003409	NT=Carbamidomethyl;AC=UNIMOD:4;TA=C;MT=Fixed	NT=Higher-energy Collisional Dissociation;AC=MS:1000422	27 NCE	40 ppm	0.05 Da	24005	ALS_samples
PRM_20260227_Project ALS _Plate4_H8	H	8	ALS_samples	92	RH8	0.1	C:\Xcalibur\methods\method1	C:\data\yourdir	PRM_20260227_Project ALS _Plate4_H8	Homo sapiens	blood plasma	Plate4	Project_ALS	not available	not available	not available	not available	not available	not available	not available	not available	1	AC=EFO:0009656;NT=plasma	run 380	proteomic profiling by mass spectrometry	PRM_20260227_Project ALS _Plate4_H8.raw	PRM_20260227_Project ALS _Plate4_H8.raw	NT=Parallel Reaction Monitoring;AC=MS:1002956	AC=MS:1002038;NT=label free sample	1	NT=High-performance liquid chromatography;AC=PRIDE:0000565	1	AC=MS:1001251;NT=Trypsin	not available	NT=Stellar;AC=MS:1003409	NT=Carbamidomethyl;AC=UNIMOD:4;TA=C;MT=Fixed	NT=Higher-energy Collisional Dissociation;AC=MS:1000422	27 NCE	40 ppm	0.05 Da	24005	ALS_samples
PRM_20260227_Project ALS _Plate4_H9	H	9	Control	93	RH9	0.1	C:\Xcalibur\methods\method1	C:\data\yourdir	PRM_20260227_Project ALS _Plate4_H9	Homo sapiens	blood plasma	Plate4	Project_ALS	not available	not available	not available	not available	not available	not available	not available	not available	1	AC=EFO:0009656;NT=plasma	run 381	proteomic profiling by mass spectrometry	PRM_20260227_Project ALS _Plate4_H9.raw	PRM_20260227_Project ALS _Plate4_H9.raw	NT=Parallel Reaction Monitoring;AC=MS:1002956	AC=MS:1002038;NT=label free sample	1	NT=High-performance liquid chromatography;AC=PRIDE:0000565	1	AC=MS:1001251;NT=Trypsin	not available	NT=Stellar;AC=MS:1003409	NT=Carbamidomethyl;AC=UNIMOD:4;TA=C;MT=Fixed	NT=Higher-energy Collisional Dissociation;AC=MS:1000422	27 NCE	40 ppm	0.05 Da	24005	Control
PRM_20260227_Project ALS _Plate4_H10	H	10	ALS_samples	94	RH10	0.1	C:\Xcalibur\methods\method1	C:\data\yourdir	PRM_20260227_Project ALS _Plate4_H10	Homo sapiens	blood plasma	Plate4	Project_ALS	not available	not available	not available	not available	not available	not available	not available	not available	1	AC=EFO:0009656;NT=plasma	run 382	proteomic profiling by mass spectrometry	PRM_20260227_Project ALS _Plate4_H10.raw	PRM_20260227_Project ALS _Plate4_H10.raw	NT=Parallel Reaction Monitoring;AC=MS:1002956	AC=MS:1002038;NT=label free sample	1	NT=High-performance liquid chromatography;AC=PRIDE:0000565	1	AC=MS:1001251;NT=Trypsin	not available	NT=Stellar;AC=MS:1003409	NT=Carbamidomethyl;AC=UNIMOD:4;TA=C;MT=Fixed	NT=Higher-energy Collisional Dissociation;AC=MS:1000422	27 NCE	40 ppm	0.05 Da	24005	ALS_samples
PRM_20260227_Project ALS _Plate4_H11	H	11	ALS_samples	95	RH11	0.1	C:\Xcalibur\methods\method1	C:\data\yourdir	PRM_20260227_Project ALS _Plate4_H11	Homo sapiens	blood plasma	Plate4	Project_ALS	not available	not available	not available	not available	not available	not available	not available	not available	1	AC=EFO:0009656;NT=plasma	run 383	proteomic profiling by mass spectrometry	PRM_20260227_Project ALS _Plate4_H11.raw	PRM_20260227_Project ALS _Plate4_H11.raw	NT=Parallel Reaction Monitoring;AC=MS:1002956	AC=MS:1002038;NT=label free sample	1	NT=High-performance liquid chromatography;AC=PRIDE:0000565	1	AC=MS:1001251;NT=Trypsin	not available	NT=Stellar;AC=MS:1003409	NT=Carbamidomethyl;AC=UNIMOD:4;TA=C;MT=Fixed	NT=Higher-energy Collisional Dissociation;AC=MS:1000422	27 NCE	40 ppm	0.05 Da	24005	ALS_samples
PRM_20260227_Project ALS _Plate4_H12	H	12	ALS_samples	96	RH12	0.1	C:\Xcalibur\methods\method1	C:\data\yourdir	PRM_20260227_Project ALS _Plate4_H12	Homo sapiens	blood plasma	Plate4	Project_ALS	not available	not available	not available	not available	not available	not available	not available	not available	1	AC=EFO:0009656;NT=plasma	run 384	proteomic profiling by mass spectrometry	PRM_20260227_Project ALS _Plate4_H12.raw	PRM_20260227_Project ALS _Plate4_H12.raw	NT=Parallel Reaction Monitoring;AC=MS:1002956	AC=MS:1002038;NT=label free sample	1	NT=High-performance liquid chromatography;AC=PRIDE:0000565	1	AC=MS:1001251;NT=Trypsin	not available	NT=Stellar;AC=MS:1003409	NT=Carbamidomethyl;AC=UNIMOD:4;TA=C;MT=Fixed	NT=Higher-energy Collisional Dissociation;AC=MS:1000422	27 NCE	40 ppm	0.05 Da	24005	ALS_samples
PRM_20260312_Project_ALS_Plate5_A1	A	1	ALS_samples	1	RA1	0.1	C:\Xcalibur\methods\method1	C:\data\yourdir	PRM_20260312_Project_ALS_Plate5_A1	Homo sapiens	blood plasma	Plate5	Project_ALS	not available	not available	not available	not available	not available	not available	not available	not available	1	AC=EFO:0009656;NT=plasma	run 385	proteomic profiling by mass spectrometry	PRM_20260312_Project_ALS_Plate5_A1.raw	PRM_20260312_Project_ALS_Plate5_A1.raw	NT=Parallel Reaction Monitoring;AC=MS:1002956	AC=MS:1002038;NT=label free sample	1	NT=High-performance liquid chromatography;AC=PRIDE:0000565	1	AC=MS:1001251;NT=Trypsin	not available	NT=Stellar;AC=MS:1003409	NT=Carbamidomethyl;AC=UNIMOD:4;TA=C;MT=Fixed	NT=Higher-energy Collisional Dissociation;AC=MS:1000422	27 NCE	40 ppm	0.05 Da	24001	ALS_samples
PRM_20260312_Project_ALS_Plate5_A2	A	2	ALS_samples	2	RA2	0.1	C:\Xcalibur\methods\method1	C:\data\yourdir	PRM_20260312_Project_ALS_Plate5_A2	Homo sapiens	blood plasma	Plate5	Project_ALS	not available	not available	not available	not available	not available	not available	not available	not available	1	AC=EFO:0009656;NT=plasma	run 386	proteomic profiling by mass spectrometry	PRM_20260312_Project_ALS_Plate5_A2.raw	PRM_20260312_Project_ALS_Plate5_A2.raw	NT=Parallel Reaction Monitoring;AC=MS:1002956	AC=MS:1002038;NT=label free sample	1	NT=High-performance liquid chromatography;AC=PRIDE:0000565	1	AC=MS:1001251;NT=Trypsin	not available	NT=Stellar;AC=MS:1003409	NT=Carbamidomethyl;AC=UNIMOD:4;TA=C;MT=Fixed	NT=Higher-energy Collisional Dissociation;AC=MS:1000422	27 NCE	40 ppm	0.05 Da	24001	ALS_samples
PRM_20260312_Project_ALS_Plate5_A3	A	3	Control	3	RA3	0.1	C:\Xcalibur\methods\method1	C:\data\yourdir	PRM_20260312_Project_ALS_Plate5_A3	Homo sapiens	blood plasma	Plate5	Project_ALS	not available	not available	not available	not available	not available	not available	not available	not available	1	AC=EFO:0009656;NT=plasma	run 387	proteomic profiling by mass spectrometry	PRM_20260312_Project_ALS_Plate5_A3.raw	PRM_20260312_Project_ALS_Plate5_A3.raw	NT=Parallel Reaction Monitoring;AC=MS:1002956	AC=MS:1002038;NT=label free sample	1	NT=High-performance liquid chromatography;AC=PRIDE:0000565	1	AC=MS:1001251;NT=Trypsin	not available	NT=Stellar;AC=MS:1003409	NT=Carbamidomethyl;AC=UNIMOD:4;TA=C;MT=Fixed	NT=Higher-energy Collisional Dissociation;AC=MS:1000422	27 NCE	40 ppm	0.05 Da	24001	Control
PRM_20260312_Project_ALS_Plate5_A4	A	4	ALS_samples	4	RA4	0.1	C:\Xcalibur\methods\method1	C:\data\yourdir	PRM_20260312_Project_ALS_Plate5_A4	Homo sapiens	blood plasma	Plate5	Project_ALS	not available	not available	not available	not available	not available	not available	not available	not available	1	AC=EFO:0009656;NT=plasma	run 388	proteomic profiling by mass spectrometry	PRM_20260312_Project_ALS_Plate5_A4.raw	PRM_20260312_Project_ALS_Plate5_A4.raw	NT=Parallel Reaction Monitoring;AC=MS:1002956	AC=MS:1002038;NT=label free sample	1	NT=High-performance liquid chromatography;AC=PRIDE:0000565	1	AC=MS:1001251;NT=Trypsin	not available	NT=Stellar;AC=MS:1003409	NT=Carbamidomethyl;AC=UNIMOD:4;TA=C;MT=Fixed	NT=Higher-energy Collisional Dissociation;AC=MS:1000422	27 NCE	40 ppm	0.05 Da	24001	ALS_samples
PRM_20260312_Project_ALS_Plate5_A5	A	5	ALS_samples	5	RA5	0.1	C:\Xcalibur\methods\method1	C:\data\yourdir	PRM_20260312_Project_ALS_Plate5_A5	Homo sapiens	blood plasma	Plate5	Project_ALS	not available	not available	not available	not available	not available	not available	not available	not available	1	AC=EFO:0009656;NT=plasma	run 389	proteomic profiling by mass spectrometry	PRM_20260312_Project_ALS_Plate5_A5.raw	PRM_20260312_Project_ALS_Plate5_A5.raw	NT=Parallel Reaction Monitoring;AC=MS:1002956	AC=MS:1002038;NT=label free sample	1	NT=High-performance liquid chromatography;AC=PRIDE:0000565	1	AC=MS:1001251;NT=Trypsin	not available	NT=Stellar;AC=MS:1003409	NT=Carbamidomethyl;AC=UNIMOD:4;TA=C;MT=Fixed	NT=Higher-energy Collisional Dissociation;AC=MS:1000422	27 NCE	40 ppm	0.05 Da	24001	ALS_samples
PRM_20260312_Project_ALS_Plate5_A6	A	6	ALS_samples	6	RA6	0.1	C:\Xcalibur\methods\method1	C:\data\yourdir	PRM_20260312_Project_ALS_Plate5_A6	Homo sapiens	blood plasma	Plate5	Project_ALS	not available	not available	not available	not available	not available	not available	not available	not available	1	AC=EFO:0009656;NT=plasma	run 390	proteomic profiling by mass spectrometry	PRM_20260312_Project_ALS_Plate5_A6.raw	PRM_20260312_Project_ALS_Plate5_A6.raw	NT=Parallel Reaction Monitoring;AC=MS:1002956	AC=MS:1002038;NT=label free sample	1	NT=High-performance liquid chromatography;AC=PRIDE:0000565	1	AC=MS:1001251;NT=Trypsin	not available	NT=Stellar;AC=MS:1003409	NT=Carbamidomethyl;AC=UNIMOD:4;TA=C;MT=Fixed	NT=Higher-energy Collisional Dissociation;AC=MS:1000422	27 NCE	40 ppm	0.05 Da	24001	ALS_samples
PRM_20260312_Project_ALS_Plate5_A7	A	7	ALS_samples	7	RA7	0.1	C:\Xcalibur\methods\method1	C:\data\yourdir	PRM_20260312_Project_ALS_Plate5_A7	Homo sapiens	blood plasma	Plate5	Project_ALS	not available	not available	not available	not available	not available	not available	not available	not available	1	AC=EFO:0009656;NT=plasma	run 391	proteomic profiling by mass spectrometry	PRM_20260312_Project_ALS_Plate5_A7.raw	PRM_20260312_Project_ALS_Plate5_A7.raw	NT=Parallel Reaction Monitoring;AC=MS:1002956	AC=MS:1002038;NT=label free sample	1	NT=High-performance liquid chromatography;AC=PRIDE:0000565	1	AC=MS:1001251;NT=Trypsin	not available	NT=Stellar;AC=MS:1003409	NT=Carbamidomethyl;AC=UNIMOD:4;TA=C;MT=Fixed	NT=Higher-energy Collisional Dissociation;AC=MS:1000422	27 NCE	40 ppm	0.05 Da	24001	ALS_samples
PRM_20260312_Project_ALS_Plate5_A8	A	8	ALS_samples	8	RA8	0.1	C:\Xcalibur\methods\method1	C:\data\yourdir	PRM_20260312_Project_ALS_Plate5_A8	Homo sapiens	blood plasma	Plate5	Project_ALS	not available	not available	not available	not available	not available	not available	not available	not available	1	AC=EFO:0009656;NT=plasma	run 392	proteomic profiling by mass spectrometry	PRM_20260312_Project_ALS_Plate5_A8.raw	PRM_20260312_Project_ALS_Plate5_A8.raw	NT=Parallel Reaction Monitoring;AC=MS:1002956	AC=MS:1002038;NT=label free sample	1	NT=High-performance liquid chromatography;AC=PRIDE:0000565	1	AC=MS:1001251;NT=Trypsin	not available	NT=Stellar;AC=MS:1003409	NT=Carbamidomethyl;AC=UNIMOD:4;TA=C;MT=Fixed	NT=Higher-energy Collisional Dissociation;AC=MS:1000422	27 NCE	40 ppm	0.05 Da	24001	ALS_samples
PRM_20260312_Project_ALS_Plate5_A9	A	9	ALS_samples	9	RA9	0.1	C:\Xcalibur\methods\method1	C:\data\yourdir	PRM_20260312_Project_ALS_Plate5_A9	Homo sapiens	blood plasma	Plate5	Project_ALS	not available	not available	not available	not available	not available	not available	not available	not available	1	AC=EFO:0009656;NT=plasma	run 393	proteomic profiling by mass spectrometry	PRM_20260312_Project_ALS_Plate5_A9.raw	PRM_20260312_Project_ALS_Plate5_A9.raw	NT=Parallel Reaction Monitoring;AC=MS:1002956	AC=MS:1002038;NT=label free sample	1	NT=High-performance liquid chromatography;AC=PRIDE:0000565	1	AC=MS:1001251;NT=Trypsin	not available	NT=Stellar;AC=MS:1003409	NT=Carbamidomethyl;AC=UNIMOD:4;TA=C;MT=Fixed	NT=Higher-energy Collisional Dissociation;AC=MS:1000422	27 NCE	40 ppm	0.05 Da	24001	ALS_samples
PRM_20260312_Project_ALS_Plate5_A10	A	10	AD_4	10	RA10	0.1	C:\Xcalibur\methods\method1	C:\data\yourdir	PRM_20260312_Project_ALS_Plate5_A10	Homo sapiens	blood plasma	Plate5	Project_ALS	not available	not available	not available	not available	not available	not available	not available	not available	1	AC=EFO:0009656;NT=plasma	run 394	proteomic profiling by mass spectrometry	PRM_20260312_Project_ALS_Plate5_A10.raw	PRM_20260312_Project_ALS_Plate5_A10.raw	NT=Parallel Reaction Monitoring;AC=MS:1002956	AC=MS:1002038;NT=label free sample	1	NT=High-performance liquid chromatography;AC=PRIDE:0000565	1	AC=MS:1001251;NT=Trypsin	not available	NT=Stellar;AC=MS:1003409	NT=Carbamidomethyl;AC=UNIMOD:4;TA=C;MT=Fixed	NT=Higher-energy Collisional Dissociation;AC=MS:1000422	27 NCE	40 ppm	0.05 Da	24001	AD_4
PRM_20260312_Project_ALS_Plate5_A11	A	11	AD_4	11	RA11	0.1	C:\Xcalibur\methods\method1	C:\data\yourdir	PRM_20260312_Project_ALS_Plate5_A11	Homo sapiens	blood plasma	Plate5	Project_ALS	not available	not available	not available	not available	not available	not available	not available	not available	1	AC=EFO:0009656;NT=plasma	run 395	proteomic profiling by mass spectrometry	PRM_20260312_Project_ALS_Plate5_A11.raw	PRM_20260312_Project_ALS_Plate5_A11.raw	NT=Parallel Reaction Monitoring;AC=MS:1002956	AC=MS:1002038;NT=label free sample	1	NT=High-performance liquid chromatography;AC=PRIDE:0000565	1	AC=MS:1001251;NT=Trypsin	not available	NT=Stellar;AC=MS:1003409	NT=Carbamidomethyl;AC=UNIMOD:4;TA=C;MT=Fixed	NT=Higher-energy Collisional Dissociation;AC=MS:1000422	27 NCE	40 ppm	0.05 Da	24001	AD_4
PRM_20260312_Project_ALS_Plate5_A12	A	12	Control	12	RA12	0.1	C:\Xcalibur\methods\method1	C:\data\yourdir	PRM_20260312_Project_ALS_Plate5_A12	Homo sapiens	blood plasma	Plate5	Project_ALS	not available	not available	not available	not available	not available	not available	not available	not available	1	AC=EFO:0009656;NT=plasma	run 396	proteomic profiling by mass spectrometry	PRM_20260312_Project_ALS_Plate5_A12.raw	PRM_20260312_Project_ALS_Plate5_A12.raw	NT=Parallel Reaction Monitoring;AC=MS:1002956	AC=MS:1002038;NT=label free sample	1	NT=High-performance liquid chromatography;AC=PRIDE:0000565	1	AC=MS:1001251;NT=Trypsin	not available	NT=Stellar;AC=MS:1003409	NT=Carbamidomethyl;AC=UNIMOD:4;TA=C;MT=Fixed	NT=Higher-energy Collisional Dissociation;AC=MS:1000422	27 NCE	40 ppm	0.05 Da	24001	Control
PRM_20260312_Project_ALS_Plate5_B1	B	1	ALS_samples	13	RB1	0.1	C:\Xcalibur\methods\method1	C:\data\yourdir	PRM_20260312_Project_ALS_Plate5_B1	Homo sapiens	blood plasma	Plate5	Project_ALS	not available	not available	not available	not available	not available	not available	not available	not available	1	AC=EFO:0009656;NT=plasma	run 397	proteomic profiling by mass spectrometry	PRM_20260312_Project_ALS_Plate5_B1.raw	PRM_20260312_Project_ALS_Plate5_B1.raw	NT=Parallel Reaction Monitoring;AC=MS:1002956	AC=MS:1002038;NT=label free sample	1	NT=High-performance liquid chromatography;AC=PRIDE:0000565	1	AC=MS:1001251;NT=Trypsin	not available	NT=Stellar;AC=MS:1003409	NT=Carbamidomethyl;AC=UNIMOD:4;TA=C;MT=Fixed	NT=Higher-energy Collisional Dissociation;AC=MS:1000422	27 NCE	40 ppm	0.05 Da	24001	ALS_samples
PRM_20260312_Project_ALS_Plate5_B2	B	2	Control	14	RB2	0.1	C:\Xcalibur\methods\method1	C:\data\yourdir	PRM_20260312_Project_ALS_Plate5_B2	Homo sapiens	blood plasma	Plate5	Project_ALS	not available	not available	not available	not available	not available	not available	not available	not available	1	AC=EFO:0009656;NT=plasma	run 398	proteomic profiling by mass spectrometry	PRM_20260312_Project_ALS_Plate5_B2.raw	PRM_20260312_Project_ALS_Plate5_B2.raw	NT=Parallel Reaction Monitoring;AC=MS:1002956	AC=MS:1002038;NT=label free sample	1	NT=High-performance liquid chromatography;AC=PRIDE:0000565	1	AC=MS:1001251;NT=Trypsin	not available	NT=Stellar;AC=MS:1003409	NT=Carbamidomethyl;AC=UNIMOD:4;TA=C;MT=Fixed	NT=Higher-energy Collisional Dissociation;AC=MS:1000422	27 NCE	40 ppm	0.05 Da	24001	Control
PRM_20260312_Project_ALS_Plate5_B3	B	3	ALS_samples	15	RB3	0.1	C:\Xcalibur\methods\method1	C:\data\yourdir	PRM_20260312_Project_ALS_Plate5_B3	Homo sapiens	blood plasma	Plate5	Project_ALS	not available	not available	not available	not available	not available	not available	not available	not available	1	AC=EFO:0009656;NT=plasma	run 399	proteomic profiling by mass spectrometry	PRM_20260312_Project_ALS_Plate5_B3.raw	PRM_20260312_Project_ALS_Plate5_B3.raw	NT=Parallel Reaction Monitoring;AC=MS:1002956	AC=MS:1002038;NT=label free sample	1	NT=High-performance liquid chromatography;AC=PRIDE:0000565	1	AC=MS:1001251;NT=Trypsin	not available	NT=Stellar;AC=MS:1003409	NT=Carbamidomethyl;AC=UNIMOD:4;TA=C;MT=Fixed	NT=Higher-energy Collisional Dissociation;AC=MS:1000422	27 NCE	40 ppm	0.05 Da	24001	ALS_samples
PRM_20260312_Project_ALS_Plate5_B4	B	4	ALS_samples	16	RB4	0.1	C:\Xcalibur\methods\method1	C:\data\yourdir	PRM_20260312_Project_ALS_Plate5_B4	Homo sapiens	blood plasma	Plate5	Project_ALS	not available	not available	not available	not available	not available	not available	not available	not available	1	AC=EFO:0009656;NT=plasma	run 400	proteomic profiling by mass spectrometry	PRM_20260312_Project_ALS_Plate5_B4.raw	PRM_20260312_Project_ALS_Plate5_B4.raw	NT=Parallel Reaction Monitoring;AC=MS:1002956	AC=MS:1002038;NT=label free sample	1	NT=High-performance liquid chromatography;AC=PRIDE:0000565	1	AC=MS:1001251;NT=Trypsin	not available	NT=Stellar;AC=MS:1003409	NT=Carbamidomethyl;AC=UNIMOD:4;TA=C;MT=Fixed	NT=Higher-energy Collisional Dissociation;AC=MS:1000422	27 NCE	40 ppm	0.05 Da	24001	ALS_samples
PRM_20260312_Project_ALS_Plate5_B5	B	5	ALS_samples	17	RB5	0.1	C:\Xcalibur\methods\method1	C:\data\yourdir	PRM_20260312_Project_ALS_Plate5_B5	Homo sapiens	blood plasma	Plate5	Project_ALS	not available	not available	not available	not available	not available	not available	not available	not available	1	AC=EFO:0009656;NT=plasma	run 401	proteomic profiling by mass spectrometry	PRM_20260312_Project_ALS_Plate5_B5.raw	PRM_20260312_Project_ALS_Plate5_B5.raw	NT=Parallel Reaction Monitoring;AC=MS:1002956	AC=MS:1002038;NT=label free sample	1	NT=High-performance liquid chromatography;AC=PRIDE:0000565	1	AC=MS:1001251;NT=Trypsin	not available	NT=Stellar;AC=MS:1003409	NT=Carbamidomethyl;AC=UNIMOD:4;TA=C;MT=Fixed	NT=Higher-energy Collisional Dissociation;AC=MS:1000422	27 NCE	40 ppm	0.05 Da	24001	ALS_samples
PRM_20260312_Project_ALS_Plate5_B6	B	6	ALS_samples	18	RB6	0.1	C:\Xcalibur\methods\method1	C:\data\yourdir	PRM_20260312_Project_ALS_Plate5_B6	Homo sapiens	blood plasma	Plate5	Project_ALS	not available	not available	not available	not available	not available	not available	not available	not available	1	AC=EFO:0009656;NT=plasma	run 402	proteomic profiling by mass spectrometry	PRM_20260312_Project_ALS_Plate5_B6.raw	PRM_20260312_Project_ALS_Plate5_B6.raw	NT=Parallel Reaction Monitoring;AC=MS:1002956	AC=MS:1002038;NT=label free sample	1	NT=High-performance liquid chromatography;AC=PRIDE:0000565	1	AC=MS:1001251;NT=Trypsin	not available	NT=Stellar;AC=MS:1003409	NT=Carbamidomethyl;AC=UNIMOD:4;TA=C;MT=Fixed	NT=Higher-energy Collisional Dissociation;AC=MS:1000422	27 NCE	40 ppm	0.05 Da	24001	ALS_samples
PRM_20260312_Project_ALS_Plate5_B7	B	7	Control	19	RB7	0.1	C:\Xcalibur\methods\method1	C:\data\yourdir	PRM_20260312_Project_ALS_Plate5_B7	Homo sapiens	blood plasma	Plate5	Project_ALS	not available	not available	not available	not available	not available	not available	not available	not available	1	AC=EFO:0009656;NT=plasma	run 403	proteomic profiling by mass spectrometry	PRM_20260312_Project_ALS_Plate5_B7.raw	PRM_20260312_Project_ALS_Plate5_B7.raw	NT=Parallel Reaction Monitoring;AC=MS:1002956	AC=MS:1002038;NT=label free sample	1	NT=High-performance liquid chromatography;AC=PRIDE:0000565	1	AC=MS:1001251;NT=Trypsin	not available	NT=Stellar;AC=MS:1003409	NT=Carbamidomethyl;AC=UNIMOD:4;TA=C;MT=Fixed	NT=Higher-energy Collisional Dissociation;AC=MS:1000422	27 NCE	40 ppm	0.05 Da	24001	Control
PRM_20260312_Project_ALS_Plate5_B8	B	8	Control	20	RB8	0.1	C:\Xcalibur\methods\method1	C:\data\yourdir	PRM_20260312_Project_ALS_Plate5_B8	Homo sapiens	blood plasma	Plate5	Project_ALS	not available	not available	not available	not available	not available	not available	not available	not available	1	AC=EFO:0009656;NT=plasma	run 404	proteomic profiling by mass spectrometry	PRM_20260312_Project_ALS_Plate5_B8.raw	PRM_20260312_Project_ALS_Plate5_B8.raw	NT=Parallel Reaction Monitoring;AC=MS:1002956	AC=MS:1002038;NT=label free sample	1	NT=High-performance liquid chromatography;AC=PRIDE:0000565	1	AC=MS:1001251;NT=Trypsin	not available	NT=Stellar;AC=MS:1003409	NT=Carbamidomethyl;AC=UNIMOD:4;TA=C;MT=Fixed	NT=Higher-energy Collisional Dissociation;AC=MS:1000422	27 NCE	40 ppm	0.05 Da	24001	Control
PRM_20260312_Project_ALS_Plate5_B9	B	9	ALS_samples	21	RB9	0.1	C:\Xcalibur\methods\method1	C:\data\yourdir	PRM_20260312_Project_ALS_Plate5_B9	Homo sapiens	blood plasma	Plate5	Project_ALS	not available	not available	not available	not available	not available	not available	not available	not available	1	AC=EFO:0009656;NT=plasma	run 405	proteomic profiling by mass spectrometry	PRM_20260312_Project_ALS_Plate5_B9.raw	PRM_20260312_Project_ALS_Plate5_B9.raw	NT=Parallel Reaction Monitoring;AC=MS:1002956	AC=MS:1002038;NT=label free sample	1	NT=High-performance liquid chromatography;AC=PRIDE:0000565	1	AC=MS:1001251;NT=Trypsin	not available	NT=Stellar;AC=MS:1003409	NT=Carbamidomethyl;AC=UNIMOD:4;TA=C;MT=Fixed	NT=Higher-energy Collisional Dissociation;AC=MS:1000422	27 NCE	40 ppm	0.05 Da	24001	ALS_samples
PRM_20260312_Project_ALS_Plate5_B10	B	10	Control	22	RB10	0.1	C:\Xcalibur\methods\method1	C:\data\yourdir	PRM_20260312_Project_ALS_Plate5_B10	Homo sapiens	blood plasma	Plate5	Project_ALS	not available	not available	not available	not available	not available	not available	not available	not available	1	AC=EFO:0009656;NT=plasma	run 406	proteomic profiling by mass spectrometry	PRM_20260312_Project_ALS_Plate5_B10.raw	PRM_20260312_Project_ALS_Plate5_B10.raw	NT=Parallel Reaction Monitoring;AC=MS:1002956	AC=MS:1002038;NT=label free sample	1	NT=High-performance liquid chromatography;AC=PRIDE:0000565	1	AC=MS:1001251;NT=Trypsin	not available	NT=Stellar;AC=MS:1003409	NT=Carbamidomethyl;AC=UNIMOD:4;TA=C;MT=Fixed	NT=Higher-energy Collisional Dissociation;AC=MS:1000422	27 NCE	40 ppm	0.05 Da	24001	Control
PRM_20260312_Project_ALS_Plate5_B11	B	11	AD_4	23	RB11	0.1	C:\Xcalibur\methods\method1	C:\data\yourdir	PRM_20260312_Project_ALS_Plate5_B11	Homo sapiens	blood plasma	Plate5	Project_ALS	not available	not available	not available	not available	not available	not available	not available	not available	1	AC=EFO:0009656;NT=plasma	run 407	proteomic profiling by mass spectrometry	PRM_20260312_Project_ALS_Plate5_B11.raw	PRM_20260312_Project_ALS_Plate5_B11.raw	NT=Parallel Reaction Monitoring;AC=MS:1002956	AC=MS:1002038;NT=label free sample	1	NT=High-performance liquid chromatography;AC=PRIDE:0000565	1	AC=MS:1001251;NT=Trypsin	not available	NT=Stellar;AC=MS:1003409	NT=Carbamidomethyl;AC=UNIMOD:4;TA=C;MT=Fixed	NT=Higher-energy Collisional Dissociation;AC=MS:1000422	27 NCE	40 ppm	0.05 Da	24001	AD_4
PRM_20260312_Project_ALS_Plate5_B12	B	12	Control	24	RB12	0.1	C:\Xcalibur\methods\method1	C:\data\yourdir	PRM_20260312_Project_ALS_Plate5_B12	Homo sapiens	blood plasma	Plate5	Project_ALS	not available	not available	not available	not available	not available	not available	not available	not available	1	AC=EFO:0009656;NT=plasma	run 408	proteomic profiling by mass spectrometry	PRM_20260312_Project_ALS_Plate5_B12.raw	PRM_20260312_Project_ALS_Plate5_B12.raw	NT=Parallel Reaction Monitoring;AC=MS:1002956	AC=MS:1002038;NT=label free sample	1	NT=High-performance liquid chromatography;AC=PRIDE:0000565	1	AC=MS:1001251;NT=Trypsin	not available	NT=Stellar;AC=MS:1003409	NT=Carbamidomethyl;AC=UNIMOD:4;TA=C;MT=Fixed	NT=Higher-energy Collisional Dissociation;AC=MS:1000422	27 NCE	40 ppm	0.05 Da	24001	Control
PRM_20260312_Project_ALS_Plate5_C1	C	1	ALS_samples	25	RC1	0.1	C:\Xcalibur\methods\method1	C:\data\yourdir	PRM_20260312_Project_ALS_Plate5_C1	Homo sapiens	blood plasma	Plate5	Project_ALS	not available	not available	not available	not available	not available	not available	not available	not available	1	AC=EFO:0009656;NT=plasma	run 409	proteomic profiling by mass spectrometry	PRM_20260312_Project_ALS_Plate5_C1.raw	PRM_20260312_Project_ALS_Plate5_C1.raw	NT=Parallel Reaction Monitoring;AC=MS:1002956	AC=MS:1002038;NT=label free sample	1	NT=High-performance liquid chromatography;AC=PRIDE:0000565	1	AC=MS:1001251;NT=Trypsin	not available	NT=Stellar;AC=MS:1003409	NT=Carbamidomethyl;AC=UNIMOD:4;TA=C;MT=Fixed	NT=Higher-energy Collisional Dissociation;AC=MS:1000422	27 NCE	40 ppm	0.05 Da	24001	ALS_samples
PRM_20260312_Project_ALS_Plate5_C2	C	2	ALS_samples	26	RC2	0.1	C:\Xcalibur\methods\method1	C:\data\yourdir	PRM_20260312_Project_ALS_Plate5_C2	Homo sapiens	blood plasma	Plate5	Project_ALS	not available	not available	not available	not available	not available	not available	not available	not available	1	AC=EFO:0009656;NT=plasma	run 410	proteomic profiling by mass spectrometry	PRM_20260312_Project_ALS_Plate5_C2.raw	PRM_20260312_Project_ALS_Plate5_C2.raw	NT=Parallel Reaction Monitoring;AC=MS:1002956	AC=MS:1002038;NT=label free sample	1	NT=High-performance liquid chromatography;AC=PRIDE:0000565	1	AC=MS:1001251;NT=Trypsin	not available	NT=Stellar;AC=MS:1003409	NT=Carbamidomethyl;AC=UNIMOD:4;TA=C;MT=Fixed	NT=Higher-energy Collisional Dissociation;AC=MS:1000422	27 NCE	40 ppm	0.05 Da	24001	ALS_samples
PRM_20260312_Project_ALS_Plate5_C3	C	3	ALS_samples	27	RC3	0.1	C:\Xcalibur\methods\method1	C:\data\yourdir	PRM_20260312_Project_ALS_Plate5_C3	Homo sapiens	blood plasma	Plate5	Project_ALS	not available	not available	not available	not available	not available	not available	not available	not available	1	AC=EFO:0009656;NT=plasma	run 411	proteomic profiling by mass spectrometry	PRM_20260312_Project_ALS_Plate5_C3.raw	PRM_20260312_Project_ALS_Plate5_C3.raw	NT=Parallel Reaction Monitoring;AC=MS:1002956	AC=MS:1002038;NT=label free sample	1	NT=High-performance liquid chromatography;AC=PRIDE:0000565	1	AC=MS:1001251;NT=Trypsin	not available	NT=Stellar;AC=MS:1003409	NT=Carbamidomethyl;AC=UNIMOD:4;TA=C;MT=Fixed	NT=Higher-energy Collisional Dissociation;AC=MS:1000422	27 NCE	40 ppm	0.05 Da	24001	ALS_samples
PRM_20260312_Project_ALS_Plate5_C4	C	4	ALS_samples	28	RC4	0.1	C:\Xcalibur\methods\method1	C:\data\yourdir	PRM_20260312_Project_ALS_Plate5_C4	Homo sapiens	blood plasma	Plate5	Project_ALS	not available	not available	not available	not available	not available	not available	not available	not available	1	AC=EFO:0009656;NT=plasma	run 412	proteomic profiling by mass spectrometry	PRM_20260312_Project_ALS_Plate5_C4.raw	PRM_20260312_Project_ALS_Plate5_C4.raw	NT=Parallel Reaction Monitoring;AC=MS:1002956	AC=MS:1002038;NT=label free sample	1	NT=High-performance liquid chromatography;AC=PRIDE:0000565	1	AC=MS:1001251;NT=Trypsin	not available	NT=Stellar;AC=MS:1003409	NT=Carbamidomethyl;AC=UNIMOD:4;TA=C;MT=Fixed	NT=Higher-energy Collisional Dissociation;AC=MS:1000422	27 NCE	40 ppm	0.05 Da	24001	ALS_samples
PRM_20260312_Project_ALS_Plate5_C5	C	5	ALS_samples	29	RC5	0.1	C:\Xcalibur\methods\method1	C:\data\yourdir	PRM_20260312_Project_ALS_Plate5_C5	Homo sapiens	blood plasma	Plate5	Project_ALS	not available	not available	not available	not available	not available	not available	not available	not available	1	AC=EFO:0009656;NT=plasma	run 413	proteomic profiling by mass spectrometry	PRM_20260312_Project_ALS_Plate5_C5.raw	PRM_20260312_Project_ALS_Plate5_C5.raw	NT=Parallel Reaction Monitoring;AC=MS:1002956	AC=MS:1002038;NT=label free sample	1	NT=High-performance liquid chromatography;AC=PRIDE:0000565	1	AC=MS:1001251;NT=Trypsin	not available	NT=Stellar;AC=MS:1003409	NT=Carbamidomethyl;AC=UNIMOD:4;TA=C;MT=Fixed	NT=Higher-energy Collisional Dissociation;AC=MS:1000422	27 NCE	40 ppm	0.05 Da	24001	ALS_samples
PRM_20260312_Project_ALS_Plate5_C6	C	6	ALS_samples	30	RC6	0.1	C:\Xcalibur\methods\method1	C:\data\yourdir	PRM_20260312_Project_ALS_Plate5_C6	Homo sapiens	blood plasma	Plate5	Project_ALS	not available	not available	not available	not available	not available	not available	not available	not available	1	AC=EFO:0009656;NT=plasma	run 414	proteomic profiling by mass spectrometry	PRM_20260312_Project_ALS_Plate5_C6.raw	PRM_20260312_Project_ALS_Plate5_C6.raw	NT=Parallel Reaction Monitoring;AC=MS:1002956	AC=MS:1002038;NT=label free sample	1	NT=High-performance liquid chromatography;AC=PRIDE:0000565	1	AC=MS:1001251;NT=Trypsin	not available	NT=Stellar;AC=MS:1003409	NT=Carbamidomethyl;AC=UNIMOD:4;TA=C;MT=Fixed	NT=Higher-energy Collisional Dissociation;AC=MS:1000422	27 NCE	40 ppm	0.05 Da	24001	ALS_samples
PRM_20260312_Project_ALS_Plate5_C7	C	7	ALS_samples	31	RC7	0.1	C:\Xcalibur\methods\method1	C:\data\yourdir	PRM_20260312_Project_ALS_Plate5_C7	Homo sapiens	blood plasma	Plate5	Project_ALS	not available	not available	not available	not available	not available	not available	not available	not available	1	AC=EFO:0009656;NT=plasma	run 415	proteomic profiling by mass spectrometry	PRM_20260312_Project_ALS_Plate5_C7.raw	PRM_20260312_Project_ALS_Plate5_C7.raw	NT=Parallel Reaction Monitoring;AC=MS:1002956	AC=MS:1002038;NT=label free sample	1	NT=High-performance liquid chromatography;AC=PRIDE:0000565	1	AC=MS:1001251;NT=Trypsin	not available	NT=Stellar;AC=MS:1003409	NT=Carbamidomethyl;AC=UNIMOD:4;TA=C;MT=Fixed	NT=Higher-energy Collisional Dissociation;AC=MS:1000422	27 NCE	40 ppm	0.05 Da	24001	ALS_samples
PRM_20260312_Project_ALS_Plate5_C8	C	8	ALS_samples	32	RC8	0.1	C:\Xcalibur\methods\method1	C:\data\yourdir	PRM_20260312_Project_ALS_Plate5_C8	Homo sapiens	blood plasma	Plate5	Project_ALS	not available	not available	not available	not available	not available	not available	not available	not available	1	AC=EFO:0009656;NT=plasma	run 416	proteomic profiling by mass spectrometry	PRM_20260312_Project_ALS_Plate5_C8.raw	PRM_20260312_Project_ALS_Plate5_C8.raw	NT=Parallel Reaction Monitoring;AC=MS:1002956	AC=MS:1002038;NT=label free sample	1	NT=High-performance liquid chromatography;AC=PRIDE:0000565	1	AC=MS:1001251;NT=Trypsin	not available	NT=Stellar;AC=MS:1003409	NT=Carbamidomethyl;AC=UNIMOD:4;TA=C;MT=Fixed	NT=Higher-energy Collisional Dissociation;AC=MS:1000422	27 NCE	40 ppm	0.05 Da	24001	ALS_samples
PRM_20260312_Project_ALS_Plate5_C9	C	9	ALS_samples	33	RC9	0.1	C:\Xcalibur\methods\method1	C:\data\yourdir	PRM_20260312_Project_ALS_Plate5_C9	Homo sapiens	blood plasma	Plate5	Project_ALS	not available	not available	not available	not available	not available	not available	not available	not available	1	AC=EFO:0009656;NT=plasma	run 417	proteomic profiling by mass spectrometry	PRM_20260312_Project_ALS_Plate5_C9.raw	PRM_20260312_Project_ALS_Plate5_C9.raw	NT=Parallel Reaction Monitoring;AC=MS:1002956	AC=MS:1002038;NT=label free sample	1	NT=High-performance liquid chromatography;AC=PRIDE:0000565	1	AC=MS:1001251;NT=Trypsin	not available	NT=Stellar;AC=MS:1003409	NT=Carbamidomethyl;AC=UNIMOD:4;TA=C;MT=Fixed	NT=Higher-energy Collisional Dissociation;AC=MS:1000422	27 NCE	40 ppm	0.05 Da	24001	ALS_samples
PRM_20260312_Project_ALS_Plate5_C10	C	10	AD_4	34	RC10	0.1	C:\Xcalibur\methods\method1	C:\data\yourdir	PRM_20260312_Project_ALS_Plate5_C10	Homo sapiens	blood plasma	Plate5	Project_ALS	not available	not available	not available	not available	not available	not available	not available	not available	1	AC=EFO:0009656;NT=plasma	run 418	proteomic profiling by mass spectrometry	PRM_20260312_Project_ALS_Plate5_C10.raw	PRM_20260312_Project_ALS_Plate5_C10.raw	NT=Parallel Reaction Monitoring;AC=MS:1002956	AC=MS:1002038;NT=label free sample	1	NT=High-performance liquid chromatography;AC=PRIDE:0000565	1	AC=MS:1001251;NT=Trypsin	not available	NT=Stellar;AC=MS:1003409	NT=Carbamidomethyl;AC=UNIMOD:4;TA=C;MT=Fixed	NT=Higher-energy Collisional Dissociation;AC=MS:1000422	27 NCE	40 ppm	0.05 Da	24001	AD_4
PRM_20260312_Project_ALS_Plate5_C11	C	11	AD_4	35	RC11	0.1	C:\Xcalibur\methods\method1	C:\data\yourdir	PRM_20260312_Project_ALS_Plate5_C11	Homo sapiens	blood plasma	Plate5	Project_ALS	not available	not available	not available	not available	not available	not available	not available	not available	1	AC=EFO:0009656;NT=plasma	run 419	proteomic profiling by mass spectrometry	PRM_20260312_Project_ALS_Plate5_C11.raw	PRM_20260312_Project_ALS_Plate5_C11.raw	NT=Parallel Reaction Monitoring;AC=MS:1002956	AC=MS:1002038;NT=label free sample	1	NT=High-performance liquid chromatography;AC=PRIDE:0000565	1	AC=MS:1001251;NT=Trypsin	not available	NT=Stellar;AC=MS:1003409	NT=Carbamidomethyl;AC=UNIMOD:4;TA=C;MT=Fixed	NT=Higher-energy Collisional Dissociation;AC=MS:1000422	27 NCE	40 ppm	0.05 Da	24001	AD_4
PRM_20260312_Project_ALS_Plate5_C12	C	12	Control	36	RC12	0.1	C:\Xcalibur\methods\method1	C:\data\yourdir	PRM_20260312_Project_ALS_Plate5_C12	Homo sapiens	blood plasma	Plate5	Project_ALS	not available	not available	not available	not available	not available	not available	not available	not available	1	AC=EFO:0009656;NT=plasma	run 420	proteomic profiling by mass spectrometry	PRM_20260312_Project_ALS_Plate5_C12.raw	PRM_20260312_Project_ALS_Plate5_C12.raw	NT=Parallel Reaction Monitoring;AC=MS:1002956	AC=MS:1002038;NT=label free sample	1	NT=High-performance liquid chromatography;AC=PRIDE:0000565	1	AC=MS:1001251;NT=Trypsin	not available	NT=Stellar;AC=MS:1003409	NT=Carbamidomethyl;AC=UNIMOD:4;TA=C;MT=Fixed	NT=Higher-energy Collisional Dissociation;AC=MS:1000422	27 NCE	40 ppm	0.05 Da	24001	Control
PRM_20260312_Project_ALS_Plate5_D1	D	1	ALS_samples	37	RD1	0.1	C:\Xcalibur\methods\method1	C:\data\yourdir	PRM_20260312_Project_ALS_Plate5_D1	Homo sapiens	blood plasma	Plate5	Project_ALS	not available	not available	not available	not available	not available	not available	not available	not available	1	AC=EFO:0009656;NT=plasma	run 421	proteomic profiling by mass spectrometry	PRM_20260312_Project_ALS_Plate5_D1.raw	PRM_20260312_Project_ALS_Plate5_D1.raw	NT=Parallel Reaction Monitoring;AC=MS:1002956	AC=MS:1002038;NT=label free sample	1	NT=High-performance liquid chromatography;AC=PRIDE:0000565	1	AC=MS:1001251;NT=Trypsin	not available	NT=Stellar;AC=MS:1003409	NT=Carbamidomethyl;AC=UNIMOD:4;TA=C;MT=Fixed	NT=Higher-energy Collisional Dissociation;AC=MS:1000422	27 NCE	40 ppm	0.05 Da	24001	ALS_samples
PRM_20260312_Project_ALS_Plate5_D2	D	2	ALS_samples	38	RD2	0.1	C:\Xcalibur\methods\method1	C:\data\yourdir	PRM_20260312_Project_ALS_Plate5_D2	Homo sapiens	blood plasma	Plate5	Project_ALS	not available	not available	not available	not available	not available	not available	not available	not available	1	AC=EFO:0009656;NT=plasma	run 422	proteomic profiling by mass spectrometry	PRM_20260312_Project_ALS_Plate5_D2.raw	PRM_20260312_Project_ALS_Plate5_D2.raw	NT=Parallel Reaction Monitoring;AC=MS:1002956	AC=MS:1002038;NT=label free sample	1	NT=High-performance liquid chromatography;AC=PRIDE:0000565	1	AC=MS:1001251;NT=Trypsin	not available	NT=Stellar;AC=MS:1003409	NT=Carbamidomethyl;AC=UNIMOD:4;TA=C;MT=Fixed	NT=Higher-energy Collisional Dissociation;AC=MS:1000422	27 NCE	40 ppm	0.05 Da	24001	ALS_samples
PRM_20260312_Project_ALS_Plate5_D3	D	3	ALS_samples	39	RD3	0.1	C:\Xcalibur\methods\method1	C:\data\yourdir	PRM_20260312_Project_ALS_Plate5_D3	Homo sapiens	blood plasma	Plate5	Project_ALS	not available	not available	not available	not available	not available	not available	not available	not available	1	AC=EFO:0009656;NT=plasma	run 423	proteomic profiling by mass spectrometry	PRM_20260312_Project_ALS_Plate5_D3.raw	PRM_20260312_Project_ALS_Plate5_D3.raw	NT=Parallel Reaction Monitoring;AC=MS:1002956	AC=MS:1002038;NT=label free sample	1	NT=High-performance liquid chromatography;AC=PRIDE:0000565	1	AC=MS:1001251;NT=Trypsin	not available	NT=Stellar;AC=MS:1003409	NT=Carbamidomethyl;AC=UNIMOD:4;TA=C;MT=Fixed	NT=Higher-energy Collisional Dissociation;AC=MS:1000422	27 NCE	40 ppm	0.05 Da	24001	ALS_samples
PRM_20260312_Project_ALS_Plate5_D4	D	4	ALS_samples	40	RD4	0.1	C:\Xcalibur\methods\method1	C:\data\yourdir	PRM_20260312_Project_ALS_Plate5_D4	Homo sapiens	blood plasma	Plate5	Project_ALS	not available	not available	not available	not available	not available	not available	not available	not available	1	AC=EFO:0009656;NT=plasma	run 424	proteomic profiling by mass spectrometry	PRM_20260312_Project_ALS_Plate5_D4.raw	PRM_20260312_Project_ALS_Plate5_D4.raw	NT=Parallel Reaction Monitoring;AC=MS:1002956	AC=MS:1002038;NT=label free sample	1	NT=High-performance liquid chromatography;AC=PRIDE:0000565	1	AC=MS:1001251;NT=Trypsin	not available	NT=Stellar;AC=MS:1003409	NT=Carbamidomethyl;AC=UNIMOD:4;TA=C;MT=Fixed	NT=Higher-energy Collisional Dissociation;AC=MS:1000422	27 NCE	40 ppm	0.05 Da	24001	ALS_samples
PRM_20260312_Project_ALS_Plate5_D5	D	5	ALS_samples	41	RD5	0.1	C:\Xcalibur\methods\method1	C:\data\yourdir	PRM_20260312_Project_ALS_Plate5_D5	Homo sapiens	blood plasma	Plate5	Project_ALS	not available	not available	not available	not available	not available	not available	not available	not available	1	AC=EFO:0009656;NT=plasma	run 425	proteomic profiling by mass spectrometry	PRM_20260312_Project_ALS_Plate5_D5.raw	PRM_20260312_Project_ALS_Plate5_D5.raw	NT=Parallel Reaction Monitoring;AC=MS:1002956	AC=MS:1002038;NT=label free sample	1	NT=High-performance liquid chromatography;AC=PRIDE:0000565	1	AC=MS:1001251;NT=Trypsin	not available	NT=Stellar;AC=MS:1003409	NT=Carbamidomethyl;AC=UNIMOD:4;TA=C;MT=Fixed	NT=Higher-energy Collisional Dissociation;AC=MS:1000422	27 NCE	40 ppm	0.05 Da	24001	ALS_samples
PRM_20260312_Project_ALS_Plate5_D6	D	6	ALS_samples	42	RD6	0.1	C:\Xcalibur\methods\method1	C:\data\yourdir	PRM_20260312_Project_ALS_Plate5_D6	Homo sapiens	blood plasma	Plate5	Project_ALS	not available	not available	not available	not available	not available	not available	not available	not available	1	AC=EFO:0009656;NT=plasma	run 426	proteomic profiling by mass spectrometry	PRM_20260312_Project_ALS_Plate5_D6.raw	PRM_20260312_Project_ALS_Plate5_D6.raw	NT=Parallel Reaction Monitoring;AC=MS:1002956	AC=MS:1002038;NT=label free sample	1	NT=High-performance liquid chromatography;AC=PRIDE:0000565	1	AC=MS:1001251;NT=Trypsin	not available	NT=Stellar;AC=MS:1003409	NT=Carbamidomethyl;AC=UNIMOD:4;TA=C;MT=Fixed	NT=Higher-energy Collisional Dissociation;AC=MS:1000422	27 NCE	40 ppm	0.05 Da	24001	ALS_samples
PRM_20260312_Project_ALS_Plate5_D7	D	7	ALS_samples	43	RD7	0.1	C:\Xcalibur\methods\method1	C:\data\yourdir	PRM_20260312_Project_ALS_Plate5_D7	Homo sapiens	blood plasma	Plate5	Project_ALS	not available	not available	not available	not available	not available	not available	not available	not available	1	AC=EFO:0009656;NT=plasma	run 427	proteomic profiling by mass spectrometry	PRM_20260312_Project_ALS_Plate5_D7.raw	PRM_20260312_Project_ALS_Plate5_D7.raw	NT=Parallel Reaction Monitoring;AC=MS:1002956	AC=MS:1002038;NT=label free sample	1	NT=High-performance liquid chromatography;AC=PRIDE:0000565	1	AC=MS:1001251;NT=Trypsin	not available	NT=Stellar;AC=MS:1003409	NT=Carbamidomethyl;AC=UNIMOD:4;TA=C;MT=Fixed	NT=Higher-energy Collisional Dissociation;AC=MS:1000422	27 NCE	40 ppm	0.05 Da	24001	ALS_samples
PRM_20260312_Project_ALS_Plate5_D8	D	8	ALS_samples	44	RD8	0.1	C:\Xcalibur\methods\method1	C:\data\yourdir	PRM_20260312_Project_ALS_Plate5_D8	Homo sapiens	blood plasma	Plate5	Project_ALS	not available	not available	not available	not available	not available	not available	not available	not available	1	AC=EFO:0009656;NT=plasma	run 428	proteomic profiling by mass spectrometry	PRM_20260312_Project_ALS_Plate5_D8.raw	PRM_20260312_Project_ALS_Plate5_D8.raw	NT=Parallel Reaction Monitoring;AC=MS:1002956	AC=MS:1002038;NT=label free sample	1	NT=High-performance liquid chromatography;AC=PRIDE:0000565	1	AC=MS:1001251;NT=Trypsin	not available	NT=Stellar;AC=MS:1003409	NT=Carbamidomethyl;AC=UNIMOD:4;TA=C;MT=Fixed	NT=Higher-energy Collisional Dissociation;AC=MS:1000422	27 NCE	40 ppm	0.05 Da	24001	ALS_samples
PRM_20260312_Project_ALS_Plate5_D9	D	9	ALS_samples	45	RD9	0.1	C:\Xcalibur\methods\method1	C:\data\yourdir	PRM_20260312_Project_ALS_Plate5_D9	Homo sapiens	blood plasma	Plate5	Project_ALS	not available	not available	not available	not available	not available	not available	not available	not available	1	AC=EFO:0009656;NT=plasma	run 429	proteomic profiling by mass spectrometry	PRM_20260312_Project_ALS_Plate5_D9.raw	PRM_20260312_Project_ALS_Plate5_D9.raw	NT=Parallel Reaction Monitoring;AC=MS:1002956	AC=MS:1002038;NT=label free sample	1	NT=High-performance liquid chromatography;AC=PRIDE:0000565	1	AC=MS:1001251;NT=Trypsin	not available	NT=Stellar;AC=MS:1003409	NT=Carbamidomethyl;AC=UNIMOD:4;TA=C;MT=Fixed	NT=Higher-energy Collisional Dissociation;AC=MS:1000422	27 NCE	40 ppm	0.05 Da	24001	ALS_samples
PRM_20260312_Project_ALS_Plate5_D10	D	10	AD_4	46	RD10	0.1	C:\Xcalibur\methods\method1	C:\data\yourdir	PRM_20260312_Project_ALS_Plate5_D10	Homo sapiens	blood plasma	Plate5	Project_ALS	not available	not available	not available	not available	not available	not available	not available	not available	1	AC=EFO:0009656;NT=plasma	run 430	proteomic profiling by mass spectrometry	PRM_20260312_Project_ALS_Plate5_D10.raw	PRM_20260312_Project_ALS_Plate5_D10.raw	NT=Parallel Reaction Monitoring;AC=MS:1002956	AC=MS:1002038;NT=label free sample	1	NT=High-performance liquid chromatography;AC=PRIDE:0000565	1	AC=MS:1001251;NT=Trypsin	not available	NT=Stellar;AC=MS:1003409	NT=Carbamidomethyl;AC=UNIMOD:4;TA=C;MT=Fixed	NT=Higher-energy Collisional Dissociation;AC=MS:1000422	27 NCE	40 ppm	0.05 Da	24001	AD_4
PRM_20260312_Project_ALS_Plate5_D11	D	11	Control	47	RD11	0.1	C:\Xcalibur\methods\method1	C:\data\yourdir	PRM_20260312_Project_ALS_Plate5_D11	Homo sapiens	blood plasma	Plate5	Project_ALS	not available	not available	not available	not available	not available	not available	not available	not available	1	AC=EFO:0009656;NT=plasma	run 431	proteomic profiling by mass spectrometry	PRM_20260312_Project_ALS_Plate5_D11.raw	PRM_20260312_Project_ALS_Plate5_D11.raw	NT=Parallel Reaction Monitoring;AC=MS:1002956	AC=MS:1002038;NT=label free sample	1	NT=High-performance liquid chromatography;AC=PRIDE:0000565	1	AC=MS:1001251;NT=Trypsin	not available	NT=Stellar;AC=MS:1003409	NT=Carbamidomethyl;AC=UNIMOD:4;TA=C;MT=Fixed	NT=Higher-energy Collisional Dissociation;AC=MS:1000422	27 NCE	40 ppm	0.05 Da	24001	Control
PRM_20260312_Project_ALS_Plate5_D12	D	12	Control	48	RD12	0.1	C:\Xcalibur\methods\method1	C:\data\yourdir	PRM_20260312_Project_ALS_Plate5_D12	Homo sapiens	blood plasma	Plate5	Project_ALS	not available	not available	not available	not available	not available	not available	not available	not available	1	AC=EFO:0009656;NT=plasma	run 432	proteomic profiling by mass spectrometry	PRM_20260312_Project_ALS_Plate5_D12.raw	PRM_20260312_Project_ALS_Plate5_D12.raw	NT=Parallel Reaction Monitoring;AC=MS:1002956	AC=MS:1002038;NT=label free sample	1	NT=High-performance liquid chromatography;AC=PRIDE:0000565	1	AC=MS:1001251;NT=Trypsin	not available	NT=Stellar;AC=MS:1003409	NT=Carbamidomethyl;AC=UNIMOD:4;TA=C;MT=Fixed	NT=Higher-energy Collisional Dissociation;AC=MS:1000422	27 NCE	40 ppm	0.05 Da	24001	Control
PRM_20260312_Project_ALS_Plate5_E1	E	1	ALS_samples	49	RE1	0.1	C:\Xcalibur\methods\method1	C:\data\yourdir	PRM_20260312_Project_ALS_Plate5_E1	Homo sapiens	blood plasma	Plate5	Project_ALS	not available	not available	not available	not available	not available	not available	not available	not available	1	AC=EFO:0009656;NT=plasma	run 433	proteomic profiling by mass spectrometry	PRM_20260312_Project_ALS_Plate5_E1.raw	PRM_20260312_Project_ALS_Plate5_E1.raw	NT=Parallel Reaction Monitoring;AC=MS:1002956	AC=MS:1002038;NT=label free sample	1	NT=High-performance liquid chromatography;AC=PRIDE:0000565	1	AC=MS:1001251;NT=Trypsin	not available	NT=Stellar;AC=MS:1003409	NT=Carbamidomethyl;AC=UNIMOD:4;TA=C;MT=Fixed	NT=Higher-energy Collisional Dissociation;AC=MS:1000422	27 NCE	40 ppm	0.05 Da	24001	ALS_samples
PRM_20260312_Project_ALS_Plate5_E2	E	2	ALS_samples	50	RE2	0.1	C:\Xcalibur\methods\method1	C:\data\yourdir	PRM_20260312_Project_ALS_Plate5_E2	Homo sapiens	blood plasma	Plate5	Project_ALS	not available	not available	not available	not available	not available	not available	not available	not available	1	AC=EFO:0009656;NT=plasma	run 434	proteomic profiling by mass spectrometry	PRM_20260312_Project_ALS_Plate5_E2.raw	PRM_20260312_Project_ALS_Plate5_E2.raw	NT=Parallel Reaction Monitoring;AC=MS:1002956	AC=MS:1002038;NT=label free sample	1	NT=High-performance liquid chromatography;AC=PRIDE:0000565	1	AC=MS:1001251;NT=Trypsin	not available	NT=Stellar;AC=MS:1003409	NT=Carbamidomethyl;AC=UNIMOD:4;TA=C;MT=Fixed	NT=Higher-energy Collisional Dissociation;AC=MS:1000422	27 NCE	40 ppm	0.05 Da	24001	ALS_samples
PRM_20260312_Project_ALS_Plate5_E3	E	3	ALS_samples	51	RE3	0.1	C:\Xcalibur\methods\method1	C:\data\yourdir	PRM_20260312_Project_ALS_Plate5_E3	Homo sapiens	blood plasma	Plate5	Project_ALS	not available	not available	not available	not available	not available	not available	not available	not available	1	AC=EFO:0009656;NT=plasma	run 435	proteomic profiling by mass spectrometry	PRM_20260312_Project_ALS_Plate5_E3.raw	PRM_20260312_Project_ALS_Plate5_E3.raw	NT=Parallel Reaction Monitoring;AC=MS:1002956	AC=MS:1002038;NT=label free sample	1	NT=High-performance liquid chromatography;AC=PRIDE:0000565	1	AC=MS:1001251;NT=Trypsin	not available	NT=Stellar;AC=MS:1003409	NT=Carbamidomethyl;AC=UNIMOD:4;TA=C;MT=Fixed	NT=Higher-energy Collisional Dissociation;AC=MS:1000422	27 NCE	40 ppm	0.05 Da	24001	ALS_samples
PRM_20260312_Project_ALS_Plate5_E4	E	4	ALS_samples	52	RE4	0.1	C:\Xcalibur\methods\method1	C:\data\yourdir	PRM_20260312_Project_ALS_Plate5_E4	Homo sapiens	blood plasma	Plate5	Project_ALS	not available	not available	not available	not available	not available	not available	not available	not available	1	AC=EFO:0009656;NT=plasma	run 436	proteomic profiling by mass spectrometry	PRM_20260312_Project_ALS_Plate5_E4.raw	PRM_20260312_Project_ALS_Plate5_E4.raw	NT=Parallel Reaction Monitoring;AC=MS:1002956	AC=MS:1002038;NT=label free sample	1	NT=High-performance liquid chromatography;AC=PRIDE:0000565	1	AC=MS:1001251;NT=Trypsin	not available	NT=Stellar;AC=MS:1003409	NT=Carbamidomethyl;AC=UNIMOD:4;TA=C;MT=Fixed	NT=Higher-energy Collisional Dissociation;AC=MS:1000422	27 NCE	40 ppm	0.05 Da	24001	ALS_samples
PRM_20260312_Project_ALS_Plate5_E5	E	5	ALS_samples	53	RE5	0.1	C:\Xcalibur\methods\method1	C:\data\yourdir	PRM_20260312_Project_ALS_Plate5_E5	Homo sapiens	blood plasma	Plate5	Project_ALS	not available	not available	not available	not available	not available	not available	not available	not available	1	AC=EFO:0009656;NT=plasma	run 437	proteomic profiling by mass spectrometry	PRM_20260312_Project_ALS_Plate5_E5.raw	PRM_20260312_Project_ALS_Plate5_E5.raw	NT=Parallel Reaction Monitoring;AC=MS:1002956	AC=MS:1002038;NT=label free sample	1	NT=High-performance liquid chromatography;AC=PRIDE:0000565	1	AC=MS:1001251;NT=Trypsin	not available	NT=Stellar;AC=MS:1003409	NT=Carbamidomethyl;AC=UNIMOD:4;TA=C;MT=Fixed	NT=Higher-energy Collisional Dissociation;AC=MS:1000422	27 NCE	40 ppm	0.05 Da	24001	ALS_samples
PRM_20260312_Project_ALS_Plate5_E6	E	6	ALS_samples	54	RE6	0.1	C:\Xcalibur\methods\method1	C:\data\yourdir	PRM_20260312_Project_ALS_Plate5_E6	Homo sapiens	blood plasma	Plate5	Project_ALS	not available	not available	not available	not available	not available	not available	not available	not available	1	AC=EFO:0009656;NT=plasma	run 438	proteomic profiling by mass spectrometry	PRM_20260312_Project_ALS_Plate5_E6.raw	PRM_20260312_Project_ALS_Plate5_E6.raw	NT=Parallel Reaction Monitoring;AC=MS:1002956	AC=MS:1002038;NT=label free sample	1	NT=High-performance liquid chromatography;AC=PRIDE:0000565	1	AC=MS:1001251;NT=Trypsin	not available	NT=Stellar;AC=MS:1003409	NT=Carbamidomethyl;AC=UNIMOD:4;TA=C;MT=Fixed	NT=Higher-energy Collisional Dissociation;AC=MS:1000422	27 NCE	40 ppm	0.05 Da	24001	ALS_samples
PRM_20260312_Project_ALS_Plate5_E7	E	7	ALS_samples	55	RE7	0.1	C:\Xcalibur\methods\method1	C:\data\yourdir	PRM_20260312_Project_ALS_Plate5_E7	Homo sapiens	blood plasma	Plate5	Project_ALS	not available	not available	not available	not available	not available	not available	not available	not available	1	AC=EFO:0009656;NT=plasma	run 439	proteomic profiling by mass spectrometry	PRM_20260312_Project_ALS_Plate5_E7.raw	PRM_20260312_Project_ALS_Plate5_E7.raw	NT=Parallel Reaction Monitoring;AC=MS:1002956	AC=MS:1002038;NT=label free sample	1	NT=High-performance liquid chromatography;AC=PRIDE:0000565	1	AC=MS:1001251;NT=Trypsin	not available	NT=Stellar;AC=MS:1003409	NT=Carbamidomethyl;AC=UNIMOD:4;TA=C;MT=Fixed	NT=Higher-energy Collisional Dissociation;AC=MS:1000422	27 NCE	40 ppm	0.05 Da	24001	ALS_samples
PRM_20260312_Project_ALS_Plate5_E8	E	8	ALS_samples	56	RE8	0.1	C:\Xcalibur\methods\method1	C:\data\yourdir	PRM_20260312_Project_ALS_Plate5_E8	Homo sapiens	blood plasma	Plate5	Project_ALS	not available	not available	not available	not available	not available	not available	not available	not available	1	AC=EFO:0009656;NT=plasma	run 440	proteomic profiling by mass spectrometry	PRM_20260312_Project_ALS_Plate5_E8.raw	PRM_20260312_Project_ALS_Plate5_E8.raw	NT=Parallel Reaction Monitoring;AC=MS:1002956	AC=MS:1002038;NT=label free sample	1	NT=High-performance liquid chromatography;AC=PRIDE:0000565	1	AC=MS:1001251;NT=Trypsin	not available	NT=Stellar;AC=MS:1003409	NT=Carbamidomethyl;AC=UNIMOD:4;TA=C;MT=Fixed	NT=Higher-energy Collisional Dissociation;AC=MS:1000422	27 NCE	40 ppm	0.05 Da	24001	ALS_samples
PRM_20260312_Project_ALS_Plate5_E9	E	9	ALS_samples	57	RE9	0.1	C:\Xcalibur\methods\method1	C:\data\yourdir	PRM_20260312_Project_ALS_Plate5_E9	Homo sapiens	blood plasma	Plate5	Project_ALS	not available	not available	not available	not available	not available	not available	not available	not available	1	AC=EFO:0009656;NT=plasma	run 441	proteomic profiling by mass spectrometry	PRM_20260312_Project_ALS_Plate5_E9.raw	PRM_20260312_Project_ALS_Plate5_E9.raw	NT=Parallel Reaction Monitoring;AC=MS:1002956	AC=MS:1002038;NT=label free sample	1	NT=High-performance liquid chromatography;AC=PRIDE:0000565	1	AC=MS:1001251;NT=Trypsin	not available	NT=Stellar;AC=MS:1003409	NT=Carbamidomethyl;AC=UNIMOD:4;TA=C;MT=Fixed	NT=Higher-energy Collisional Dissociation;AC=MS:1000422	27 NCE	40 ppm	0.05 Da	24001	ALS_samples
PRM_20260312_Project_ALS_Plate5_E10	E	10	Control	58	RE10	0.1	C:\Xcalibur\methods\method1	C:\data\yourdir	PRM_20260312_Project_ALS_Plate5_E10	Homo sapiens	blood plasma	Plate5	Project_ALS	not available	not available	not available	not available	not available	not available	not available	not available	1	AC=EFO:0009656;NT=plasma	run 442	proteomic profiling by mass spectrometry	PRM_20260312_Project_ALS_Plate5_E10.raw	PRM_20260312_Project_ALS_Plate5_E10.raw	NT=Parallel Reaction Monitoring;AC=MS:1002956	AC=MS:1002038;NT=label free sample	1	NT=High-performance liquid chromatography;AC=PRIDE:0000565	1	AC=MS:1001251;NT=Trypsin	not available	NT=Stellar;AC=MS:1003409	NT=Carbamidomethyl;AC=UNIMOD:4;TA=C;MT=Fixed	NT=Higher-energy Collisional Dissociation;AC=MS:1000422	27 NCE	40 ppm	0.05 Da	24001	Control
PRM_20260312_Project_ALS_Plate5_E11	E	11	AD_4	59	RE11	0.1	C:\Xcalibur\methods\method1	C:\data\yourdir	PRM_20260312_Project_ALS_Plate5_E11	Homo sapiens	blood plasma	Plate5	Project_ALS	not available	not available	not available	not available	not available	not available	not available	not available	1	AC=EFO:0009656;NT=plasma	run 443	proteomic profiling by mass spectrometry	PRM_20260312_Project_ALS_Plate5_E11.raw	PRM_20260312_Project_ALS_Plate5_E11.raw	NT=Parallel Reaction Monitoring;AC=MS:1002956	AC=MS:1002038;NT=label free sample	1	NT=High-performance liquid chromatography;AC=PRIDE:0000565	1	AC=MS:1001251;NT=Trypsin	not available	NT=Stellar;AC=MS:1003409	NT=Carbamidomethyl;AC=UNIMOD:4;TA=C;MT=Fixed	NT=Higher-energy Collisional Dissociation;AC=MS:1000422	27 NCE	40 ppm	0.05 Da	24001	AD_4
PRM_20260312_Project_ALS_Plate5_E12	E	12	Control	60	RE12	0.1	C:\Xcalibur\methods\method1	C:\data\yourdir	PRM_20260312_Project_ALS_Plate5_E12	Homo sapiens	blood plasma	Plate5	Project_ALS	not available	not available	not available	not available	not available	not available	not available	not available	1	AC=EFO:0009656;NT=plasma	run 444	proteomic profiling by mass spectrometry	PRM_20260312_Project_ALS_Plate5_E12.raw	PRM_20260312_Project_ALS_Plate5_E12.raw	NT=Parallel Reaction Monitoring;AC=MS:1002956	AC=MS:1002038;NT=label free sample	1	NT=High-performance liquid chromatography;AC=PRIDE:0000565	1	AC=MS:1001251;NT=Trypsin	not available	NT=Stellar;AC=MS:1003409	NT=Carbamidomethyl;AC=UNIMOD:4;TA=C;MT=Fixed	NT=Higher-energy Collisional Dissociation;AC=MS:1000422	27 NCE	40 ppm	0.05 Da	24001	Control
PRM_20260312_Project_ALS_Plate5_F1	F	1	ALS_samples	61	RF1	0.1	C:\Xcalibur\methods\method1	C:\data\yourdir	PRM_20260312_Project_ALS_Plate5_F1	Homo sapiens	blood plasma	Plate5	Project_ALS	not available	not available	not available	not available	not available	not available	not available	not available	1	AC=EFO:0009656;NT=plasma	run 445	proteomic profiling by mass spectrometry	PRM_20260312_Project_ALS_Plate5_F1.raw	PRM_20260312_Project_ALS_Plate5_F1.raw	NT=Parallel Reaction Monitoring;AC=MS:1002956	AC=MS:1002038;NT=label free sample	1	NT=High-performance liquid chromatography;AC=PRIDE:0000565	1	AC=MS:1001251;NT=Trypsin	not available	NT=Stellar;AC=MS:1003409	NT=Carbamidomethyl;AC=UNIMOD:4;TA=C;MT=Fixed	NT=Higher-energy Collisional Dissociation;AC=MS:1000422	27 NCE	40 ppm	0.05 Da	24001	ALS_samples
PRM_20260312_Project_ALS_Plate5_F2	F	2	ALS_samples	62	RF2	0.1	C:\Xcalibur\methods\method1	C:\data\yourdir	PRM_20260312_Project_ALS_Plate5_F2	Homo sapiens	blood plasma	Plate5	Project_ALS	not available	not available	not available	not available	not available	not available	not available	not available	1	AC=EFO:0009656;NT=plasma	run 446	proteomic profiling by mass spectrometry	PRM_20260312_Project_ALS_Plate5_F2.raw	PRM_20260312_Project_ALS_Plate5_F2.raw	NT=Parallel Reaction Monitoring;AC=MS:1002956	AC=MS:1002038;NT=label free sample	1	NT=High-performance liquid chromatography;AC=PRIDE:0000565	1	AC=MS:1001251;NT=Trypsin	not available	NT=Stellar;AC=MS:1003409	NT=Carbamidomethyl;AC=UNIMOD:4;TA=C;MT=Fixed	NT=Higher-energy Collisional Dissociation;AC=MS:1000422	27 NCE	40 ppm	0.05 Da	24001	ALS_samples
PRM_20260312_Project_ALS_Plate5_F3	F	3	ALS_samples	63	RF3	0.1	C:\Xcalibur\methods\method1	C:\data\yourdir	PRM_20260312_Project_ALS_Plate5_F3	Homo sapiens	blood plasma	Plate5	Project_ALS	not available	not available	not available	not available	not available	not available	not available	not available	1	AC=EFO:0009656;NT=plasma	run 447	proteomic profiling by mass spectrometry	PRM_20260312_Project_ALS_Plate5_F3.raw	PRM_20260312_Project_ALS_Plate5_F3.raw	NT=Parallel Reaction Monitoring;AC=MS:1002956	AC=MS:1002038;NT=label free sample	1	NT=High-performance liquid chromatography;AC=PRIDE:0000565	1	AC=MS:1001251;NT=Trypsin	not available	NT=Stellar;AC=MS:1003409	NT=Carbamidomethyl;AC=UNIMOD:4;TA=C;MT=Fixed	NT=Higher-energy Collisional Dissociation;AC=MS:1000422	27 NCE	40 ppm	0.05 Da	24001	ALS_samples
PRM_20260312_Project_ALS_Plate5_F4	F	4	ALS_samples	64	RF4	0.1	C:\Xcalibur\methods\method1	C:\data\yourdir	PRM_20260312_Project_ALS_Plate5_F4	Homo sapiens	blood plasma	Plate5	Project_ALS	not available	not available	not available	not available	not available	not available	not available	not available	1	AC=EFO:0009656;NT=plasma	run 448	proteomic profiling by mass spectrometry	PRM_20260312_Project_ALS_Plate5_F4.raw	PRM_20260312_Project_ALS_Plate5_F4.raw	NT=Parallel Reaction Monitoring;AC=MS:1002956	AC=MS:1002038;NT=label free sample	1	NT=High-performance liquid chromatography;AC=PRIDE:0000565	1	AC=MS:1001251;NT=Trypsin	not available	NT=Stellar;AC=MS:1003409	NT=Carbamidomethyl;AC=UNIMOD:4;TA=C;MT=Fixed	NT=Higher-energy Collisional Dissociation;AC=MS:1000422	27 NCE	40 ppm	0.05 Da	24001	ALS_samples
PRM_20260312_Project_ALS_Plate5_F5	F	5	ALS_samples	65	RF5	0.1	C:\Xcalibur\methods\method1	C:\data\yourdir	PRM_20260312_Project_ALS_Plate5_F5	Homo sapiens	blood plasma	Plate5	Project_ALS	not available	not available	not available	not available	not available	not available	not available	not available	1	AC=EFO:0009656;NT=plasma	run 449	proteomic profiling by mass spectrometry	PRM_20260312_Project_ALS_Plate5_F5.raw	PRM_20260312_Project_ALS_Plate5_F5.raw	NT=Parallel Reaction Monitoring;AC=MS:1002956	AC=MS:1002038;NT=label free sample	1	NT=High-performance liquid chromatography;AC=PRIDE:0000565	1	AC=MS:1001251;NT=Trypsin	not available	NT=Stellar;AC=MS:1003409	NT=Carbamidomethyl;AC=UNIMOD:4;TA=C;MT=Fixed	NT=Higher-energy Collisional Dissociation;AC=MS:1000422	27 NCE	40 ppm	0.05 Da	24001	ALS_samples
PRM_20260312_Project_ALS_Plate5_F6	F	6	ALS_samples	66	RF6	0.1	C:\Xcalibur\methods\method1	C:\data\yourdir	PRM_20260312_Project_ALS_Plate5_F6	Homo sapiens	blood plasma	Plate5	Project_ALS	not available	not available	not available	not available	not available	not available	not available	not available	1	AC=EFO:0009656;NT=plasma	run 450	proteomic profiling by mass spectrometry	PRM_20260312_Project_ALS_Plate5_F6.raw	PRM_20260312_Project_ALS_Plate5_F6.raw	NT=Parallel Reaction Monitoring;AC=MS:1002956	AC=MS:1002038;NT=label free sample	1	NT=High-performance liquid chromatography;AC=PRIDE:0000565	1	AC=MS:1001251;NT=Trypsin	not available	NT=Stellar;AC=MS:1003409	NT=Carbamidomethyl;AC=UNIMOD:4;TA=C;MT=Fixed	NT=Higher-energy Collisional Dissociation;AC=MS:1000422	27 NCE	40 ppm	0.05 Da	24001	ALS_samples
PRM_20260312_Project_ALS_Plate5_F7	F	7	ALS_samples	67	RF7	0.1	C:\Xcalibur\methods\method1	C:\data\yourdir	PRM_20260312_Project_ALS_Plate5_F7	Homo sapiens	blood plasma	Plate5	Project_ALS	not available	not available	not available	not available	not available	not available	not available	not available	1	AC=EFO:0009656;NT=plasma	run 451	proteomic profiling by mass spectrometry	PRM_20260312_Project_ALS_Plate5_F7.raw	PRM_20260312_Project_ALS_Plate5_F7.raw	NT=Parallel Reaction Monitoring;AC=MS:1002956	AC=MS:1002038;NT=label free sample	1	NT=High-performance liquid chromatography;AC=PRIDE:0000565	1	AC=MS:1001251;NT=Trypsin	not available	NT=Stellar;AC=MS:1003409	NT=Carbamidomethyl;AC=UNIMOD:4;TA=C;MT=Fixed	NT=Higher-energy Collisional Dissociation;AC=MS:1000422	27 NCE	40 ppm	0.05 Da	24001	ALS_samples
PRM_20260312_Project_ALS_Plate5_F8	F	8	Control	68	RF8	0.1	C:\Xcalibur\methods\method1	C:\data\yourdir	PRM_20260312_Project_ALS_Plate5_F8	Homo sapiens	blood plasma	Plate5	Project_ALS	not available	not available	not available	not available	not available	not available	not available	not available	1	AC=EFO:0009656;NT=plasma	run 452	proteomic profiling by mass spectrometry	PRM_20260312_Project_ALS_Plate5_F8.raw	PRM_20260312_Project_ALS_Plate5_F8.raw	NT=Parallel Reaction Monitoring;AC=MS:1002956	AC=MS:1002038;NT=label free sample	1	NT=High-performance liquid chromatography;AC=PRIDE:0000565	1	AC=MS:1001251;NT=Trypsin	not available	NT=Stellar;AC=MS:1003409	NT=Carbamidomethyl;AC=UNIMOD:4;TA=C;MT=Fixed	NT=Higher-energy Collisional Dissociation;AC=MS:1000422	27 NCE	40 ppm	0.05 Da	24001	Control
PRM_20260312_Project_ALS_Plate5_F9	F	9	ALS_samples	69	RF9	0.1	C:\Xcalibur\methods\method1	C:\data\yourdir	PRM_20260312_Project_ALS_Plate5_F9	Homo sapiens	blood plasma	Plate5	Project_ALS	not available	not available	not available	not available	not available	not available	not available	not available	1	AC=EFO:0009656;NT=plasma	run 453	proteomic profiling by mass spectrometry	PRM_20260312_Project_ALS_Plate5_F9.raw	PRM_20260312_Project_ALS_Plate5_F9.raw	NT=Parallel Reaction Monitoring;AC=MS:1002956	AC=MS:1002038;NT=label free sample	1	NT=High-performance liquid chromatography;AC=PRIDE:0000565	1	AC=MS:1001251;NT=Trypsin	not available	NT=Stellar;AC=MS:1003409	NT=Carbamidomethyl;AC=UNIMOD:4;TA=C;MT=Fixed	NT=Higher-energy Collisional Dissociation;AC=MS:1000422	27 NCE	40 ppm	0.05 Da	24001	ALS_samples
PRM_20260312_Project_ALS_Plate5_F10	F	10	Control	70	RF10	0.1	C:\Xcalibur\methods\method1	C:\data\yourdir	PRM_20260312_Project_ALS_Plate5_F10	Homo sapiens	blood plasma	Plate5	Project_ALS	not available	not available	not available	not available	not available	not available	not available	not available	1	AC=EFO:0009656;NT=plasma	run 454	proteomic profiling by mass spectrometry	PRM_20260312_Project_ALS_Plate5_F10.raw	PRM_20260312_Project_ALS_Plate5_F10.raw	NT=Parallel Reaction Monitoring;AC=MS:1002956	AC=MS:1002038;NT=label free sample	1	NT=High-performance liquid chromatography;AC=PRIDE:0000565	1	AC=MS:1001251;NT=Trypsin	not available	NT=Stellar;AC=MS:1003409	NT=Carbamidomethyl;AC=UNIMOD:4;TA=C;MT=Fixed	NT=Higher-energy Collisional Dissociation;AC=MS:1000422	27 NCE	40 ppm	0.05 Da	24001	Control
PRM_20260312_Project_ALS_Plate5_F11	F	11	Control	71	RF11	0.1	C:\Xcalibur\methods\method1	C:\data\yourdir	PRM_20260312_Project_ALS_Plate5_F11	Homo sapiens	blood plasma	Plate5	Project_ALS	not available	not available	not available	not available	not available	not available	not available	not available	1	AC=EFO:0009656;NT=plasma	run 455	proteomic profiling by mass spectrometry	PRM_20260312_Project_ALS_Plate5_F11.raw	PRM_20260312_Project_ALS_Plate5_F11.raw	NT=Parallel Reaction Monitoring;AC=MS:1002956	AC=MS:1002038;NT=label free sample	1	NT=High-performance liquid chromatography;AC=PRIDE:0000565	1	AC=MS:1001251;NT=Trypsin	not available	NT=Stellar;AC=MS:1003409	NT=Carbamidomethyl;AC=UNIMOD:4;TA=C;MT=Fixed	NT=Higher-energy Collisional Dissociation;AC=MS:1000422	27 NCE	40 ppm	0.05 Da	24001	Control
PRM_20260312_Project_ALS_Plate5_F12	F	12	Control	72	RF12	0.1	C:\Xcalibur\methods\method1	C:\data\yourdir	PRM_20260312_Project_ALS_Plate5_F12	Homo sapiens	blood plasma	Plate5	Project_ALS	not available	not available	not available	not available	not available	not available	not available	not available	1	AC=EFO:0009656;NT=plasma	run 456	proteomic profiling by mass spectrometry	PRM_20260312_Project_ALS_Plate5_F12.raw	PRM_20260312_Project_ALS_Plate5_F12.raw	NT=Parallel Reaction Monitoring;AC=MS:1002956	AC=MS:1002038;NT=label free sample	1	NT=High-performance liquid chromatography;AC=PRIDE:0000565	1	AC=MS:1001251;NT=Trypsin	not available	NT=Stellar;AC=MS:1003409	NT=Carbamidomethyl;AC=UNIMOD:4;TA=C;MT=Fixed	NT=Higher-energy Collisional Dissociation;AC=MS:1000422	27 NCE	40 ppm	0.05 Da	24001	Control
PRM_20260312_Project_ALS_Plate5_G1	G	1	ALS_samples	73	RG1	0.1	C:\Xcalibur\methods\method1	C:\data\yourdir	PRM_20260312_Project_ALS_Plate5_G1	Homo sapiens	blood plasma	Plate5	Project_ALS	not available	not available	not available	not available	not available	not available	not available	not available	1	AC=EFO:0009656;NT=plasma	run 457	proteomic profiling by mass spectrometry	PRM_20260312_Project_ALS_Plate5_G1.raw	PRM_20260312_Project_ALS_Plate5_G1.raw	NT=Parallel Reaction Monitoring;AC=MS:1002956	AC=MS:1002038;NT=label free sample	1	NT=High-performance liquid chromatography;AC=PRIDE:0000565	1	AC=MS:1001251;NT=Trypsin	not available	NT=Stellar;AC=MS:1003409	NT=Carbamidomethyl;AC=UNIMOD:4;TA=C;MT=Fixed	NT=Higher-energy Collisional Dissociation;AC=MS:1000422	27 NCE	40 ppm	0.05 Da	24001	ALS_samples
PRM_20260312_Project_ALS_Plate5_G2	G	2	ALS_samples	74	RG2	0.1	C:\Xcalibur\methods\method1	C:\data\yourdir	PRM_20260312_Project_ALS_Plate5_G2	Homo sapiens	blood plasma	Plate5	Project_ALS	not available	not available	not available	not available	not available	not available	not available	not available	1	AC=EFO:0009656;NT=plasma	run 458	proteomic profiling by mass spectrometry	PRM_20260312_Project_ALS_Plate5_G2.raw	PRM_20260312_Project_ALS_Plate5_G2.raw	NT=Parallel Reaction Monitoring;AC=MS:1002956	AC=MS:1002038;NT=label free sample	1	NT=High-performance liquid chromatography;AC=PRIDE:0000565	1	AC=MS:1001251;NT=Trypsin	not available	NT=Stellar;AC=MS:1003409	NT=Carbamidomethyl;AC=UNIMOD:4;TA=C;MT=Fixed	NT=Higher-energy Collisional Dissociation;AC=MS:1000422	27 NCE	40 ppm	0.05 Da	24001	ALS_samples
PRM_20260312_Project_ALS_Plate5_G3	G	3	ALS_samples	75	RG3	0.1	C:\Xcalibur\methods\method1	C:\data\yourdir	PRM_20260312_Project_ALS_Plate5_G3	Homo sapiens	blood plasma	Plate5	Project_ALS	not available	not available	not available	not available	not available	not available	not available	not available	1	AC=EFO:0009656;NT=plasma	run 459	proteomic profiling by mass spectrometry	PRM_20260312_Project_ALS_Plate5_G3.raw	PRM_20260312_Project_ALS_Plate5_G3.raw	NT=Parallel Reaction Monitoring;AC=MS:1002956	AC=MS:1002038;NT=label free sample	1	NT=High-performance liquid chromatography;AC=PRIDE:0000565	1	AC=MS:1001251;NT=Trypsin	not available	NT=Stellar;AC=MS:1003409	NT=Carbamidomethyl;AC=UNIMOD:4;TA=C;MT=Fixed	NT=Higher-energy Collisional Dissociation;AC=MS:1000422	27 NCE	40 ppm	0.05 Da	24001	ALS_samples
PRM_20260312_Project_ALS_Plate5_G4	G	4	ALS_samples	76	RG4	0.1	C:\Xcalibur\methods\method1	C:\data\yourdir	PRM_20260312_Project_ALS_Plate5_G4	Homo sapiens	blood plasma	Plate5	Project_ALS	not available	not available	not available	not available	not available	not available	not available	not available	1	AC=EFO:0009656;NT=plasma	run 460	proteomic profiling by mass spectrometry	PRM_20260312_Project_ALS_Plate5_G4.raw	PRM_20260312_Project_ALS_Plate5_G4.raw	NT=Parallel Reaction Monitoring;AC=MS:1002956	AC=MS:1002038;NT=label free sample	1	NT=High-performance liquid chromatography;AC=PRIDE:0000565	1	AC=MS:1001251;NT=Trypsin	not available	NT=Stellar;AC=MS:1003409	NT=Carbamidomethyl;AC=UNIMOD:4;TA=C;MT=Fixed	NT=Higher-energy Collisional Dissociation;AC=MS:1000422	27 NCE	40 ppm	0.05 Da	24001	ALS_samples
PRM_20260312_Project_ALS_Plate5_G5	G	5	ALS_samples	77	RG5	0.1	C:\Xcalibur\methods\method1	C:\data\yourdir	PRM_20260312_Project_ALS_Plate5_G5	Homo sapiens	blood plasma	Plate5	Project_ALS	not available	not available	not available	not available	not available	not available	not available	not available	1	AC=EFO:0009656;NT=plasma	run 461	proteomic profiling by mass spectrometry	PRM_20260312_Project_ALS_Plate5_G5.raw	PRM_20260312_Project_ALS_Plate5_G5.raw	NT=Parallel Reaction Monitoring;AC=MS:1002956	AC=MS:1002038;NT=label free sample	1	NT=High-performance liquid chromatography;AC=PRIDE:0000565	1	AC=MS:1001251;NT=Trypsin	not available	NT=Stellar;AC=MS:1003409	NT=Carbamidomethyl;AC=UNIMOD:4;TA=C;MT=Fixed	NT=Higher-energy Collisional Dissociation;AC=MS:1000422	27 NCE	40 ppm	0.05 Da	24001	ALS_samples
PRM_20260312_Project_ALS_Plate5_G6	G	6	ALS_samples	78	RG6	0.1	C:\Xcalibur\methods\method1	C:\data\yourdir	PRM_20260312_Project_ALS_Plate5_G6	Homo sapiens	blood plasma	Plate5	Project_ALS	not available	not available	not available	not available	not available	not available	not available	not available	1	AC=EFO:0009656;NT=plasma	run 462	proteomic profiling by mass spectrometry	PRM_20260312_Project_ALS_Plate5_G6.raw	PRM_20260312_Project_ALS_Plate5_G6.raw	NT=Parallel Reaction Monitoring;AC=MS:1002956	AC=MS:1002038;NT=label free sample	1	NT=High-performance liquid chromatography;AC=PRIDE:0000565	1	AC=MS:1001251;NT=Trypsin	not available	NT=Stellar;AC=MS:1003409	NT=Carbamidomethyl;AC=UNIMOD:4;TA=C;MT=Fixed	NT=Higher-energy Collisional Dissociation;AC=MS:1000422	27 NCE	40 ppm	0.05 Da	24001	ALS_samples
PRM_20260312_Project_ALS_Plate5_G7	G	7	ALS_samples	79	RG7	0.1	C:\Xcalibur\methods\method1	C:\data\yourdir	PRM_20260312_Project_ALS_Plate5_G7	Homo sapiens	blood plasma	Plate5	Project_ALS	not available	not available	not available	not available	not available	not available	not available	not available	1	AC=EFO:0009656;NT=plasma	run 463	proteomic profiling by mass spectrometry	PRM_20260312_Project_ALS_Plate5_G7.raw	PRM_20260312_Project_ALS_Plate5_G7.raw	NT=Parallel Reaction Monitoring;AC=MS:1002956	AC=MS:1002038;NT=label free sample	1	NT=High-performance liquid chromatography;AC=PRIDE:0000565	1	AC=MS:1001251;NT=Trypsin	not available	NT=Stellar;AC=MS:1003409	NT=Carbamidomethyl;AC=UNIMOD:4;TA=C;MT=Fixed	NT=Higher-energy Collisional Dissociation;AC=MS:1000422	27 NCE	40 ppm	0.05 Da	24001	ALS_samples
PRM_20260312_Project_ALS_Plate5_G8	G	8	ALS_samples	80	RG8	0.1	C:\Xcalibur\methods\method1	C:\data\yourdir	PRM_20260312_Project_ALS_Plate5_G8	Homo sapiens	blood plasma	Plate5	Project_ALS	not available	not available	not available	not available	not available	not available	not available	not available	1	AC=EFO:0009656;NT=plasma	run 464	proteomic profiling by mass spectrometry	PRM_20260312_Project_ALS_Plate5_G8.raw	PRM_20260312_Project_ALS_Plate5_G8.raw	NT=Parallel Reaction Monitoring;AC=MS:1002956	AC=MS:1002038;NT=label free sample	1	NT=High-performance liquid chromatography;AC=PRIDE:0000565	1	AC=MS:1001251;NT=Trypsin	not available	NT=Stellar;AC=MS:1003409	NT=Carbamidomethyl;AC=UNIMOD:4;TA=C;MT=Fixed	NT=Higher-energy Collisional Dissociation;AC=MS:1000422	27 NCE	40 ppm	0.05 Da	24001	ALS_samples
PRM_20260312_Project_ALS_Plate5_G9	G	9	ALS_samples	81	RG9	0.1	C:\Xcalibur\methods\method1	C:\data\yourdir	PRM_20260312_Project_ALS_Plate5_G9	Homo sapiens	blood plasma	Plate5	Project_ALS	not available	not available	not available	not available	not available	not available	not available	not available	1	AC=EFO:0009656;NT=plasma	run 465	proteomic profiling by mass spectrometry	PRM_20260312_Project_ALS_Plate5_G9.raw	PRM_20260312_Project_ALS_Plate5_G9.raw	NT=Parallel Reaction Monitoring;AC=MS:1002956	AC=MS:1002038;NT=label free sample	1	NT=High-performance liquid chromatography;AC=PRIDE:0000565	1	AC=MS:1001251;NT=Trypsin	not available	NT=Stellar;AC=MS:1003409	NT=Carbamidomethyl;AC=UNIMOD:4;TA=C;MT=Fixed	NT=Higher-energy Collisional Dissociation;AC=MS:1000422	27 NCE	40 ppm	0.05 Da	24001	ALS_samples
PRM_20260312_Project_ALS_Plate5_G10	G	10	Control	82	RG10	0.1	C:\Xcalibur\methods\method1	C:\data\yourdir	PRM_20260312_Project_ALS_Plate5_G10	Homo sapiens	blood plasma	Plate5	Project_ALS	not available	not available	not available	not available	not available	not available	not available	not available	1	AC=EFO:0009656;NT=plasma	run 466	proteomic profiling by mass spectrometry	PRM_20260312_Project_ALS_Plate5_G10.raw	PRM_20260312_Project_ALS_Plate5_G10.raw	NT=Parallel Reaction Monitoring;AC=MS:1002956	AC=MS:1002038;NT=label free sample	1	NT=High-performance liquid chromatography;AC=PRIDE:0000565	1	AC=MS:1001251;NT=Trypsin	not available	NT=Stellar;AC=MS:1003409	NT=Carbamidomethyl;AC=UNIMOD:4;TA=C;MT=Fixed	NT=Higher-energy Collisional Dissociation;AC=MS:1000422	27 NCE	40 ppm	0.05 Da	24001	Control
PRM_20260312_Project_ALS_Plate5_G11	G	11	Control	83	RG11	0.1	C:\Xcalibur\methods\method1	C:\data\yourdir	PRM_20260312_Project_ALS_Plate5_G11	Homo sapiens	blood plasma	Plate5	Project_ALS	not available	not available	not available	not available	not available	not available	not available	not available	1	AC=EFO:0009656;NT=plasma	run 467	proteomic profiling by mass spectrometry	PRM_20260312_Project_ALS_Plate5_G11.raw	PRM_20260312_Project_ALS_Plate5_G11.raw	NT=Parallel Reaction Monitoring;AC=MS:1002956	AC=MS:1002038;NT=label free sample	1	NT=High-performance liquid chromatography;AC=PRIDE:0000565	1	AC=MS:1001251;NT=Trypsin	not available	NT=Stellar;AC=MS:1003409	NT=Carbamidomethyl;AC=UNIMOD:4;TA=C;MT=Fixed	NT=Higher-energy Collisional Dissociation;AC=MS:1000422	27 NCE	40 ppm	0.05 Da	24001	Control
PRM_20260312_Project_ALS_Plate5_G12	G	12	Control	84	RG12	0.1	C:\Xcalibur\methods\method1	C:\data\yourdir	PRM_20260312_Project_ALS_Plate5_G12	Homo sapiens	blood plasma	Plate5	Project_ALS	not available	not available	not available	not available	not available	not available	not available	not available	1	AC=EFO:0009656;NT=plasma	run 468	proteomic profiling by mass spectrometry	PRM_20260312_Project_ALS_Plate5_G12.raw	PRM_20260312_Project_ALS_Plate5_G12.raw	NT=Parallel Reaction Monitoring;AC=MS:1002956	AC=MS:1002038;NT=label free sample	1	NT=High-performance liquid chromatography;AC=PRIDE:0000565	1	AC=MS:1001251;NT=Trypsin	not available	NT=Stellar;AC=MS:1003409	NT=Carbamidomethyl;AC=UNIMOD:4;TA=C;MT=Fixed	NT=Higher-energy Collisional Dissociation;AC=MS:1000422	27 NCE	40 ppm	0.05 Da	24001	Control
PRM_20260312_Project_ALS_Plate5_H1	H	1	ALS_samples	85	RH1	0.1	C:\Xcalibur\methods\method1	C:\data\yourdir	PRM_20260312_Project_ALS_Plate5_H1	Homo sapiens	blood plasma	Plate5	Project_ALS	not available	not available	not available	not available	not available	not available	not available	not available	1	AC=EFO:0009656;NT=plasma	run 469	proteomic profiling by mass spectrometry	PRM_20260312_Project_ALS_Plate5_H1.raw	PRM_20260312_Project_ALS_Plate5_H1.raw	NT=Parallel Reaction Monitoring;AC=MS:1002956	AC=MS:1002038;NT=label free sample	1	NT=High-performance liquid chromatography;AC=PRIDE:0000565	1	AC=MS:1001251;NT=Trypsin	not available	NT=Stellar;AC=MS:1003409	NT=Carbamidomethyl;AC=UNIMOD:4;TA=C;MT=Fixed	NT=Higher-energy Collisional Dissociation;AC=MS:1000422	27 NCE	40 ppm	0.05 Da	24001	ALS_samples
PRM_20260312_Project_ALS_Plate5_H2	H	2	ALS_samples	86	RH2	0.1	C:\Xcalibur\methods\method1	C:\data\yourdir	PRM_20260312_Project_ALS_Plate5_H2	Homo sapiens	blood plasma	Plate5	Project_ALS	not available	not available	not available	not available	not available	not available	not available	not available	1	AC=EFO:0009656;NT=plasma	run 470	proteomic profiling by mass spectrometry	PRM_20260312_Project_ALS_Plate5_H2.raw	PRM_20260312_Project_ALS_Plate5_H2.raw	NT=Parallel Reaction Monitoring;AC=MS:1002956	AC=MS:1002038;NT=label free sample	1	NT=High-performance liquid chromatography;AC=PRIDE:0000565	1	AC=MS:1001251;NT=Trypsin	not available	NT=Stellar;AC=MS:1003409	NT=Carbamidomethyl;AC=UNIMOD:4;TA=C;MT=Fixed	NT=Higher-energy Collisional Dissociation;AC=MS:1000422	27 NCE	40 ppm	0.05 Da	24001	ALS_samples
PRM_20260312_Project_ALS_Plate5_H3	H	3	ALS_samples	87	RH3	0.1	C:\Xcalibur\methods\method1	C:\data\yourdir	PRM_20260312_Project_ALS_Plate5_H3	Homo sapiens	blood plasma	Plate5	Project_ALS	not available	not available	not available	not available	not available	not available	not available	not available	1	AC=EFO:0009656;NT=plasma	run 471	proteomic profiling by mass spectrometry	PRM_20260312_Project_ALS_Plate5_H3.raw	PRM_20260312_Project_ALS_Plate5_H3.raw	NT=Parallel Reaction Monitoring;AC=MS:1002956	AC=MS:1002038;NT=label free sample	1	NT=High-performance liquid chromatography;AC=PRIDE:0000565	1	AC=MS:1001251;NT=Trypsin	not available	NT=Stellar;AC=MS:1003409	NT=Carbamidomethyl;AC=UNIMOD:4;TA=C;MT=Fixed	NT=Higher-energy Collisional Dissociation;AC=MS:1000422	27 NCE	40 ppm	0.05 Da	24001	ALS_samples
PRM_20260312_Project_ALS_Plate5_H4	H	4	ALS_samples	88	RH4	0.1	C:\Xcalibur\methods\method1	C:\data\yourdir	PRM_20260312_Project_ALS_Plate5_H4	Homo sapiens	blood plasma	Plate5	Project_ALS	not available	not available	not available	not available	not available	not available	not available	not available	1	AC=EFO:0009656;NT=plasma	run 472	proteomic profiling by mass spectrometry	PRM_20260312_Project_ALS_Plate5_H4.raw	PRM_20260312_Project_ALS_Plate5_H4.raw	NT=Parallel Reaction Monitoring;AC=MS:1002956	AC=MS:1002038;NT=label free sample	1	NT=High-performance liquid chromatography;AC=PRIDE:0000565	1	AC=MS:1001251;NT=Trypsin	not available	NT=Stellar;AC=MS:1003409	NT=Carbamidomethyl;AC=UNIMOD:4;TA=C;MT=Fixed	NT=Higher-energy Collisional Dissociation;AC=MS:1000422	27 NCE	40 ppm	0.05 Da	24001	ALS_samples
PRM_20260312_Project_ALS_Plate5_H5	H	5	ALS_samples	89	RH5	0.1	C:\Xcalibur\methods\method1	C:\data\yourdir	PRM_20260312_Project_ALS_Plate5_H5	Homo sapiens	blood plasma	Plate5	Project_ALS	not available	not available	not available	not available	not available	not available	not available	not available	1	AC=EFO:0009656;NT=plasma	run 473	proteomic profiling by mass spectrometry	PRM_20260312_Project_ALS_Plate5_H5.raw	PRM_20260312_Project_ALS_Plate5_H5.raw	NT=Parallel Reaction Monitoring;AC=MS:1002956	AC=MS:1002038;NT=label free sample	1	NT=High-performance liquid chromatography;AC=PRIDE:0000565	1	AC=MS:1001251;NT=Trypsin	not available	NT=Stellar;AC=MS:1003409	NT=Carbamidomethyl;AC=UNIMOD:4;TA=C;MT=Fixed	NT=Higher-energy Collisional Dissociation;AC=MS:1000422	27 NCE	40 ppm	0.05 Da	24001	ALS_samples
PRM_20260312_Project_ALS_Plate5_H6	H	6	ALS_samples	90	RH6	0.1	C:\Xcalibur\methods\method1	C:\data\yourdir	PRM_20260312_Project_ALS_Plate5_H6	Homo sapiens	blood plasma	Plate5	Project_ALS	not available	not available	not available	not available	not available	not available	not available	not available	1	AC=EFO:0009656;NT=plasma	run 474	proteomic profiling by mass spectrometry	PRM_20260312_Project_ALS_Plate5_H6.raw	PRM_20260312_Project_ALS_Plate5_H6.raw	NT=Parallel Reaction Monitoring;AC=MS:1002956	AC=MS:1002038;NT=label free sample	1	NT=High-performance liquid chromatography;AC=PRIDE:0000565	1	AC=MS:1001251;NT=Trypsin	not available	NT=Stellar;AC=MS:1003409	NT=Carbamidomethyl;AC=UNIMOD:4;TA=C;MT=Fixed	NT=Higher-energy Collisional Dissociation;AC=MS:1000422	27 NCE	40 ppm	0.05 Da	24001	ALS_samples
PRM_20260312_Project_ALS_Plate5_H7	H	7	ALS_samples	91	RH7	0.1	C:\Xcalibur\methods\method1	C:\data\yourdir	PRM_20260312_Project_ALS_Plate5_H7	Homo sapiens	blood plasma	Plate5	Project_ALS	not available	not available	not available	not available	not available	not available	not available	not available	1	AC=EFO:0009656;NT=plasma	run 475	proteomic profiling by mass spectrometry	PRM_20260312_Project_ALS_Plate5_H7.raw	PRM_20260312_Project_ALS_Plate5_H7.raw	NT=Parallel Reaction Monitoring;AC=MS:1002956	AC=MS:1002038;NT=label free sample	1	NT=High-performance liquid chromatography;AC=PRIDE:0000565	1	AC=MS:1001251;NT=Trypsin	not available	NT=Stellar;AC=MS:1003409	NT=Carbamidomethyl;AC=UNIMOD:4;TA=C;MT=Fixed	NT=Higher-energy Collisional Dissociation;AC=MS:1000422	27 NCE	40 ppm	0.05 Da	24001	ALS_samples
PRM_20260312_Project_ALS_Plate5_H8	H	8	ALS_samples	92	RH8	0.1	C:\Xcalibur\methods\method1	C:\data\yourdir	PRM_20260312_Project_ALS_Plate5_H8	Homo sapiens	blood plasma	Plate5	Project_ALS	not available	not available	not available	not available	not available	not available	not available	not available	1	AC=EFO:0009656;NT=plasma	run 476	proteomic profiling by mass spectrometry	PRM_20260312_Project_ALS_Plate5_H8.raw	PRM_20260312_Project_ALS_Plate5_H8.raw	NT=Parallel Reaction Monitoring;AC=MS:1002956	AC=MS:1002038;NT=label free sample	1	NT=High-performance liquid chromatography;AC=PRIDE:0000565	1	AC=MS:1001251;NT=Trypsin	not available	NT=Stellar;AC=MS:1003409	NT=Carbamidomethyl;AC=UNIMOD:4;TA=C;MT=Fixed	NT=Higher-energy Collisional Dissociation;AC=MS:1000422	27 NCE	40 ppm	0.05 Da	24001	ALS_samples
PRM_20260312_Project_ALS_Plate5_H9	H	9	ALS_samples	93	RH9	0.1	C:\Xcalibur\methods\method1	C:\data\yourdir	PRM_20260312_Project_ALS_Plate5_H9	Homo sapiens	blood plasma	Plate5	Project_ALS	not available	not available	not available	not available	not available	not available	not available	not available	1	AC=EFO:0009656;NT=plasma	run 477	proteomic profiling by mass spectrometry	PRM_20260312_Project_ALS_Plate5_H9.raw	PRM_20260312_Project_ALS_Plate5_H9.raw	NT=Parallel Reaction Monitoring;AC=MS:1002956	AC=MS:1002038;NT=label free sample	1	NT=High-performance liquid chromatography;AC=PRIDE:0000565	1	AC=MS:1001251;NT=Trypsin	not available	NT=Stellar;AC=MS:1003409	NT=Carbamidomethyl;AC=UNIMOD:4;TA=C;MT=Fixed	NT=Higher-energy Collisional Dissociation;AC=MS:1000422	27 NCE	40 ppm	0.05 Da	24001	ALS_samples
PRM_20260312_Project_ALS_Plate5_H10	H	10	AD_4	94	RH10	0.1	C:\Xcalibur\methods\method1	C:\data\yourdir	PRM_20260312_Project_ALS_Plate5_H10	Homo sapiens	blood plasma	Plate5	Project_ALS	not available	not available	not available	not available	not available	not available	not available	not available	1	AC=EFO:0009656;NT=plasma	run 478	proteomic profiling by mass spectrometry	PRM_20260312_Project_ALS_Plate5_H10.raw	PRM_20260312_Project_ALS_Plate5_H10.raw	NT=Parallel Reaction Monitoring;AC=MS:1002956	AC=MS:1002038;NT=label free sample	1	NT=High-performance liquid chromatography;AC=PRIDE:0000565	1	AC=MS:1001251;NT=Trypsin	not available	NT=Stellar;AC=MS:1003409	NT=Carbamidomethyl;AC=UNIMOD:4;TA=C;MT=Fixed	NT=Higher-energy Collisional Dissociation;AC=MS:1000422	27 NCE	40 ppm	0.05 Da	24001	AD_4
PRM_20260312_Project_ALS_Plate5_H11	H	11	Control	95	RH11	0.1	C:\Xcalibur\methods\method1	C:\data\yourdir	PRM_20260312_Project_ALS_Plate5_H11	Homo sapiens	blood plasma	Plate5	Project_ALS	not available	not available	not available	not available	not available	not available	not available	not available	1	AC=EFO:0009656;NT=plasma	run 479	proteomic profiling by mass spectrometry	PRM_20260312_Project_ALS_Plate5_H11.raw	PRM_20260312_Project_ALS_Plate5_H11.raw	NT=Parallel Reaction Monitoring;AC=MS:1002956	AC=MS:1002038;NT=label free sample	1	NT=High-performance liquid chromatography;AC=PRIDE:0000565	1	AC=MS:1001251;NT=Trypsin	not available	NT=Stellar;AC=MS:1003409	NT=Carbamidomethyl;AC=UNIMOD:4;TA=C;MT=Fixed	NT=Higher-energy Collisional Dissociation;AC=MS:1000422	27 NCE	40 ppm	0.05 Da	24001	Control
PRM_20260312_Project_ALS_Plate5_H12	H	12	Control	96	RH12	0.1	C:\Xcalibur\methods\method1	C:\data\yourdir	PRM_20260312_Project_ALS_Plate5_H12	Homo sapiens	blood plasma	Plate5	Project_ALS	not available	not available	not available	not available	not available	not available	not available	not available	1	AC=EFO:0009656;NT=plasma	run 480	proteomic profiling by mass spectrometry	PRM_20260312_Project_ALS_Plate5_H12.raw	PRM_20260312_Project_ALS_Plate5_H12.raw	NT=Parallel Reaction Monitoring;AC=MS:1002956	AC=MS:1002038;NT=label free sample	1	NT=High-performance liquid chromatography;AC=PRIDE:0000565	1	AC=MS:1001251;NT=Trypsin	not available	NT=Stellar;AC=MS:1003409	NT=Carbamidomethyl;AC=UNIMOD:4;TA=C;MT=Fixed	NT=Higher-energy Collisional Dissociation;AC=MS:1000422	27 NCE	40 ppm	0.05 Da	24001	Control
PRM_20260312_AD_Target_Plate_1_A1	A	1	AD_1	1	RA1	0.1	C:\Xcalibur\methods\method1	C:\data\yourdir	PRM_20260312_AD_Target_Plate_1_A1	Homo sapiens	blood plasma	Plate_1	AD_Target	not available	not available	not available	not available	not available	not available	not available	not available	1	AC=EFO:0009656;NT=plasma	run 481	proteomic profiling by mass spectrometry	PRM_20260312_AD_Target_Plate_1_A1.raw	PRM_20260312_AD_Target_Plate_1_A1.raw	NT=Parallel Reaction Monitoring;AC=MS:1002956	AC=MS:1002038;NT=label free sample	1	NT=High-performance liquid chromatography;AC=PRIDE:0000565	1	AC=MS:1001251;NT=Trypsin	not available	NT=Stellar;AC=MS:1003409	NT=Carbamidomethyl;AC=UNIMOD:4;TA=C;MT=Fixed	NT=Higher-energy Collisional Dissociation;AC=MS:1000422	27 NCE	40 ppm	0.05 Da	24005	AD_1
PRM_20260312_AD_Target_Plate_1_A2	A	2	AD_1	2	RA2	0.1	C:\Xcalibur\methods\method1	C:\data\yourdir	PRM_20260312_AD_Target_Plate_1_A2	Homo sapiens	blood plasma	Plate_1	AD_Target	not available	not available	not available	not available	not available	not available	not available	not available	1	AC=EFO:0009656;NT=plasma	run 482	proteomic profiling by mass spectrometry	PRM_20260312_AD_Target_Plate_1_A2.raw	PRM_20260312_AD_Target_Plate_1_A2.raw	NT=Parallel Reaction Monitoring;AC=MS:1002956	AC=MS:1002038;NT=label free sample	1	NT=High-performance liquid chromatography;AC=PRIDE:0000565	1	AC=MS:1001251;NT=Trypsin	not available	NT=Stellar;AC=MS:1003409	NT=Carbamidomethyl;AC=UNIMOD:4;TA=C;MT=Fixed	NT=Higher-energy Collisional Dissociation;AC=MS:1000422	27 NCE	40 ppm	0.05 Da	24005	AD_1
PRM_20260312_AD_Target_Plate_1_A3	A	3	AD_1	3	RA3	0.1	C:\Xcalibur\methods\method1	C:\data\yourdir	PRM_20260312_AD_Target_Plate_1_A3	Homo sapiens	blood plasma	Plate_1	AD_Target	not available	not available	not available	not available	not available	not available	not available	not available	1	AC=EFO:0009656;NT=plasma	run 483	proteomic profiling by mass spectrometry	PRM_20260312_AD_Target_Plate_1_A3.raw	PRM_20260312_AD_Target_Plate_1_A3.raw	NT=Parallel Reaction Monitoring;AC=MS:1002956	AC=MS:1002038;NT=label free sample	1	NT=High-performance liquid chromatography;AC=PRIDE:0000565	1	AC=MS:1001251;NT=Trypsin	not available	NT=Stellar;AC=MS:1003409	NT=Carbamidomethyl;AC=UNIMOD:4;TA=C;MT=Fixed	NT=Higher-energy Collisional Dissociation;AC=MS:1000422	27 NCE	40 ppm	0.05 Da	24005	AD_1
PRM_20260312_AD_Target_Plate_1_A4	A	4	AD_1	4	RA4	0.1	C:\Xcalibur\methods\method1	C:\data\yourdir	PRM_20260312_AD_Target_Plate_1_A4	Homo sapiens	blood plasma	Plate_1	AD_Target	not available	not available	not available	not available	not available	not available	not available	not available	1	AC=EFO:0009656;NT=plasma	run 484	proteomic profiling by mass spectrometry	PRM_20260312_AD_Target_Plate_1_A4.raw	PRM_20260312_AD_Target_Plate_1_A4.raw	NT=Parallel Reaction Monitoring;AC=MS:1002956	AC=MS:1002038;NT=label free sample	1	NT=High-performance liquid chromatography;AC=PRIDE:0000565	1	AC=MS:1001251;NT=Trypsin	not available	NT=Stellar;AC=MS:1003409	NT=Carbamidomethyl;AC=UNIMOD:4;TA=C;MT=Fixed	NT=Higher-energy Collisional Dissociation;AC=MS:1000422	27 NCE	40 ppm	0.05 Da	24005	AD_1
PRM_20260312_AD_Target_Plate_1_A5	A	5	AD_1	5	RA5	0.1	C:\Xcalibur\methods\method1	C:\data\yourdir	PRM_20260312_AD_Target_Plate_1_A5	Homo sapiens	blood plasma	Plate_1	AD_Target	not available	not available	not available	not available	not available	not available	not available	not available	1	AC=EFO:0009656;NT=plasma	run 485	proteomic profiling by mass spectrometry	PRM_20260312_AD_Target_Plate_1_A5.raw	PRM_20260312_AD_Target_Plate_1_A5.raw	NT=Parallel Reaction Monitoring;AC=MS:1002956	AC=MS:1002038;NT=label free sample	1	NT=High-performance liquid chromatography;AC=PRIDE:0000565	1	AC=MS:1001251;NT=Trypsin	not available	NT=Stellar;AC=MS:1003409	NT=Carbamidomethyl;AC=UNIMOD:4;TA=C;MT=Fixed	NT=Higher-energy Collisional Dissociation;AC=MS:1000422	27 NCE	40 ppm	0.05 Da	24005	AD_1
PRM_20260312_AD_Target_Plate_1_A6	A	6	AD_1	6	RA6	0.1	C:\Xcalibur\methods\method1	C:\data\yourdir	PRM_20260312_AD_Target_Plate_1_A6	Homo sapiens	blood plasma	Plate_1	AD_Target	not available	not available	not available	not available	not available	not available	not available	not available	1	AC=EFO:0009656;NT=plasma	run 486	proteomic profiling by mass spectrometry	PRM_20260312_AD_Target_Plate_1_A6.raw	PRM_20260312_AD_Target_Plate_1_A6.raw	NT=Parallel Reaction Monitoring;AC=MS:1002956	AC=MS:1002038;NT=label free sample	1	NT=High-performance liquid chromatography;AC=PRIDE:0000565	1	AC=MS:1001251;NT=Trypsin	not available	NT=Stellar;AC=MS:1003409	NT=Carbamidomethyl;AC=UNIMOD:4;TA=C;MT=Fixed	NT=Higher-energy Collisional Dissociation;AC=MS:1000422	27 NCE	40 ppm	0.05 Da	24005	AD_1
PRM_20260312_AD_Target_Plate_1_A7	A	7	AD_1	7	RA7	0.1	C:\Xcalibur\methods\method1	C:\data\yourdir	PRM_20260312_AD_Target_Plate_1_A7	Homo sapiens	blood plasma	Plate_1	AD_Target	not available	not available	not available	not available	not available	not available	not available	not available	1	AC=EFO:0009656;NT=plasma	run 487	proteomic profiling by mass spectrometry	PRM_20260312_AD_Target_Plate_1_A7.raw	PRM_20260312_AD_Target_Plate_1_A7.raw	NT=Parallel Reaction Monitoring;AC=MS:1002956	AC=MS:1002038;NT=label free sample	1	NT=High-performance liquid chromatography;AC=PRIDE:0000565	1	AC=MS:1001251;NT=Trypsin	not available	NT=Stellar;AC=MS:1003409	NT=Carbamidomethyl;AC=UNIMOD:4;TA=C;MT=Fixed	NT=Higher-energy Collisional Dissociation;AC=MS:1000422	27 NCE	40 ppm	0.05 Da	24005	AD_1
PRM_20260312_AD_Target_Plate_1_A8	A	8	AD_1	8	RA8	0.1	C:\Xcalibur\methods\method1	C:\data\yourdir	PRM_20260312_AD_Target_Plate_1_A8	Homo sapiens	blood plasma	Plate_1	AD_Target	not available	not available	not available	not available	not available	not available	not available	not available	1	AC=EFO:0009656;NT=plasma	run 488	proteomic profiling by mass spectrometry	PRM_20260312_AD_Target_Plate_1_A8.raw	PRM_20260312_AD_Target_Plate_1_A8.raw	NT=Parallel Reaction Monitoring;AC=MS:1002956	AC=MS:1002038;NT=label free sample	1	NT=High-performance liquid chromatography;AC=PRIDE:0000565	1	AC=MS:1001251;NT=Trypsin	not available	NT=Stellar;AC=MS:1003409	NT=Carbamidomethyl;AC=UNIMOD:4;TA=C;MT=Fixed	NT=Higher-energy Collisional Dissociation;AC=MS:1000422	27 NCE	40 ppm	0.05 Da	24005	AD_1
PRM_20260312_AD_Target_Plate_1_A9	A	9	AD_1	9	RA9	0.1	C:\Xcalibur\methods\method1	C:\data\yourdir	PRM_20260312_AD_Target_Plate_1_A9	Homo sapiens	blood plasma	Plate_1	AD_Target	not available	not available	not available	not available	not available	not available	not available	not available	1	AC=EFO:0009656;NT=plasma	run 489	proteomic profiling by mass spectrometry	PRM_20260312_AD_Target_Plate_1_A9.raw	PRM_20260312_AD_Target_Plate_1_A9.raw	NT=Parallel Reaction Monitoring;AC=MS:1002956	AC=MS:1002038;NT=label free sample	1	NT=High-performance liquid chromatography;AC=PRIDE:0000565	1	AC=MS:1001251;NT=Trypsin	not available	NT=Stellar;AC=MS:1003409	NT=Carbamidomethyl;AC=UNIMOD:4;TA=C;MT=Fixed	NT=Higher-energy Collisional Dissociation;AC=MS:1000422	27 NCE	40 ppm	0.05 Da	24005	AD_1
PRM_20260312_AD_Target_Plate_1_A10	A	10	AD_1	10	RA10	0.1	C:\Xcalibur\methods\method1	C:\data\yourdir	PRM_20260312_AD_Target_Plate_1_A10	Homo sapiens	blood plasma	Plate_1	AD_Target	not available	not available	not available	not available	not available	not available	not available	not available	1	AC=EFO:0009656;NT=plasma	run 490	proteomic profiling by mass spectrometry	PRM_20260312_AD_Target_Plate_1_A10.raw	PRM_20260312_AD_Target_Plate_1_A10.raw	NT=Parallel Reaction Monitoring;AC=MS:1002956	AC=MS:1002038;NT=label free sample	1	NT=High-performance liquid chromatography;AC=PRIDE:0000565	1	AC=MS:1001251;NT=Trypsin	not available	NT=Stellar;AC=MS:1003409	NT=Carbamidomethyl;AC=UNIMOD:4;TA=C;MT=Fixed	NT=Higher-energy Collisional Dissociation;AC=MS:1000422	27 NCE	40 ppm	0.05 Da	24005	AD_1
PRM_20260312_AD_Target_Plate_1_A11	A	11	AD_1	11	RA11	0.1	C:\Xcalibur\methods\method1	C:\data\yourdir	PRM_20260312_AD_Target_Plate_1_A11	Homo sapiens	blood plasma	Plate_1	AD_Target	not available	not available	not available	not available	not available	not available	not available	not available	1	AC=EFO:0009656;NT=plasma	run 491	proteomic profiling by mass spectrometry	PRM_20260312_AD_Target_Plate_1_A11.raw	PRM_20260312_AD_Target_Plate_1_A11.raw	NT=Parallel Reaction Monitoring;AC=MS:1002956	AC=MS:1002038;NT=label free sample	1	NT=High-performance liquid chromatography;AC=PRIDE:0000565	1	AC=MS:1001251;NT=Trypsin	not available	NT=Stellar;AC=MS:1003409	NT=Carbamidomethyl;AC=UNIMOD:4;TA=C;MT=Fixed	NT=Higher-energy Collisional Dissociation;AC=MS:1000422	27 NCE	40 ppm	0.05 Da	24005	AD_1
PRM_20260312_AD_Target_Plate_1_A12	A	12	AD_1	12	RA12	0.1	C:\Xcalibur\methods\method1	C:\data\yourdir	PRM_20260312_AD_Target_Plate_1_A12	Homo sapiens	blood plasma	Plate_1	AD_Target	not available	not available	not available	not available	not available	not available	not available	not available	1	AC=EFO:0009656;NT=plasma	run 492	proteomic profiling by mass spectrometry	PRM_20260312_AD_Target_Plate_1_A12.raw	PRM_20260312_AD_Target_Plate_1_A12.raw	NT=Parallel Reaction Monitoring;AC=MS:1002956	AC=MS:1002038;NT=label free sample	1	NT=High-performance liquid chromatography;AC=PRIDE:0000565	1	AC=MS:1001251;NT=Trypsin	not available	NT=Stellar;AC=MS:1003409	NT=Carbamidomethyl;AC=UNIMOD:4;TA=C;MT=Fixed	NT=Higher-energy Collisional Dissociation;AC=MS:1000422	27 NCE	40 ppm	0.05 Da	24005	AD_1
PRM_20260312_AD_Target_Plate_1_B1	B	1	AD_1	13	RB1	0.1	C:\Xcalibur\methods\method1	C:\data\yourdir	PRM_20260312_AD_Target_Plate_1_B1	Homo sapiens	blood plasma	Plate_1	AD_Target	not available	not available	not available	not available	not available	not available	not available	not available	1	AC=EFO:0009656;NT=plasma	run 493	proteomic profiling by mass spectrometry	PRM_20260312_AD_Target_Plate_1_B1.raw	PRM_20260312_AD_Target_Plate_1_B1.raw	NT=Parallel Reaction Monitoring;AC=MS:1002956	AC=MS:1002038;NT=label free sample	1	NT=High-performance liquid chromatography;AC=PRIDE:0000565	1	AC=MS:1001251;NT=Trypsin	not available	NT=Stellar;AC=MS:1003409	NT=Carbamidomethyl;AC=UNIMOD:4;TA=C;MT=Fixed	NT=Higher-energy Collisional Dissociation;AC=MS:1000422	27 NCE	40 ppm	0.05 Da	24005	AD_1
PRM_20260312_AD_Target_Plate_1_B2	B	2	AD_1	14	RB2	0.1	C:\Xcalibur\methods\method1	C:\data\yourdir	PRM_20260312_AD_Target_Plate_1_B2	Homo sapiens	blood plasma	Plate_1	AD_Target	not available	not available	not available	not available	not available	not available	not available	not available	1	AC=EFO:0009656;NT=plasma	run 494	proteomic profiling by mass spectrometry	PRM_20260312_AD_Target_Plate_1_B2.raw	PRM_20260312_AD_Target_Plate_1_B2.raw	NT=Parallel Reaction Monitoring;AC=MS:1002956	AC=MS:1002038;NT=label free sample	1	NT=High-performance liquid chromatography;AC=PRIDE:0000565	1	AC=MS:1001251;NT=Trypsin	not available	NT=Stellar;AC=MS:1003409	NT=Carbamidomethyl;AC=UNIMOD:4;TA=C;MT=Fixed	NT=Higher-energy Collisional Dissociation;AC=MS:1000422	27 NCE	40 ppm	0.05 Da	24005	AD_1
PRM_20260312_AD_Target_Plate_1_B3	B	3	AD_1	15	RB3	0.1	C:\Xcalibur\methods\method1	C:\data\yourdir	PRM_20260312_AD_Target_Plate_1_B3	Homo sapiens	blood plasma	Plate_1	AD_Target	not available	not available	not available	not available	not available	not available	not available	not available	1	AC=EFO:0009656;NT=plasma	run 495	proteomic profiling by mass spectrometry	PRM_20260312_AD_Target_Plate_1_B3.raw	PRM_20260312_AD_Target_Plate_1_B3.raw	NT=Parallel Reaction Monitoring;AC=MS:1002956	AC=MS:1002038;NT=label free sample	1	NT=High-performance liquid chromatography;AC=PRIDE:0000565	1	AC=MS:1001251;NT=Trypsin	not available	NT=Stellar;AC=MS:1003409	NT=Carbamidomethyl;AC=UNIMOD:4;TA=C;MT=Fixed	NT=Higher-energy Collisional Dissociation;AC=MS:1000422	27 NCE	40 ppm	0.05 Da	24005	AD_1
PRM_20260312_AD_Target_Plate_1_B4	B	4	AD_1	16	RB4	0.1	C:\Xcalibur\methods\method1	C:\data\yourdir	PRM_20260312_AD_Target_Plate_1_B4	Homo sapiens	blood plasma	Plate_1	AD_Target	not available	not available	not available	not available	not available	not available	not available	not available	1	AC=EFO:0009656;NT=plasma	run 496	proteomic profiling by mass spectrometry	PRM_20260312_AD_Target_Plate_1_B4.raw	PRM_20260312_AD_Target_Plate_1_B4.raw	NT=Parallel Reaction Monitoring;AC=MS:1002956	AC=MS:1002038;NT=label free sample	1	NT=High-performance liquid chromatography;AC=PRIDE:0000565	1	AC=MS:1001251;NT=Trypsin	not available	NT=Stellar;AC=MS:1003409	NT=Carbamidomethyl;AC=UNIMOD:4;TA=C;MT=Fixed	NT=Higher-energy Collisional Dissociation;AC=MS:1000422	27 NCE	40 ppm	0.05 Da	24005	AD_1
PRM_20260312_AD_Target_Plate_1_B5	B	5	AD_1	17	RB5	0.1	C:\Xcalibur\methods\method1	C:\data\yourdir	PRM_20260312_AD_Target_Plate_1_B5	Homo sapiens	blood plasma	Plate_1	AD_Target	not available	not available	not available	not available	not available	not available	not available	not available	1	AC=EFO:0009656;NT=plasma	run 497	proteomic profiling by mass spectrometry	PRM_20260312_AD_Target_Plate_1_B5.raw	PRM_20260312_AD_Target_Plate_1_B5.raw	NT=Parallel Reaction Monitoring;AC=MS:1002956	AC=MS:1002038;NT=label free sample	1	NT=High-performance liquid chromatography;AC=PRIDE:0000565	1	AC=MS:1001251;NT=Trypsin	not available	NT=Stellar;AC=MS:1003409	NT=Carbamidomethyl;AC=UNIMOD:4;TA=C;MT=Fixed	NT=Higher-energy Collisional Dissociation;AC=MS:1000422	27 NCE	40 ppm	0.05 Da	24005	AD_1
PRM_20260312_AD_Target_Plate_1_B6	B	6	AD_1	18	RB6	0.1	C:\Xcalibur\methods\method1	C:\data\yourdir	PRM_20260312_AD_Target_Plate_1_B6	Homo sapiens	blood plasma	Plate_1	AD_Target	not available	not available	not available	not available	not available	not available	not available	not available	1	AC=EFO:0009656;NT=plasma	run 498	proteomic profiling by mass spectrometry	PRM_20260312_AD_Target_Plate_1_B6.raw	PRM_20260312_AD_Target_Plate_1_B6.raw	NT=Parallel Reaction Monitoring;AC=MS:1002956	AC=MS:1002038;NT=label free sample	1	NT=High-performance liquid chromatography;AC=PRIDE:0000565	1	AC=MS:1001251;NT=Trypsin	not available	NT=Stellar;AC=MS:1003409	NT=Carbamidomethyl;AC=UNIMOD:4;TA=C;MT=Fixed	NT=Higher-energy Collisional Dissociation;AC=MS:1000422	27 NCE	40 ppm	0.05 Da	24005	AD_1
PRM_20260312_AD_Target_Plate_1_B7	B	7	AD_1	19	RB7	0.1	C:\Xcalibur\methods\method1	C:\data\yourdir	PRM_20260312_AD_Target_Plate_1_B7	Homo sapiens	blood plasma	Plate_1	AD_Target	not available	not available	not available	not available	not available	not available	not available	not available	1	AC=EFO:0009656;NT=plasma	run 499	proteomic profiling by mass spectrometry	PRM_20260312_AD_Target_Plate_1_B7.raw	PRM_20260312_AD_Target_Plate_1_B7.raw	NT=Parallel Reaction Monitoring;AC=MS:1002956	AC=MS:1002038;NT=label free sample	1	NT=High-performance liquid chromatography;AC=PRIDE:0000565	1	AC=MS:1001251;NT=Trypsin	not available	NT=Stellar;AC=MS:1003409	NT=Carbamidomethyl;AC=UNIMOD:4;TA=C;MT=Fixed	NT=Higher-energy Collisional Dissociation;AC=MS:1000422	27 NCE	40 ppm	0.05 Da	24005	AD_1
PRM_20260312_AD_Target_Plate_1_B8	B	8	AD_1	20	RB8	0.1	C:\Xcalibur\methods\method1	C:\data\yourdir	PRM_20260312_AD_Target_Plate_1_B8	Homo sapiens	blood plasma	Plate_1	AD_Target	not available	not available	not available	not available	not available	not available	not available	not available	1	AC=EFO:0009656;NT=plasma	run 500	proteomic profiling by mass spectrometry	PRM_20260312_AD_Target_Plate_1_B8.raw	PRM_20260312_AD_Target_Plate_1_B8.raw	NT=Parallel Reaction Monitoring;AC=MS:1002956	AC=MS:1002038;NT=label free sample	1	NT=High-performance liquid chromatography;AC=PRIDE:0000565	1	AC=MS:1001251;NT=Trypsin	not available	NT=Stellar;AC=MS:1003409	NT=Carbamidomethyl;AC=UNIMOD:4;TA=C;MT=Fixed	NT=Higher-energy Collisional Dissociation;AC=MS:1000422	27 NCE	40 ppm	0.05 Da	24005	AD_1
PRM_20260312_AD_Target_Plate_1_B9	B	9	AD_1	21	RB9	0.1	C:\Xcalibur\methods\method1	C:\data\yourdir	PRM_20260312_AD_Target_Plate_1_B9	Homo sapiens	blood plasma	Plate_1	AD_Target	not available	not available	not available	not available	not available	not available	not available	not available	1	AC=EFO:0009656;NT=plasma	run 501	proteomic profiling by mass spectrometry	PRM_20260312_AD_Target_Plate_1_B9.raw	PRM_20260312_AD_Target_Plate_1_B9.raw	NT=Parallel Reaction Monitoring;AC=MS:1002956	AC=MS:1002038;NT=label free sample	1	NT=High-performance liquid chromatography;AC=PRIDE:0000565	1	AC=MS:1001251;NT=Trypsin	not available	NT=Stellar;AC=MS:1003409	NT=Carbamidomethyl;AC=UNIMOD:4;TA=C;MT=Fixed	NT=Higher-energy Collisional Dissociation;AC=MS:1000422	27 NCE	40 ppm	0.05 Da	24005	AD_1
PRM_20260312_AD_Target_Plate_1_B10	B	10	AD_1	22	RB10	0.1	C:\Xcalibur\methods\method1	C:\data\yourdir	PRM_20260312_AD_Target_Plate_1_B10	Homo sapiens	blood plasma	Plate_1	AD_Target	not available	not available	not available	not available	not available	not available	not available	not available	1	AC=EFO:0009656;NT=plasma	run 502	proteomic profiling by mass spectrometry	PRM_20260312_AD_Target_Plate_1_B10.raw	PRM_20260312_AD_Target_Plate_1_B10.raw	NT=Parallel Reaction Monitoring;AC=MS:1002956	AC=MS:1002038;NT=label free sample	1	NT=High-performance liquid chromatography;AC=PRIDE:0000565	1	AC=MS:1001251;NT=Trypsin	not available	NT=Stellar;AC=MS:1003409	NT=Carbamidomethyl;AC=UNIMOD:4;TA=C;MT=Fixed	NT=Higher-energy Collisional Dissociation;AC=MS:1000422	27 NCE	40 ppm	0.05 Da	24005	AD_1
PRM_20260312_AD_Target_Plate_1_B11	B	11	AD_1	23	RB11	0.1	C:\Xcalibur\methods\method1	C:\data\yourdir	PRM_20260312_AD_Target_Plate_1_B11	Homo sapiens	blood plasma	Plate_1	AD_Target	not available	not available	not available	not available	not available	not available	not available	not available	1	AC=EFO:0009656;NT=plasma	run 503	proteomic profiling by mass spectrometry	PRM_20260312_AD_Target_Plate_1_B11.raw	PRM_20260312_AD_Target_Plate_1_B11.raw	NT=Parallel Reaction Monitoring;AC=MS:1002956	AC=MS:1002038;NT=label free sample	1	NT=High-performance liquid chromatography;AC=PRIDE:0000565	1	AC=MS:1001251;NT=Trypsin	not available	NT=Stellar;AC=MS:1003409	NT=Carbamidomethyl;AC=UNIMOD:4;TA=C;MT=Fixed	NT=Higher-energy Collisional Dissociation;AC=MS:1000422	27 NCE	40 ppm	0.05 Da	24005	AD_1
PRM_20260312_AD_Target_Plate_1_B12	B	12	AD_1	24	RB12	0.1	C:\Xcalibur\methods\method1	C:\data\yourdir	PRM_20260312_AD_Target_Plate_1_B12	Homo sapiens	blood plasma	Plate_1	AD_Target	not available	not available	not available	not available	not available	not available	not available	not available	1	AC=EFO:0009656;NT=plasma	run 504	proteomic profiling by mass spectrometry	PRM_20260312_AD_Target_Plate_1_B12.raw	PRM_20260312_AD_Target_Plate_1_B12.raw	NT=Parallel Reaction Monitoring;AC=MS:1002956	AC=MS:1002038;NT=label free sample	1	NT=High-performance liquid chromatography;AC=PRIDE:0000565	1	AC=MS:1001251;NT=Trypsin	not available	NT=Stellar;AC=MS:1003409	NT=Carbamidomethyl;AC=UNIMOD:4;TA=C;MT=Fixed	NT=Higher-energy Collisional Dissociation;AC=MS:1000422	27 NCE	40 ppm	0.05 Da	24005	AD_1
PRM_20260312_AD_Target_Plate_1_C1	C	1	AD_1	25	RC1	0.1	C:\Xcalibur\methods\method1	C:\data\yourdir	PRM_20260312_AD_Target_Plate_1_C1	Homo sapiens	blood plasma	Plate_1	AD_Target	not available	not available	not available	not available	not available	not available	not available	not available	1	AC=EFO:0009656;NT=plasma	run 505	proteomic profiling by mass spectrometry	PRM_20260312_AD_Target_Plate_1_C1.raw	PRM_20260312_AD_Target_Plate_1_C1.raw	NT=Parallel Reaction Monitoring;AC=MS:1002956	AC=MS:1002038;NT=label free sample	1	NT=High-performance liquid chromatography;AC=PRIDE:0000565	1	AC=MS:1001251;NT=Trypsin	not available	NT=Stellar;AC=MS:1003409	NT=Carbamidomethyl;AC=UNIMOD:4;TA=C;MT=Fixed	NT=Higher-energy Collisional Dissociation;AC=MS:1000422	27 NCE	40 ppm	0.05 Da	24005	AD_1
PRM_20260312_AD_Target_Plate_1_C2	C	2	AD_1	26	RC2	0.1	C:\Xcalibur\methods\method1	C:\data\yourdir	PRM_20260312_AD_Target_Plate_1_C2	Homo sapiens	blood plasma	Plate_1	AD_Target	not available	not available	not available	not available	not available	not available	not available	not available	1	AC=EFO:0009656;NT=plasma	run 506	proteomic profiling by mass spectrometry	PRM_20260312_AD_Target_Plate_1_C2.raw	PRM_20260312_AD_Target_Plate_1_C2.raw	NT=Parallel Reaction Monitoring;AC=MS:1002956	AC=MS:1002038;NT=label free sample	1	NT=High-performance liquid chromatography;AC=PRIDE:0000565	1	AC=MS:1001251;NT=Trypsin	not available	NT=Stellar;AC=MS:1003409	NT=Carbamidomethyl;AC=UNIMOD:4;TA=C;MT=Fixed	NT=Higher-energy Collisional Dissociation;AC=MS:1000422	27 NCE	40 ppm	0.05 Da	24005	AD_1
PRM_20260312_AD_Target_Plate_1_C3	C	3	AD_1	27	RC3	0.1	C:\Xcalibur\methods\method1	C:\data\yourdir	PRM_20260312_AD_Target_Plate_1_C3	Homo sapiens	blood plasma	Plate_1	AD_Target	not available	not available	not available	not available	not available	not available	not available	not available	1	AC=EFO:0009656;NT=plasma	run 507	proteomic profiling by mass spectrometry	PRM_20260312_AD_Target_Plate_1_C3.raw	PRM_20260312_AD_Target_Plate_1_C3.raw	NT=Parallel Reaction Monitoring;AC=MS:1002956	AC=MS:1002038;NT=label free sample	1	NT=High-performance liquid chromatography;AC=PRIDE:0000565	1	AC=MS:1001251;NT=Trypsin	not available	NT=Stellar;AC=MS:1003409	NT=Carbamidomethyl;AC=UNIMOD:4;TA=C;MT=Fixed	NT=Higher-energy Collisional Dissociation;AC=MS:1000422	27 NCE	40 ppm	0.05 Da	24005	AD_1
PRM_20260312_AD_Target_Plate_1_C4	C	4	AD_1	28	RC4	0.1	C:\Xcalibur\methods\method1	C:\data\yourdir	PRM_20260312_AD_Target_Plate_1_C4	Homo sapiens	blood plasma	Plate_1	AD_Target	not available	not available	not available	not available	not available	not available	not available	not available	1	AC=EFO:0009656;NT=plasma	run 508	proteomic profiling by mass spectrometry	PRM_20260312_AD_Target_Plate_1_C4.raw	PRM_20260312_AD_Target_Plate_1_C4.raw	NT=Parallel Reaction Monitoring;AC=MS:1002956	AC=MS:1002038;NT=label free sample	1	NT=High-performance liquid chromatography;AC=PRIDE:0000565	1	AC=MS:1001251;NT=Trypsin	not available	NT=Stellar;AC=MS:1003409	NT=Carbamidomethyl;AC=UNIMOD:4;TA=C;MT=Fixed	NT=Higher-energy Collisional Dissociation;AC=MS:1000422	27 NCE	40 ppm	0.05 Da	24005	AD_1
PRM_20260312_AD_Target_Plate_1_C5	C	5	AD_1	29	RC5	0.1	C:\Xcalibur\methods\method1	C:\data\yourdir	PRM_20260312_AD_Target_Plate_1_C5	Homo sapiens	blood plasma	Plate_1	AD_Target	not available	not available	not available	not available	not available	not available	not available	not available	1	AC=EFO:0009656;NT=plasma	run 509	proteomic profiling by mass spectrometry	PRM_20260312_AD_Target_Plate_1_C5.raw	PRM_20260312_AD_Target_Plate_1_C5.raw	NT=Parallel Reaction Monitoring;AC=MS:1002956	AC=MS:1002038;NT=label free sample	1	NT=High-performance liquid chromatography;AC=PRIDE:0000565	1	AC=MS:1001251;NT=Trypsin	not available	NT=Stellar;AC=MS:1003409	NT=Carbamidomethyl;AC=UNIMOD:4;TA=C;MT=Fixed	NT=Higher-energy Collisional Dissociation;AC=MS:1000422	27 NCE	40 ppm	0.05 Da	24005	AD_1
PRM_20260312_AD_Target_Plate_1_C6	C	6	AD_1	30	RC6	0.1	C:\Xcalibur\methods\method1	C:\data\yourdir	PRM_20260312_AD_Target_Plate_1_C6	Homo sapiens	blood plasma	Plate_1	AD_Target	not available	not available	not available	not available	not available	not available	not available	not available	1	AC=EFO:0009656;NT=plasma	run 510	proteomic profiling by mass spectrometry	PRM_20260312_AD_Target_Plate_1_C6.raw	PRM_20260312_AD_Target_Plate_1_C6.raw	NT=Parallel Reaction Monitoring;AC=MS:1002956	AC=MS:1002038;NT=label free sample	1	NT=High-performance liquid chromatography;AC=PRIDE:0000565	1	AC=MS:1001251;NT=Trypsin	not available	NT=Stellar;AC=MS:1003409	NT=Carbamidomethyl;AC=UNIMOD:4;TA=C;MT=Fixed	NT=Higher-energy Collisional Dissociation;AC=MS:1000422	27 NCE	40 ppm	0.05 Da	24005	AD_1
PRM_20260312_AD_Target_Plate_1_C7	C	7	AD_1	31	RC7	0.1	C:\Xcalibur\methods\method1	C:\data\yourdir	PRM_20260312_AD_Target_Plate_1_C7	Homo sapiens	blood plasma	Plate_1	AD_Target	not available	not available	not available	not available	not available	not available	not available	not available	1	AC=EFO:0009656;NT=plasma	run 511	proteomic profiling by mass spectrometry	PRM_20260312_AD_Target_Plate_1_C7.raw	PRM_20260312_AD_Target_Plate_1_C7.raw	NT=Parallel Reaction Monitoring;AC=MS:1002956	AC=MS:1002038;NT=label free sample	1	NT=High-performance liquid chromatography;AC=PRIDE:0000565	1	AC=MS:1001251;NT=Trypsin	not available	NT=Stellar;AC=MS:1003409	NT=Carbamidomethyl;AC=UNIMOD:4;TA=C;MT=Fixed	NT=Higher-energy Collisional Dissociation;AC=MS:1000422	27 NCE	40 ppm	0.05 Da	24005	AD_1
PRM_20260312_AD_Target_Plate_1_C8	C	8	AD_1	32	RC8	0.1	C:\Xcalibur\methods\method1	C:\data\yourdir	PRM_20260312_AD_Target_Plate_1_C8	Homo sapiens	blood plasma	Plate_1	AD_Target	not available	not available	not available	not available	not available	not available	not available	not available	1	AC=EFO:0009656;NT=plasma	run 512	proteomic profiling by mass spectrometry	PRM_20260312_AD_Target_Plate_1_C8.raw	PRM_20260312_AD_Target_Plate_1_C8.raw	NT=Parallel Reaction Monitoring;AC=MS:1002956	AC=MS:1002038;NT=label free sample	1	NT=High-performance liquid chromatography;AC=PRIDE:0000565	1	AC=MS:1001251;NT=Trypsin	not available	NT=Stellar;AC=MS:1003409	NT=Carbamidomethyl;AC=UNIMOD:4;TA=C;MT=Fixed	NT=Higher-energy Collisional Dissociation;AC=MS:1000422	27 NCE	40 ppm	0.05 Da	24005	AD_1
PRM_20260312_AD_Target_Plate_1_C9	C	9	AD_1	33	RC9	0.1	C:\Xcalibur\methods\method1	C:\data\yourdir	PRM_20260312_AD_Target_Plate_1_C9	Homo sapiens	blood plasma	Plate_1	AD_Target	not available	not available	not available	not available	not available	not available	not available	not available	1	AC=EFO:0009656;NT=plasma	run 513	proteomic profiling by mass spectrometry	PRM_20260312_AD_Target_Plate_1_C9.raw	PRM_20260312_AD_Target_Plate_1_C9.raw	NT=Parallel Reaction Monitoring;AC=MS:1002956	AC=MS:1002038;NT=label free sample	1	NT=High-performance liquid chromatography;AC=PRIDE:0000565	1	AC=MS:1001251;NT=Trypsin	not available	NT=Stellar;AC=MS:1003409	NT=Carbamidomethyl;AC=UNIMOD:4;TA=C;MT=Fixed	NT=Higher-energy Collisional Dissociation;AC=MS:1000422	27 NCE	40 ppm	0.05 Da	24005	AD_1
PRM_20260312_AD_Target_Plate_1_C10	C	10	AD_1	34	RC10	0.1	C:\Xcalibur\methods\method1	C:\data\yourdir	PRM_20260312_AD_Target_Plate_1_C10	Homo sapiens	blood plasma	Plate_1	AD_Target	not available	not available	not available	not available	not available	not available	not available	not available	1	AC=EFO:0009656;NT=plasma	run 514	proteomic profiling by mass spectrometry	PRM_20260312_AD_Target_Plate_1_C10.raw	PRM_20260312_AD_Target_Plate_1_C10.raw	NT=Parallel Reaction Monitoring;AC=MS:1002956	AC=MS:1002038;NT=label free sample	1	NT=High-performance liquid chromatography;AC=PRIDE:0000565	1	AC=MS:1001251;NT=Trypsin	not available	NT=Stellar;AC=MS:1003409	NT=Carbamidomethyl;AC=UNIMOD:4;TA=C;MT=Fixed	NT=Higher-energy Collisional Dissociation;AC=MS:1000422	27 NCE	40 ppm	0.05 Da	24005	AD_1
PRM_20260312_AD_Target_Plate_1_C11	C	11	AD_1	35	RC11	0.1	C:\Xcalibur\methods\method1	C:\data\yourdir	PRM_20260312_AD_Target_Plate_1_C11	Homo sapiens	blood plasma	Plate_1	AD_Target	not available	not available	not available	not available	not available	not available	not available	not available	1	AC=EFO:0009656;NT=plasma	run 515	proteomic profiling by mass spectrometry	PRM_20260312_AD_Target_Plate_1_C11.raw	PRM_20260312_AD_Target_Plate_1_C11.raw	NT=Parallel Reaction Monitoring;AC=MS:1002956	AC=MS:1002038;NT=label free sample	1	NT=High-performance liquid chromatography;AC=PRIDE:0000565	1	AC=MS:1001251;NT=Trypsin	not available	NT=Stellar;AC=MS:1003409	NT=Carbamidomethyl;AC=UNIMOD:4;TA=C;MT=Fixed	NT=Higher-energy Collisional Dissociation;AC=MS:1000422	27 NCE	40 ppm	0.05 Da	24005	AD_1
PRM_20260312_AD_Target_Plate_1_C12	C	12	AD_1	36	RC12	0.1	C:\Xcalibur\methods\method1	C:\data\yourdir	PRM_20260312_AD_Target_Plate_1_C12	Homo sapiens	blood plasma	Plate_1	AD_Target	not available	not available	not available	not available	not available	not available	not available	not available	1	AC=EFO:0009656;NT=plasma	run 516	proteomic profiling by mass spectrometry	PRM_20260312_AD_Target_Plate_1_C12.raw	PRM_20260312_AD_Target_Plate_1_C12.raw	NT=Parallel Reaction Monitoring;AC=MS:1002956	AC=MS:1002038;NT=label free sample	1	NT=High-performance liquid chromatography;AC=PRIDE:0000565	1	AC=MS:1001251;NT=Trypsin	not available	NT=Stellar;AC=MS:1003409	NT=Carbamidomethyl;AC=UNIMOD:4;TA=C;MT=Fixed	NT=Higher-energy Collisional Dissociation;AC=MS:1000422	27 NCE	40 ppm	0.05 Da	24005	AD_1
PRM_20260312_AD_Target_Plate_1_D1	D	1	AD_1	37	RD1	0.1	C:\Xcalibur\methods\method1	C:\data\yourdir	PRM_20260312_AD_Target_Plate_1_D1	Homo sapiens	blood plasma	Plate_1	AD_Target	not available	not available	not available	not available	not available	not available	not available	not available	1	AC=EFO:0009656;NT=plasma	run 517	proteomic profiling by mass spectrometry	PRM_20260312_AD_Target_Plate_1_D1.raw	PRM_20260312_AD_Target_Plate_1_D1.raw	NT=Parallel Reaction Monitoring;AC=MS:1002956	AC=MS:1002038;NT=label free sample	1	NT=High-performance liquid chromatography;AC=PRIDE:0000565	1	AC=MS:1001251;NT=Trypsin	not available	NT=Stellar;AC=MS:1003409	NT=Carbamidomethyl;AC=UNIMOD:4;TA=C;MT=Fixed	NT=Higher-energy Collisional Dissociation;AC=MS:1000422	27 NCE	40 ppm	0.05 Da	24005	AD_1
PRM_20260312_AD_Target_Plate_1_D2	D	2	AD_1	38	RD2	0.1	C:\Xcalibur\methods\method1	C:\data\yourdir	PRM_20260312_AD_Target_Plate_1_D2	Homo sapiens	blood plasma	Plate_1	AD_Target	not available	not available	not available	not available	not available	not available	not available	not available	1	AC=EFO:0009656;NT=plasma	run 518	proteomic profiling by mass spectrometry	PRM_20260312_AD_Target_Plate_1_D2.raw	PRM_20260312_AD_Target_Plate_1_D2.raw	NT=Parallel Reaction Monitoring;AC=MS:1002956	AC=MS:1002038;NT=label free sample	1	NT=High-performance liquid chromatography;AC=PRIDE:0000565	1	AC=MS:1001251;NT=Trypsin	not available	NT=Stellar;AC=MS:1003409	NT=Carbamidomethyl;AC=UNIMOD:4;TA=C;MT=Fixed	NT=Higher-energy Collisional Dissociation;AC=MS:1000422	27 NCE	40 ppm	0.05 Da	24005	AD_1
PRM_20260312_AD_Target_Plate_1_D3	D	3	Control	39	RD3	0.1	C:\Xcalibur\methods\method1	C:\data\yourdir	PRM_20260312_AD_Target_Plate_1_D3	Homo sapiens	blood plasma	Plate_1	AD_Target	not available	not available	not available	not available	not available	not available	not available	not available	1	AC=EFO:0009656;NT=plasma	run 519	proteomic profiling by mass spectrometry	PRM_20260312_AD_Target_Plate_1_D3.raw	PRM_20260312_AD_Target_Plate_1_D3.raw	NT=Parallel Reaction Monitoring;AC=MS:1002956	AC=MS:1002038;NT=label free sample	1	NT=High-performance liquid chromatography;AC=PRIDE:0000565	1	AC=MS:1001251;NT=Trypsin	not available	NT=Stellar;AC=MS:1003409	NT=Carbamidomethyl;AC=UNIMOD:4;TA=C;MT=Fixed	NT=Higher-energy Collisional Dissociation;AC=MS:1000422	27 NCE	40 ppm	0.05 Da	24005	Control
PRM_20260312_AD_Target_Plate_1_D4	D	4	AD_1	40	RD4	0.1	C:\Xcalibur\methods\method1	C:\data\yourdir	PRM_20260312_AD_Target_Plate_1_D4	Homo sapiens	blood plasma	Plate_1	AD_Target	not available	not available	not available	not available	not available	not available	not available	not available	1	AC=EFO:0009656;NT=plasma	run 520	proteomic profiling by mass spectrometry	PRM_20260312_AD_Target_Plate_1_D4.raw	PRM_20260312_AD_Target_Plate_1_D4.raw	NT=Parallel Reaction Monitoring;AC=MS:1002956	AC=MS:1002038;NT=label free sample	1	NT=High-performance liquid chromatography;AC=PRIDE:0000565	1	AC=MS:1001251;NT=Trypsin	not available	NT=Stellar;AC=MS:1003409	NT=Carbamidomethyl;AC=UNIMOD:4;TA=C;MT=Fixed	NT=Higher-energy Collisional Dissociation;AC=MS:1000422	27 NCE	40 ppm	0.05 Da	24005	AD_1
PRM_20260312_AD_Target_Plate_1_D5	D	5	AD_1	41	RD5	0.1	C:\Xcalibur\methods\method1	C:\data\yourdir	PRM_20260312_AD_Target_Plate_1_D5	Homo sapiens	blood plasma	Plate_1	AD_Target	not available	not available	not available	not available	not available	not available	not available	not available	1	AC=EFO:0009656;NT=plasma	run 521	proteomic profiling by mass spectrometry	PRM_20260312_AD_Target_Plate_1_D5.raw	PRM_20260312_AD_Target_Plate_1_D5.raw	NT=Parallel Reaction Monitoring;AC=MS:1002956	AC=MS:1002038;NT=label free sample	1	NT=High-performance liquid chromatography;AC=PRIDE:0000565	1	AC=MS:1001251;NT=Trypsin	not available	NT=Stellar;AC=MS:1003409	NT=Carbamidomethyl;AC=UNIMOD:4;TA=C;MT=Fixed	NT=Higher-energy Collisional Dissociation;AC=MS:1000422	27 NCE	40 ppm	0.05 Da	24005	AD_1
PRM_20260312_AD_Target_Plate_1_D6	D	6	AD_1	42	RD6	0.1	C:\Xcalibur\methods\method1	C:\data\yourdir	PRM_20260312_AD_Target_Plate_1_D6	Homo sapiens	blood plasma	Plate_1	AD_Target	not available	not available	not available	not available	not available	not available	not available	not available	1	AC=EFO:0009656;NT=plasma	run 522	proteomic profiling by mass spectrometry	PRM_20260312_AD_Target_Plate_1_D6.raw	PRM_20260312_AD_Target_Plate_1_D6.raw	NT=Parallel Reaction Monitoring;AC=MS:1002956	AC=MS:1002038;NT=label free sample	1	NT=High-performance liquid chromatography;AC=PRIDE:0000565	1	AC=MS:1001251;NT=Trypsin	not available	NT=Stellar;AC=MS:1003409	NT=Carbamidomethyl;AC=UNIMOD:4;TA=C;MT=Fixed	NT=Higher-energy Collisional Dissociation;AC=MS:1000422	27 NCE	40 ppm	0.05 Da	24005	AD_1
PRM_20260312_AD_Target_Plate_1_D7	D	7	AD_1	43	RD7	0.1	C:\Xcalibur\methods\method1	C:\data\yourdir	PRM_20260312_AD_Target_Plate_1_D7	Homo sapiens	blood plasma	Plate_1	AD_Target	not available	not available	not available	not available	not available	not available	not available	not available	1	AC=EFO:0009656;NT=plasma	run 523	proteomic profiling by mass spectrometry	PRM_20260312_AD_Target_Plate_1_D7.raw	PRM_20260312_AD_Target_Plate_1_D7.raw	NT=Parallel Reaction Monitoring;AC=MS:1002956	AC=MS:1002038;NT=label free sample	1	NT=High-performance liquid chromatography;AC=PRIDE:0000565	1	AC=MS:1001251;NT=Trypsin	not available	NT=Stellar;AC=MS:1003409	NT=Carbamidomethyl;AC=UNIMOD:4;TA=C;MT=Fixed	NT=Higher-energy Collisional Dissociation;AC=MS:1000422	27 NCE	40 ppm	0.05 Da	24005	AD_1
PRM_20260312_AD_Target_Plate_1_D8	D	8	AD_1	44	RD8	0.1	C:\Xcalibur\methods\method1	C:\data\yourdir	PRM_20260312_AD_Target_Plate_1_D8	Homo sapiens	blood plasma	Plate_1	AD_Target	not available	not available	not available	not available	not available	not available	not available	not available	1	AC=EFO:0009656;NT=plasma	run 524	proteomic profiling by mass spectrometry	PRM_20260312_AD_Target_Plate_1_D8.raw	PRM_20260312_AD_Target_Plate_1_D8.raw	NT=Parallel Reaction Monitoring;AC=MS:1002956	AC=MS:1002038;NT=label free sample	1	NT=High-performance liquid chromatography;AC=PRIDE:0000565	1	AC=MS:1001251;NT=Trypsin	not available	NT=Stellar;AC=MS:1003409	NT=Carbamidomethyl;AC=UNIMOD:4;TA=C;MT=Fixed	NT=Higher-energy Collisional Dissociation;AC=MS:1000422	27 NCE	40 ppm	0.05 Da	24005	AD_1
PRM_20260312_AD_Target_Plate_1_D9	D	9	AD_1	45	RD9	0.1	C:\Xcalibur\methods\method1	C:\data\yourdir	PRM_20260312_AD_Target_Plate_1_D9	Homo sapiens	blood plasma	Plate_1	AD_Target	not available	not available	not available	not available	not available	not available	not available	not available	1	AC=EFO:0009656;NT=plasma	run 525	proteomic profiling by mass spectrometry	PRM_20260312_AD_Target_Plate_1_D9.raw	PRM_20260312_AD_Target_Plate_1_D9.raw	NT=Parallel Reaction Monitoring;AC=MS:1002956	AC=MS:1002038;NT=label free sample	1	NT=High-performance liquid chromatography;AC=PRIDE:0000565	1	AC=MS:1001251;NT=Trypsin	not available	NT=Stellar;AC=MS:1003409	NT=Carbamidomethyl;AC=UNIMOD:4;TA=C;MT=Fixed	NT=Higher-energy Collisional Dissociation;AC=MS:1000422	27 NCE	40 ppm	0.05 Da	24005	AD_1
PRM_20260312_AD_Target_Plate_1_D10	D	10	AD_1	46	RD10	0.1	C:\Xcalibur\methods\method1	C:\data\yourdir	PRM_20260312_AD_Target_Plate_1_D10	Homo sapiens	blood plasma	Plate_1	AD_Target	not available	not available	not available	not available	not available	not available	not available	not available	1	AC=EFO:0009656;NT=plasma	run 526	proteomic profiling by mass spectrometry	PRM_20260312_AD_Target_Plate_1_D10.raw	PRM_20260312_AD_Target_Plate_1_D10.raw	NT=Parallel Reaction Monitoring;AC=MS:1002956	AC=MS:1002038;NT=label free sample	1	NT=High-performance liquid chromatography;AC=PRIDE:0000565	1	AC=MS:1001251;NT=Trypsin	not available	NT=Stellar;AC=MS:1003409	NT=Carbamidomethyl;AC=UNIMOD:4;TA=C;MT=Fixed	NT=Higher-energy Collisional Dissociation;AC=MS:1000422	27 NCE	40 ppm	0.05 Da	24005	AD_1
PRM_20260312_AD_Target_Plate_1_D11	D	11	AD_1	47	RD11	0.1	C:\Xcalibur\methods\method1	C:\data\yourdir	PRM_20260312_AD_Target_Plate_1_D11	Homo sapiens	blood plasma	Plate_1	AD_Target	not available	not available	not available	not available	not available	not available	not available	not available	1	AC=EFO:0009656;NT=plasma	run 527	proteomic profiling by mass spectrometry	PRM_20260312_AD_Target_Plate_1_D11.raw	PRM_20260312_AD_Target_Plate_1_D11.raw	NT=Parallel Reaction Monitoring;AC=MS:1002956	AC=MS:1002038;NT=label free sample	1	NT=High-performance liquid chromatography;AC=PRIDE:0000565	1	AC=MS:1001251;NT=Trypsin	not available	NT=Stellar;AC=MS:1003409	NT=Carbamidomethyl;AC=UNIMOD:4;TA=C;MT=Fixed	NT=Higher-energy Collisional Dissociation;AC=MS:1000422	27 NCE	40 ppm	0.05 Da	24005	AD_1
PRM_20260312_AD_Target_Plate_1_D12	D	12	AD_1	48	RD12	0.1	C:\Xcalibur\methods\method1	C:\data\yourdir	PRM_20260312_AD_Target_Plate_1_D12	Homo sapiens	blood plasma	Plate_1	AD_Target	not available	not available	not available	not available	not available	not available	not available	not available	1	AC=EFO:0009656;NT=plasma	run 528	proteomic profiling by mass spectrometry	PRM_20260312_AD_Target_Plate_1_D12.raw	PRM_20260312_AD_Target_Plate_1_D12.raw	NT=Parallel Reaction Monitoring;AC=MS:1002956	AC=MS:1002038;NT=label free sample	1	NT=High-performance liquid chromatography;AC=PRIDE:0000565	1	AC=MS:1001251;NT=Trypsin	not available	NT=Stellar;AC=MS:1003409	NT=Carbamidomethyl;AC=UNIMOD:4;TA=C;MT=Fixed	NT=Higher-energy Collisional Dissociation;AC=MS:1000422	27 NCE	40 ppm	0.05 Da	24005	AD_1
PRM_20260312_AD_Target_Plate_1_E1	E	1	AD_1	49	RE1	0.1	C:\Xcalibur\methods\method1	C:\data\yourdir	PRM_20260312_AD_Target_Plate_1_E1	Homo sapiens	blood plasma	Plate_1	AD_Target	not available	not available	not available	not available	not available	not available	not available	not available	1	AC=EFO:0009656;NT=plasma	run 529	proteomic profiling by mass spectrometry	PRM_20260312_AD_Target_Plate_1_E1.raw	PRM_20260312_AD_Target_Plate_1_E1.raw	NT=Parallel Reaction Monitoring;AC=MS:1002956	AC=MS:1002038;NT=label free sample	1	NT=High-performance liquid chromatography;AC=PRIDE:0000565	1	AC=MS:1001251;NT=Trypsin	not available	NT=Stellar;AC=MS:1003409	NT=Carbamidomethyl;AC=UNIMOD:4;TA=C;MT=Fixed	NT=Higher-energy Collisional Dissociation;AC=MS:1000422	27 NCE	40 ppm	0.05 Da	24005	AD_1
PRM_20260312_AD_Target_Plate_1_E2	E	2	AD_1	50	RE2	0.1	C:\Xcalibur\methods\method1	C:\data\yourdir	PRM_20260312_AD_Target_Plate_1_E2	Homo sapiens	blood plasma	Plate_1	AD_Target	not available	not available	not available	not available	not available	not available	not available	not available	1	AC=EFO:0009656;NT=plasma	run 530	proteomic profiling by mass spectrometry	PRM_20260312_AD_Target_Plate_1_E2.raw	PRM_20260312_AD_Target_Plate_1_E2.raw	NT=Parallel Reaction Monitoring;AC=MS:1002956	AC=MS:1002038;NT=label free sample	1	NT=High-performance liquid chromatography;AC=PRIDE:0000565	1	AC=MS:1001251;NT=Trypsin	not available	NT=Stellar;AC=MS:1003409	NT=Carbamidomethyl;AC=UNIMOD:4;TA=C;MT=Fixed	NT=Higher-energy Collisional Dissociation;AC=MS:1000422	27 NCE	40 ppm	0.05 Da	24005	AD_1
PRM_20260312_AD_Target_Plate_1_E3	E	3	AD_1	51	RE3	0.1	C:\Xcalibur\methods\method1	C:\data\yourdir	PRM_20260312_AD_Target_Plate_1_E3	Homo sapiens	blood plasma	Plate_1	AD_Target	not available	not available	not available	not available	not available	not available	not available	not available	1	AC=EFO:0009656;NT=plasma	run 531	proteomic profiling by mass spectrometry	PRM_20260312_AD_Target_Plate_1_E3.raw	PRM_20260312_AD_Target_Plate_1_E3.raw	NT=Parallel Reaction Monitoring;AC=MS:1002956	AC=MS:1002038;NT=label free sample	1	NT=High-performance liquid chromatography;AC=PRIDE:0000565	1	AC=MS:1001251;NT=Trypsin	not available	NT=Stellar;AC=MS:1003409	NT=Carbamidomethyl;AC=UNIMOD:4;TA=C;MT=Fixed	NT=Higher-energy Collisional Dissociation;AC=MS:1000422	27 NCE	40 ppm	0.05 Da	24005	AD_1
PRM_20260312_AD_Target_Plate_1_E4	E	4	AD_1	52	RE4	0.1	C:\Xcalibur\methods\method1	C:\data\yourdir	PRM_20260312_AD_Target_Plate_1_E4	Homo sapiens	blood plasma	Plate_1	AD_Target	not available	not available	not available	not available	not available	not available	not available	not available	1	AC=EFO:0009656;NT=plasma	run 532	proteomic profiling by mass spectrometry	PRM_20260312_AD_Target_Plate_1_E4.raw	PRM_20260312_AD_Target_Plate_1_E4.raw	NT=Parallel Reaction Monitoring;AC=MS:1002956	AC=MS:1002038;NT=label free sample	1	NT=High-performance liquid chromatography;AC=PRIDE:0000565	1	AC=MS:1001251;NT=Trypsin	not available	NT=Stellar;AC=MS:1003409	NT=Carbamidomethyl;AC=UNIMOD:4;TA=C;MT=Fixed	NT=Higher-energy Collisional Dissociation;AC=MS:1000422	27 NCE	40 ppm	0.05 Da	24005	AD_1
PRM_20260312_AD_Target_Plate_1_E5	E	5	AD_1	53	RE5	0.1	C:\Xcalibur\methods\method1	C:\data\yourdir	PRM_20260312_AD_Target_Plate_1_E5	Homo sapiens	blood plasma	Plate_1	AD_Target	not available	not available	not available	not available	not available	not available	not available	not available	1	AC=EFO:0009656;NT=plasma	run 533	proteomic profiling by mass spectrometry	PRM_20260312_AD_Target_Plate_1_E5.raw	PRM_20260312_AD_Target_Plate_1_E5.raw	NT=Parallel Reaction Monitoring;AC=MS:1002956	AC=MS:1002038;NT=label free sample	1	NT=High-performance liquid chromatography;AC=PRIDE:0000565	1	AC=MS:1001251;NT=Trypsin	not available	NT=Stellar;AC=MS:1003409	NT=Carbamidomethyl;AC=UNIMOD:4;TA=C;MT=Fixed	NT=Higher-energy Collisional Dissociation;AC=MS:1000422	27 NCE	40 ppm	0.05 Da	24005	AD_1
PRM_20260312_AD_Target_Plate_1_E6	E	6	AD_1	54	RE6	0.1	C:\Xcalibur\methods\method1	C:\data\yourdir	PRM_20260312_AD_Target_Plate_1_E6	Homo sapiens	blood plasma	Plate_1	AD_Target	not available	not available	not available	not available	not available	not available	not available	not available	1	AC=EFO:0009656;NT=plasma	run 534	proteomic profiling by mass spectrometry	PRM_20260312_AD_Target_Plate_1_E6.raw	PRM_20260312_AD_Target_Plate_1_E6.raw	NT=Parallel Reaction Monitoring;AC=MS:1002956	AC=MS:1002038;NT=label free sample	1	NT=High-performance liquid chromatography;AC=PRIDE:0000565	1	AC=MS:1001251;NT=Trypsin	not available	NT=Stellar;AC=MS:1003409	NT=Carbamidomethyl;AC=UNIMOD:4;TA=C;MT=Fixed	NT=Higher-energy Collisional Dissociation;AC=MS:1000422	27 NCE	40 ppm	0.05 Da	24005	AD_1
PRM_20260312_AD_Target_Plate_1_E7	E	7	Control	55	RE7	0.1	C:\Xcalibur\methods\method1	C:\data\yourdir	PRM_20260312_AD_Target_Plate_1_E7	Homo sapiens	blood plasma	Plate_1	AD_Target	not available	not available	not available	not available	not available	not available	not available	not available	1	AC=EFO:0009656;NT=plasma	run 535	proteomic profiling by mass spectrometry	PRM_20260312_AD_Target_Plate_1_E7.raw	PRM_20260312_AD_Target_Plate_1_E7.raw	NT=Parallel Reaction Monitoring;AC=MS:1002956	AC=MS:1002038;NT=label free sample	1	NT=High-performance liquid chromatography;AC=PRIDE:0000565	1	AC=MS:1001251;NT=Trypsin	not available	NT=Stellar;AC=MS:1003409	NT=Carbamidomethyl;AC=UNIMOD:4;TA=C;MT=Fixed	NT=Higher-energy Collisional Dissociation;AC=MS:1000422	27 NCE	40 ppm	0.05 Da	24005	Control
PRM_20260312_AD_Target_Plate_1_E8	E	8	AD_1	56	RE8	0.1	C:\Xcalibur\methods\method1	C:\data\yourdir	PRM_20260312_AD_Target_Plate_1_E8	Homo sapiens	blood plasma	Plate_1	AD_Target	not available	not available	not available	not available	not available	not available	not available	not available	1	AC=EFO:0009656;NT=plasma	run 536	proteomic profiling by mass spectrometry	PRM_20260312_AD_Target_Plate_1_E8.raw	PRM_20260312_AD_Target_Plate_1_E8.raw	NT=Parallel Reaction Monitoring;AC=MS:1002956	AC=MS:1002038;NT=label free sample	1	NT=High-performance liquid chromatography;AC=PRIDE:0000565	1	AC=MS:1001251;NT=Trypsin	not available	NT=Stellar;AC=MS:1003409	NT=Carbamidomethyl;AC=UNIMOD:4;TA=C;MT=Fixed	NT=Higher-energy Collisional Dissociation;AC=MS:1000422	27 NCE	40 ppm	0.05 Da	24005	AD_1
PRM_20260312_AD_Target_Plate_1_E9	E	9	AD_1	57	RE9	0.1	C:\Xcalibur\methods\method1	C:\data\yourdir	PRM_20260312_AD_Target_Plate_1_E9	Homo sapiens	blood plasma	Plate_1	AD_Target	not available	not available	not available	not available	not available	not available	not available	not available	1	AC=EFO:0009656;NT=plasma	run 537	proteomic profiling by mass spectrometry	PRM_20260312_AD_Target_Plate_1_E9.raw	PRM_20260312_AD_Target_Plate_1_E9.raw	NT=Parallel Reaction Monitoring;AC=MS:1002956	AC=MS:1002038;NT=label free sample	1	NT=High-performance liquid chromatography;AC=PRIDE:0000565	1	AC=MS:1001251;NT=Trypsin	not available	NT=Stellar;AC=MS:1003409	NT=Carbamidomethyl;AC=UNIMOD:4;TA=C;MT=Fixed	NT=Higher-energy Collisional Dissociation;AC=MS:1000422	27 NCE	40 ppm	0.05 Da	24005	AD_1
PRM_20260312_AD_Target_Plate_1_E10	E	10	AD_1	58	RE10	0.1	C:\Xcalibur\methods\method1	C:\data\yourdir	PRM_20260312_AD_Target_Plate_1_E10	Homo sapiens	blood plasma	Plate_1	AD_Target	not available	not available	not available	not available	not available	not available	not available	not available	1	AC=EFO:0009656;NT=plasma	run 538	proteomic profiling by mass spectrometry	PRM_20260312_AD_Target_Plate_1_E10.raw	PRM_20260312_AD_Target_Plate_1_E10.raw	NT=Parallel Reaction Monitoring;AC=MS:1002956	AC=MS:1002038;NT=label free sample	1	NT=High-performance liquid chromatography;AC=PRIDE:0000565	1	AC=MS:1001251;NT=Trypsin	not available	NT=Stellar;AC=MS:1003409	NT=Carbamidomethyl;AC=UNIMOD:4;TA=C;MT=Fixed	NT=Higher-energy Collisional Dissociation;AC=MS:1000422	27 NCE	40 ppm	0.05 Da	24005	AD_1
PRM_20260312_AD_Target_Plate_1_E11	E	11	Control	59	RE11	0.1	C:\Xcalibur\methods\method1	C:\data\yourdir	PRM_20260312_AD_Target_Plate_1_E11	Homo sapiens	blood plasma	Plate_1	AD_Target	not available	not available	not available	not available	not available	not available	not available	not available	1	AC=EFO:0009656;NT=plasma	run 539	proteomic profiling by mass spectrometry	PRM_20260312_AD_Target_Plate_1_E11.raw	PRM_20260312_AD_Target_Plate_1_E11.raw	NT=Parallel Reaction Monitoring;AC=MS:1002956	AC=MS:1002038;NT=label free sample	1	NT=High-performance liquid chromatography;AC=PRIDE:0000565	1	AC=MS:1001251;NT=Trypsin	not available	NT=Stellar;AC=MS:1003409	NT=Carbamidomethyl;AC=UNIMOD:4;TA=C;MT=Fixed	NT=Higher-energy Collisional Dissociation;AC=MS:1000422	27 NCE	40 ppm	0.05 Da	24005	Control
PRM_20260312_AD_Target_Plate_1_E12	E	12	AD_1	60	RE12	0.1	C:\Xcalibur\methods\method1	C:\data\yourdir	PRM_20260312_AD_Target_Plate_1_E12	Homo sapiens	blood plasma	Plate_1	AD_Target	not available	not available	not available	not available	not available	not available	not available	not available	1	AC=EFO:0009656;NT=plasma	run 540	proteomic profiling by mass spectrometry	PRM_20260312_AD_Target_Plate_1_E12.raw	PRM_20260312_AD_Target_Plate_1_E12.raw	NT=Parallel Reaction Monitoring;AC=MS:1002956	AC=MS:1002038;NT=label free sample	1	NT=High-performance liquid chromatography;AC=PRIDE:0000565	1	AC=MS:1001251;NT=Trypsin	not available	NT=Stellar;AC=MS:1003409	NT=Carbamidomethyl;AC=UNIMOD:4;TA=C;MT=Fixed	NT=Higher-energy Collisional Dissociation;AC=MS:1000422	27 NCE	40 ppm	0.05 Da	24005	AD_1
PRM_20260312_AD_Target_Plate_1_F1	F	1	AD_1	61	RF1	0.1	C:\Xcalibur\methods\method1	C:\data\yourdir	PRM_20260312_AD_Target_Plate_1_F1	Homo sapiens	blood plasma	Plate_1	AD_Target	not available	not available	not available	not available	not available	not available	not available	not available	1	AC=EFO:0009656;NT=plasma	run 541	proteomic profiling by mass spectrometry	PRM_20260312_AD_Target_Plate_1_F1.raw	PRM_20260312_AD_Target_Plate_1_F1.raw	NT=Parallel Reaction Monitoring;AC=MS:1002956	AC=MS:1002038;NT=label free sample	1	NT=High-performance liquid chromatography;AC=PRIDE:0000565	1	AC=MS:1001251;NT=Trypsin	not available	NT=Stellar;AC=MS:1003409	NT=Carbamidomethyl;AC=UNIMOD:4;TA=C;MT=Fixed	NT=Higher-energy Collisional Dissociation;AC=MS:1000422	27 NCE	40 ppm	0.05 Da	24005	AD_1
PRM_20260312_AD_Target_Plate_1_F2	F	2	AD_1	62	RF2	0.1	C:\Xcalibur\methods\method1	C:\data\yourdir	PRM_20260312_AD_Target_Plate_1_F2	Homo sapiens	blood plasma	Plate_1	AD_Target	not available	not available	not available	not available	not available	not available	not available	not available	1	AC=EFO:0009656;NT=plasma	run 542	proteomic profiling by mass spectrometry	PRM_20260312_AD_Target_Plate_1_F2.raw	PRM_20260312_AD_Target_Plate_1_F2.raw	NT=Parallel Reaction Monitoring;AC=MS:1002956	AC=MS:1002038;NT=label free sample	1	NT=High-performance liquid chromatography;AC=PRIDE:0000565	1	AC=MS:1001251;NT=Trypsin	not available	NT=Stellar;AC=MS:1003409	NT=Carbamidomethyl;AC=UNIMOD:4;TA=C;MT=Fixed	NT=Higher-energy Collisional Dissociation;AC=MS:1000422	27 NCE	40 ppm	0.05 Da	24005	AD_1
PRM_20260312_AD_Target_Plate_1_F3	F	3	AD_1	63	RF3	0.1	C:\Xcalibur\methods\method1	C:\data\yourdir	PRM_20260312_AD_Target_Plate_1_F3	Homo sapiens	blood plasma	Plate_1	AD_Target	not available	not available	not available	not available	not available	not available	not available	not available	1	AC=EFO:0009656;NT=plasma	run 543	proteomic profiling by mass spectrometry	PRM_20260312_AD_Target_Plate_1_F3.raw	PRM_20260312_AD_Target_Plate_1_F3.raw	NT=Parallel Reaction Monitoring;AC=MS:1002956	AC=MS:1002038;NT=label free sample	1	NT=High-performance liquid chromatography;AC=PRIDE:0000565	1	AC=MS:1001251;NT=Trypsin	not available	NT=Stellar;AC=MS:1003409	NT=Carbamidomethyl;AC=UNIMOD:4;TA=C;MT=Fixed	NT=Higher-energy Collisional Dissociation;AC=MS:1000422	27 NCE	40 ppm	0.05 Da	24005	AD_1
PRM_20260312_AD_Target_Plate_1_F4	F	4	AD_1	64	RF4	0.1	C:\Xcalibur\methods\method1	C:\data\yourdir	PRM_20260312_AD_Target_Plate_1_F4	Homo sapiens	blood plasma	Plate_1	AD_Target	not available	not available	not available	not available	not available	not available	not available	not available	1	AC=EFO:0009656;NT=plasma	run 544	proteomic profiling by mass spectrometry	PRM_20260312_AD_Target_Plate_1_F4.raw	PRM_20260312_AD_Target_Plate_1_F4.raw	NT=Parallel Reaction Monitoring;AC=MS:1002956	AC=MS:1002038;NT=label free sample	1	NT=High-performance liquid chromatography;AC=PRIDE:0000565	1	AC=MS:1001251;NT=Trypsin	not available	NT=Stellar;AC=MS:1003409	NT=Carbamidomethyl;AC=UNIMOD:4;TA=C;MT=Fixed	NT=Higher-energy Collisional Dissociation;AC=MS:1000422	27 NCE	40 ppm	0.05 Da	24005	AD_1
PRM_20260312_AD_Target_Plate_1_F5	F	5	Control	65	RF5	0.1	C:\Xcalibur\methods\method1	C:\data\yourdir	PRM_20260312_AD_Target_Plate_1_F5	Homo sapiens	blood plasma	Plate_1	AD_Target	not available	not available	not available	not available	not available	not available	not available	not available	1	AC=EFO:0009656;NT=plasma	run 545	proteomic profiling by mass spectrometry	PRM_20260312_AD_Target_Plate_1_F5.raw	PRM_20260312_AD_Target_Plate_1_F5.raw	NT=Parallel Reaction Monitoring;AC=MS:1002956	AC=MS:1002038;NT=label free sample	1	NT=High-performance liquid chromatography;AC=PRIDE:0000565	1	AC=MS:1001251;NT=Trypsin	not available	NT=Stellar;AC=MS:1003409	NT=Carbamidomethyl;AC=UNIMOD:4;TA=C;MT=Fixed	NT=Higher-energy Collisional Dissociation;AC=MS:1000422	27 NCE	40 ppm	0.05 Da	24005	Control
PRM_20260312_AD_Target_Plate_1_F6	F	6	AD_1	66	RF6	0.1	C:\Xcalibur\methods\method1	C:\data\yourdir	PRM_20260312_AD_Target_Plate_1_F6	Homo sapiens	blood plasma	Plate_1	AD_Target	not available	not available	not available	not available	not available	not available	not available	not available	1	AC=EFO:0009656;NT=plasma	run 546	proteomic profiling by mass spectrometry	PRM_20260312_AD_Target_Plate_1_F6.raw	PRM_20260312_AD_Target_Plate_1_F6.raw	NT=Parallel Reaction Monitoring;AC=MS:1002956	AC=MS:1002038;NT=label free sample	1	NT=High-performance liquid chromatography;AC=PRIDE:0000565	1	AC=MS:1001251;NT=Trypsin	not available	NT=Stellar;AC=MS:1003409	NT=Carbamidomethyl;AC=UNIMOD:4;TA=C;MT=Fixed	NT=Higher-energy Collisional Dissociation;AC=MS:1000422	27 NCE	40 ppm	0.05 Da	24005	AD_1
PRM_20260312_AD_Target_Plate_1_F7	F	7	AD_1	67	RF7	0.1	C:\Xcalibur\methods\method1	C:\data\yourdir	PRM_20260312_AD_Target_Plate_1_F7	Homo sapiens	blood plasma	Plate_1	AD_Target	not available	not available	not available	not available	not available	not available	not available	not available	1	AC=EFO:0009656;NT=plasma	run 547	proteomic profiling by mass spectrometry	PRM_20260312_AD_Target_Plate_1_F7.raw	PRM_20260312_AD_Target_Plate_1_F7.raw	NT=Parallel Reaction Monitoring;AC=MS:1002956	AC=MS:1002038;NT=label free sample	1	NT=High-performance liquid chromatography;AC=PRIDE:0000565	1	AC=MS:1001251;NT=Trypsin	not available	NT=Stellar;AC=MS:1003409	NT=Carbamidomethyl;AC=UNIMOD:4;TA=C;MT=Fixed	NT=Higher-energy Collisional Dissociation;AC=MS:1000422	27 NCE	40 ppm	0.05 Da	24005	AD_1
PRM_20260312_AD_Target_Plate_1_F8	F	8	AD_1	68	RF8	0.1	C:\Xcalibur\methods\method1	C:\data\yourdir	PRM_20260312_AD_Target_Plate_1_F8	Homo sapiens	blood plasma	Plate_1	AD_Target	not available	not available	not available	not available	not available	not available	not available	not available	1	AC=EFO:0009656;NT=plasma	run 548	proteomic profiling by mass spectrometry	PRM_20260312_AD_Target_Plate_1_F8.raw	PRM_20260312_AD_Target_Plate_1_F8.raw	NT=Parallel Reaction Monitoring;AC=MS:1002956	AC=MS:1002038;NT=label free sample	1	NT=High-performance liquid chromatography;AC=PRIDE:0000565	1	AC=MS:1001251;NT=Trypsin	not available	NT=Stellar;AC=MS:1003409	NT=Carbamidomethyl;AC=UNIMOD:4;TA=C;MT=Fixed	NT=Higher-energy Collisional Dissociation;AC=MS:1000422	27 NCE	40 ppm	0.05 Da	24005	AD_1
PRM_20260312_AD_Target_Plate_1_F9	F	9	AD_1	69	RF9	0.1	C:\Xcalibur\methods\method1	C:\data\yourdir	PRM_20260312_AD_Target_Plate_1_F9	Homo sapiens	blood plasma	Plate_1	AD_Target	not available	not available	not available	not available	not available	not available	not available	not available	1	AC=EFO:0009656;NT=plasma	run 549	proteomic profiling by mass spectrometry	PRM_20260312_AD_Target_Plate_1_F9.raw	PRM_20260312_AD_Target_Plate_1_F9.raw	NT=Parallel Reaction Monitoring;AC=MS:1002956	AC=MS:1002038;NT=label free sample	1	NT=High-performance liquid chromatography;AC=PRIDE:0000565	1	AC=MS:1001251;NT=Trypsin	not available	NT=Stellar;AC=MS:1003409	NT=Carbamidomethyl;AC=UNIMOD:4;TA=C;MT=Fixed	NT=Higher-energy Collisional Dissociation;AC=MS:1000422	27 NCE	40 ppm	0.05 Da	24005	AD_1
PRM_20260312_AD_Target_Plate_1_F10	F	10	AD_1	70	RF10	0.1	C:\Xcalibur\methods\method1	C:\data\yourdir	PRM_20260312_AD_Target_Plate_1_F10	Homo sapiens	blood plasma	Plate_1	AD_Target	not available	not available	not available	not available	not available	not available	not available	not available	1	AC=EFO:0009656;NT=plasma	run 550	proteomic profiling by mass spectrometry	PRM_20260312_AD_Target_Plate_1_F10.raw	PRM_20260312_AD_Target_Plate_1_F10.raw	NT=Parallel Reaction Monitoring;AC=MS:1002956	AC=MS:1002038;NT=label free sample	1	NT=High-performance liquid chromatography;AC=PRIDE:0000565	1	AC=MS:1001251;NT=Trypsin	not available	NT=Stellar;AC=MS:1003409	NT=Carbamidomethyl;AC=UNIMOD:4;TA=C;MT=Fixed	NT=Higher-energy Collisional Dissociation;AC=MS:1000422	27 NCE	40 ppm	0.05 Da	24005	AD_1
PRM_20260312_AD_Target_Plate_1_F11	F	11	AD_1	71	RF11	0.1	C:\Xcalibur\methods\method1	C:\data\yourdir	PRM_20260312_AD_Target_Plate_1_F11	Homo sapiens	blood plasma	Plate_1	AD_Target	not available	not available	not available	not available	not available	not available	not available	not available	1	AC=EFO:0009656;NT=plasma	run 551	proteomic profiling by mass spectrometry	PRM_20260312_AD_Target_Plate_1_F11.raw	PRM_20260312_AD_Target_Plate_1_F11.raw	NT=Parallel Reaction Monitoring;AC=MS:1002956	AC=MS:1002038;NT=label free sample	1	NT=High-performance liquid chromatography;AC=PRIDE:0000565	1	AC=MS:1001251;NT=Trypsin	not available	NT=Stellar;AC=MS:1003409	NT=Carbamidomethyl;AC=UNIMOD:4;TA=C;MT=Fixed	NT=Higher-energy Collisional Dissociation;AC=MS:1000422	27 NCE	40 ppm	0.05 Da	24005	AD_1
PRM_20260312_AD_Target_Plate_1_F12	F	12	AD_1	72	RF12	0.1	C:\Xcalibur\methods\method1	C:\data\yourdir	PRM_20260312_AD_Target_Plate_1_F12	Homo sapiens	blood plasma	Plate_1	AD_Target	not available	not available	not available	not available	not available	not available	not available	not available	1	AC=EFO:0009656;NT=plasma	run 552	proteomic profiling by mass spectrometry	PRM_20260312_AD_Target_Plate_1_F12.raw	PRM_20260312_AD_Target_Plate_1_F12.raw	NT=Parallel Reaction Monitoring;AC=MS:1002956	AC=MS:1002038;NT=label free sample	1	NT=High-performance liquid chromatography;AC=PRIDE:0000565	1	AC=MS:1001251;NT=Trypsin	not available	NT=Stellar;AC=MS:1003409	NT=Carbamidomethyl;AC=UNIMOD:4;TA=C;MT=Fixed	NT=Higher-energy Collisional Dissociation;AC=MS:1000422	27 NCE	40 ppm	0.05 Da	24005	AD_1
PRM_20260312_AD_Target_Plate_1_G1	G	1	AD_1	73	RG1	0.1	C:\Xcalibur\methods\method1	C:\data\yourdir	PRM_20260312_AD_Target_Plate_1_G1	Homo sapiens	blood plasma	Plate_1	AD_Target	not available	not available	not available	not available	not available	not available	not available	not available	1	AC=EFO:0009656;NT=plasma	run 553	proteomic profiling by mass spectrometry	PRM_20260312_AD_Target_Plate_1_G1.raw	PRM_20260312_AD_Target_Plate_1_G1.raw	NT=Parallel Reaction Monitoring;AC=MS:1002956	AC=MS:1002038;NT=label free sample	1	NT=High-performance liquid chromatography;AC=PRIDE:0000565	1	AC=MS:1001251;NT=Trypsin	not available	NT=Stellar;AC=MS:1003409	NT=Carbamidomethyl;AC=UNIMOD:4;TA=C;MT=Fixed	NT=Higher-energy Collisional Dissociation;AC=MS:1000422	27 NCE	40 ppm	0.05 Da	24005	AD_1
PRM_20260312_AD_Target_Plate_1_G2	G	2	AD_1	74	RG2	0.1	C:\Xcalibur\methods\method1	C:\data\yourdir	PRM_20260312_AD_Target_Plate_1_G2	Homo sapiens	blood plasma	Plate_1	AD_Target	not available	not available	not available	not available	not available	not available	not available	not available	1	AC=EFO:0009656;NT=plasma	run 554	proteomic profiling by mass spectrometry	PRM_20260312_AD_Target_Plate_1_G2.raw	PRM_20260312_AD_Target_Plate_1_G2.raw	NT=Parallel Reaction Monitoring;AC=MS:1002956	AC=MS:1002038;NT=label free sample	1	NT=High-performance liquid chromatography;AC=PRIDE:0000565	1	AC=MS:1001251;NT=Trypsin	not available	NT=Stellar;AC=MS:1003409	NT=Carbamidomethyl;AC=UNIMOD:4;TA=C;MT=Fixed	NT=Higher-energy Collisional Dissociation;AC=MS:1000422	27 NCE	40 ppm	0.05 Da	24005	AD_1
PRM_20260312_AD_Target_Plate_1_G3	G	3	AD_1	75	RG3	0.1	C:\Xcalibur\methods\method1	C:\data\yourdir	PRM_20260312_AD_Target_Plate_1_G3	Homo sapiens	blood plasma	Plate_1	AD_Target	not available	not available	not available	not available	not available	not available	not available	not available	1	AC=EFO:0009656;NT=plasma	run 555	proteomic profiling by mass spectrometry	PRM_20260312_AD_Target_Plate_1_G3.raw	PRM_20260312_AD_Target_Plate_1_G3.raw	NT=Parallel Reaction Monitoring;AC=MS:1002956	AC=MS:1002038;NT=label free sample	1	NT=High-performance liquid chromatography;AC=PRIDE:0000565	1	AC=MS:1001251;NT=Trypsin	not available	NT=Stellar;AC=MS:1003409	NT=Carbamidomethyl;AC=UNIMOD:4;TA=C;MT=Fixed	NT=Higher-energy Collisional Dissociation;AC=MS:1000422	27 NCE	40 ppm	0.05 Da	24005	AD_1
PRM_20260312_AD_Target_Plate_1_G4	G	4	AD_1	76	RG4	0.1	C:\Xcalibur\methods\method1	C:\data\yourdir	PRM_20260312_AD_Target_Plate_1_G4	Homo sapiens	blood plasma	Plate_1	AD_Target	not available	not available	not available	not available	not available	not available	not available	not available	1	AC=EFO:0009656;NT=plasma	run 556	proteomic profiling by mass spectrometry	PRM_20260312_AD_Target_Plate_1_G4.raw	PRM_20260312_AD_Target_Plate_1_G4.raw	NT=Parallel Reaction Monitoring;AC=MS:1002956	AC=MS:1002038;NT=label free sample	1	NT=High-performance liquid chromatography;AC=PRIDE:0000565	1	AC=MS:1001251;NT=Trypsin	not available	NT=Stellar;AC=MS:1003409	NT=Carbamidomethyl;AC=UNIMOD:4;TA=C;MT=Fixed	NT=Higher-energy Collisional Dissociation;AC=MS:1000422	27 NCE	40 ppm	0.05 Da	24005	AD_1
PRM_20260312_AD_Target_Plate_1_G5	G	5	AD_1	77	RG5	0.1	C:\Xcalibur\methods\method1	C:\data\yourdir	PRM_20260312_AD_Target_Plate_1_G5	Homo sapiens	blood plasma	Plate_1	AD_Target	not available	not available	not available	not available	not available	not available	not available	not available	1	AC=EFO:0009656;NT=plasma	run 557	proteomic profiling by mass spectrometry	PRM_20260312_AD_Target_Plate_1_G5.raw	PRM_20260312_AD_Target_Plate_1_G5.raw	NT=Parallel Reaction Monitoring;AC=MS:1002956	AC=MS:1002038;NT=label free sample	1	NT=High-performance liquid chromatography;AC=PRIDE:0000565	1	AC=MS:1001251;NT=Trypsin	not available	NT=Stellar;AC=MS:1003409	NT=Carbamidomethyl;AC=UNIMOD:4;TA=C;MT=Fixed	NT=Higher-energy Collisional Dissociation;AC=MS:1000422	27 NCE	40 ppm	0.05 Da	24005	AD_1
PRM_20260312_AD_Target_Plate_1_G6	G	6	AD_1	78	RG6	0.1	C:\Xcalibur\methods\method1	C:\data\yourdir	PRM_20260312_AD_Target_Plate_1_G6	Homo sapiens	blood plasma	Plate_1	AD_Target	not available	not available	not available	not available	not available	not available	not available	not available	1	AC=EFO:0009656;NT=plasma	run 558	proteomic profiling by mass spectrometry	PRM_20260312_AD_Target_Plate_1_G6.raw	PRM_20260312_AD_Target_Plate_1_G6.raw	NT=Parallel Reaction Monitoring;AC=MS:1002956	AC=MS:1002038;NT=label free sample	1	NT=High-performance liquid chromatography;AC=PRIDE:0000565	1	AC=MS:1001251;NT=Trypsin	not available	NT=Stellar;AC=MS:1003409	NT=Carbamidomethyl;AC=UNIMOD:4;TA=C;MT=Fixed	NT=Higher-energy Collisional Dissociation;AC=MS:1000422	27 NCE	40 ppm	0.05 Da	24005	AD_1
PRM_20260312_AD_Target_Plate_1_G7	G	7	AD_1	79	RG7	0.1	C:\Xcalibur\methods\method1	C:\data\yourdir	PRM_20260312_AD_Target_Plate_1_G7	Homo sapiens	blood plasma	Plate_1	AD_Target	not available	not available	not available	not available	not available	not available	not available	not available	1	AC=EFO:0009656;NT=plasma	run 559	proteomic profiling by mass spectrometry	PRM_20260312_AD_Target_Plate_1_G7.raw	PRM_20260312_AD_Target_Plate_1_G7.raw	NT=Parallel Reaction Monitoring;AC=MS:1002956	AC=MS:1002038;NT=label free sample	1	NT=High-performance liquid chromatography;AC=PRIDE:0000565	1	AC=MS:1001251;NT=Trypsin	not available	NT=Stellar;AC=MS:1003409	NT=Carbamidomethyl;AC=UNIMOD:4;TA=C;MT=Fixed	NT=Higher-energy Collisional Dissociation;AC=MS:1000422	27 NCE	40 ppm	0.05 Da	24005	AD_1
PRM_20260312_AD_Target_Plate_1_G8	G	8	AD_1	80	RG8	0.1	C:\Xcalibur\methods\method1	C:\data\yourdir	PRM_20260312_AD_Target_Plate_1_G8	Homo sapiens	blood plasma	Plate_1	AD_Target	not available	not available	not available	not available	not available	not available	not available	not available	1	AC=EFO:0009656;NT=plasma	run 560	proteomic profiling by mass spectrometry	PRM_20260312_AD_Target_Plate_1_G8.raw	PRM_20260312_AD_Target_Plate_1_G8.raw	NT=Parallel Reaction Monitoring;AC=MS:1002956	AC=MS:1002038;NT=label free sample	1	NT=High-performance liquid chromatography;AC=PRIDE:0000565	1	AC=MS:1001251;NT=Trypsin	not available	NT=Stellar;AC=MS:1003409	NT=Carbamidomethyl;AC=UNIMOD:4;TA=C;MT=Fixed	NT=Higher-energy Collisional Dissociation;AC=MS:1000422	27 NCE	40 ppm	0.05 Da	24005	AD_1
PRM_20260312_AD_Target_Plate_1_G9	G	9	AD_1	81	RG9	0.1	C:\Xcalibur\methods\method1	C:\data\yourdir	PRM_20260312_AD_Target_Plate_1_G9	Homo sapiens	blood plasma	Plate_1	AD_Target	not available	not available	not available	not available	not available	not available	not available	not available	1	AC=EFO:0009656;NT=plasma	run 561	proteomic profiling by mass spectrometry	PRM_20260312_AD_Target_Plate_1_G9.raw	PRM_20260312_AD_Target_Plate_1_G9.raw	NT=Parallel Reaction Monitoring;AC=MS:1002956	AC=MS:1002038;NT=label free sample	1	NT=High-performance liquid chromatography;AC=PRIDE:0000565	1	AC=MS:1001251;NT=Trypsin	not available	NT=Stellar;AC=MS:1003409	NT=Carbamidomethyl;AC=UNIMOD:4;TA=C;MT=Fixed	NT=Higher-energy Collisional Dissociation;AC=MS:1000422	27 NCE	40 ppm	0.05 Da	24005	AD_1
PRM_20260312_AD_Target_Plate_1_G10	G	10	AD_1	82	RG10	0.1	C:\Xcalibur\methods\method1	C:\data\yourdir	PRM_20260312_AD_Target_Plate_1_G10	Homo sapiens	blood plasma	Plate_1	AD_Target	not available	not available	not available	not available	not available	not available	not available	not available	1	AC=EFO:0009656;NT=plasma	run 562	proteomic profiling by mass spectrometry	PRM_20260312_AD_Target_Plate_1_G10.raw	PRM_20260312_AD_Target_Plate_1_G10.raw	NT=Parallel Reaction Monitoring;AC=MS:1002956	AC=MS:1002038;NT=label free sample	1	NT=High-performance liquid chromatography;AC=PRIDE:0000565	1	AC=MS:1001251;NT=Trypsin	not available	NT=Stellar;AC=MS:1003409	NT=Carbamidomethyl;AC=UNIMOD:4;TA=C;MT=Fixed	NT=Higher-energy Collisional Dissociation;AC=MS:1000422	27 NCE	40 ppm	0.05 Da	24005	AD_1
PRM_20260312_AD_Target_Plate_1_G11	G	11	AD_1	83	RG11	0.1	C:\Xcalibur\methods\method1	C:\data\yourdir	PRM_20260312_AD_Target_Plate_1_G11	Homo sapiens	blood plasma	Plate_1	AD_Target	not available	not available	not available	not available	not available	not available	not available	not available	1	AC=EFO:0009656;NT=plasma	run 563	proteomic profiling by mass spectrometry	PRM_20260312_AD_Target_Plate_1_G11.raw	PRM_20260312_AD_Target_Plate_1_G11.raw	NT=Parallel Reaction Monitoring;AC=MS:1002956	AC=MS:1002038;NT=label free sample	1	NT=High-performance liquid chromatography;AC=PRIDE:0000565	1	AC=MS:1001251;NT=Trypsin	not available	NT=Stellar;AC=MS:1003409	NT=Carbamidomethyl;AC=UNIMOD:4;TA=C;MT=Fixed	NT=Higher-energy Collisional Dissociation;AC=MS:1000422	27 NCE	40 ppm	0.05 Da	24005	AD_1
PRM_20260312_AD_Target_Plate_1_G12	G	12	AD_1	84	RG12	0.1	C:\Xcalibur\methods\method1	C:\data\yourdir	PRM_20260312_AD_Target_Plate_1_G12	Homo sapiens	blood plasma	Plate_1	AD_Target	not available	not available	not available	not available	not available	not available	not available	not available	1	AC=EFO:0009656;NT=plasma	run 564	proteomic profiling by mass spectrometry	PRM_20260312_AD_Target_Plate_1_G12.raw	PRM_20260312_AD_Target_Plate_1_G12.raw	NT=Parallel Reaction Monitoring;AC=MS:1002956	AC=MS:1002038;NT=label free sample	1	NT=High-performance liquid chromatography;AC=PRIDE:0000565	1	AC=MS:1001251;NT=Trypsin	not available	NT=Stellar;AC=MS:1003409	NT=Carbamidomethyl;AC=UNIMOD:4;TA=C;MT=Fixed	NT=Higher-energy Collisional Dissociation;AC=MS:1000422	27 NCE	40 ppm	0.05 Da	24005	AD_1
PRM_20260312_AD_Target_Plate_1_H1	H	1	AD_1	85	RH1	0.1	C:\Xcalibur\methods\method1	C:\data\yourdir	PRM_20260312_AD_Target_Plate_1_H1	Homo sapiens	blood plasma	Plate_1	AD_Target	not available	not available	not available	not available	not available	not available	not available	not available	1	AC=EFO:0009656;NT=plasma	run 565	proteomic profiling by mass spectrometry	PRM_20260312_AD_Target_Plate_1_H1.raw	PRM_20260312_AD_Target_Plate_1_H1.raw	NT=Parallel Reaction Monitoring;AC=MS:1002956	AC=MS:1002038;NT=label free sample	1	NT=High-performance liquid chromatography;AC=PRIDE:0000565	1	AC=MS:1001251;NT=Trypsin	not available	NT=Stellar;AC=MS:1003409	NT=Carbamidomethyl;AC=UNIMOD:4;TA=C;MT=Fixed	NT=Higher-energy Collisional Dissociation;AC=MS:1000422	27 NCE	40 ppm	0.05 Da	24005	AD_1
PRM_20260312_AD_Target_Plate_1_H2	H	2	AD_1	86	RH2	0.1	C:\Xcalibur\methods\method1	C:\data\yourdir	PRM_20260312_AD_Target_Plate_1_H2	Homo sapiens	blood plasma	Plate_1	AD_Target	not available	not available	not available	not available	not available	not available	not available	not available	1	AC=EFO:0009656;NT=plasma	run 566	proteomic profiling by mass spectrometry	PRM_20260312_AD_Target_Plate_1_H2.raw	PRM_20260312_AD_Target_Plate_1_H2.raw	NT=Parallel Reaction Monitoring;AC=MS:1002956	AC=MS:1002038;NT=label free sample	1	NT=High-performance liquid chromatography;AC=PRIDE:0000565	1	AC=MS:1001251;NT=Trypsin	not available	NT=Stellar;AC=MS:1003409	NT=Carbamidomethyl;AC=UNIMOD:4;TA=C;MT=Fixed	NT=Higher-energy Collisional Dissociation;AC=MS:1000422	27 NCE	40 ppm	0.05 Da	24005	AD_1
PRM_20260312_AD_Target_Plate_1_H3	H	3	Control	87	RH3	0.1	C:\Xcalibur\methods\method1	C:\data\yourdir	PRM_20260312_AD_Target_Plate_1_H3	Homo sapiens	blood plasma	Plate_1	AD_Target	not available	not available	not available	not available	not available	not available	not available	not available	1	AC=EFO:0009656;NT=plasma	run 567	proteomic profiling by mass spectrometry	PRM_20260312_AD_Target_Plate_1_H3.raw	PRM_20260312_AD_Target_Plate_1_H3.raw	NT=Parallel Reaction Monitoring;AC=MS:1002956	AC=MS:1002038;NT=label free sample	1	NT=High-performance liquid chromatography;AC=PRIDE:0000565	1	AC=MS:1001251;NT=Trypsin	not available	NT=Stellar;AC=MS:1003409	NT=Carbamidomethyl;AC=UNIMOD:4;TA=C;MT=Fixed	NT=Higher-energy Collisional Dissociation;AC=MS:1000422	27 NCE	40 ppm	0.05 Da	24005	Control
PRM_20260312_AD_Target_Plate_1_H4	H	4	AD_1	88	RH4	0.1	C:\Xcalibur\methods\method1	C:\data\yourdir	PRM_20260312_AD_Target_Plate_1_H4	Homo sapiens	blood plasma	Plate_1	AD_Target	not available	not available	not available	not available	not available	not available	not available	not available	1	AC=EFO:0009656;NT=plasma	run 568	proteomic profiling by mass spectrometry	PRM_20260312_AD_Target_Plate_1_H4.raw	PRM_20260312_AD_Target_Plate_1_H4.raw	NT=Parallel Reaction Monitoring;AC=MS:1002956	AC=MS:1002038;NT=label free sample	1	NT=High-performance liquid chromatography;AC=PRIDE:0000565	1	AC=MS:1001251;NT=Trypsin	not available	NT=Stellar;AC=MS:1003409	NT=Carbamidomethyl;AC=UNIMOD:4;TA=C;MT=Fixed	NT=Higher-energy Collisional Dissociation;AC=MS:1000422	27 NCE	40 ppm	0.05 Da	24005	AD_1
PRM_20260312_AD_Target_Plate_1_H5	H	5	AD_1	89	RH5	0.1	C:\Xcalibur\methods\method1	C:\data\yourdir	PRM_20260312_AD_Target_Plate_1_H5	Homo sapiens	blood plasma	Plate_1	AD_Target	not available	not available	not available	not available	not available	not available	not available	not available	1	AC=EFO:0009656;NT=plasma	run 569	proteomic profiling by mass spectrometry	PRM_20260312_AD_Target_Plate_1_H5.raw	PRM_20260312_AD_Target_Plate_1_H5.raw	NT=Parallel Reaction Monitoring;AC=MS:1002956	AC=MS:1002038;NT=label free sample	1	NT=High-performance liquid chromatography;AC=PRIDE:0000565	1	AC=MS:1001251;NT=Trypsin	not available	NT=Stellar;AC=MS:1003409	NT=Carbamidomethyl;AC=UNIMOD:4;TA=C;MT=Fixed	NT=Higher-energy Collisional Dissociation;AC=MS:1000422	27 NCE	40 ppm	0.05 Da	24005	AD_1
PRM_20260312_AD_Target_Plate_1_H6	H	6	AD_1	90	RH6	0.1	C:\Xcalibur\methods\method1	C:\data\yourdir	PRM_20260312_AD_Target_Plate_1_H6	Homo sapiens	blood plasma	Plate_1	AD_Target	not available	not available	not available	not available	not available	not available	not available	not available	1	AC=EFO:0009656;NT=plasma	run 570	proteomic profiling by mass spectrometry	PRM_20260312_AD_Target_Plate_1_H6.raw	PRM_20260312_AD_Target_Plate_1_H6.raw	NT=Parallel Reaction Monitoring;AC=MS:1002956	AC=MS:1002038;NT=label free sample	1	NT=High-performance liquid chromatography;AC=PRIDE:0000565	1	AC=MS:1001251;NT=Trypsin	not available	NT=Stellar;AC=MS:1003409	NT=Carbamidomethyl;AC=UNIMOD:4;TA=C;MT=Fixed	NT=Higher-energy Collisional Dissociation;AC=MS:1000422	27 NCE	40 ppm	0.05 Da	24005	AD_1
PRM_20260312_AD_Target_Plate_1_H7	H	7	AD_1	91	RH7	0.1	C:\Xcalibur\methods\method1	C:\data\yourdir	PRM_20260312_AD_Target_Plate_1_H7	Homo sapiens	blood plasma	Plate_1	AD_Target	not available	not available	not available	not available	not available	not available	not available	not available	1	AC=EFO:0009656;NT=plasma	run 571	proteomic profiling by mass spectrometry	PRM_20260312_AD_Target_Plate_1_H7.raw	PRM_20260312_AD_Target_Plate_1_H7.raw	NT=Parallel Reaction Monitoring;AC=MS:1002956	AC=MS:1002038;NT=label free sample	1	NT=High-performance liquid chromatography;AC=PRIDE:0000565	1	AC=MS:1001251;NT=Trypsin	not available	NT=Stellar;AC=MS:1003409	NT=Carbamidomethyl;AC=UNIMOD:4;TA=C;MT=Fixed	NT=Higher-energy Collisional Dissociation;AC=MS:1000422	27 NCE	40 ppm	0.05 Da	24005	AD_1
PRM_20260312_AD_Target_Plate_1_H8	H	8	AD_1	92	RH8	0.1	C:\Xcalibur\methods\method1	C:\data\yourdir	PRM_20260312_AD_Target_Plate_1_H8	Homo sapiens	blood plasma	Plate_1	AD_Target	not available	not available	not available	not available	not available	not available	not available	not available	1	AC=EFO:0009656;NT=plasma	run 572	proteomic profiling by mass spectrometry	PRM_20260312_AD_Target_Plate_1_H8.raw	PRM_20260312_AD_Target_Plate_1_H8.raw	NT=Parallel Reaction Monitoring;AC=MS:1002956	AC=MS:1002038;NT=label free sample	1	NT=High-performance liquid chromatography;AC=PRIDE:0000565	1	AC=MS:1001251;NT=Trypsin	not available	NT=Stellar;AC=MS:1003409	NT=Carbamidomethyl;AC=UNIMOD:4;TA=C;MT=Fixed	NT=Higher-energy Collisional Dissociation;AC=MS:1000422	27 NCE	40 ppm	0.05 Da	24005	AD_1
PRM_20260312_AD_Target_Plate_1_H9	H	9	AD_1	93	RH9	0.1	C:\Xcalibur\methods\method1	C:\data\yourdir	PRM_20260312_AD_Target_Plate_1_H9	Homo sapiens	blood plasma	Plate_1	AD_Target	not available	not available	not available	not available	not available	not available	not available	not available	1	AC=EFO:0009656;NT=plasma	run 573	proteomic profiling by mass spectrometry	PRM_20260312_AD_Target_Plate_1_H9.raw	PRM_20260312_AD_Target_Plate_1_H9.raw	NT=Parallel Reaction Monitoring;AC=MS:1002956	AC=MS:1002038;NT=label free sample	1	NT=High-performance liquid chromatography;AC=PRIDE:0000565	1	AC=MS:1001251;NT=Trypsin	not available	NT=Stellar;AC=MS:1003409	NT=Carbamidomethyl;AC=UNIMOD:4;TA=C;MT=Fixed	NT=Higher-energy Collisional Dissociation;AC=MS:1000422	27 NCE	40 ppm	0.05 Da	24005	AD_1
PRM_20260312_AD_Target_Plate_1_H10	H	10	AD_1	94	RH10	0.1	C:\Xcalibur\methods\method1	C:\data\yourdir	PRM_20260312_AD_Target_Plate_1_H10	Homo sapiens	blood plasma	Plate_1	AD_Target	not available	not available	not available	not available	not available	not available	not available	not available	1	AC=EFO:0009656;NT=plasma	run 574	proteomic profiling by mass spectrometry	PRM_20260312_AD_Target_Plate_1_H10.raw	PRM_20260312_AD_Target_Plate_1_H10.raw	NT=Parallel Reaction Monitoring;AC=MS:1002956	AC=MS:1002038;NT=label free sample	1	NT=High-performance liquid chromatography;AC=PRIDE:0000565	1	AC=MS:1001251;NT=Trypsin	not available	NT=Stellar;AC=MS:1003409	NT=Carbamidomethyl;AC=UNIMOD:4;TA=C;MT=Fixed	NT=Higher-energy Collisional Dissociation;AC=MS:1000422	27 NCE	40 ppm	0.05 Da	24005	AD_1
PRM_20260312_AD_Target_Plate_1_H11	H	11	AD_1	95	RH11	0.1	C:\Xcalibur\methods\method1	C:\data\yourdir	PRM_20260312_AD_Target_Plate_1_H11	Homo sapiens	blood plasma	Plate_1	AD_Target	not available	not available	not available	not available	not available	not available	not available	not available	1	AC=EFO:0009656;NT=plasma	run 575	proteomic profiling by mass spectrometry	PRM_20260312_AD_Target_Plate_1_H11.raw	PRM_20260312_AD_Target_Plate_1_H11.raw	NT=Parallel Reaction Monitoring;AC=MS:1002956	AC=MS:1002038;NT=label free sample	1	NT=High-performance liquid chromatography;AC=PRIDE:0000565	1	AC=MS:1001251;NT=Trypsin	not available	NT=Stellar;AC=MS:1003409	NT=Carbamidomethyl;AC=UNIMOD:4;TA=C;MT=Fixed	NT=Higher-energy Collisional Dissociation;AC=MS:1000422	27 NCE	40 ppm	0.05 Da	24005	AD_1
PRM_20260312_AD_Target_Plate_1_H12	H	12	AD_1	96	RH12	0.1	C:\Xcalibur\methods\method1	C:\data\yourdir	PRM_20260312_AD_Target_Plate_1_H12	Homo sapiens	blood plasma	Plate_1	AD_Target	not available	not available	not available	not available	not available	not available	not available	not available	1	AC=EFO:0009656;NT=plasma	run 576	proteomic profiling by mass spectrometry	PRM_20260312_AD_Target_Plate_1_H12.raw	PRM_20260312_AD_Target_Plate_1_H12.raw	NT=Parallel Reaction Monitoring;AC=MS:1002956	AC=MS:1002038;NT=label free sample	1	NT=High-performance liquid chromatography;AC=PRIDE:0000565	1	AC=MS:1001251;NT=Trypsin	not available	NT=Stellar;AC=MS:1003409	NT=Carbamidomethyl;AC=UNIMOD:4;TA=C;MT=Fixed	NT=Higher-energy Collisional Dissociation;AC=MS:1000422	27 NCE	40 ppm	0.05 Da	24005	AD_1
PRM_20260312_AD_Target_Plate_2_A1	A	1	AD_1	1	RA1	0.1	C:\Xcalibur\methods\method1	C:\data\yourdir	PRM_20260312_AD_Target_Plate_2_A1	Homo sapiens	blood plasma	Plate_2	AD_Target	not available	not available	not available	not available	not available	not available	not available	not available	1	AC=EFO:0009656;NT=plasma	run 577	proteomic profiling by mass spectrometry	PRM_20260312_AD_Target_Plate_2_A1.raw	PRM_20260312_AD_Target_Plate_2_A1.raw	NT=Parallel Reaction Monitoring;AC=MS:1002956	AC=MS:1002038;NT=label free sample	1	NT=High-performance liquid chromatography;AC=PRIDE:0000565	1	AC=MS:1001251;NT=Trypsin	not available	NT=Stellar;AC=MS:1003409	NT=Carbamidomethyl;AC=UNIMOD:4;TA=C;MT=Fixed	NT=Higher-energy Collisional Dissociation;AC=MS:1000422	27 NCE	40 ppm	0.05 Da	24005	AD_1
PRM_20260312_AD_Target_Plate_2_A2	A	2	AD_1	2	RA2	0.1	C:\Xcalibur\methods\method1	C:\data\yourdir	PRM_20260312_AD_Target_Plate_2_A2	Homo sapiens	blood plasma	Plate_2	AD_Target	not available	not available	not available	not available	not available	not available	not available	not available	1	AC=EFO:0009656;NT=plasma	run 578	proteomic profiling by mass spectrometry	PRM_20260312_AD_Target_Plate_2_A2.raw	PRM_20260312_AD_Target_Plate_2_A2.raw	NT=Parallel Reaction Monitoring;AC=MS:1002956	AC=MS:1002038;NT=label free sample	1	NT=High-performance liquid chromatography;AC=PRIDE:0000565	1	AC=MS:1001251;NT=Trypsin	not available	NT=Stellar;AC=MS:1003409	NT=Carbamidomethyl;AC=UNIMOD:4;TA=C;MT=Fixed	NT=Higher-energy Collisional Dissociation;AC=MS:1000422	27 NCE	40 ppm	0.05 Da	24005	AD_1
PRM_20260312_AD_Target_Plate_2_A3	A	3	AD_1	3	RA3	0.1	C:\Xcalibur\methods\method1	C:\data\yourdir	PRM_20260312_AD_Target_Plate_2_A3	Homo sapiens	blood plasma	Plate_2	AD_Target	not available	not available	not available	not available	not available	not available	not available	not available	1	AC=EFO:0009656;NT=plasma	run 579	proteomic profiling by mass spectrometry	PRM_20260312_AD_Target_Plate_2_A3.raw	PRM_20260312_AD_Target_Plate_2_A3.raw	NT=Parallel Reaction Monitoring;AC=MS:1002956	AC=MS:1002038;NT=label free sample	1	NT=High-performance liquid chromatography;AC=PRIDE:0000565	1	AC=MS:1001251;NT=Trypsin	not available	NT=Stellar;AC=MS:1003409	NT=Carbamidomethyl;AC=UNIMOD:4;TA=C;MT=Fixed	NT=Higher-energy Collisional Dissociation;AC=MS:1000422	27 NCE	40 ppm	0.05 Da	24005	AD_1
PRM_20260312_AD_Target_Plate_2_A4	A	4	AD_1	4	RA4	0.1	C:\Xcalibur\methods\method1	C:\data\yourdir	PRM_20260312_AD_Target_Plate_2_A4	Homo sapiens	blood plasma	Plate_2	AD_Target	not available	not available	not available	not available	not available	not available	not available	not available	1	AC=EFO:0009656;NT=plasma	run 580	proteomic profiling by mass spectrometry	PRM_20260312_AD_Target_Plate_2_A4.raw	PRM_20260312_AD_Target_Plate_2_A4.raw	NT=Parallel Reaction Monitoring;AC=MS:1002956	AC=MS:1002038;NT=label free sample	1	NT=High-performance liquid chromatography;AC=PRIDE:0000565	1	AC=MS:1001251;NT=Trypsin	not available	NT=Stellar;AC=MS:1003409	NT=Carbamidomethyl;AC=UNIMOD:4;TA=C;MT=Fixed	NT=Higher-energy Collisional Dissociation;AC=MS:1000422	27 NCE	40 ppm	0.05 Da	24005	AD_1
PRM_20260312_AD_Target_Plate_2_A5	A	5	Control	5	RA5	0.1	C:\Xcalibur\methods\method1	C:\data\yourdir	PRM_20260312_AD_Target_Plate_2_A5	Homo sapiens	blood plasma	Plate_2	AD_Target	not available	not available	not available	not available	not available	not available	not available	not available	1	AC=EFO:0009656;NT=plasma	run 581	proteomic profiling by mass spectrometry	PRM_20260312_AD_Target_Plate_2_A5.raw	PRM_20260312_AD_Target_Plate_2_A5.raw	NT=Parallel Reaction Monitoring;AC=MS:1002956	AC=MS:1002038;NT=label free sample	1	NT=High-performance liquid chromatography;AC=PRIDE:0000565	1	AC=MS:1001251;NT=Trypsin	not available	NT=Stellar;AC=MS:1003409	NT=Carbamidomethyl;AC=UNIMOD:4;TA=C;MT=Fixed	NT=Higher-energy Collisional Dissociation;AC=MS:1000422	27 NCE	40 ppm	0.05 Da	24005	Control
PRM_20260312_AD_Target_Plate_2_A6	A	6	AD_1	6	RA6	0.1	C:\Xcalibur\methods\method1	C:\data\yourdir	PRM_20260312_AD_Target_Plate_2_A6	Homo sapiens	blood plasma	Plate_2	AD_Target	not available	not available	not available	not available	not available	not available	not available	not available	1	AC=EFO:0009656;NT=plasma	run 582	proteomic profiling by mass spectrometry	PRM_20260312_AD_Target_Plate_2_A6.raw	PRM_20260312_AD_Target_Plate_2_A6.raw	NT=Parallel Reaction Monitoring;AC=MS:1002956	AC=MS:1002038;NT=label free sample	1	NT=High-performance liquid chromatography;AC=PRIDE:0000565	1	AC=MS:1001251;NT=Trypsin	not available	NT=Stellar;AC=MS:1003409	NT=Carbamidomethyl;AC=UNIMOD:4;TA=C;MT=Fixed	NT=Higher-energy Collisional Dissociation;AC=MS:1000422	27 NCE	40 ppm	0.05 Da	24005	AD_1
PRM_20260312_AD_Target_Plate_2_A7	A	7	AD_1	7	RA7	0.1	C:\Xcalibur\methods\method1	C:\data\yourdir	PRM_20260312_AD_Target_Plate_2_A7	Homo sapiens	blood plasma	Plate_2	AD_Target	not available	not available	not available	not available	not available	not available	not available	not available	1	AC=EFO:0009656;NT=plasma	run 583	proteomic profiling by mass spectrometry	PRM_20260312_AD_Target_Plate_2_A7.raw	PRM_20260312_AD_Target_Plate_2_A7.raw	NT=Parallel Reaction Monitoring;AC=MS:1002956	AC=MS:1002038;NT=label free sample	1	NT=High-performance liquid chromatography;AC=PRIDE:0000565	1	AC=MS:1001251;NT=Trypsin	not available	NT=Stellar;AC=MS:1003409	NT=Carbamidomethyl;AC=UNIMOD:4;TA=C;MT=Fixed	NT=Higher-energy Collisional Dissociation;AC=MS:1000422	27 NCE	40 ppm	0.05 Da	24005	AD_1
PRM_20260312_AD_Target_Plate_2_A8	A	8	AD_1	8	RA8	0.1	C:\Xcalibur\methods\method1	C:\data\yourdir	PRM_20260312_AD_Target_Plate_2_A8	Homo sapiens	blood plasma	Plate_2	AD_Target	not available	not available	not available	not available	not available	not available	not available	not available	1	AC=EFO:0009656;NT=plasma	run 584	proteomic profiling by mass spectrometry	PRM_20260312_AD_Target_Plate_2_A8.raw	PRM_20260312_AD_Target_Plate_2_A8.raw	NT=Parallel Reaction Monitoring;AC=MS:1002956	AC=MS:1002038;NT=label free sample	1	NT=High-performance liquid chromatography;AC=PRIDE:0000565	1	AC=MS:1001251;NT=Trypsin	not available	NT=Stellar;AC=MS:1003409	NT=Carbamidomethyl;AC=UNIMOD:4;TA=C;MT=Fixed	NT=Higher-energy Collisional Dissociation;AC=MS:1000422	27 NCE	40 ppm	0.05 Da	24005	AD_1
PRM_20260312_AD_Target_Plate_2_A9	A	9	AD_1	9	RA9	0.1	C:\Xcalibur\methods\method1	C:\data\yourdir	PRM_20260312_AD_Target_Plate_2_A9	Homo sapiens	blood plasma	Plate_2	AD_Target	not available	not available	not available	not available	not available	not available	not available	not available	1	AC=EFO:0009656;NT=plasma	run 585	proteomic profiling by mass spectrometry	PRM_20260312_AD_Target_Plate_2_A9.raw	PRM_20260312_AD_Target_Plate_2_A9.raw	NT=Parallel Reaction Monitoring;AC=MS:1002956	AC=MS:1002038;NT=label free sample	1	NT=High-performance liquid chromatography;AC=PRIDE:0000565	1	AC=MS:1001251;NT=Trypsin	not available	NT=Stellar;AC=MS:1003409	NT=Carbamidomethyl;AC=UNIMOD:4;TA=C;MT=Fixed	NT=Higher-energy Collisional Dissociation;AC=MS:1000422	27 NCE	40 ppm	0.05 Da	24005	AD_1
PRM_20260312_AD_Target_Plate_2_A10	A	10	AD_1	10	RA10	0.1	C:\Xcalibur\methods\method1	C:\data\yourdir	PRM_20260312_AD_Target_Plate_2_A10	Homo sapiens	blood plasma	Plate_2	AD_Target	not available	not available	not available	not available	not available	not available	not available	not available	1	AC=EFO:0009656;NT=plasma	run 586	proteomic profiling by mass spectrometry	PRM_20260312_AD_Target_Plate_2_A10.raw	PRM_20260312_AD_Target_Plate_2_A10.raw	NT=Parallel Reaction Monitoring;AC=MS:1002956	AC=MS:1002038;NT=label free sample	1	NT=High-performance liquid chromatography;AC=PRIDE:0000565	1	AC=MS:1001251;NT=Trypsin	not available	NT=Stellar;AC=MS:1003409	NT=Carbamidomethyl;AC=UNIMOD:4;TA=C;MT=Fixed	NT=Higher-energy Collisional Dissociation;AC=MS:1000422	27 NCE	40 ppm	0.05 Da	24005	AD_1
PRM_20260312_AD_Target_Plate_2_A11	A	11	AD_1	11	RA11	0.1	C:\Xcalibur\methods\method1	C:\data\yourdir	PRM_20260312_AD_Target_Plate_2_A11	Homo sapiens	blood plasma	Plate_2	AD_Target	not available	not available	not available	not available	not available	not available	not available	not available	1	AC=EFO:0009656;NT=plasma	run 587	proteomic profiling by mass spectrometry	PRM_20260312_AD_Target_Plate_2_A11.raw	PRM_20260312_AD_Target_Plate_2_A11.raw	NT=Parallel Reaction Monitoring;AC=MS:1002956	AC=MS:1002038;NT=label free sample	1	NT=High-performance liquid chromatography;AC=PRIDE:0000565	1	AC=MS:1001251;NT=Trypsin	not available	NT=Stellar;AC=MS:1003409	NT=Carbamidomethyl;AC=UNIMOD:4;TA=C;MT=Fixed	NT=Higher-energy Collisional Dissociation;AC=MS:1000422	27 NCE	40 ppm	0.05 Da	24005	AD_1
PRM_20260312_AD_Target_Plate_2_A12	A	12	AD_1	12	RA12	0.1	C:\Xcalibur\methods\method1	C:\data\yourdir	PRM_20260312_AD_Target_Plate_2_A12	Homo sapiens	blood plasma	Plate_2	AD_Target	not available	not available	not available	not available	not available	not available	not available	not available	1	AC=EFO:0009656;NT=plasma	run 588	proteomic profiling by mass spectrometry	PRM_20260312_AD_Target_Plate_2_A12.raw	PRM_20260312_AD_Target_Plate_2_A12.raw	NT=Parallel Reaction Monitoring;AC=MS:1002956	AC=MS:1002038;NT=label free sample	1	NT=High-performance liquid chromatography;AC=PRIDE:0000565	1	AC=MS:1001251;NT=Trypsin	not available	NT=Stellar;AC=MS:1003409	NT=Carbamidomethyl;AC=UNIMOD:4;TA=C;MT=Fixed	NT=Higher-energy Collisional Dissociation;AC=MS:1000422	27 NCE	40 ppm	0.05 Da	24005	AD_1
PRM_20260312_AD_Target_Plate_2_B1	B	1	AD_1	13	RB1	0.1	C:\Xcalibur\methods\method1	C:\data\yourdir	PRM_20260312_AD_Target_Plate_2_B1	Homo sapiens	blood plasma	Plate_2	AD_Target	not available	not available	not available	not available	not available	not available	not available	not available	1	AC=EFO:0009656;NT=plasma	run 589	proteomic profiling by mass spectrometry	PRM_20260312_AD_Target_Plate_2_B1.raw	PRM_20260312_AD_Target_Plate_2_B1.raw	NT=Parallel Reaction Monitoring;AC=MS:1002956	AC=MS:1002038;NT=label free sample	1	NT=High-performance liquid chromatography;AC=PRIDE:0000565	1	AC=MS:1001251;NT=Trypsin	not available	NT=Stellar;AC=MS:1003409	NT=Carbamidomethyl;AC=UNIMOD:4;TA=C;MT=Fixed	NT=Higher-energy Collisional Dissociation;AC=MS:1000422	27 NCE	40 ppm	0.05 Da	24005	AD_1
PRM_20260312_AD_Target_Plate_2_B2	B	2	AD_1	14	RB2	0.1	C:\Xcalibur\methods\method1	C:\data\yourdir	PRM_20260312_AD_Target_Plate_2_B2	Homo sapiens	blood plasma	Plate_2	AD_Target	not available	not available	not available	not available	not available	not available	not available	not available	1	AC=EFO:0009656;NT=plasma	run 590	proteomic profiling by mass spectrometry	PRM_20260312_AD_Target_Plate_2_B2.raw	PRM_20260312_AD_Target_Plate_2_B2.raw	NT=Parallel Reaction Monitoring;AC=MS:1002956	AC=MS:1002038;NT=label free sample	1	NT=High-performance liquid chromatography;AC=PRIDE:0000565	1	AC=MS:1001251;NT=Trypsin	not available	NT=Stellar;AC=MS:1003409	NT=Carbamidomethyl;AC=UNIMOD:4;TA=C;MT=Fixed	NT=Higher-energy Collisional Dissociation;AC=MS:1000422	27 NCE	40 ppm	0.05 Da	24005	AD_1
PRM_20260312_AD_Target_Plate_2_B3	B	3	AD_1	15	RB3	0.1	C:\Xcalibur\methods\method1	C:\data\yourdir	PRM_20260312_AD_Target_Plate_2_B3	Homo sapiens	blood plasma	Plate_2	AD_Target	not available	not available	not available	not available	not available	not available	not available	not available	1	AC=EFO:0009656;NT=plasma	run 591	proteomic profiling by mass spectrometry	PRM_20260312_AD_Target_Plate_2_B3.raw	PRM_20260312_AD_Target_Plate_2_B3.raw	NT=Parallel Reaction Monitoring;AC=MS:1002956	AC=MS:1002038;NT=label free sample	1	NT=High-performance liquid chromatography;AC=PRIDE:0000565	1	AC=MS:1001251;NT=Trypsin	not available	NT=Stellar;AC=MS:1003409	NT=Carbamidomethyl;AC=UNIMOD:4;TA=C;MT=Fixed	NT=Higher-energy Collisional Dissociation;AC=MS:1000422	27 NCE	40 ppm	0.05 Da	24005	AD_1
PRM_20260312_AD_Target_Plate_2_B4	B	4	AD_1	16	RB4	0.1	C:\Xcalibur\methods\method1	C:\data\yourdir	PRM_20260312_AD_Target_Plate_2_B4	Homo sapiens	blood plasma	Plate_2	AD_Target	not available	not available	not available	not available	not available	not available	not available	not available	1	AC=EFO:0009656;NT=plasma	run 592	proteomic profiling by mass spectrometry	PRM_20260312_AD_Target_Plate_2_B4.raw	PRM_20260312_AD_Target_Plate_2_B4.raw	NT=Parallel Reaction Monitoring;AC=MS:1002956	AC=MS:1002038;NT=label free sample	1	NT=High-performance liquid chromatography;AC=PRIDE:0000565	1	AC=MS:1001251;NT=Trypsin	not available	NT=Stellar;AC=MS:1003409	NT=Carbamidomethyl;AC=UNIMOD:4;TA=C;MT=Fixed	NT=Higher-energy Collisional Dissociation;AC=MS:1000422	27 NCE	40 ppm	0.05 Da	24005	AD_1
PRM_20260312_AD_Target_Plate_2_B5	B	5	AD_1	17	RB5	0.1	C:\Xcalibur\methods\method1	C:\data\yourdir	PRM_20260312_AD_Target_Plate_2_B5	Homo sapiens	blood plasma	Plate_2	AD_Target	not available	not available	not available	not available	not available	not available	not available	not available	1	AC=EFO:0009656;NT=plasma	run 593	proteomic profiling by mass spectrometry	PRM_20260312_AD_Target_Plate_2_B5.raw	PRM_20260312_AD_Target_Plate_2_B5.raw	NT=Parallel Reaction Monitoring;AC=MS:1002956	AC=MS:1002038;NT=label free sample	1	NT=High-performance liquid chromatography;AC=PRIDE:0000565	1	AC=MS:1001251;NT=Trypsin	not available	NT=Stellar;AC=MS:1003409	NT=Carbamidomethyl;AC=UNIMOD:4;TA=C;MT=Fixed	NT=Higher-energy Collisional Dissociation;AC=MS:1000422	27 NCE	40 ppm	0.05 Da	24005	AD_1
PRM_20260312_AD_Target_Plate_2_B6	B	6	AD_1	18	RB6	0.1	C:\Xcalibur\methods\method1	C:\data\yourdir	PRM_20260312_AD_Target_Plate_2_B6	Homo sapiens	blood plasma	Plate_2	AD_Target	not available	not available	not available	not available	not available	not available	not available	not available	1	AC=EFO:0009656;NT=plasma	run 594	proteomic profiling by mass spectrometry	PRM_20260312_AD_Target_Plate_2_B6.raw	PRM_20260312_AD_Target_Plate_2_B6.raw	NT=Parallel Reaction Monitoring;AC=MS:1002956	AC=MS:1002038;NT=label free sample	1	NT=High-performance liquid chromatography;AC=PRIDE:0000565	1	AC=MS:1001251;NT=Trypsin	not available	NT=Stellar;AC=MS:1003409	NT=Carbamidomethyl;AC=UNIMOD:4;TA=C;MT=Fixed	NT=Higher-energy Collisional Dissociation;AC=MS:1000422	27 NCE	40 ppm	0.05 Da	24005	AD_1
PRM_20260312_AD_Target_Plate_2_B7	B	7	AD_1	19	RB7	0.1	C:\Xcalibur\methods\method1	C:\data\yourdir	PRM_20260312_AD_Target_Plate_2_B7	Homo sapiens	blood plasma	Plate_2	AD_Target	not available	not available	not available	not available	not available	not available	not available	not available	1	AC=EFO:0009656;NT=plasma	run 595	proteomic profiling by mass spectrometry	PRM_20260312_AD_Target_Plate_2_B7.raw	PRM_20260312_AD_Target_Plate_2_B7.raw	NT=Parallel Reaction Monitoring;AC=MS:1002956	AC=MS:1002038;NT=label free sample	1	NT=High-performance liquid chromatography;AC=PRIDE:0000565	1	AC=MS:1001251;NT=Trypsin	not available	NT=Stellar;AC=MS:1003409	NT=Carbamidomethyl;AC=UNIMOD:4;TA=C;MT=Fixed	NT=Higher-energy Collisional Dissociation;AC=MS:1000422	27 NCE	40 ppm	0.05 Da	24005	AD_1
PRM_20260312_AD_Target_Plate_2_B8	B	8	AD_1	20	RB8	0.1	C:\Xcalibur\methods\method1	C:\data\yourdir	PRM_20260312_AD_Target_Plate_2_B8	Homo sapiens	blood plasma	Plate_2	AD_Target	not available	not available	not available	not available	not available	not available	not available	not available	1	AC=EFO:0009656;NT=plasma	run 596	proteomic profiling by mass spectrometry	PRM_20260312_AD_Target_Plate_2_B8.raw	PRM_20260312_AD_Target_Plate_2_B8.raw	NT=Parallel Reaction Monitoring;AC=MS:1002956	AC=MS:1002038;NT=label free sample	1	NT=High-performance liquid chromatography;AC=PRIDE:0000565	1	AC=MS:1001251;NT=Trypsin	not available	NT=Stellar;AC=MS:1003409	NT=Carbamidomethyl;AC=UNIMOD:4;TA=C;MT=Fixed	NT=Higher-energy Collisional Dissociation;AC=MS:1000422	27 NCE	40 ppm	0.05 Da	24005	AD_1
PRM_20260312_AD_Target_Plate_2_B9	B	9	AD_1	21	RB9	0.1	C:\Xcalibur\methods\method1	C:\data\yourdir	PRM_20260312_AD_Target_Plate_2_B9	Homo sapiens	blood plasma	Plate_2	AD_Target	not available	not available	not available	not available	not available	not available	not available	not available	1	AC=EFO:0009656;NT=plasma	run 597	proteomic profiling by mass spectrometry	PRM_20260312_AD_Target_Plate_2_B9.raw	PRM_20260312_AD_Target_Plate_2_B9.raw	NT=Parallel Reaction Monitoring;AC=MS:1002956	AC=MS:1002038;NT=label free sample	1	NT=High-performance liquid chromatography;AC=PRIDE:0000565	1	AC=MS:1001251;NT=Trypsin	not available	NT=Stellar;AC=MS:1003409	NT=Carbamidomethyl;AC=UNIMOD:4;TA=C;MT=Fixed	NT=Higher-energy Collisional Dissociation;AC=MS:1000422	27 NCE	40 ppm	0.05 Da	24005	AD_1
PRM_20260312_AD_Target_Plate_2_B10	B	10	AD_1	22	RB10	0.1	C:\Xcalibur\methods\method1	C:\data\yourdir	PRM_20260312_AD_Target_Plate_2_B10	Homo sapiens	blood plasma	Plate_2	AD_Target	not available	not available	not available	not available	not available	not available	not available	not available	1	AC=EFO:0009656;NT=plasma	run 598	proteomic profiling by mass spectrometry	PRM_20260312_AD_Target_Plate_2_B10.raw	PRM_20260312_AD_Target_Plate_2_B10.raw	NT=Parallel Reaction Monitoring;AC=MS:1002956	AC=MS:1002038;NT=label free sample	1	NT=High-performance liquid chromatography;AC=PRIDE:0000565	1	AC=MS:1001251;NT=Trypsin	not available	NT=Stellar;AC=MS:1003409	NT=Carbamidomethyl;AC=UNIMOD:4;TA=C;MT=Fixed	NT=Higher-energy Collisional Dissociation;AC=MS:1000422	27 NCE	40 ppm	0.05 Da	24005	AD_1
PRM_20260312_AD_Target_Plate_2_B11	B	11	AD_1	23	RB11	0.1	C:\Xcalibur\methods\method1	C:\data\yourdir	PRM_20260312_AD_Target_Plate_2_B11	Homo sapiens	blood plasma	Plate_2	AD_Target	not available	not available	not available	not available	not available	not available	not available	not available	1	AC=EFO:0009656;NT=plasma	run 599	proteomic profiling by mass spectrometry	PRM_20260312_AD_Target_Plate_2_B11.raw	PRM_20260312_AD_Target_Plate_2_B11.raw	NT=Parallel Reaction Monitoring;AC=MS:1002956	AC=MS:1002038;NT=label free sample	1	NT=High-performance liquid chromatography;AC=PRIDE:0000565	1	AC=MS:1001251;NT=Trypsin	not available	NT=Stellar;AC=MS:1003409	NT=Carbamidomethyl;AC=UNIMOD:4;TA=C;MT=Fixed	NT=Higher-energy Collisional Dissociation;AC=MS:1000422	27 NCE	40 ppm	0.05 Da	24005	AD_1
PRM_20260312_AD_Target_Plate_2_B12	B	12	AD_1	24	RB12	0.1	C:\Xcalibur\methods\method1	C:\data\yourdir	PRM_20260312_AD_Target_Plate_2_B12	Homo sapiens	blood plasma	Plate_2	AD_Target	not available	not available	not available	not available	not available	not available	not available	not available	1	AC=EFO:0009656;NT=plasma	run 600	proteomic profiling by mass spectrometry	PRM_20260312_AD_Target_Plate_2_B12.raw	PRM_20260312_AD_Target_Plate_2_B12.raw	NT=Parallel Reaction Monitoring;AC=MS:1002956	AC=MS:1002038;NT=label free sample	1	NT=High-performance liquid chromatography;AC=PRIDE:0000565	1	AC=MS:1001251;NT=Trypsin	not available	NT=Stellar;AC=MS:1003409	NT=Carbamidomethyl;AC=UNIMOD:4;TA=C;MT=Fixed	NT=Higher-energy Collisional Dissociation;AC=MS:1000422	27 NCE	40 ppm	0.05 Da	24005	AD_1
PRM_20260312_AD_Target_Plate_2_C1	C	1	AD_1	25	RC1	0.1	C:\Xcalibur\methods\method1	C:\data\yourdir	PRM_20260312_AD_Target_Plate_2_C1	Homo sapiens	blood plasma	Plate_2	AD_Target	not available	not available	not available	not available	not available	not available	not available	not available	1	AC=EFO:0009656;NT=plasma	run 601	proteomic profiling by mass spectrometry	PRM_20260312_AD_Target_Plate_2_C1.raw	PRM_20260312_AD_Target_Plate_2_C1.raw	NT=Parallel Reaction Monitoring;AC=MS:1002956	AC=MS:1002038;NT=label free sample	1	NT=High-performance liquid chromatography;AC=PRIDE:0000565	1	AC=MS:1001251;NT=Trypsin	not available	NT=Stellar;AC=MS:1003409	NT=Carbamidomethyl;AC=UNIMOD:4;TA=C;MT=Fixed	NT=Higher-energy Collisional Dissociation;AC=MS:1000422	27 NCE	40 ppm	0.05 Da	24005	AD_1
PRM_20260312_AD_Target_Plate_2_C2	C	2	AD_1	26	RC2	0.1	C:\Xcalibur\methods\method1	C:\data\yourdir	PRM_20260312_AD_Target_Plate_2_C2	Homo sapiens	blood plasma	Plate_2	AD_Target	not available	not available	not available	not available	not available	not available	not available	not available	1	AC=EFO:0009656;NT=plasma	run 602	proteomic profiling by mass spectrometry	PRM_20260312_AD_Target_Plate_2_C2.raw	PRM_20260312_AD_Target_Plate_2_C2.raw	NT=Parallel Reaction Monitoring;AC=MS:1002956	AC=MS:1002038;NT=label free sample	1	NT=High-performance liquid chromatography;AC=PRIDE:0000565	1	AC=MS:1001251;NT=Trypsin	not available	NT=Stellar;AC=MS:1003409	NT=Carbamidomethyl;AC=UNIMOD:4;TA=C;MT=Fixed	NT=Higher-energy Collisional Dissociation;AC=MS:1000422	27 NCE	40 ppm	0.05 Da	24005	AD_1
PRM_20260312_AD_Target_Plate_2_C3	C	3	AD_1	27	RC3	0.1	C:\Xcalibur\methods\method1	C:\data\yourdir	PRM_20260312_AD_Target_Plate_2_C3	Homo sapiens	blood plasma	Plate_2	AD_Target	not available	not available	not available	not available	not available	not available	not available	not available	1	AC=EFO:0009656;NT=plasma	run 603	proteomic profiling by mass spectrometry	PRM_20260312_AD_Target_Plate_2_C3.raw	PRM_20260312_AD_Target_Plate_2_C3.raw	NT=Parallel Reaction Monitoring;AC=MS:1002956	AC=MS:1002038;NT=label free sample	1	NT=High-performance liquid chromatography;AC=PRIDE:0000565	1	AC=MS:1001251;NT=Trypsin	not available	NT=Stellar;AC=MS:1003409	NT=Carbamidomethyl;AC=UNIMOD:4;TA=C;MT=Fixed	NT=Higher-energy Collisional Dissociation;AC=MS:1000422	27 NCE	40 ppm	0.05 Da	24005	AD_1
PRM_20260312_AD_Target_Plate_2_C4	C	4	AD_1	28	RC4	0.1	C:\Xcalibur\methods\method1	C:\data\yourdir	PRM_20260312_AD_Target_Plate_2_C4	Homo sapiens	blood plasma	Plate_2	AD_Target	not available	not available	not available	not available	not available	not available	not available	not available	1	AC=EFO:0009656;NT=plasma	run 604	proteomic profiling by mass spectrometry	PRM_20260312_AD_Target_Plate_2_C4.raw	PRM_20260312_AD_Target_Plate_2_C4.raw	NT=Parallel Reaction Monitoring;AC=MS:1002956	AC=MS:1002038;NT=label free sample	1	NT=High-performance liquid chromatography;AC=PRIDE:0000565	1	AC=MS:1001251;NT=Trypsin	not available	NT=Stellar;AC=MS:1003409	NT=Carbamidomethyl;AC=UNIMOD:4;TA=C;MT=Fixed	NT=Higher-energy Collisional Dissociation;AC=MS:1000422	27 NCE	40 ppm	0.05 Da	24005	AD_1
PRM_20260312_AD_Target_Plate_2_C5	C	5	AD_1	29	RC5	0.1	C:\Xcalibur\methods\method1	C:\data\yourdir	PRM_20260312_AD_Target_Plate_2_C5	Homo sapiens	blood plasma	Plate_2	AD_Target	not available	not available	not available	not available	not available	not available	not available	not available	1	AC=EFO:0009656;NT=plasma	run 605	proteomic profiling by mass spectrometry	PRM_20260312_AD_Target_Plate_2_C5.raw	PRM_20260312_AD_Target_Plate_2_C5.raw	NT=Parallel Reaction Monitoring;AC=MS:1002956	AC=MS:1002038;NT=label free sample	1	NT=High-performance liquid chromatography;AC=PRIDE:0000565	1	AC=MS:1001251;NT=Trypsin	not available	NT=Stellar;AC=MS:1003409	NT=Carbamidomethyl;AC=UNIMOD:4;TA=C;MT=Fixed	NT=Higher-energy Collisional Dissociation;AC=MS:1000422	27 NCE	40 ppm	0.05 Da	24005	AD_1
PRM_20260312_AD_Target_Plate_2_C6	C	6	AD_1	30	RC6	0.1	C:\Xcalibur\methods\method1	C:\data\yourdir	PRM_20260312_AD_Target_Plate_2_C6	Homo sapiens	blood plasma	Plate_2	AD_Target	not available	not available	not available	not available	not available	not available	not available	not available	1	AC=EFO:0009656;NT=plasma	run 606	proteomic profiling by mass spectrometry	PRM_20260312_AD_Target_Plate_2_C6.raw	PRM_20260312_AD_Target_Plate_2_C6.raw	NT=Parallel Reaction Monitoring;AC=MS:1002956	AC=MS:1002038;NT=label free sample	1	NT=High-performance liquid chromatography;AC=PRIDE:0000565	1	AC=MS:1001251;NT=Trypsin	not available	NT=Stellar;AC=MS:1003409	NT=Carbamidomethyl;AC=UNIMOD:4;TA=C;MT=Fixed	NT=Higher-energy Collisional Dissociation;AC=MS:1000422	27 NCE	40 ppm	0.05 Da	24005	AD_1
PRM_20260312_AD_Target_Plate_2_C7	C	7	AD_1	31	RC7	0.1	C:\Xcalibur\methods\method1	C:\data\yourdir	PRM_20260312_AD_Target_Plate_2_C7	Homo sapiens	blood plasma	Plate_2	AD_Target	not available	not available	not available	not available	not available	not available	not available	not available	1	AC=EFO:0009656;NT=plasma	run 607	proteomic profiling by mass spectrometry	PRM_20260312_AD_Target_Plate_2_C7.raw	PRM_20260312_AD_Target_Plate_2_C7.raw	NT=Parallel Reaction Monitoring;AC=MS:1002956	AC=MS:1002038;NT=label free sample	1	NT=High-performance liquid chromatography;AC=PRIDE:0000565	1	AC=MS:1001251;NT=Trypsin	not available	NT=Stellar;AC=MS:1003409	NT=Carbamidomethyl;AC=UNIMOD:4;TA=C;MT=Fixed	NT=Higher-energy Collisional Dissociation;AC=MS:1000422	27 NCE	40 ppm	0.05 Da	24005	AD_1
PRM_20260312_AD_Target_Plate_2_C8	C	8	AD_1	32	RC8	0.1	C:\Xcalibur\methods\method1	C:\data\yourdir	PRM_20260312_AD_Target_Plate_2_C8	Homo sapiens	blood plasma	Plate_2	AD_Target	not available	not available	not available	not available	not available	not available	not available	not available	1	AC=EFO:0009656;NT=plasma	run 608	proteomic profiling by mass spectrometry	PRM_20260312_AD_Target_Plate_2_C8.raw	PRM_20260312_AD_Target_Plate_2_C8.raw	NT=Parallel Reaction Monitoring;AC=MS:1002956	AC=MS:1002038;NT=label free sample	1	NT=High-performance liquid chromatography;AC=PRIDE:0000565	1	AC=MS:1001251;NT=Trypsin	not available	NT=Stellar;AC=MS:1003409	NT=Carbamidomethyl;AC=UNIMOD:4;TA=C;MT=Fixed	NT=Higher-energy Collisional Dissociation;AC=MS:1000422	27 NCE	40 ppm	0.05 Da	24005	AD_1
PRM_20260312_AD_Target_Plate_2_C9	C	9	AD_1	33	RC9	0.1	C:\Xcalibur\methods\method1	C:\data\yourdir	PRM_20260312_AD_Target_Plate_2_C9	Homo sapiens	blood plasma	Plate_2	AD_Target	not available	not available	not available	not available	not available	not available	not available	not available	1	AC=EFO:0009656;NT=plasma	run 609	proteomic profiling by mass spectrometry	PRM_20260312_AD_Target_Plate_2_C9.raw	PRM_20260312_AD_Target_Plate_2_C9.raw	NT=Parallel Reaction Monitoring;AC=MS:1002956	AC=MS:1002038;NT=label free sample	1	NT=High-performance liquid chromatography;AC=PRIDE:0000565	1	AC=MS:1001251;NT=Trypsin	not available	NT=Stellar;AC=MS:1003409	NT=Carbamidomethyl;AC=UNIMOD:4;TA=C;MT=Fixed	NT=Higher-energy Collisional Dissociation;AC=MS:1000422	27 NCE	40 ppm	0.05 Da	24005	AD_1
PRM_20260312_AD_Target_Plate_2_C10	C	10	Control	34	RC10	0.1	C:\Xcalibur\methods\method1	C:\data\yourdir	PRM_20260312_AD_Target_Plate_2_C10	Homo sapiens	blood plasma	Plate_2	AD_Target	not available	not available	not available	not available	not available	not available	not available	not available	1	AC=EFO:0009656;NT=plasma	run 610	proteomic profiling by mass spectrometry	PRM_20260312_AD_Target_Plate_2_C10.raw	PRM_20260312_AD_Target_Plate_2_C10.raw	NT=Parallel Reaction Monitoring;AC=MS:1002956	AC=MS:1002038;NT=label free sample	1	NT=High-performance liquid chromatography;AC=PRIDE:0000565	1	AC=MS:1001251;NT=Trypsin	not available	NT=Stellar;AC=MS:1003409	NT=Carbamidomethyl;AC=UNIMOD:4;TA=C;MT=Fixed	NT=Higher-energy Collisional Dissociation;AC=MS:1000422	27 NCE	40 ppm	0.05 Da	24005	Control
PRM_20260312_AD_Target_Plate_2_C11	C	11	AD_1	35	RC11	0.1	C:\Xcalibur\methods\method1	C:\data\yourdir	PRM_20260312_AD_Target_Plate_2_C11	Homo sapiens	blood plasma	Plate_2	AD_Target	not available	not available	not available	not available	not available	not available	not available	not available	1	AC=EFO:0009656;NT=plasma	run 611	proteomic profiling by mass spectrometry	PRM_20260312_AD_Target_Plate_2_C11.raw	PRM_20260312_AD_Target_Plate_2_C11.raw	NT=Parallel Reaction Monitoring;AC=MS:1002956	AC=MS:1002038;NT=label free sample	1	NT=High-performance liquid chromatography;AC=PRIDE:0000565	1	AC=MS:1001251;NT=Trypsin	not available	NT=Stellar;AC=MS:1003409	NT=Carbamidomethyl;AC=UNIMOD:4;TA=C;MT=Fixed	NT=Higher-energy Collisional Dissociation;AC=MS:1000422	27 NCE	40 ppm	0.05 Da	24005	AD_1
PRM_20260312_AD_Target_Plate_2_C12	C	12	AD_1	36	RC12	0.1	C:\Xcalibur\methods\method1	C:\data\yourdir	PRM_20260312_AD_Target_Plate_2_C12	Homo sapiens	blood plasma	Plate_2	AD_Target	not available	not available	not available	not available	not available	not available	not available	not available	1	AC=EFO:0009656;NT=plasma	run 612	proteomic profiling by mass spectrometry	PRM_20260312_AD_Target_Plate_2_C12.raw	PRM_20260312_AD_Target_Plate_2_C12.raw	NT=Parallel Reaction Monitoring;AC=MS:1002956	AC=MS:1002038;NT=label free sample	1	NT=High-performance liquid chromatography;AC=PRIDE:0000565	1	AC=MS:1001251;NT=Trypsin	not available	NT=Stellar;AC=MS:1003409	NT=Carbamidomethyl;AC=UNIMOD:4;TA=C;MT=Fixed	NT=Higher-energy Collisional Dissociation;AC=MS:1000422	27 NCE	40 ppm	0.05 Da	24005	AD_1
PRM_20260312_AD_Target_Plate_2_D1	D	1	AD_1	37	RD1	0.1	C:\Xcalibur\methods\method1	C:\data\yourdir	PRM_20260312_AD_Target_Plate_2_D1	Homo sapiens	blood plasma	Plate_2	AD_Target	not available	not available	not available	not available	not available	not available	not available	not available	1	AC=EFO:0009656;NT=plasma	run 613	proteomic profiling by mass spectrometry	PRM_20260312_AD_Target_Plate_2_D1.raw	PRM_20260312_AD_Target_Plate_2_D1.raw	NT=Parallel Reaction Monitoring;AC=MS:1002956	AC=MS:1002038;NT=label free sample	1	NT=High-performance liquid chromatography;AC=PRIDE:0000565	1	AC=MS:1001251;NT=Trypsin	not available	NT=Stellar;AC=MS:1003409	NT=Carbamidomethyl;AC=UNIMOD:4;TA=C;MT=Fixed	NT=Higher-energy Collisional Dissociation;AC=MS:1000422	27 NCE	40 ppm	0.05 Da	24005	AD_1
PRM_20260312_AD_Target_Plate_2_D2	D	2	AD_1	38	RD2	0.1	C:\Xcalibur\methods\method1	C:\data\yourdir	PRM_20260312_AD_Target_Plate_2_D2	Homo sapiens	blood plasma	Plate_2	AD_Target	not available	not available	not available	not available	not available	not available	not available	not available	1	AC=EFO:0009656;NT=plasma	run 614	proteomic profiling by mass spectrometry	PRM_20260312_AD_Target_Plate_2_D2.raw	PRM_20260312_AD_Target_Plate_2_D2.raw	NT=Parallel Reaction Monitoring;AC=MS:1002956	AC=MS:1002038;NT=label free sample	1	NT=High-performance liquid chromatography;AC=PRIDE:0000565	1	AC=MS:1001251;NT=Trypsin	not available	NT=Stellar;AC=MS:1003409	NT=Carbamidomethyl;AC=UNIMOD:4;TA=C;MT=Fixed	NT=Higher-energy Collisional Dissociation;AC=MS:1000422	27 NCE	40 ppm	0.05 Da	24005	AD_1
PRM_20260312_AD_Target_Plate_2_D3	D	3	AD_1	39	RD3	0.1	C:\Xcalibur\methods\method1	C:\data\yourdir	PRM_20260312_AD_Target_Plate_2_D3	Homo sapiens	blood plasma	Plate_2	AD_Target	not available	not available	not available	not available	not available	not available	not available	not available	1	AC=EFO:0009656;NT=plasma	run 615	proteomic profiling by mass spectrometry	PRM_20260312_AD_Target_Plate_2_D3.raw	PRM_20260312_AD_Target_Plate_2_D3.raw	NT=Parallel Reaction Monitoring;AC=MS:1002956	AC=MS:1002038;NT=label free sample	1	NT=High-performance liquid chromatography;AC=PRIDE:0000565	1	AC=MS:1001251;NT=Trypsin	not available	NT=Stellar;AC=MS:1003409	NT=Carbamidomethyl;AC=UNIMOD:4;TA=C;MT=Fixed	NT=Higher-energy Collisional Dissociation;AC=MS:1000422	27 NCE	40 ppm	0.05 Da	24005	AD_1
PRM_20260312_AD_Target_Plate_2_D4	D	4	AD_1	40	RD4	0.1	C:\Xcalibur\methods\method1	C:\data\yourdir	PRM_20260312_AD_Target_Plate_2_D4	Homo sapiens	blood plasma	Plate_2	AD_Target	not available	not available	not available	not available	not available	not available	not available	not available	1	AC=EFO:0009656;NT=plasma	run 616	proteomic profiling by mass spectrometry	PRM_20260312_AD_Target_Plate_2_D4.raw	PRM_20260312_AD_Target_Plate_2_D4.raw	NT=Parallel Reaction Monitoring;AC=MS:1002956	AC=MS:1002038;NT=label free sample	1	NT=High-performance liquid chromatography;AC=PRIDE:0000565	1	AC=MS:1001251;NT=Trypsin	not available	NT=Stellar;AC=MS:1003409	NT=Carbamidomethyl;AC=UNIMOD:4;TA=C;MT=Fixed	NT=Higher-energy Collisional Dissociation;AC=MS:1000422	27 NCE	40 ppm	0.05 Da	24005	AD_1
PRM_20260312_AD_Target_Plate_2_D5	D	5	Control	41	RD5	0.1	C:\Xcalibur\methods\method1	C:\data\yourdir	PRM_20260312_AD_Target_Plate_2_D5	Homo sapiens	blood plasma	Plate_2	AD_Target	not available	not available	not available	not available	not available	not available	not available	not available	1	AC=EFO:0009656;NT=plasma	run 617	proteomic profiling by mass spectrometry	PRM_20260312_AD_Target_Plate_2_D5.raw	PRM_20260312_AD_Target_Plate_2_D5.raw	NT=Parallel Reaction Monitoring;AC=MS:1002956	AC=MS:1002038;NT=label free sample	1	NT=High-performance liquid chromatography;AC=PRIDE:0000565	1	AC=MS:1001251;NT=Trypsin	not available	NT=Stellar;AC=MS:1003409	NT=Carbamidomethyl;AC=UNIMOD:4;TA=C;MT=Fixed	NT=Higher-energy Collisional Dissociation;AC=MS:1000422	27 NCE	40 ppm	0.05 Da	24005	Control
PRM_20260312_AD_Target_Plate_2_D6	D	6	AD_1	42	RD6	0.1	C:\Xcalibur\methods\method1	C:\data\yourdir	PRM_20260312_AD_Target_Plate_2_D6	Homo sapiens	blood plasma	Plate_2	AD_Target	not available	not available	not available	not available	not available	not available	not available	not available	1	AC=EFO:0009656;NT=plasma	run 618	proteomic profiling by mass spectrometry	PRM_20260312_AD_Target_Plate_2_D6.raw	PRM_20260312_AD_Target_Plate_2_D6.raw	NT=Parallel Reaction Monitoring;AC=MS:1002956	AC=MS:1002038;NT=label free sample	1	NT=High-performance liquid chromatography;AC=PRIDE:0000565	1	AC=MS:1001251;NT=Trypsin	not available	NT=Stellar;AC=MS:1003409	NT=Carbamidomethyl;AC=UNIMOD:4;TA=C;MT=Fixed	NT=Higher-energy Collisional Dissociation;AC=MS:1000422	27 NCE	40 ppm	0.05 Da	24005	AD_1
PRM_20260312_AD_Target_Plate_2_D7	D	7	AD_1	43	RD7	0.1	C:\Xcalibur\methods\method1	C:\data\yourdir	PRM_20260312_AD_Target_Plate_2_D7	Homo sapiens	blood plasma	Plate_2	AD_Target	not available	not available	not available	not available	not available	not available	not available	not available	1	AC=EFO:0009656;NT=plasma	run 619	proteomic profiling by mass spectrometry	PRM_20260312_AD_Target_Plate_2_D7.raw	PRM_20260312_AD_Target_Plate_2_D7.raw	NT=Parallel Reaction Monitoring;AC=MS:1002956	AC=MS:1002038;NT=label free sample	1	NT=High-performance liquid chromatography;AC=PRIDE:0000565	1	AC=MS:1001251;NT=Trypsin	not available	NT=Stellar;AC=MS:1003409	NT=Carbamidomethyl;AC=UNIMOD:4;TA=C;MT=Fixed	NT=Higher-energy Collisional Dissociation;AC=MS:1000422	27 NCE	40 ppm	0.05 Da	24005	AD_1
PRM_20260312_AD_Target_Plate_2_D8	D	8	AD_1	44	RD8	0.1	C:\Xcalibur\methods\method1	C:\data\yourdir	PRM_20260312_AD_Target_Plate_2_D8	Homo sapiens	blood plasma	Plate_2	AD_Target	not available	not available	not available	not available	not available	not available	not available	not available	1	AC=EFO:0009656;NT=plasma	run 620	proteomic profiling by mass spectrometry	PRM_20260312_AD_Target_Plate_2_D8.raw	PRM_20260312_AD_Target_Plate_2_D8.raw	NT=Parallel Reaction Monitoring;AC=MS:1002956	AC=MS:1002038;NT=label free sample	1	NT=High-performance liquid chromatography;AC=PRIDE:0000565	1	AC=MS:1001251;NT=Trypsin	not available	NT=Stellar;AC=MS:1003409	NT=Carbamidomethyl;AC=UNIMOD:4;TA=C;MT=Fixed	NT=Higher-energy Collisional Dissociation;AC=MS:1000422	27 NCE	40 ppm	0.05 Da	24005	AD_1
PRM_20260312_AD_Target_Plate_2_D9	D	9	AD_1	45	RD9	0.1	C:\Xcalibur\methods\method1	C:\data\yourdir	PRM_20260312_AD_Target_Plate_2_D9	Homo sapiens	blood plasma	Plate_2	AD_Target	not available	not available	not available	not available	not available	not available	not available	not available	1	AC=EFO:0009656;NT=plasma	run 621	proteomic profiling by mass spectrometry	PRM_20260312_AD_Target_Plate_2_D9.raw	PRM_20260312_AD_Target_Plate_2_D9.raw	NT=Parallel Reaction Monitoring;AC=MS:1002956	AC=MS:1002038;NT=label free sample	1	NT=High-performance liquid chromatography;AC=PRIDE:0000565	1	AC=MS:1001251;NT=Trypsin	not available	NT=Stellar;AC=MS:1003409	NT=Carbamidomethyl;AC=UNIMOD:4;TA=C;MT=Fixed	NT=Higher-energy Collisional Dissociation;AC=MS:1000422	27 NCE	40 ppm	0.05 Da	24005	AD_1
PRM_20260312_AD_Target_Plate_2_D10	D	10	AD_1	46	RD10	0.1	C:\Xcalibur\methods\method1	C:\data\yourdir	PRM_20260312_AD_Target_Plate_2_D10	Homo sapiens	blood plasma	Plate_2	AD_Target	not available	not available	not available	not available	not available	not available	not available	not available	1	AC=EFO:0009656;NT=plasma	run 622	proteomic profiling by mass spectrometry	PRM_20260312_AD_Target_Plate_2_D10.raw	PRM_20260312_AD_Target_Plate_2_D10.raw	NT=Parallel Reaction Monitoring;AC=MS:1002956	AC=MS:1002038;NT=label free sample	1	NT=High-performance liquid chromatography;AC=PRIDE:0000565	1	AC=MS:1001251;NT=Trypsin	not available	NT=Stellar;AC=MS:1003409	NT=Carbamidomethyl;AC=UNIMOD:4;TA=C;MT=Fixed	NT=Higher-energy Collisional Dissociation;AC=MS:1000422	27 NCE	40 ppm	0.05 Da	24005	AD_1
PRM_20260312_AD_Target_Plate_2_D11	D	11	AD_1	47	RD11	0.1	C:\Xcalibur\methods\method1	C:\data\yourdir	PRM_20260312_AD_Target_Plate_2_D11	Homo sapiens	blood plasma	Plate_2	AD_Target	not available	not available	not available	not available	not available	not available	not available	not available	1	AC=EFO:0009656;NT=plasma	run 623	proteomic profiling by mass spectrometry	PRM_20260312_AD_Target_Plate_2_D11.raw	PRM_20260312_AD_Target_Plate_2_D11.raw	NT=Parallel Reaction Monitoring;AC=MS:1002956	AC=MS:1002038;NT=label free sample	1	NT=High-performance liquid chromatography;AC=PRIDE:0000565	1	AC=MS:1001251;NT=Trypsin	not available	NT=Stellar;AC=MS:1003409	NT=Carbamidomethyl;AC=UNIMOD:4;TA=C;MT=Fixed	NT=Higher-energy Collisional Dissociation;AC=MS:1000422	27 NCE	40 ppm	0.05 Da	24005	AD_1
PRM_20260312_AD_Target_Plate_2_D12	D	12	Control	48	RD12	0.1	C:\Xcalibur\methods\method1	C:\data\yourdir	PRM_20260312_AD_Target_Plate_2_D12	Homo sapiens	blood plasma	Plate_2	AD_Target	not available	not available	not available	not available	not available	not available	not available	not available	1	AC=EFO:0009656;NT=plasma	run 624	proteomic profiling by mass spectrometry	PRM_20260312_AD_Target_Plate_2_D12.raw	PRM_20260312_AD_Target_Plate_2_D12.raw	NT=Parallel Reaction Monitoring;AC=MS:1002956	AC=MS:1002038;NT=label free sample	1	NT=High-performance liquid chromatography;AC=PRIDE:0000565	1	AC=MS:1001251;NT=Trypsin	not available	NT=Stellar;AC=MS:1003409	NT=Carbamidomethyl;AC=UNIMOD:4;TA=C;MT=Fixed	NT=Higher-energy Collisional Dissociation;AC=MS:1000422	27 NCE	40 ppm	0.05 Da	24005	Control
PRM_20260312_AD_Target_Plate_2_E1	E	1	AD_1	49	RE1	0.1	C:\Xcalibur\methods\method1	C:\data\yourdir	PRM_20260312_AD_Target_Plate_2_E1	Homo sapiens	blood plasma	Plate_2	AD_Target	not available	not available	not available	not available	not available	not available	not available	not available	1	AC=EFO:0009656;NT=plasma	run 625	proteomic profiling by mass spectrometry	PRM_20260312_AD_Target_Plate_2_E1.raw	PRM_20260312_AD_Target_Plate_2_E1.raw	NT=Parallel Reaction Monitoring;AC=MS:1002956	AC=MS:1002038;NT=label free sample	1	NT=High-performance liquid chromatography;AC=PRIDE:0000565	1	AC=MS:1001251;NT=Trypsin	not available	NT=Stellar;AC=MS:1003409	NT=Carbamidomethyl;AC=UNIMOD:4;TA=C;MT=Fixed	NT=Higher-energy Collisional Dissociation;AC=MS:1000422	27 NCE	40 ppm	0.05 Da	24005	AD_1
PRM_20260312_AD_Target_Plate_2_E2	E	2	AD_1	50	RE2	0.1	C:\Xcalibur\methods\method1	C:\data\yourdir	PRM_20260312_AD_Target_Plate_2_E2	Homo sapiens	blood plasma	Plate_2	AD_Target	not available	not available	not available	not available	not available	not available	not available	not available	1	AC=EFO:0009656;NT=plasma	run 626	proteomic profiling by mass spectrometry	PRM_20260312_AD_Target_Plate_2_E2.raw	PRM_20260312_AD_Target_Plate_2_E2.raw	NT=Parallel Reaction Monitoring;AC=MS:1002956	AC=MS:1002038;NT=label free sample	1	NT=High-performance liquid chromatography;AC=PRIDE:0000565	1	AC=MS:1001251;NT=Trypsin	not available	NT=Stellar;AC=MS:1003409	NT=Carbamidomethyl;AC=UNIMOD:4;TA=C;MT=Fixed	NT=Higher-energy Collisional Dissociation;AC=MS:1000422	27 NCE	40 ppm	0.05 Da	24005	AD_1
PRM_20260312_AD_Target_Plate_2_E3	E	3	AD_1	51	RE3	0.1	C:\Xcalibur\methods\method1	C:\data\yourdir	PRM_20260312_AD_Target_Plate_2_E3	Homo sapiens	blood plasma	Plate_2	AD_Target	not available	not available	not available	not available	not available	not available	not available	not available	1	AC=EFO:0009656;NT=plasma	run 627	proteomic profiling by mass spectrometry	PRM_20260312_AD_Target_Plate_2_E3.raw	PRM_20260312_AD_Target_Plate_2_E3.raw	NT=Parallel Reaction Monitoring;AC=MS:1002956	AC=MS:1002038;NT=label free sample	1	NT=High-performance liquid chromatography;AC=PRIDE:0000565	1	AC=MS:1001251;NT=Trypsin	not available	NT=Stellar;AC=MS:1003409	NT=Carbamidomethyl;AC=UNIMOD:4;TA=C;MT=Fixed	NT=Higher-energy Collisional Dissociation;AC=MS:1000422	27 NCE	40 ppm	0.05 Da	24005	AD_1
PRM_20260312_AD_Target_Plate_2_E4	E	4	AD_1	52	RE4	0.1	C:\Xcalibur\methods\method1	C:\data\yourdir	PRM_20260312_AD_Target_Plate_2_E4	Homo sapiens	blood plasma	Plate_2	AD_Target	not available	not available	not available	not available	not available	not available	not available	not available	1	AC=EFO:0009656;NT=plasma	run 628	proteomic profiling by mass spectrometry	PRM_20260312_AD_Target_Plate_2_E4.raw	PRM_20260312_AD_Target_Plate_2_E4.raw	NT=Parallel Reaction Monitoring;AC=MS:1002956	AC=MS:1002038;NT=label free sample	1	NT=High-performance liquid chromatography;AC=PRIDE:0000565	1	AC=MS:1001251;NT=Trypsin	not available	NT=Stellar;AC=MS:1003409	NT=Carbamidomethyl;AC=UNIMOD:4;TA=C;MT=Fixed	NT=Higher-energy Collisional Dissociation;AC=MS:1000422	27 NCE	40 ppm	0.05 Da	24005	AD_1
PRM_20260312_AD_Target_Plate_2_E5	E	5	AD_1	53	RE5	0.1	C:\Xcalibur\methods\method1	C:\data\yourdir	PRM_20260312_AD_Target_Plate_2_E5	Homo sapiens	blood plasma	Plate_2	AD_Target	not available	not available	not available	not available	not available	not available	not available	not available	1	AC=EFO:0009656;NT=plasma	run 629	proteomic profiling by mass spectrometry	PRM_20260312_AD_Target_Plate_2_E5.raw	PRM_20260312_AD_Target_Plate_2_E5.raw	NT=Parallel Reaction Monitoring;AC=MS:1002956	AC=MS:1002038;NT=label free sample	1	NT=High-performance liquid chromatography;AC=PRIDE:0000565	1	AC=MS:1001251;NT=Trypsin	not available	NT=Stellar;AC=MS:1003409	NT=Carbamidomethyl;AC=UNIMOD:4;TA=C;MT=Fixed	NT=Higher-energy Collisional Dissociation;AC=MS:1000422	27 NCE	40 ppm	0.05 Da	24005	AD_1
PRM_20260312_AD_Target_Plate_2_E6	E	6	AD_1	54	RE6	0.1	C:\Xcalibur\methods\method1	C:\data\yourdir	PRM_20260312_AD_Target_Plate_2_E6	Homo sapiens	blood plasma	Plate_2	AD_Target	not available	not available	not available	not available	not available	not available	not available	not available	1	AC=EFO:0009656;NT=plasma	run 630	proteomic profiling by mass spectrometry	PRM_20260312_AD_Target_Plate_2_E6.raw	PRM_20260312_AD_Target_Plate_2_E6.raw	NT=Parallel Reaction Monitoring;AC=MS:1002956	AC=MS:1002038;NT=label free sample	1	NT=High-performance liquid chromatography;AC=PRIDE:0000565	1	AC=MS:1001251;NT=Trypsin	not available	NT=Stellar;AC=MS:1003409	NT=Carbamidomethyl;AC=UNIMOD:4;TA=C;MT=Fixed	NT=Higher-energy Collisional Dissociation;AC=MS:1000422	27 NCE	40 ppm	0.05 Da	24005	AD_1
PRM_20260312_AD_Target_Plate_2_E7	E	7	AD_1	55	RE7	0.1	C:\Xcalibur\methods\method1	C:\data\yourdir	PRM_20260312_AD_Target_Plate_2_E7	Homo sapiens	blood plasma	Plate_2	AD_Target	not available	not available	not available	not available	not available	not available	not available	not available	1	AC=EFO:0009656;NT=plasma	run 631	proteomic profiling by mass spectrometry	PRM_20260312_AD_Target_Plate_2_E7.raw	PRM_20260312_AD_Target_Plate_2_E7.raw	NT=Parallel Reaction Monitoring;AC=MS:1002956	AC=MS:1002038;NT=label free sample	1	NT=High-performance liquid chromatography;AC=PRIDE:0000565	1	AC=MS:1001251;NT=Trypsin	not available	NT=Stellar;AC=MS:1003409	NT=Carbamidomethyl;AC=UNIMOD:4;TA=C;MT=Fixed	NT=Higher-energy Collisional Dissociation;AC=MS:1000422	27 NCE	40 ppm	0.05 Da	24005	AD_1
PRM_20260312_AD_Target_Plate_2_E8	E	8	AD_1	56	RE8	0.1	C:\Xcalibur\methods\method1	C:\data\yourdir	PRM_20260312_AD_Target_Plate_2_E8	Homo sapiens	blood plasma	Plate_2	AD_Target	not available	not available	not available	not available	not available	not available	not available	not available	1	AC=EFO:0009656;NT=plasma	run 632	proteomic profiling by mass spectrometry	PRM_20260312_AD_Target_Plate_2_E8.raw	PRM_20260312_AD_Target_Plate_2_E8.raw	NT=Parallel Reaction Monitoring;AC=MS:1002956	AC=MS:1002038;NT=label free sample	1	NT=High-performance liquid chromatography;AC=PRIDE:0000565	1	AC=MS:1001251;NT=Trypsin	not available	NT=Stellar;AC=MS:1003409	NT=Carbamidomethyl;AC=UNIMOD:4;TA=C;MT=Fixed	NT=Higher-energy Collisional Dissociation;AC=MS:1000422	27 NCE	40 ppm	0.05 Da	24005	AD_1
PRM_20260312_AD_Target_Plate_2_E9	E	9	AD_1	57	RE9	0.1	C:\Xcalibur\methods\method1	C:\data\yourdir	PRM_20260312_AD_Target_Plate_2_E9	Homo sapiens	blood plasma	Plate_2	AD_Target	not available	not available	not available	not available	not available	not available	not available	not available	1	AC=EFO:0009656;NT=plasma	run 633	proteomic profiling by mass spectrometry	PRM_20260312_AD_Target_Plate_2_E9.raw	PRM_20260312_AD_Target_Plate_2_E9.raw	NT=Parallel Reaction Monitoring;AC=MS:1002956	AC=MS:1002038;NT=label free sample	1	NT=High-performance liquid chromatography;AC=PRIDE:0000565	1	AC=MS:1001251;NT=Trypsin	not available	NT=Stellar;AC=MS:1003409	NT=Carbamidomethyl;AC=UNIMOD:4;TA=C;MT=Fixed	NT=Higher-energy Collisional Dissociation;AC=MS:1000422	27 NCE	40 ppm	0.05 Da	24005	AD_1
PRM_20260312_AD_Target_Plate_2_E10	E	10	AD_1	58	RE10	0.1	C:\Xcalibur\methods\method1	C:\data\yourdir	PRM_20260312_AD_Target_Plate_2_E10	Homo sapiens	blood plasma	Plate_2	AD_Target	not available	not available	not available	not available	not available	not available	not available	not available	1	AC=EFO:0009656;NT=plasma	run 634	proteomic profiling by mass spectrometry	PRM_20260312_AD_Target_Plate_2_E10.raw	PRM_20260312_AD_Target_Plate_2_E10.raw	NT=Parallel Reaction Monitoring;AC=MS:1002956	AC=MS:1002038;NT=label free sample	1	NT=High-performance liquid chromatography;AC=PRIDE:0000565	1	AC=MS:1001251;NT=Trypsin	not available	NT=Stellar;AC=MS:1003409	NT=Carbamidomethyl;AC=UNIMOD:4;TA=C;MT=Fixed	NT=Higher-energy Collisional Dissociation;AC=MS:1000422	27 NCE	40 ppm	0.05 Da	24005	AD_1
PRM_20260312_AD_Target_Plate_2_E11	E	11	AD_1	59	RE11	0.1	C:\Xcalibur\methods\method1	C:\data\yourdir	PRM_20260312_AD_Target_Plate_2_E11	Homo sapiens	blood plasma	Plate_2	AD_Target	not available	not available	not available	not available	not available	not available	not available	not available	1	AC=EFO:0009656;NT=plasma	run 635	proteomic profiling by mass spectrometry	PRM_20260312_AD_Target_Plate_2_E11.raw	PRM_20260312_AD_Target_Plate_2_E11.raw	NT=Parallel Reaction Monitoring;AC=MS:1002956	AC=MS:1002038;NT=label free sample	1	NT=High-performance liquid chromatography;AC=PRIDE:0000565	1	AC=MS:1001251;NT=Trypsin	not available	NT=Stellar;AC=MS:1003409	NT=Carbamidomethyl;AC=UNIMOD:4;TA=C;MT=Fixed	NT=Higher-energy Collisional Dissociation;AC=MS:1000422	27 NCE	40 ppm	0.05 Da	24005	AD_1
PRM_20260312_AD_Target_Plate_2_E12	E	12	AD_1	60	RE12	0.1	C:\Xcalibur\methods\method1	C:\data\yourdir	PRM_20260312_AD_Target_Plate_2_E12	Homo sapiens	blood plasma	Plate_2	AD_Target	not available	not available	not available	not available	not available	not available	not available	not available	1	AC=EFO:0009656;NT=plasma	run 636	proteomic profiling by mass spectrometry	PRM_20260312_AD_Target_Plate_2_E12.raw	PRM_20260312_AD_Target_Plate_2_E12.raw	NT=Parallel Reaction Monitoring;AC=MS:1002956	AC=MS:1002038;NT=label free sample	1	NT=High-performance liquid chromatography;AC=PRIDE:0000565	1	AC=MS:1001251;NT=Trypsin	not available	NT=Stellar;AC=MS:1003409	NT=Carbamidomethyl;AC=UNIMOD:4;TA=C;MT=Fixed	NT=Higher-energy Collisional Dissociation;AC=MS:1000422	27 NCE	40 ppm	0.05 Da	24005	AD_1
PRM_20260312_AD_Target_Plate_2_F1	F	1	AD_1	61	RF1	0.1	C:\Xcalibur\methods\method1	C:\data\yourdir	PRM_20260312_AD_Target_Plate_2_F1	Homo sapiens	blood plasma	Plate_2	AD_Target	not available	not available	not available	not available	not available	not available	not available	not available	1	AC=EFO:0009656;NT=plasma	run 637	proteomic profiling by mass spectrometry	PRM_20260312_AD_Target_Plate_2_F1.raw	PRM_20260312_AD_Target_Plate_2_F1.raw	NT=Parallel Reaction Monitoring;AC=MS:1002956	AC=MS:1002038;NT=label free sample	1	NT=High-performance liquid chromatography;AC=PRIDE:0000565	1	AC=MS:1001251;NT=Trypsin	not available	NT=Stellar;AC=MS:1003409	NT=Carbamidomethyl;AC=UNIMOD:4;TA=C;MT=Fixed	NT=Higher-energy Collisional Dissociation;AC=MS:1000422	27 NCE	40 ppm	0.05 Da	24005	AD_1
PRM_20260312_AD_Target_Plate_2_F2	F	2	AD_1	62	RF2	0.1	C:\Xcalibur\methods\method1	C:\data\yourdir	PRM_20260312_AD_Target_Plate_2_F2	Homo sapiens	blood plasma	Plate_2	AD_Target	not available	not available	not available	not available	not available	not available	not available	not available	1	AC=EFO:0009656;NT=plasma	run 638	proteomic profiling by mass spectrometry	PRM_20260312_AD_Target_Plate_2_F2.raw	PRM_20260312_AD_Target_Plate_2_F2.raw	NT=Parallel Reaction Monitoring;AC=MS:1002956	AC=MS:1002038;NT=label free sample	1	NT=High-performance liquid chromatography;AC=PRIDE:0000565	1	AC=MS:1001251;NT=Trypsin	not available	NT=Stellar;AC=MS:1003409	NT=Carbamidomethyl;AC=UNIMOD:4;TA=C;MT=Fixed	NT=Higher-energy Collisional Dissociation;AC=MS:1000422	27 NCE	40 ppm	0.05 Da	24005	AD_1
PRM_20260312_AD_Target_Plate_2_F3	F	3	AD_1	63	RF3	0.1	C:\Xcalibur\methods\method1	C:\data\yourdir	PRM_20260312_AD_Target_Plate_2_F3	Homo sapiens	blood plasma	Plate_2	AD_Target	not available	not available	not available	not available	not available	not available	not available	not available	1	AC=EFO:0009656;NT=plasma	run 639	proteomic profiling by mass spectrometry	PRM_20260312_AD_Target_Plate_2_F3.raw	PRM_20260312_AD_Target_Plate_2_F3.raw	NT=Parallel Reaction Monitoring;AC=MS:1002956	AC=MS:1002038;NT=label free sample	1	NT=High-performance liquid chromatography;AC=PRIDE:0000565	1	AC=MS:1001251;NT=Trypsin	not available	NT=Stellar;AC=MS:1003409	NT=Carbamidomethyl;AC=UNIMOD:4;TA=C;MT=Fixed	NT=Higher-energy Collisional Dissociation;AC=MS:1000422	27 NCE	40 ppm	0.05 Da	24005	AD_1
PRM_20260312_AD_Target_Plate_2_F4	F	4	AD_1	64	RF4	0.1	C:\Xcalibur\methods\method1	C:\data\yourdir	PRM_20260312_AD_Target_Plate_2_F4	Homo sapiens	blood plasma	Plate_2	AD_Target	not available	not available	not available	not available	not available	not available	not available	not available	1	AC=EFO:0009656;NT=plasma	run 640	proteomic profiling by mass spectrometry	PRM_20260312_AD_Target_Plate_2_F4.raw	PRM_20260312_AD_Target_Plate_2_F4.raw	NT=Parallel Reaction Monitoring;AC=MS:1002956	AC=MS:1002038;NT=label free sample	1	NT=High-performance liquid chromatography;AC=PRIDE:0000565	1	AC=MS:1001251;NT=Trypsin	not available	NT=Stellar;AC=MS:1003409	NT=Carbamidomethyl;AC=UNIMOD:4;TA=C;MT=Fixed	NT=Higher-energy Collisional Dissociation;AC=MS:1000422	27 NCE	40 ppm	0.05 Da	24005	AD_1
PRM_20260312_AD_Target_Plate_2_F5	F	5	AD_1	65	RF5	0.1	C:\Xcalibur\methods\method1	C:\data\yourdir	PRM_20260312_AD_Target_Plate_2_F5	Homo sapiens	blood plasma	Plate_2	AD_Target	not available	not available	not available	not available	not available	not available	not available	not available	1	AC=EFO:0009656;NT=plasma	run 641	proteomic profiling by mass spectrometry	PRM_20260312_AD_Target_Plate_2_F5.raw	PRM_20260312_AD_Target_Plate_2_F5.raw	NT=Parallel Reaction Monitoring;AC=MS:1002956	AC=MS:1002038;NT=label free sample	1	NT=High-performance liquid chromatography;AC=PRIDE:0000565	1	AC=MS:1001251;NT=Trypsin	not available	NT=Stellar;AC=MS:1003409	NT=Carbamidomethyl;AC=UNIMOD:4;TA=C;MT=Fixed	NT=Higher-energy Collisional Dissociation;AC=MS:1000422	27 NCE	40 ppm	0.05 Da	24005	AD_1
PRM_20260312_AD_Target_Plate_2_F6	F	6	AD_1	66	RF6	0.1	C:\Xcalibur\methods\method1	C:\data\yourdir	PRM_20260312_AD_Target_Plate_2_F6	Homo sapiens	blood plasma	Plate_2	AD_Target	not available	not available	not available	not available	not available	not available	not available	not available	1	AC=EFO:0009656;NT=plasma	run 642	proteomic profiling by mass spectrometry	PRM_20260312_AD_Target_Plate_2_F6.raw	PRM_20260312_AD_Target_Plate_2_F6.raw	NT=Parallel Reaction Monitoring;AC=MS:1002956	AC=MS:1002038;NT=label free sample	1	NT=High-performance liquid chromatography;AC=PRIDE:0000565	1	AC=MS:1001251;NT=Trypsin	not available	NT=Stellar;AC=MS:1003409	NT=Carbamidomethyl;AC=UNIMOD:4;TA=C;MT=Fixed	NT=Higher-energy Collisional Dissociation;AC=MS:1000422	27 NCE	40 ppm	0.05 Da	24005	AD_1
PRM_20260312_AD_Target_Plate_2_F7	F	7	AD_1	67	RF7	0.1	C:\Xcalibur\methods\method1	C:\data\yourdir	PRM_20260312_AD_Target_Plate_2_F7	Homo sapiens	blood plasma	Plate_2	AD_Target	not available	not available	not available	not available	not available	not available	not available	not available	1	AC=EFO:0009656;NT=plasma	run 643	proteomic profiling by mass spectrometry	PRM_20260312_AD_Target_Plate_2_F7.raw	PRM_20260312_AD_Target_Plate_2_F7.raw	NT=Parallel Reaction Monitoring;AC=MS:1002956	AC=MS:1002038;NT=label free sample	1	NT=High-performance liquid chromatography;AC=PRIDE:0000565	1	AC=MS:1001251;NT=Trypsin	not available	NT=Stellar;AC=MS:1003409	NT=Carbamidomethyl;AC=UNIMOD:4;TA=C;MT=Fixed	NT=Higher-energy Collisional Dissociation;AC=MS:1000422	27 NCE	40 ppm	0.05 Da	24005	AD_1
PRM_20260312_AD_Target_Plate_2_F8	F	8	AD_1	68	RF8	0.1	C:\Xcalibur\methods\method1	C:\data\yourdir	PRM_20260312_AD_Target_Plate_2_F8	Homo sapiens	blood plasma	Plate_2	AD_Target	not available	not available	not available	not available	not available	not available	not available	not available	1	AC=EFO:0009656;NT=plasma	run 644	proteomic profiling by mass spectrometry	PRM_20260312_AD_Target_Plate_2_F8.raw	PRM_20260312_AD_Target_Plate_2_F8.raw	NT=Parallel Reaction Monitoring;AC=MS:1002956	AC=MS:1002038;NT=label free sample	1	NT=High-performance liquid chromatography;AC=PRIDE:0000565	1	AC=MS:1001251;NT=Trypsin	not available	NT=Stellar;AC=MS:1003409	NT=Carbamidomethyl;AC=UNIMOD:4;TA=C;MT=Fixed	NT=Higher-energy Collisional Dissociation;AC=MS:1000422	27 NCE	40 ppm	0.05 Da	24005	AD_1
PRM_20260312_AD_Target_Plate_2_F9	F	9	AD_1	69	RF9	0.1	C:\Xcalibur\methods\method1	C:\data\yourdir	PRM_20260312_AD_Target_Plate_2_F9	Homo sapiens	blood plasma	Plate_2	AD_Target	not available	not available	not available	not available	not available	not available	not available	not available	1	AC=EFO:0009656;NT=plasma	run 645	proteomic profiling by mass spectrometry	PRM_20260312_AD_Target_Plate_2_F9.raw	PRM_20260312_AD_Target_Plate_2_F9.raw	NT=Parallel Reaction Monitoring;AC=MS:1002956	AC=MS:1002038;NT=label free sample	1	NT=High-performance liquid chromatography;AC=PRIDE:0000565	1	AC=MS:1001251;NT=Trypsin	not available	NT=Stellar;AC=MS:1003409	NT=Carbamidomethyl;AC=UNIMOD:4;TA=C;MT=Fixed	NT=Higher-energy Collisional Dissociation;AC=MS:1000422	27 NCE	40 ppm	0.05 Da	24005	AD_1
PRM_20260312_AD_Target_Plate_2_F10	F	10	Control	70	RF10	0.1	C:\Xcalibur\methods\method1	C:\data\yourdir	PRM_20260312_AD_Target_Plate_2_F10	Homo sapiens	blood plasma	Plate_2	AD_Target	not available	not available	not available	not available	not available	not available	not available	not available	1	AC=EFO:0009656;NT=plasma	run 646	proteomic profiling by mass spectrometry	PRM_20260312_AD_Target_Plate_2_F10.raw	PRM_20260312_AD_Target_Plate_2_F10.raw	NT=Parallel Reaction Monitoring;AC=MS:1002956	AC=MS:1002038;NT=label free sample	1	NT=High-performance liquid chromatography;AC=PRIDE:0000565	1	AC=MS:1001251;NT=Trypsin	not available	NT=Stellar;AC=MS:1003409	NT=Carbamidomethyl;AC=UNIMOD:4;TA=C;MT=Fixed	NT=Higher-energy Collisional Dissociation;AC=MS:1000422	27 NCE	40 ppm	0.05 Da	24005	Control
PRM_20260312_AD_Target_Plate_2_F11	F	11	AD_1	71	RF11	0.1	C:\Xcalibur\methods\method1	C:\data\yourdir	PRM_20260312_AD_Target_Plate_2_F11	Homo sapiens	blood plasma	Plate_2	AD_Target	not available	not available	not available	not available	not available	not available	not available	not available	1	AC=EFO:0009656;NT=plasma	run 647	proteomic profiling by mass spectrometry	PRM_20260312_AD_Target_Plate_2_F11.raw	PRM_20260312_AD_Target_Plate_2_F11.raw	NT=Parallel Reaction Monitoring;AC=MS:1002956	AC=MS:1002038;NT=label free sample	1	NT=High-performance liquid chromatography;AC=PRIDE:0000565	1	AC=MS:1001251;NT=Trypsin	not available	NT=Stellar;AC=MS:1003409	NT=Carbamidomethyl;AC=UNIMOD:4;TA=C;MT=Fixed	NT=Higher-energy Collisional Dissociation;AC=MS:1000422	27 NCE	40 ppm	0.05 Da	24005	AD_1
PRM_20260312_AD_Target_Plate_2_F12	F	12	AD_1	72	RF12	0.1	C:\Xcalibur\methods\method1	C:\data\yourdir	PRM_20260312_AD_Target_Plate_2_F12	Homo sapiens	blood plasma	Plate_2	AD_Target	not available	not available	not available	not available	not available	not available	not available	not available	1	AC=EFO:0009656;NT=plasma	run 648	proteomic profiling by mass spectrometry	PRM_20260312_AD_Target_Plate_2_F12.raw	PRM_20260312_AD_Target_Plate_2_F12.raw	NT=Parallel Reaction Monitoring;AC=MS:1002956	AC=MS:1002038;NT=label free sample	1	NT=High-performance liquid chromatography;AC=PRIDE:0000565	1	AC=MS:1001251;NT=Trypsin	not available	NT=Stellar;AC=MS:1003409	NT=Carbamidomethyl;AC=UNIMOD:4;TA=C;MT=Fixed	NT=Higher-energy Collisional Dissociation;AC=MS:1000422	27 NCE	40 ppm	0.05 Da	24005	AD_1
PRM_20260312_AD_Target_Plate_2_G1	G	1	AD_1	73	RG1	0.1	C:\Xcalibur\methods\method1	C:\data\yourdir	PRM_20260312_AD_Target_Plate_2_G1	Homo sapiens	blood plasma	Plate_2	AD_Target	not available	not available	not available	not available	not available	not available	not available	not available	1	AC=EFO:0009656;NT=plasma	run 649	proteomic profiling by mass spectrometry	PRM_20260312_AD_Target_Plate_2_G1.raw	PRM_20260312_AD_Target_Plate_2_G1.raw	NT=Parallel Reaction Monitoring;AC=MS:1002956	AC=MS:1002038;NT=label free sample	1	NT=High-performance liquid chromatography;AC=PRIDE:0000565	1	AC=MS:1001251;NT=Trypsin	not available	NT=Stellar;AC=MS:1003409	NT=Carbamidomethyl;AC=UNIMOD:4;TA=C;MT=Fixed	NT=Higher-energy Collisional Dissociation;AC=MS:1000422	27 NCE	40 ppm	0.05 Da	24005	AD_1
PRM_20260312_AD_Target_Plate_2_G2	G	2	AD_1	74	RG2	0.1	C:\Xcalibur\methods\method1	C:\data\yourdir	PRM_20260312_AD_Target_Plate_2_G2	Homo sapiens	blood plasma	Plate_2	AD_Target	not available	not available	not available	not available	not available	not available	not available	not available	1	AC=EFO:0009656;NT=plasma	run 650	proteomic profiling by mass spectrometry	PRM_20260312_AD_Target_Plate_2_G2.raw	PRM_20260312_AD_Target_Plate_2_G2.raw	NT=Parallel Reaction Monitoring;AC=MS:1002956	AC=MS:1002038;NT=label free sample	1	NT=High-performance liquid chromatography;AC=PRIDE:0000565	1	AC=MS:1001251;NT=Trypsin	not available	NT=Stellar;AC=MS:1003409	NT=Carbamidomethyl;AC=UNIMOD:4;TA=C;MT=Fixed	NT=Higher-energy Collisional Dissociation;AC=MS:1000422	27 NCE	40 ppm	0.05 Da	24005	AD_1
PRM_20260312_AD_Target_Plate_2_G3	G	3	AD_1	75	RG3	0.1	C:\Xcalibur\methods\method1	C:\data\yourdir	PRM_20260312_AD_Target_Plate_2_G3	Homo sapiens	blood plasma	Plate_2	AD_Target	not available	not available	not available	not available	not available	not available	not available	not available	1	AC=EFO:0009656;NT=plasma	run 651	proteomic profiling by mass spectrometry	PRM_20260312_AD_Target_Plate_2_G3.raw	PRM_20260312_AD_Target_Plate_2_G3.raw	NT=Parallel Reaction Monitoring;AC=MS:1002956	AC=MS:1002038;NT=label free sample	1	NT=High-performance liquid chromatography;AC=PRIDE:0000565	1	AC=MS:1001251;NT=Trypsin	not available	NT=Stellar;AC=MS:1003409	NT=Carbamidomethyl;AC=UNIMOD:4;TA=C;MT=Fixed	NT=Higher-energy Collisional Dissociation;AC=MS:1000422	27 NCE	40 ppm	0.05 Da	24005	AD_1
PRM_20260312_AD_Target_Plate_2_G4	G	4	AD_1	76	RG4	0.1	C:\Xcalibur\methods\method1	C:\data\yourdir	PRM_20260312_AD_Target_Plate_2_G4	Homo sapiens	blood plasma	Plate_2	AD_Target	not available	not available	not available	not available	not available	not available	not available	not available	1	AC=EFO:0009656;NT=plasma	run 652	proteomic profiling by mass spectrometry	PRM_20260312_AD_Target_Plate_2_G4.raw	PRM_20260312_AD_Target_Plate_2_G4.raw	NT=Parallel Reaction Monitoring;AC=MS:1002956	AC=MS:1002038;NT=label free sample	1	NT=High-performance liquid chromatography;AC=PRIDE:0000565	1	AC=MS:1001251;NT=Trypsin	not available	NT=Stellar;AC=MS:1003409	NT=Carbamidomethyl;AC=UNIMOD:4;TA=C;MT=Fixed	NT=Higher-energy Collisional Dissociation;AC=MS:1000422	27 NCE	40 ppm	0.05 Da	24005	AD_1
PRM_20260312_AD_Target_Plate_2_G5	G	5	AD_1	77	RG5	0.1	C:\Xcalibur\methods\method1	C:\data\yourdir	PRM_20260312_AD_Target_Plate_2_G5	Homo sapiens	blood plasma	Plate_2	AD_Target	not available	not available	not available	not available	not available	not available	not available	not available	1	AC=EFO:0009656;NT=plasma	run 653	proteomic profiling by mass spectrometry	PRM_20260312_AD_Target_Plate_2_G5.raw	PRM_20260312_AD_Target_Plate_2_G5.raw	NT=Parallel Reaction Monitoring;AC=MS:1002956	AC=MS:1002038;NT=label free sample	1	NT=High-performance liquid chromatography;AC=PRIDE:0000565	1	AC=MS:1001251;NT=Trypsin	not available	NT=Stellar;AC=MS:1003409	NT=Carbamidomethyl;AC=UNIMOD:4;TA=C;MT=Fixed	NT=Higher-energy Collisional Dissociation;AC=MS:1000422	27 NCE	40 ppm	0.05 Da	24005	AD_1
PRM_20260312_AD_Target_Plate_2_G6	G	6	AD_1	78	RG6	0.1	C:\Xcalibur\methods\method1	C:\data\yourdir	PRM_20260312_AD_Target_Plate_2_G6	Homo sapiens	blood plasma	Plate_2	AD_Target	not available	not available	not available	not available	not available	not available	not available	not available	1	AC=EFO:0009656;NT=plasma	run 654	proteomic profiling by mass spectrometry	PRM_20260312_AD_Target_Plate_2_G6.raw	PRM_20260312_AD_Target_Plate_2_G6.raw	NT=Parallel Reaction Monitoring;AC=MS:1002956	AC=MS:1002038;NT=label free sample	1	NT=High-performance liquid chromatography;AC=PRIDE:0000565	1	AC=MS:1001251;NT=Trypsin	not available	NT=Stellar;AC=MS:1003409	NT=Carbamidomethyl;AC=UNIMOD:4;TA=C;MT=Fixed	NT=Higher-energy Collisional Dissociation;AC=MS:1000422	27 NCE	40 ppm	0.05 Da	24005	AD_1
PRM_20260312_AD_Target_Plate_2_G7	G	7	AD_1	79	RG7	0.1	C:\Xcalibur\methods\method1	C:\data\yourdir	PRM_20260312_AD_Target_Plate_2_G7	Homo sapiens	blood plasma	Plate_2	AD_Target	not available	not available	not available	not available	not available	not available	not available	not available	1	AC=EFO:0009656;NT=plasma	run 655	proteomic profiling by mass spectrometry	PRM_20260312_AD_Target_Plate_2_G7.raw	PRM_20260312_AD_Target_Plate_2_G7.raw	NT=Parallel Reaction Monitoring;AC=MS:1002956	AC=MS:1002038;NT=label free sample	1	NT=High-performance liquid chromatography;AC=PRIDE:0000565	1	AC=MS:1001251;NT=Trypsin	not available	NT=Stellar;AC=MS:1003409	NT=Carbamidomethyl;AC=UNIMOD:4;TA=C;MT=Fixed	NT=Higher-energy Collisional Dissociation;AC=MS:1000422	27 NCE	40 ppm	0.05 Da	24005	AD_1
PRM_20260312_AD_Target_Plate_2_G8	G	8	AD_1	80	RG8	0.1	C:\Xcalibur\methods\method1	C:\data\yourdir	PRM_20260312_AD_Target_Plate_2_G8	Homo sapiens	blood plasma	Plate_2	AD_Target	not available	not available	not available	not available	not available	not available	not available	not available	1	AC=EFO:0009656;NT=plasma	run 656	proteomic profiling by mass spectrometry	PRM_20260312_AD_Target_Plate_2_G8.raw	PRM_20260312_AD_Target_Plate_2_G8.raw	NT=Parallel Reaction Monitoring;AC=MS:1002956	AC=MS:1002038;NT=label free sample	1	NT=High-performance liquid chromatography;AC=PRIDE:0000565	1	AC=MS:1001251;NT=Trypsin	not available	NT=Stellar;AC=MS:1003409	NT=Carbamidomethyl;AC=UNIMOD:4;TA=C;MT=Fixed	NT=Higher-energy Collisional Dissociation;AC=MS:1000422	27 NCE	40 ppm	0.05 Da	24005	AD_1
PRM_20260312_AD_Target_Plate_2_G9	G	9	AD_1	81	RG9	0.1	C:\Xcalibur\methods\method1	C:\data\yourdir	PRM_20260312_AD_Target_Plate_2_G9	Homo sapiens	blood plasma	Plate_2	AD_Target	not available	not available	not available	not available	not available	not available	not available	not available	1	AC=EFO:0009656;NT=plasma	run 657	proteomic profiling by mass spectrometry	PRM_20260312_AD_Target_Plate_2_G9.raw	PRM_20260312_AD_Target_Plate_2_G9.raw	NT=Parallel Reaction Monitoring;AC=MS:1002956	AC=MS:1002038;NT=label free sample	1	NT=High-performance liquid chromatography;AC=PRIDE:0000565	1	AC=MS:1001251;NT=Trypsin	not available	NT=Stellar;AC=MS:1003409	NT=Carbamidomethyl;AC=UNIMOD:4;TA=C;MT=Fixed	NT=Higher-energy Collisional Dissociation;AC=MS:1000422	27 NCE	40 ppm	0.05 Da	24005	AD_1
PRM_20260312_AD_Target_Plate_2_G10	G	10	AD_1	82	RG10	0.1	C:\Xcalibur\methods\method1	C:\data\yourdir	PRM_20260312_AD_Target_Plate_2_G10	Homo sapiens	blood plasma	Plate_2	AD_Target	not available	not available	not available	not available	not available	not available	not available	not available	1	AC=EFO:0009656;NT=plasma	run 658	proteomic profiling by mass spectrometry	PRM_20260312_AD_Target_Plate_2_G10.raw	PRM_20260312_AD_Target_Plate_2_G10.raw	NT=Parallel Reaction Monitoring;AC=MS:1002956	AC=MS:1002038;NT=label free sample	1	NT=High-performance liquid chromatography;AC=PRIDE:0000565	1	AC=MS:1001251;NT=Trypsin	not available	NT=Stellar;AC=MS:1003409	NT=Carbamidomethyl;AC=UNIMOD:4;TA=C;MT=Fixed	NT=Higher-energy Collisional Dissociation;AC=MS:1000422	27 NCE	40 ppm	0.05 Da	24005	AD_1
PRM_20260312_AD_Target_Plate_2_G11	G	11	AD_1	83	RG11	0.1	C:\Xcalibur\methods\method1	C:\data\yourdir	PRM_20260312_AD_Target_Plate_2_G11	Homo sapiens	blood plasma	Plate_2	AD_Target	not available	not available	not available	not available	not available	not available	not available	not available	1	AC=EFO:0009656;NT=plasma	run 659	proteomic profiling by mass spectrometry	PRM_20260312_AD_Target_Plate_2_G11.raw	PRM_20260312_AD_Target_Plate_2_G11.raw	NT=Parallel Reaction Monitoring;AC=MS:1002956	AC=MS:1002038;NT=label free sample	1	NT=High-performance liquid chromatography;AC=PRIDE:0000565	1	AC=MS:1001251;NT=Trypsin	not available	NT=Stellar;AC=MS:1003409	NT=Carbamidomethyl;AC=UNIMOD:4;TA=C;MT=Fixed	NT=Higher-energy Collisional Dissociation;AC=MS:1000422	27 NCE	40 ppm	0.05 Da	24005	AD_1
PRM_20260312_AD_Target_Plate_2_G12	G	12	AD_1	84	RG12	0.1	C:\Xcalibur\methods\method1	C:\data\yourdir	PRM_20260312_AD_Target_Plate_2_G12	Homo sapiens	blood plasma	Plate_2	AD_Target	not available	not available	not available	not available	not available	not available	not available	not available	1	AC=EFO:0009656;NT=plasma	run 660	proteomic profiling by mass spectrometry	PRM_20260312_AD_Target_Plate_2_G12.raw	PRM_20260312_AD_Target_Plate_2_G12.raw	NT=Parallel Reaction Monitoring;AC=MS:1002956	AC=MS:1002038;NT=label free sample	1	NT=High-performance liquid chromatography;AC=PRIDE:0000565	1	AC=MS:1001251;NT=Trypsin	not available	NT=Stellar;AC=MS:1003409	NT=Carbamidomethyl;AC=UNIMOD:4;TA=C;MT=Fixed	NT=Higher-energy Collisional Dissociation;AC=MS:1000422	27 NCE	40 ppm	0.05 Da	24005	AD_1
PRM_20260312_AD_Target_Plate_2_H1	H	1	AD_1	85	RH1	0.1	C:\Xcalibur\methods\method1	C:\data\yourdir	PRM_20260312_AD_Target_Plate_2_H1	Homo sapiens	blood plasma	Plate_2	AD_Target	not available	not available	not available	not available	not available	not available	not available	not available	1	AC=EFO:0009656;NT=plasma	run 661	proteomic profiling by mass spectrometry	PRM_20260312_AD_Target_Plate_2_H1.raw	PRM_20260312_AD_Target_Plate_2_H1.raw	NT=Parallel Reaction Monitoring;AC=MS:1002956	AC=MS:1002038;NT=label free sample	1	NT=High-performance liquid chromatography;AC=PRIDE:0000565	1	AC=MS:1001251;NT=Trypsin	not available	NT=Stellar;AC=MS:1003409	NT=Carbamidomethyl;AC=UNIMOD:4;TA=C;MT=Fixed	NT=Higher-energy Collisional Dissociation;AC=MS:1000422	27 NCE	40 ppm	0.05 Da	24005	AD_1
PRM_20260312_AD_Target_Plate_2_H2	H	2	AD_1	86	RH2	0.1	C:\Xcalibur\methods\method1	C:\data\yourdir	PRM_20260312_AD_Target_Plate_2_H2	Homo sapiens	blood plasma	Plate_2	AD_Target	not available	not available	not available	not available	not available	not available	not available	not available	1	AC=EFO:0009656;NT=plasma	run 662	proteomic profiling by mass spectrometry	PRM_20260312_AD_Target_Plate_2_H2.raw	PRM_20260312_AD_Target_Plate_2_H2.raw	NT=Parallel Reaction Monitoring;AC=MS:1002956	AC=MS:1002038;NT=label free sample	1	NT=High-performance liquid chromatography;AC=PRIDE:0000565	1	AC=MS:1001251;NT=Trypsin	not available	NT=Stellar;AC=MS:1003409	NT=Carbamidomethyl;AC=UNIMOD:4;TA=C;MT=Fixed	NT=Higher-energy Collisional Dissociation;AC=MS:1000422	27 NCE	40 ppm	0.05 Da	24005	AD_1
PRM_20260312_AD_Target_Plate_2_H3	H	3	AD_1	87	RH3	0.1	C:\Xcalibur\methods\method1	C:\data\yourdir	PRM_20260312_AD_Target_Plate_2_H3	Homo sapiens	blood plasma	Plate_2	AD_Target	not available	not available	not available	not available	not available	not available	not available	not available	1	AC=EFO:0009656;NT=plasma	run 663	proteomic profiling by mass spectrometry	PRM_20260312_AD_Target_Plate_2_H3.raw	PRM_20260312_AD_Target_Plate_2_H3.raw	NT=Parallel Reaction Monitoring;AC=MS:1002956	AC=MS:1002038;NT=label free sample	1	NT=High-performance liquid chromatography;AC=PRIDE:0000565	1	AC=MS:1001251;NT=Trypsin	not available	NT=Stellar;AC=MS:1003409	NT=Carbamidomethyl;AC=UNIMOD:4;TA=C;MT=Fixed	NT=Higher-energy Collisional Dissociation;AC=MS:1000422	27 NCE	40 ppm	0.05 Da	24005	AD_1
PRM_20260312_AD_Target_Plate_2_H4	H	4	AD_1	88	RH4	0.1	C:\Xcalibur\methods\method1	C:\data\yourdir	PRM_20260312_AD_Target_Plate_2_H4	Homo sapiens	blood plasma	Plate_2	AD_Target	not available	not available	not available	not available	not available	not available	not available	not available	1	AC=EFO:0009656;NT=plasma	run 664	proteomic profiling by mass spectrometry	PRM_20260312_AD_Target_Plate_2_H4.raw	PRM_20260312_AD_Target_Plate_2_H4.raw	NT=Parallel Reaction Monitoring;AC=MS:1002956	AC=MS:1002038;NT=label free sample	1	NT=High-performance liquid chromatography;AC=PRIDE:0000565	1	AC=MS:1001251;NT=Trypsin	not available	NT=Stellar;AC=MS:1003409	NT=Carbamidomethyl;AC=UNIMOD:4;TA=C;MT=Fixed	NT=Higher-energy Collisional Dissociation;AC=MS:1000422	27 NCE	40 ppm	0.05 Da	24005	AD_1
PRM_20260312_AD_Target_Plate_2_H5	H	5	AD_1	89	RH5	0.1	C:\Xcalibur\methods\method1	C:\data\yourdir	PRM_20260312_AD_Target_Plate_2_H5	Homo sapiens	blood plasma	Plate_2	AD_Target	not available	not available	not available	not available	not available	not available	not available	not available	1	AC=EFO:0009656;NT=plasma	run 665	proteomic profiling by mass spectrometry	PRM_20260312_AD_Target_Plate_2_H5.raw	PRM_20260312_AD_Target_Plate_2_H5.raw	NT=Parallel Reaction Monitoring;AC=MS:1002956	AC=MS:1002038;NT=label free sample	1	NT=High-performance liquid chromatography;AC=PRIDE:0000565	1	AC=MS:1001251;NT=Trypsin	not available	NT=Stellar;AC=MS:1003409	NT=Carbamidomethyl;AC=UNIMOD:4;TA=C;MT=Fixed	NT=Higher-energy Collisional Dissociation;AC=MS:1000422	27 NCE	40 ppm	0.05 Da	24005	AD_1
PRM_20260312_AD_Target_Plate_2_H6	H	6	AD_1	90	RH6	0.1	C:\Xcalibur\methods\method1	C:\data\yourdir	PRM_20260312_AD_Target_Plate_2_H6	Homo sapiens	blood plasma	Plate_2	AD_Target	not available	not available	not available	not available	not available	not available	not available	not available	1	AC=EFO:0009656;NT=plasma	run 666	proteomic profiling by mass spectrometry	PRM_20260312_AD_Target_Plate_2_H6.raw	PRM_20260312_AD_Target_Plate_2_H6.raw	NT=Parallel Reaction Monitoring;AC=MS:1002956	AC=MS:1002038;NT=label free sample	1	NT=High-performance liquid chromatography;AC=PRIDE:0000565	1	AC=MS:1001251;NT=Trypsin	not available	NT=Stellar;AC=MS:1003409	NT=Carbamidomethyl;AC=UNIMOD:4;TA=C;MT=Fixed	NT=Higher-energy Collisional Dissociation;AC=MS:1000422	27 NCE	40 ppm	0.05 Da	24005	AD_1
PRM_20260312_AD_Target_Plate_2_H7	H	7	AD_1	91	RH7	0.1	C:\Xcalibur\methods\method1	C:\data\yourdir	PRM_20260312_AD_Target_Plate_2_H7	Homo sapiens	blood plasma	Plate_2	AD_Target	not available	not available	not available	not available	not available	not available	not available	not available	1	AC=EFO:0009656;NT=plasma	run 667	proteomic profiling by mass spectrometry	PRM_20260312_AD_Target_Plate_2_H7.raw	PRM_20260312_AD_Target_Plate_2_H7.raw	NT=Parallel Reaction Monitoring;AC=MS:1002956	AC=MS:1002038;NT=label free sample	1	NT=High-performance liquid chromatography;AC=PRIDE:0000565	1	AC=MS:1001251;NT=Trypsin	not available	NT=Stellar;AC=MS:1003409	NT=Carbamidomethyl;AC=UNIMOD:4;TA=C;MT=Fixed	NT=Higher-energy Collisional Dissociation;AC=MS:1000422	27 NCE	40 ppm	0.05 Da	24005	AD_1
PRM_20260312_AD_Target_Plate_2_H8	H	8	AD_1	92	RH8	0.1	C:\Xcalibur\methods\method1	C:\data\yourdir	PRM_20260312_AD_Target_Plate_2_H8	Homo sapiens	blood plasma	Plate_2	AD_Target	not available	not available	not available	not available	not available	not available	not available	not available	1	AC=EFO:0009656;NT=plasma	run 668	proteomic profiling by mass spectrometry	PRM_20260312_AD_Target_Plate_2_H8.raw	PRM_20260312_AD_Target_Plate_2_H8.raw	NT=Parallel Reaction Monitoring;AC=MS:1002956	AC=MS:1002038;NT=label free sample	1	NT=High-performance liquid chromatography;AC=PRIDE:0000565	1	AC=MS:1001251;NT=Trypsin	not available	NT=Stellar;AC=MS:1003409	NT=Carbamidomethyl;AC=UNIMOD:4;TA=C;MT=Fixed	NT=Higher-energy Collisional Dissociation;AC=MS:1000422	27 NCE	40 ppm	0.05 Da	24005	AD_1
PRM_20260312_AD_Target_Plate_2_H9	H	9	AD_1	93	RH9	0.1	C:\Xcalibur\methods\method1	C:\data\yourdir	PRM_20260312_AD_Target_Plate_2_H9	Homo sapiens	blood plasma	Plate_2	AD_Target	not available	not available	not available	not available	not available	not available	not available	not available	1	AC=EFO:0009656;NT=plasma	run 669	proteomic profiling by mass spectrometry	PRM_20260312_AD_Target_Plate_2_H9.raw	PRM_20260312_AD_Target_Plate_2_H9.raw	NT=Parallel Reaction Monitoring;AC=MS:1002956	AC=MS:1002038;NT=label free sample	1	NT=High-performance liquid chromatography;AC=PRIDE:0000565	1	AC=MS:1001251;NT=Trypsin	not available	NT=Stellar;AC=MS:1003409	NT=Carbamidomethyl;AC=UNIMOD:4;TA=C;MT=Fixed	NT=Higher-energy Collisional Dissociation;AC=MS:1000422	27 NCE	40 ppm	0.05 Da	24005	AD_1
PRM_20260312_AD_Target_Plate_2_H10	H	10	AD_1	94	RH10	0.1	C:\Xcalibur\methods\method1	C:\data\yourdir	PRM_20260312_AD_Target_Plate_2_H10	Homo sapiens	blood plasma	Plate_2	AD_Target	not available	not available	not available	not available	not available	not available	not available	not available	1	AC=EFO:0009656;NT=plasma	run 670	proteomic profiling by mass spectrometry	PRM_20260312_AD_Target_Plate_2_H10.raw	PRM_20260312_AD_Target_Plate_2_H10.raw	NT=Parallel Reaction Monitoring;AC=MS:1002956	AC=MS:1002038;NT=label free sample	1	NT=High-performance liquid chromatography;AC=PRIDE:0000565	1	AC=MS:1001251;NT=Trypsin	not available	NT=Stellar;AC=MS:1003409	NT=Carbamidomethyl;AC=UNIMOD:4;TA=C;MT=Fixed	NT=Higher-energy Collisional Dissociation;AC=MS:1000422	27 NCE	40 ppm	0.05 Da	24005	AD_1
PRM_20260312_AD_Target_Plate_2_H11	H	11	AD_1	95	RH11	0.1	C:\Xcalibur\methods\method1	C:\data\yourdir	PRM_20260312_AD_Target_Plate_2_H11	Homo sapiens	blood plasma	Plate_2	AD_Target	not available	not available	not available	not available	not available	not available	not available	not available	1	AC=EFO:0009656;NT=plasma	run 671	proteomic profiling by mass spectrometry	PRM_20260312_AD_Target_Plate_2_H11.raw	PRM_20260312_AD_Target_Plate_2_H11.raw	NT=Parallel Reaction Monitoring;AC=MS:1002956	AC=MS:1002038;NT=label free sample	1	NT=High-performance liquid chromatography;AC=PRIDE:0000565	1	AC=MS:1001251;NT=Trypsin	not available	NT=Stellar;AC=MS:1003409	NT=Carbamidomethyl;AC=UNIMOD:4;TA=C;MT=Fixed	NT=Higher-energy Collisional Dissociation;AC=MS:1000422	27 NCE	40 ppm	0.05 Da	24005	AD_1
PRM_20260312_AD_Target_Plate_2_H12	H	12	AD_1	96	RH12	0.1	C:\Xcalibur\methods\method1	C:\data\yourdir	PRM_20260312_AD_Target_Plate_2_H12	Homo sapiens	blood plasma	Plate_2	AD_Target	not available	not available	not available	not available	not available	not available	not available	not available	1	AC=EFO:0009656;NT=plasma	run 672	proteomic profiling by mass spectrometry	PRM_20260312_AD_Target_Plate_2_H12.raw	PRM_20260312_AD_Target_Plate_2_H12.raw	NT=Parallel Reaction Monitoring;AC=MS:1002956	AC=MS:1002038;NT=label free sample	1	NT=High-performance liquid chromatography;AC=PRIDE:0000565	1	AC=MS:1001251;NT=Trypsin	not available	NT=Stellar;AC=MS:1003409	NT=Carbamidomethyl;AC=UNIMOD:4;TA=C;MT=Fixed	NT=Higher-energy Collisional Dissociation;AC=MS:1000422	27 NCE	40 ppm	0.05 Da	24005	AD_1
PRM_20260312_AD_Target_Plate_3_A1	A	1	AD_1	1	RA1	0.1	C:\Xcalibur\methods\method1	C:\data\yourdir	PRM_20260312_AD_Target_Plate_3_A1	Homo sapiens	blood plasma	Plate_3	AD_Target	not available	not available	not available	not available	not available	not available	not available	not available	1	AC=EFO:0009656;NT=plasma	run 673	proteomic profiling by mass spectrometry	PRM_20260312_AD_Target_Plate_3_A1.raw	PRM_20260312_AD_Target_Plate_3_A1.raw	NT=Parallel Reaction Monitoring;AC=MS:1002956	AC=MS:1002038;NT=label free sample	1	NT=High-performance liquid chromatography;AC=PRIDE:0000565	1	AC=MS:1001251;NT=Trypsin	not available	NT=Stellar;AC=MS:1003409	NT=Carbamidomethyl;AC=UNIMOD:4;TA=C;MT=Fixed	NT=Higher-energy Collisional Dissociation;AC=MS:1000422	27 NCE	40 ppm	0.05 Da	24005	AD_1
PRM_20260312_AD_Target_Plate_3_A2	A	2	AD_1	2	RA2	0.1	C:\Xcalibur\methods\method1	C:\data\yourdir	PRM_20260312_AD_Target_Plate_3_A2	Homo sapiens	blood plasma	Plate_3	AD_Target	not available	not available	not available	not available	not available	not available	not available	not available	1	AC=EFO:0009656;NT=plasma	run 674	proteomic profiling by mass spectrometry	PRM_20260312_AD_Target_Plate_3_A2.raw	PRM_20260312_AD_Target_Plate_3_A2.raw	NT=Parallel Reaction Monitoring;AC=MS:1002956	AC=MS:1002038;NT=label free sample	1	NT=High-performance liquid chromatography;AC=PRIDE:0000565	1	AC=MS:1001251;NT=Trypsin	not available	NT=Stellar;AC=MS:1003409	NT=Carbamidomethyl;AC=UNIMOD:4;TA=C;MT=Fixed	NT=Higher-energy Collisional Dissociation;AC=MS:1000422	27 NCE	40 ppm	0.05 Da	24005	AD_1
PRM_20260312_AD_Target_Plate_3_A3	A	3	AD_1	3	RA3	0.1	C:\Xcalibur\methods\method1	C:\data\yourdir	PRM_20260312_AD_Target_Plate_3_A3	Homo sapiens	blood plasma	Plate_3	AD_Target	not available	not available	not available	not available	not available	not available	not available	not available	1	AC=EFO:0009656;NT=plasma	run 675	proteomic profiling by mass spectrometry	PRM_20260312_AD_Target_Plate_3_A3.raw	PRM_20260312_AD_Target_Plate_3_A3.raw	NT=Parallel Reaction Monitoring;AC=MS:1002956	AC=MS:1002038;NT=label free sample	1	NT=High-performance liquid chromatography;AC=PRIDE:0000565	1	AC=MS:1001251;NT=Trypsin	not available	NT=Stellar;AC=MS:1003409	NT=Carbamidomethyl;AC=UNIMOD:4;TA=C;MT=Fixed	NT=Higher-energy Collisional Dissociation;AC=MS:1000422	27 NCE	40 ppm	0.05 Da	24005	AD_1
PRM_20260312_AD_Target_Plate_3_A4	A	4	AD_1	4	RA4	0.1	C:\Xcalibur\methods\method1	C:\data\yourdir	PRM_20260312_AD_Target_Plate_3_A4	Homo sapiens	blood plasma	Plate_3	AD_Target	not available	not available	not available	not available	not available	not available	not available	not available	1	AC=EFO:0009656;NT=plasma	run 676	proteomic profiling by mass spectrometry	PRM_20260312_AD_Target_Plate_3_A4.raw	PRM_20260312_AD_Target_Plate_3_A4.raw	NT=Parallel Reaction Monitoring;AC=MS:1002956	AC=MS:1002038;NT=label free sample	1	NT=High-performance liquid chromatography;AC=PRIDE:0000565	1	AC=MS:1001251;NT=Trypsin	not available	NT=Stellar;AC=MS:1003409	NT=Carbamidomethyl;AC=UNIMOD:4;TA=C;MT=Fixed	NT=Higher-energy Collisional Dissociation;AC=MS:1000422	27 NCE	40 ppm	0.05 Da	24005	AD_1
PRM_20260312_AD_Target_Plate_3_A5	A	5	AD_1	5	RA5	0.1	C:\Xcalibur\methods\method1	C:\data\yourdir	PRM_20260312_AD_Target_Plate_3_A5	Homo sapiens	blood plasma	Plate_3	AD_Target	not available	not available	not available	not available	not available	not available	not available	not available	1	AC=EFO:0009656;NT=plasma	run 677	proteomic profiling by mass spectrometry	PRM_20260312_AD_Target_Plate_3_A5.raw	PRM_20260312_AD_Target_Plate_3_A5.raw	NT=Parallel Reaction Monitoring;AC=MS:1002956	AC=MS:1002038;NT=label free sample	1	NT=High-performance liquid chromatography;AC=PRIDE:0000565	1	AC=MS:1001251;NT=Trypsin	not available	NT=Stellar;AC=MS:1003409	NT=Carbamidomethyl;AC=UNIMOD:4;TA=C;MT=Fixed	NT=Higher-energy Collisional Dissociation;AC=MS:1000422	27 NCE	40 ppm	0.05 Da	24005	AD_1
PRM_20260312_AD_Target_Plate_3_A6	A	6	AD_1	6	RA6	0.1	C:\Xcalibur\methods\method1	C:\data\yourdir	PRM_20260312_AD_Target_Plate_3_A6	Homo sapiens	blood plasma	Plate_3	AD_Target	not available	not available	not available	not available	not available	not available	not available	not available	1	AC=EFO:0009656;NT=plasma	run 678	proteomic profiling by mass spectrometry	PRM_20260312_AD_Target_Plate_3_A6.raw	PRM_20260312_AD_Target_Plate_3_A6.raw	NT=Parallel Reaction Monitoring;AC=MS:1002956	AC=MS:1002038;NT=label free sample	1	NT=High-performance liquid chromatography;AC=PRIDE:0000565	1	AC=MS:1001251;NT=Trypsin	not available	NT=Stellar;AC=MS:1003409	NT=Carbamidomethyl;AC=UNIMOD:4;TA=C;MT=Fixed	NT=Higher-energy Collisional Dissociation;AC=MS:1000422	27 NCE	40 ppm	0.05 Da	24005	AD_1
PRM_20260312_AD_Target_Plate_3_A7	A	7	AD_1	7	RA7	0.1	C:\Xcalibur\methods\method1	C:\data\yourdir	PRM_20260312_AD_Target_Plate_3_A7	Homo sapiens	blood plasma	Plate_3	AD_Target	not available	not available	not available	not available	not available	not available	not available	not available	1	AC=EFO:0009656;NT=plasma	run 679	proteomic profiling by mass spectrometry	PRM_20260312_AD_Target_Plate_3_A7.raw	PRM_20260312_AD_Target_Plate_3_A7.raw	NT=Parallel Reaction Monitoring;AC=MS:1002956	AC=MS:1002038;NT=label free sample	1	NT=High-performance liquid chromatography;AC=PRIDE:0000565	1	AC=MS:1001251;NT=Trypsin	not available	NT=Stellar;AC=MS:1003409	NT=Carbamidomethyl;AC=UNIMOD:4;TA=C;MT=Fixed	NT=Higher-energy Collisional Dissociation;AC=MS:1000422	27 NCE	40 ppm	0.05 Da	24005	AD_1
PRM_20260312_AD_Target_Plate_3_A8	A	8	AD_1	8	RA8	0.1	C:\Xcalibur\methods\method1	C:\data\yourdir	PRM_20260312_AD_Target_Plate_3_A8	Homo sapiens	blood plasma	Plate_3	AD_Target	not available	not available	not available	not available	not available	not available	not available	not available	1	AC=EFO:0009656;NT=plasma	run 680	proteomic profiling by mass spectrometry	PRM_20260312_AD_Target_Plate_3_A8.raw	PRM_20260312_AD_Target_Plate_3_A8.raw	NT=Parallel Reaction Monitoring;AC=MS:1002956	AC=MS:1002038;NT=label free sample	1	NT=High-performance liquid chromatography;AC=PRIDE:0000565	1	AC=MS:1001251;NT=Trypsin	not available	NT=Stellar;AC=MS:1003409	NT=Carbamidomethyl;AC=UNIMOD:4;TA=C;MT=Fixed	NT=Higher-energy Collisional Dissociation;AC=MS:1000422	27 NCE	40 ppm	0.05 Da	24005	AD_1
PRM_20260312_AD_Target_Plate_3_A9	A	9	AD_1	9	RA9	0.1	C:\Xcalibur\methods\method1	C:\data\yourdir	PRM_20260312_AD_Target_Plate_3_A9	Homo sapiens	blood plasma	Plate_3	AD_Target	not available	not available	not available	not available	not available	not available	not available	not available	1	AC=EFO:0009656;NT=plasma	run 681	proteomic profiling by mass spectrometry	PRM_20260312_AD_Target_Plate_3_A9.raw	PRM_20260312_AD_Target_Plate_3_A9.raw	NT=Parallel Reaction Monitoring;AC=MS:1002956	AC=MS:1002038;NT=label free sample	1	NT=High-performance liquid chromatography;AC=PRIDE:0000565	1	AC=MS:1001251;NT=Trypsin	not available	NT=Stellar;AC=MS:1003409	NT=Carbamidomethyl;AC=UNIMOD:4;TA=C;MT=Fixed	NT=Higher-energy Collisional Dissociation;AC=MS:1000422	27 NCE	40 ppm	0.05 Da	24005	AD_1
PRM_20260312_AD_Target_Plate_3_A10	A	10	AD_1	10	RA10	0.1	C:\Xcalibur\methods\method1	C:\data\yourdir	PRM_20260312_AD_Target_Plate_3_A10	Homo sapiens	blood plasma	Plate_3	AD_Target	not available	not available	not available	not available	not available	not available	not available	not available	1	AC=EFO:0009656;NT=plasma	run 682	proteomic profiling by mass spectrometry	PRM_20260312_AD_Target_Plate_3_A10.raw	PRM_20260312_AD_Target_Plate_3_A10.raw	NT=Parallel Reaction Monitoring;AC=MS:1002956	AC=MS:1002038;NT=label free sample	1	NT=High-performance liquid chromatography;AC=PRIDE:0000565	1	AC=MS:1001251;NT=Trypsin	not available	NT=Stellar;AC=MS:1003409	NT=Carbamidomethyl;AC=UNIMOD:4;TA=C;MT=Fixed	NT=Higher-energy Collisional Dissociation;AC=MS:1000422	27 NCE	40 ppm	0.05 Da	24005	AD_1
PRM_20260312_AD_Target_Plate_3_A11	A	11	AD_1	11	RA11	0.1	C:\Xcalibur\methods\method1	C:\data\yourdir	PRM_20260312_AD_Target_Plate_3_A11	Homo sapiens	blood plasma	Plate_3	AD_Target	not available	not available	not available	not available	not available	not available	not available	not available	1	AC=EFO:0009656;NT=plasma	run 683	proteomic profiling by mass spectrometry	PRM_20260312_AD_Target_Plate_3_A11.raw	PRM_20260312_AD_Target_Plate_3_A11.raw	NT=Parallel Reaction Monitoring;AC=MS:1002956	AC=MS:1002038;NT=label free sample	1	NT=High-performance liquid chromatography;AC=PRIDE:0000565	1	AC=MS:1001251;NT=Trypsin	not available	NT=Stellar;AC=MS:1003409	NT=Carbamidomethyl;AC=UNIMOD:4;TA=C;MT=Fixed	NT=Higher-energy Collisional Dissociation;AC=MS:1000422	27 NCE	40 ppm	0.05 Da	24005	AD_1
PRM_20260312_AD_Target_Plate_3_A12	A	12	AD_1	12	RA12	0.1	C:\Xcalibur\methods\method1	C:\data\yourdir	PRM_20260312_AD_Target_Plate_3_A12	Homo sapiens	blood plasma	Plate_3	AD_Target	not available	not available	not available	not available	not available	not available	not available	not available	1	AC=EFO:0009656;NT=plasma	run 684	proteomic profiling by mass spectrometry	PRM_20260312_AD_Target_Plate_3_A12.raw	PRM_20260312_AD_Target_Plate_3_A12.raw	NT=Parallel Reaction Monitoring;AC=MS:1002956	AC=MS:1002038;NT=label free sample	1	NT=High-performance liquid chromatography;AC=PRIDE:0000565	1	AC=MS:1001251;NT=Trypsin	not available	NT=Stellar;AC=MS:1003409	NT=Carbamidomethyl;AC=UNIMOD:4;TA=C;MT=Fixed	NT=Higher-energy Collisional Dissociation;AC=MS:1000422	27 NCE	40 ppm	0.05 Da	24005	AD_1
PRM_20260312_AD_Target_Plate_3_B1	B	1	AD_1	13	RB1	0.1	C:\Xcalibur\methods\method1	C:\data\yourdir	PRM_20260312_AD_Target_Plate_3_B1	Homo sapiens	blood plasma	Plate_3	AD_Target	not available	not available	not available	not available	not available	not available	not available	not available	1	AC=EFO:0009656;NT=plasma	run 685	proteomic profiling by mass spectrometry	PRM_20260312_AD_Target_Plate_3_B1.raw	PRM_20260312_AD_Target_Plate_3_B1.raw	NT=Parallel Reaction Monitoring;AC=MS:1002956	AC=MS:1002038;NT=label free sample	1	NT=High-performance liquid chromatography;AC=PRIDE:0000565	1	AC=MS:1001251;NT=Trypsin	not available	NT=Stellar;AC=MS:1003409	NT=Carbamidomethyl;AC=UNIMOD:4;TA=C;MT=Fixed	NT=Higher-energy Collisional Dissociation;AC=MS:1000422	27 NCE	40 ppm	0.05 Da	24005	AD_1
PRM_20260312_AD_Target_Plate_3_B2	B	2	AD_1	14	RB2	0.1	C:\Xcalibur\methods\method1	C:\data\yourdir	PRM_20260312_AD_Target_Plate_3_B2	Homo sapiens	blood plasma	Plate_3	AD_Target	not available	not available	not available	not available	not available	not available	not available	not available	1	AC=EFO:0009656;NT=plasma	run 686	proteomic profiling by mass spectrometry	PRM_20260312_AD_Target_Plate_3_B2.raw	PRM_20260312_AD_Target_Plate_3_B2.raw	NT=Parallel Reaction Monitoring;AC=MS:1002956	AC=MS:1002038;NT=label free sample	1	NT=High-performance liquid chromatography;AC=PRIDE:0000565	1	AC=MS:1001251;NT=Trypsin	not available	NT=Stellar;AC=MS:1003409	NT=Carbamidomethyl;AC=UNIMOD:4;TA=C;MT=Fixed	NT=Higher-energy Collisional Dissociation;AC=MS:1000422	27 NCE	40 ppm	0.05 Da	24005	AD_1
PRM_20260312_AD_Target_Plate_3_B3	B	3	AD_1	15	RB3	0.1	C:\Xcalibur\methods\method1	C:\data\yourdir	PRM_20260312_AD_Target_Plate_3_B3	Homo sapiens	blood plasma	Plate_3	AD_Target	not available	not available	not available	not available	not available	not available	not available	not available	1	AC=EFO:0009656;NT=plasma	run 687	proteomic profiling by mass spectrometry	PRM_20260312_AD_Target_Plate_3_B3.raw	PRM_20260312_AD_Target_Plate_3_B3.raw	NT=Parallel Reaction Monitoring;AC=MS:1002956	AC=MS:1002038;NT=label free sample	1	NT=High-performance liquid chromatography;AC=PRIDE:0000565	1	AC=MS:1001251;NT=Trypsin	not available	NT=Stellar;AC=MS:1003409	NT=Carbamidomethyl;AC=UNIMOD:4;TA=C;MT=Fixed	NT=Higher-energy Collisional Dissociation;AC=MS:1000422	27 NCE	40 ppm	0.05 Da	24005	AD_1
PRM_20260312_AD_Target_Plate_3_B4	B	4	AD_1	16	RB4	0.1	C:\Xcalibur\methods\method1	C:\data\yourdir	PRM_20260312_AD_Target_Plate_3_B4	Homo sapiens	blood plasma	Plate_3	AD_Target	not available	not available	not available	not available	not available	not available	not available	not available	1	AC=EFO:0009656;NT=plasma	run 688	proteomic profiling by mass spectrometry	PRM_20260312_AD_Target_Plate_3_B4.raw	PRM_20260312_AD_Target_Plate_3_B4.raw	NT=Parallel Reaction Monitoring;AC=MS:1002956	AC=MS:1002038;NT=label free sample	1	NT=High-performance liquid chromatography;AC=PRIDE:0000565	1	AC=MS:1001251;NT=Trypsin	not available	NT=Stellar;AC=MS:1003409	NT=Carbamidomethyl;AC=UNIMOD:4;TA=C;MT=Fixed	NT=Higher-energy Collisional Dissociation;AC=MS:1000422	27 NCE	40 ppm	0.05 Da	24005	AD_1
PRM_20260312_AD_Target_Plate_3_B5	B	5	AD_1	17	RB5	0.1	C:\Xcalibur\methods\method1	C:\data\yourdir	PRM_20260312_AD_Target_Plate_3_B5	Homo sapiens	blood plasma	Plate_3	AD_Target	not available	not available	not available	not available	not available	not available	not available	not available	1	AC=EFO:0009656;NT=plasma	run 689	proteomic profiling by mass spectrometry	PRM_20260312_AD_Target_Plate_3_B5.raw	PRM_20260312_AD_Target_Plate_3_B5.raw	NT=Parallel Reaction Monitoring;AC=MS:1002956	AC=MS:1002038;NT=label free sample	1	NT=High-performance liquid chromatography;AC=PRIDE:0000565	1	AC=MS:1001251;NT=Trypsin	not available	NT=Stellar;AC=MS:1003409	NT=Carbamidomethyl;AC=UNIMOD:4;TA=C;MT=Fixed	NT=Higher-energy Collisional Dissociation;AC=MS:1000422	27 NCE	40 ppm	0.05 Da	24005	AD_1
PRM_20260312_AD_Target_Plate_3_B6	B	6	AD_1	18	RB6	0.1	C:\Xcalibur\methods\method1	C:\data\yourdir	PRM_20260312_AD_Target_Plate_3_B6	Homo sapiens	blood plasma	Plate_3	AD_Target	not available	not available	not available	not available	not available	not available	not available	not available	1	AC=EFO:0009656;NT=plasma	run 690	proteomic profiling by mass spectrometry	PRM_20260312_AD_Target_Plate_3_B6.raw	PRM_20260312_AD_Target_Plate_3_B6.raw	NT=Parallel Reaction Monitoring;AC=MS:1002956	AC=MS:1002038;NT=label free sample	1	NT=High-performance liquid chromatography;AC=PRIDE:0000565	1	AC=MS:1001251;NT=Trypsin	not available	NT=Stellar;AC=MS:1003409	NT=Carbamidomethyl;AC=UNIMOD:4;TA=C;MT=Fixed	NT=Higher-energy Collisional Dissociation;AC=MS:1000422	27 NCE	40 ppm	0.05 Da	24005	AD_1
PRM_20260312_AD_Target_Plate_3_B7	B	7	AD_1	19	RB7	0.1	C:\Xcalibur\methods\method1	C:\data\yourdir	PRM_20260312_AD_Target_Plate_3_B7	Homo sapiens	blood plasma	Plate_3	AD_Target	not available	not available	not available	not available	not available	not available	not available	not available	1	AC=EFO:0009656;NT=plasma	run 691	proteomic profiling by mass spectrometry	PRM_20260312_AD_Target_Plate_3_B7.raw	PRM_20260312_AD_Target_Plate_3_B7.raw	NT=Parallel Reaction Monitoring;AC=MS:1002956	AC=MS:1002038;NT=label free sample	1	NT=High-performance liquid chromatography;AC=PRIDE:0000565	1	AC=MS:1001251;NT=Trypsin	not available	NT=Stellar;AC=MS:1003409	NT=Carbamidomethyl;AC=UNIMOD:4;TA=C;MT=Fixed	NT=Higher-energy Collisional Dissociation;AC=MS:1000422	27 NCE	40 ppm	0.05 Da	24005	AD_1
PRM_20260312_AD_Target_Plate_3_B8	B	8	AD_1	20	RB8	0.1	C:\Xcalibur\methods\method1	C:\data\yourdir	PRM_20260312_AD_Target_Plate_3_B8	Homo sapiens	blood plasma	Plate_3	AD_Target	not available	not available	not available	not available	not available	not available	not available	not available	1	AC=EFO:0009656;NT=plasma	run 692	proteomic profiling by mass spectrometry	PRM_20260312_AD_Target_Plate_3_B8.raw	PRM_20260312_AD_Target_Plate_3_B8.raw	NT=Parallel Reaction Monitoring;AC=MS:1002956	AC=MS:1002038;NT=label free sample	1	NT=High-performance liquid chromatography;AC=PRIDE:0000565	1	AC=MS:1001251;NT=Trypsin	not available	NT=Stellar;AC=MS:1003409	NT=Carbamidomethyl;AC=UNIMOD:4;TA=C;MT=Fixed	NT=Higher-energy Collisional Dissociation;AC=MS:1000422	27 NCE	40 ppm	0.05 Da	24005	AD_1
PRM_20260312_AD_Target_Plate_3_B9	B	9	AD_1	21	RB9	0.1	C:\Xcalibur\methods\method1	C:\data\yourdir	PRM_20260312_AD_Target_Plate_3_B9	Homo sapiens	blood plasma	Plate_3	AD_Target	not available	not available	not available	not available	not available	not available	not available	not available	1	AC=EFO:0009656;NT=plasma	run 693	proteomic profiling by mass spectrometry	PRM_20260312_AD_Target_Plate_3_B9.raw	PRM_20260312_AD_Target_Plate_3_B9.raw	NT=Parallel Reaction Monitoring;AC=MS:1002956	AC=MS:1002038;NT=label free sample	1	NT=High-performance liquid chromatography;AC=PRIDE:0000565	1	AC=MS:1001251;NT=Trypsin	not available	NT=Stellar;AC=MS:1003409	NT=Carbamidomethyl;AC=UNIMOD:4;TA=C;MT=Fixed	NT=Higher-energy Collisional Dissociation;AC=MS:1000422	27 NCE	40 ppm	0.05 Da	24005	AD_1
PRM_20260312_AD_Target_Plate_3_B10	B	10	AD_1	22	RB10	0.1	C:\Xcalibur\methods\method1	C:\data\yourdir	PRM_20260312_AD_Target_Plate_3_B10	Homo sapiens	blood plasma	Plate_3	AD_Target	not available	not available	not available	not available	not available	not available	not available	not available	1	AC=EFO:0009656;NT=plasma	run 694	proteomic profiling by mass spectrometry	PRM_20260312_AD_Target_Plate_3_B10.raw	PRM_20260312_AD_Target_Plate_3_B10.raw	NT=Parallel Reaction Monitoring;AC=MS:1002956	AC=MS:1002038;NT=label free sample	1	NT=High-performance liquid chromatography;AC=PRIDE:0000565	1	AC=MS:1001251;NT=Trypsin	not available	NT=Stellar;AC=MS:1003409	NT=Carbamidomethyl;AC=UNIMOD:4;TA=C;MT=Fixed	NT=Higher-energy Collisional Dissociation;AC=MS:1000422	27 NCE	40 ppm	0.05 Da	24005	AD_1
PRM_20260312_AD_Target_Plate_3_B11	B	11	AD_1	23	RB11	0.1	C:\Xcalibur\methods\method1	C:\data\yourdir	PRM_20260312_AD_Target_Plate_3_B11	Homo sapiens	blood plasma	Plate_3	AD_Target	not available	not available	not available	not available	not available	not available	not available	not available	1	AC=EFO:0009656;NT=plasma	run 695	proteomic profiling by mass spectrometry	PRM_20260312_AD_Target_Plate_3_B11.raw	PRM_20260312_AD_Target_Plate_3_B11.raw	NT=Parallel Reaction Monitoring;AC=MS:1002956	AC=MS:1002038;NT=label free sample	1	NT=High-performance liquid chromatography;AC=PRIDE:0000565	1	AC=MS:1001251;NT=Trypsin	not available	NT=Stellar;AC=MS:1003409	NT=Carbamidomethyl;AC=UNIMOD:4;TA=C;MT=Fixed	NT=Higher-energy Collisional Dissociation;AC=MS:1000422	27 NCE	40 ppm	0.05 Da	24005	AD_1
PRM_20260312_AD_Target_Plate_3_B12	B	12	AD_1	24	RB12	0.1	C:\Xcalibur\methods\method1	C:\data\yourdir	PRM_20260312_AD_Target_Plate_3_B12	Homo sapiens	blood plasma	Plate_3	AD_Target	not available	not available	not available	not available	not available	not available	not available	not available	1	AC=EFO:0009656;NT=plasma	run 696	proteomic profiling by mass spectrometry	PRM_20260312_AD_Target_Plate_3_B12.raw	PRM_20260312_AD_Target_Plate_3_B12.raw	NT=Parallel Reaction Monitoring;AC=MS:1002956	AC=MS:1002038;NT=label free sample	1	NT=High-performance liquid chromatography;AC=PRIDE:0000565	1	AC=MS:1001251;NT=Trypsin	not available	NT=Stellar;AC=MS:1003409	NT=Carbamidomethyl;AC=UNIMOD:4;TA=C;MT=Fixed	NT=Higher-energy Collisional Dissociation;AC=MS:1000422	27 NCE	40 ppm	0.05 Da	24005	AD_1
PRM_20260312_AD_Target_Plate_3_C1	C	1	AD_1	25	RC1	0.1	C:\Xcalibur\methods\method1	C:\data\yourdir	PRM_20260312_AD_Target_Plate_3_C1	Homo sapiens	blood plasma	Plate_3	AD_Target	not available	not available	not available	not available	not available	not available	not available	not available	1	AC=EFO:0009656;NT=plasma	run 697	proteomic profiling by mass spectrometry	PRM_20260312_AD_Target_Plate_3_C1.raw	PRM_20260312_AD_Target_Plate_3_C1.raw	NT=Parallel Reaction Monitoring;AC=MS:1002956	AC=MS:1002038;NT=label free sample	1	NT=High-performance liquid chromatography;AC=PRIDE:0000565	1	AC=MS:1001251;NT=Trypsin	not available	NT=Stellar;AC=MS:1003409	NT=Carbamidomethyl;AC=UNIMOD:4;TA=C;MT=Fixed	NT=Higher-energy Collisional Dissociation;AC=MS:1000422	27 NCE	40 ppm	0.05 Da	24005	AD_1
PRM_20260312_AD_Target_Plate_3_C2	C	2	AD_1	26	RC2	0.1	C:\Xcalibur\methods\method1	C:\data\yourdir	PRM_20260312_AD_Target_Plate_3_C2	Homo sapiens	blood plasma	Plate_3	AD_Target	not available	not available	not available	not available	not available	not available	not available	not available	1	AC=EFO:0009656;NT=plasma	run 698	proteomic profiling by mass spectrometry	PRM_20260312_AD_Target_Plate_3_C2.raw	PRM_20260312_AD_Target_Plate_3_C2.raw	NT=Parallel Reaction Monitoring;AC=MS:1002956	AC=MS:1002038;NT=label free sample	1	NT=High-performance liquid chromatography;AC=PRIDE:0000565	1	AC=MS:1001251;NT=Trypsin	not available	NT=Stellar;AC=MS:1003409	NT=Carbamidomethyl;AC=UNIMOD:4;TA=C;MT=Fixed	NT=Higher-energy Collisional Dissociation;AC=MS:1000422	27 NCE	40 ppm	0.05 Da	24005	AD_1
PRM_20260312_AD_Target_Plate_3_C3	C	3	AD_1	27	RC3	0.1	C:\Xcalibur\methods\method1	C:\data\yourdir	PRM_20260312_AD_Target_Plate_3_C3	Homo sapiens	blood plasma	Plate_3	AD_Target	not available	not available	not available	not available	not available	not available	not available	not available	1	AC=EFO:0009656;NT=plasma	run 699	proteomic profiling by mass spectrometry	PRM_20260312_AD_Target_Plate_3_C3.raw	PRM_20260312_AD_Target_Plate_3_C3.raw	NT=Parallel Reaction Monitoring;AC=MS:1002956	AC=MS:1002038;NT=label free sample	1	NT=High-performance liquid chromatography;AC=PRIDE:0000565	1	AC=MS:1001251;NT=Trypsin	not available	NT=Stellar;AC=MS:1003409	NT=Carbamidomethyl;AC=UNIMOD:4;TA=C;MT=Fixed	NT=Higher-energy Collisional Dissociation;AC=MS:1000422	27 NCE	40 ppm	0.05 Da	24005	AD_1
PRM_20260312_AD_Target_Plate_3_C4	C	4	AD_1	28	RC4	0.1	C:\Xcalibur\methods\method1	C:\data\yourdir	PRM_20260312_AD_Target_Plate_3_C4	Homo sapiens	blood plasma	Plate_3	AD_Target	not available	not available	not available	not available	not available	not available	not available	not available	1	AC=EFO:0009656;NT=plasma	run 700	proteomic profiling by mass spectrometry	PRM_20260312_AD_Target_Plate_3_C4.raw	PRM_20260312_AD_Target_Plate_3_C4.raw	NT=Parallel Reaction Monitoring;AC=MS:1002956	AC=MS:1002038;NT=label free sample	1	NT=High-performance liquid chromatography;AC=PRIDE:0000565	1	AC=MS:1001251;NT=Trypsin	not available	NT=Stellar;AC=MS:1003409	NT=Carbamidomethyl;AC=UNIMOD:4;TA=C;MT=Fixed	NT=Higher-energy Collisional Dissociation;AC=MS:1000422	27 NCE	40 ppm	0.05 Da	24005	AD_1
PRM_20260312_AD_Target_Plate_3_C5	C	5	AD_1	29	RC5	0.1	C:\Xcalibur\methods\method1	C:\data\yourdir	PRM_20260312_AD_Target_Plate_3_C5	Homo sapiens	blood plasma	Plate_3	AD_Target	not available	not available	not available	not available	not available	not available	not available	not available	1	AC=EFO:0009656;NT=plasma	run 701	proteomic profiling by mass spectrometry	PRM_20260312_AD_Target_Plate_3_C5.raw	PRM_20260312_AD_Target_Plate_3_C5.raw	NT=Parallel Reaction Monitoring;AC=MS:1002956	AC=MS:1002038;NT=label free sample	1	NT=High-performance liquid chromatography;AC=PRIDE:0000565	1	AC=MS:1001251;NT=Trypsin	not available	NT=Stellar;AC=MS:1003409	NT=Carbamidomethyl;AC=UNIMOD:4;TA=C;MT=Fixed	NT=Higher-energy Collisional Dissociation;AC=MS:1000422	27 NCE	40 ppm	0.05 Da	24005	AD_1
PRM_20260312_AD_Target_Plate_3_C6	C	6	AD_1	30	RC6	0.1	C:\Xcalibur\methods\method1	C:\data\yourdir	PRM_20260312_AD_Target_Plate_3_C6	Homo sapiens	blood plasma	Plate_3	AD_Target	not available	not available	not available	not available	not available	not available	not available	not available	1	AC=EFO:0009656;NT=plasma	run 702	proteomic profiling by mass spectrometry	PRM_20260312_AD_Target_Plate_3_C6.raw	PRM_20260312_AD_Target_Plate_3_C6.raw	NT=Parallel Reaction Monitoring;AC=MS:1002956	AC=MS:1002038;NT=label free sample	1	NT=High-performance liquid chromatography;AC=PRIDE:0000565	1	AC=MS:1001251;NT=Trypsin	not available	NT=Stellar;AC=MS:1003409	NT=Carbamidomethyl;AC=UNIMOD:4;TA=C;MT=Fixed	NT=Higher-energy Collisional Dissociation;AC=MS:1000422	27 NCE	40 ppm	0.05 Da	24005	AD_1
PRM_20260312_AD_Target_Plate_3_C7	C	7	AD_1	31	RC7	0.1	C:\Xcalibur\methods\method1	C:\data\yourdir	PRM_20260312_AD_Target_Plate_3_C7	Homo sapiens	blood plasma	Plate_3	AD_Target	not available	not available	not available	not available	not available	not available	not available	not available	1	AC=EFO:0009656;NT=plasma	run 703	proteomic profiling by mass spectrometry	PRM_20260312_AD_Target_Plate_3_C7.raw	PRM_20260312_AD_Target_Plate_3_C7.raw	NT=Parallel Reaction Monitoring;AC=MS:1002956	AC=MS:1002038;NT=label free sample	1	NT=High-performance liquid chromatography;AC=PRIDE:0000565	1	AC=MS:1001251;NT=Trypsin	not available	NT=Stellar;AC=MS:1003409	NT=Carbamidomethyl;AC=UNIMOD:4;TA=C;MT=Fixed	NT=Higher-energy Collisional Dissociation;AC=MS:1000422	27 NCE	40 ppm	0.05 Da	24005	AD_1
PRM_20260312_AD_Target_Plate_3_C8	C	8	AD_1	32	RC8	0.1	C:\Xcalibur\methods\method1	C:\data\yourdir	PRM_20260312_AD_Target_Plate_3_C8	Homo sapiens	blood plasma	Plate_3	AD_Target	not available	not available	not available	not available	not available	not available	not available	not available	1	AC=EFO:0009656;NT=plasma	run 704	proteomic profiling by mass spectrometry	PRM_20260312_AD_Target_Plate_3_C8.raw	PRM_20260312_AD_Target_Plate_3_C8.raw	NT=Parallel Reaction Monitoring;AC=MS:1002956	AC=MS:1002038;NT=label free sample	1	NT=High-performance liquid chromatography;AC=PRIDE:0000565	1	AC=MS:1001251;NT=Trypsin	not available	NT=Stellar;AC=MS:1003409	NT=Carbamidomethyl;AC=UNIMOD:4;TA=C;MT=Fixed	NT=Higher-energy Collisional Dissociation;AC=MS:1000422	27 NCE	40 ppm	0.05 Da	24005	AD_1
PRM_20260312_AD_Target_Plate_3_C9	C	9	AD_1	33	RC9	0.1	C:\Xcalibur\methods\method1	C:\data\yourdir	PRM_20260312_AD_Target_Plate_3_C9	Homo sapiens	blood plasma	Plate_3	AD_Target	not available	not available	not available	not available	not available	not available	not available	not available	1	AC=EFO:0009656;NT=plasma	run 705	proteomic profiling by mass spectrometry	PRM_20260312_AD_Target_Plate_3_C9.raw	PRM_20260312_AD_Target_Plate_3_C9.raw	NT=Parallel Reaction Monitoring;AC=MS:1002956	AC=MS:1002038;NT=label free sample	1	NT=High-performance liquid chromatography;AC=PRIDE:0000565	1	AC=MS:1001251;NT=Trypsin	not available	NT=Stellar;AC=MS:1003409	NT=Carbamidomethyl;AC=UNIMOD:4;TA=C;MT=Fixed	NT=Higher-energy Collisional Dissociation;AC=MS:1000422	27 NCE	40 ppm	0.05 Da	24005	AD_1
PRM_20260312_AD_Target_Plate_3_C10	C	10	AD_1	34	RC10	0.1	C:\Xcalibur\methods\method1	C:\data\yourdir	PRM_20260312_AD_Target_Plate_3_C10	Homo sapiens	blood plasma	Plate_3	AD_Target	not available	not available	not available	not available	not available	not available	not available	not available	1	AC=EFO:0009656;NT=plasma	run 706	proteomic profiling by mass spectrometry	PRM_20260312_AD_Target_Plate_3_C10.raw	PRM_20260312_AD_Target_Plate_3_C10.raw	NT=Parallel Reaction Monitoring;AC=MS:1002956	AC=MS:1002038;NT=label free sample	1	NT=High-performance liquid chromatography;AC=PRIDE:0000565	1	AC=MS:1001251;NT=Trypsin	not available	NT=Stellar;AC=MS:1003409	NT=Carbamidomethyl;AC=UNIMOD:4;TA=C;MT=Fixed	NT=Higher-energy Collisional Dissociation;AC=MS:1000422	27 NCE	40 ppm	0.05 Da	24005	AD_1
PRM_20260312_AD_Target_Plate_3_C11	C	11	AD_1	35	RC11	0.1	C:\Xcalibur\methods\method1	C:\data\yourdir	PRM_20260312_AD_Target_Plate_3_C11	Homo sapiens	blood plasma	Plate_3	AD_Target	not available	not available	not available	not available	not available	not available	not available	not available	1	AC=EFO:0009656;NT=plasma	run 707	proteomic profiling by mass spectrometry	PRM_20260312_AD_Target_Plate_3_C11.raw	PRM_20260312_AD_Target_Plate_3_C11.raw	NT=Parallel Reaction Monitoring;AC=MS:1002956	AC=MS:1002038;NT=label free sample	1	NT=High-performance liquid chromatography;AC=PRIDE:0000565	1	AC=MS:1001251;NT=Trypsin	not available	NT=Stellar;AC=MS:1003409	NT=Carbamidomethyl;AC=UNIMOD:4;TA=C;MT=Fixed	NT=Higher-energy Collisional Dissociation;AC=MS:1000422	27 NCE	40 ppm	0.05 Da	24005	AD_1
PRM_20260312_AD_Target_Plate_3_C12	C	12	AD_1	36	RC12	0.1	C:\Xcalibur\methods\method1	C:\data\yourdir	PRM_20260312_AD_Target_Plate_3_C12	Homo sapiens	blood plasma	Plate_3	AD_Target	not available	not available	not available	not available	not available	not available	not available	not available	1	AC=EFO:0009656;NT=plasma	run 708	proteomic profiling by mass spectrometry	PRM_20260312_AD_Target_Plate_3_C12.raw	PRM_20260312_AD_Target_Plate_3_C12.raw	NT=Parallel Reaction Monitoring;AC=MS:1002956	AC=MS:1002038;NT=label free sample	1	NT=High-performance liquid chromatography;AC=PRIDE:0000565	1	AC=MS:1001251;NT=Trypsin	not available	NT=Stellar;AC=MS:1003409	NT=Carbamidomethyl;AC=UNIMOD:4;TA=C;MT=Fixed	NT=Higher-energy Collisional Dissociation;AC=MS:1000422	27 NCE	40 ppm	0.05 Da	24005	AD_1
PRM_20260312_AD_Target_Plate_3_D1	D	1	AD_1	37	RD1	0.1	C:\Xcalibur\methods\method1	C:\data\yourdir	PRM_20260312_AD_Target_Plate_3_D1	Homo sapiens	blood plasma	Plate_3	AD_Target	not available	not available	not available	not available	not available	not available	not available	not available	1	AC=EFO:0009656;NT=plasma	run 709	proteomic profiling by mass spectrometry	PRM_20260312_AD_Target_Plate_3_D1.raw	PRM_20260312_AD_Target_Plate_3_D1.raw	NT=Parallel Reaction Monitoring;AC=MS:1002956	AC=MS:1002038;NT=label free sample	1	NT=High-performance liquid chromatography;AC=PRIDE:0000565	1	AC=MS:1001251;NT=Trypsin	not available	NT=Stellar;AC=MS:1003409	NT=Carbamidomethyl;AC=UNIMOD:4;TA=C;MT=Fixed	NT=Higher-energy Collisional Dissociation;AC=MS:1000422	27 NCE	40 ppm	0.05 Da	24005	AD_1
PRM_20260312_AD_Target_Plate_3_D2	D	2	AD_1	38	RD2	0.1	C:\Xcalibur\methods\method1	C:\data\yourdir	PRM_20260312_AD_Target_Plate_3_D2	Homo sapiens	blood plasma	Plate_3	AD_Target	not available	not available	not available	not available	not available	not available	not available	not available	1	AC=EFO:0009656;NT=plasma	run 710	proteomic profiling by mass spectrometry	PRM_20260312_AD_Target_Plate_3_D2.raw	PRM_20260312_AD_Target_Plate_3_D2.raw	NT=Parallel Reaction Monitoring;AC=MS:1002956	AC=MS:1002038;NT=label free sample	1	NT=High-performance liquid chromatography;AC=PRIDE:0000565	1	AC=MS:1001251;NT=Trypsin	not available	NT=Stellar;AC=MS:1003409	NT=Carbamidomethyl;AC=UNIMOD:4;TA=C;MT=Fixed	NT=Higher-energy Collisional Dissociation;AC=MS:1000422	27 NCE	40 ppm	0.05 Da	24005	AD_1
PRM_20260312_AD_Target_Plate_3_D3	D	3	AD_1	39	RD3	0.1	C:\Xcalibur\methods\method1	C:\data\yourdir	PRM_20260312_AD_Target_Plate_3_D3	Homo sapiens	blood plasma	Plate_3	AD_Target	not available	not available	not available	not available	not available	not available	not available	not available	1	AC=EFO:0009656;NT=plasma	run 711	proteomic profiling by mass spectrometry	PRM_20260312_AD_Target_Plate_3_D3.raw	PRM_20260312_AD_Target_Plate_3_D3.raw	NT=Parallel Reaction Monitoring;AC=MS:1002956	AC=MS:1002038;NT=label free sample	1	NT=High-performance liquid chromatography;AC=PRIDE:0000565	1	AC=MS:1001251;NT=Trypsin	not available	NT=Stellar;AC=MS:1003409	NT=Carbamidomethyl;AC=UNIMOD:4;TA=C;MT=Fixed	NT=Higher-energy Collisional Dissociation;AC=MS:1000422	27 NCE	40 ppm	0.05 Da	24005	AD_1
PRM_20260312_AD_Target_Plate_3_D4	D	4	AD_1	40	RD4	0.1	C:\Xcalibur\methods\method1	C:\data\yourdir	PRM_20260312_AD_Target_Plate_3_D4	Homo sapiens	blood plasma	Plate_3	AD_Target	not available	not available	not available	not available	not available	not available	not available	not available	1	AC=EFO:0009656;NT=plasma	run 712	proteomic profiling by mass spectrometry	PRM_20260312_AD_Target_Plate_3_D4.raw	PRM_20260312_AD_Target_Plate_3_D4.raw	NT=Parallel Reaction Monitoring;AC=MS:1002956	AC=MS:1002038;NT=label free sample	1	NT=High-performance liquid chromatography;AC=PRIDE:0000565	1	AC=MS:1001251;NT=Trypsin	not available	NT=Stellar;AC=MS:1003409	NT=Carbamidomethyl;AC=UNIMOD:4;TA=C;MT=Fixed	NT=Higher-energy Collisional Dissociation;AC=MS:1000422	27 NCE	40 ppm	0.05 Da	24005	AD_1
PRM_20260312_AD_Target_Plate_3_D5	D	5	AD_1	41	RD5	0.1	C:\Xcalibur\methods\method1	C:\data\yourdir	PRM_20260312_AD_Target_Plate_3_D5	Homo sapiens	blood plasma	Plate_3	AD_Target	not available	not available	not available	not available	not available	not available	not available	not available	1	AC=EFO:0009656;NT=plasma	run 713	proteomic profiling by mass spectrometry	PRM_20260312_AD_Target_Plate_3_D5.raw	PRM_20260312_AD_Target_Plate_3_D5.raw	NT=Parallel Reaction Monitoring;AC=MS:1002956	AC=MS:1002038;NT=label free sample	1	NT=High-performance liquid chromatography;AC=PRIDE:0000565	1	AC=MS:1001251;NT=Trypsin	not available	NT=Stellar;AC=MS:1003409	NT=Carbamidomethyl;AC=UNIMOD:4;TA=C;MT=Fixed	NT=Higher-energy Collisional Dissociation;AC=MS:1000422	27 NCE	40 ppm	0.05 Da	24005	AD_1
PRM_20260312_AD_Target_Plate_3_D6	D	6	Control	42	RD6	0.1	C:\Xcalibur\methods\method1	C:\data\yourdir	PRM_20260312_AD_Target_Plate_3_D6	Homo sapiens	blood plasma	Plate_3	AD_Target	not available	not available	not available	not available	not available	not available	not available	not available	1	AC=EFO:0009656;NT=plasma	run 714	proteomic profiling by mass spectrometry	PRM_20260312_AD_Target_Plate_3_D6.raw	PRM_20260312_AD_Target_Plate_3_D6.raw	NT=Parallel Reaction Monitoring;AC=MS:1002956	AC=MS:1002038;NT=label free sample	1	NT=High-performance liquid chromatography;AC=PRIDE:0000565	1	AC=MS:1001251;NT=Trypsin	not available	NT=Stellar;AC=MS:1003409	NT=Carbamidomethyl;AC=UNIMOD:4;TA=C;MT=Fixed	NT=Higher-energy Collisional Dissociation;AC=MS:1000422	27 NCE	40 ppm	0.05 Da	24005	Control
PRM_20260312_AD_Target_Plate_3_D7	D	7	AD_1	43	RD7	0.1	C:\Xcalibur\methods\method1	C:\data\yourdir	PRM_20260312_AD_Target_Plate_3_D7	Homo sapiens	blood plasma	Plate_3	AD_Target	not available	not available	not available	not available	not available	not available	not available	not available	1	AC=EFO:0009656;NT=plasma	run 715	proteomic profiling by mass spectrometry	PRM_20260312_AD_Target_Plate_3_D7.raw	PRM_20260312_AD_Target_Plate_3_D7.raw	NT=Parallel Reaction Monitoring;AC=MS:1002956	AC=MS:1002038;NT=label free sample	1	NT=High-performance liquid chromatography;AC=PRIDE:0000565	1	AC=MS:1001251;NT=Trypsin	not available	NT=Stellar;AC=MS:1003409	NT=Carbamidomethyl;AC=UNIMOD:4;TA=C;MT=Fixed	NT=Higher-energy Collisional Dissociation;AC=MS:1000422	27 NCE	40 ppm	0.05 Da	24005	AD_1
PRM_20260312_AD_Target_Plate_3_D8	D	8	AD_1	44	RD8	0.1	C:\Xcalibur\methods\method1	C:\data\yourdir	PRM_20260312_AD_Target_Plate_3_D8	Homo sapiens	blood plasma	Plate_3	AD_Target	not available	not available	not available	not available	not available	not available	not available	not available	1	AC=EFO:0009656;NT=plasma	run 716	proteomic profiling by mass spectrometry	PRM_20260312_AD_Target_Plate_3_D8.raw	PRM_20260312_AD_Target_Plate_3_D8.raw	NT=Parallel Reaction Monitoring;AC=MS:1002956	AC=MS:1002038;NT=label free sample	1	NT=High-performance liquid chromatography;AC=PRIDE:0000565	1	AC=MS:1001251;NT=Trypsin	not available	NT=Stellar;AC=MS:1003409	NT=Carbamidomethyl;AC=UNIMOD:4;TA=C;MT=Fixed	NT=Higher-energy Collisional Dissociation;AC=MS:1000422	27 NCE	40 ppm	0.05 Da	24005	AD_1
PRM_20260312_AD_Target_Plate_3_D9	D	9	AD_1	45	RD9	0.1	C:\Xcalibur\methods\method1	C:\data\yourdir	PRM_20260312_AD_Target_Plate_3_D9	Homo sapiens	blood plasma	Plate_3	AD_Target	not available	not available	not available	not available	not available	not available	not available	not available	1	AC=EFO:0009656;NT=plasma	run 717	proteomic profiling by mass spectrometry	PRM_20260312_AD_Target_Plate_3_D9.raw	PRM_20260312_AD_Target_Plate_3_D9.raw	NT=Parallel Reaction Monitoring;AC=MS:1002956	AC=MS:1002038;NT=label free sample	1	NT=High-performance liquid chromatography;AC=PRIDE:0000565	1	AC=MS:1001251;NT=Trypsin	not available	NT=Stellar;AC=MS:1003409	NT=Carbamidomethyl;AC=UNIMOD:4;TA=C;MT=Fixed	NT=Higher-energy Collisional Dissociation;AC=MS:1000422	27 NCE	40 ppm	0.05 Da	24005	AD_1
PRM_20260312_AD_Target_Plate_3_D10	D	10	AD_1	46	RD10	0.1	C:\Xcalibur\methods\method1	C:\data\yourdir	PRM_20260312_AD_Target_Plate_3_D10	Homo sapiens	blood plasma	Plate_3	AD_Target	not available	not available	not available	not available	not available	not available	not available	not available	1	AC=EFO:0009656;NT=plasma	run 718	proteomic profiling by mass spectrometry	PRM_20260312_AD_Target_Plate_3_D10.raw	PRM_20260312_AD_Target_Plate_3_D10.raw	NT=Parallel Reaction Monitoring;AC=MS:1002956	AC=MS:1002038;NT=label free sample	1	NT=High-performance liquid chromatography;AC=PRIDE:0000565	1	AC=MS:1001251;NT=Trypsin	not available	NT=Stellar;AC=MS:1003409	NT=Carbamidomethyl;AC=UNIMOD:4;TA=C;MT=Fixed	NT=Higher-energy Collisional Dissociation;AC=MS:1000422	27 NCE	40 ppm	0.05 Da	24005	AD_1
PRM_20260312_AD_Target_Plate_3_D11	D	11	AD_1	47	RD11	0.1	C:\Xcalibur\methods\method1	C:\data\yourdir	PRM_20260312_AD_Target_Plate_3_D11	Homo sapiens	blood plasma	Plate_3	AD_Target	not available	not available	not available	not available	not available	not available	not available	not available	1	AC=EFO:0009656;NT=plasma	run 719	proteomic profiling by mass spectrometry	PRM_20260312_AD_Target_Plate_3_D11.raw	PRM_20260312_AD_Target_Plate_3_D11.raw	NT=Parallel Reaction Monitoring;AC=MS:1002956	AC=MS:1002038;NT=label free sample	1	NT=High-performance liquid chromatography;AC=PRIDE:0000565	1	AC=MS:1001251;NT=Trypsin	not available	NT=Stellar;AC=MS:1003409	NT=Carbamidomethyl;AC=UNIMOD:4;TA=C;MT=Fixed	NT=Higher-energy Collisional Dissociation;AC=MS:1000422	27 NCE	40 ppm	0.05 Da	24005	AD_1
PRM_20260312_AD_Target_Plate_3_D12	D	12	AD_1	48	RD12	0.1	C:\Xcalibur\methods\method1	C:\data\yourdir	PRM_20260312_AD_Target_Plate_3_D12	Homo sapiens	blood plasma	Plate_3	AD_Target	not available	not available	not available	not available	not available	not available	not available	not available	1	AC=EFO:0009656;NT=plasma	run 720	proteomic profiling by mass spectrometry	PRM_20260312_AD_Target_Plate_3_D12.raw	PRM_20260312_AD_Target_Plate_3_D12.raw	NT=Parallel Reaction Monitoring;AC=MS:1002956	AC=MS:1002038;NT=label free sample	1	NT=High-performance liquid chromatography;AC=PRIDE:0000565	1	AC=MS:1001251;NT=Trypsin	not available	NT=Stellar;AC=MS:1003409	NT=Carbamidomethyl;AC=UNIMOD:4;TA=C;MT=Fixed	NT=Higher-energy Collisional Dissociation;AC=MS:1000422	27 NCE	40 ppm	0.05 Da	24005	AD_1
PRM_20260312_AD_Target_Plate_3_E1	E	1	AD_1	49	RE1	0.1	C:\Xcalibur\methods\method1	C:\data\yourdir	PRM_20260312_AD_Target_Plate_3_E1	Homo sapiens	blood plasma	Plate_3	AD_Target	not available	not available	not available	not available	not available	not available	not available	not available	1	AC=EFO:0009656;NT=plasma	run 721	proteomic profiling by mass spectrometry	PRM_20260312_AD_Target_Plate_3_E1.raw	PRM_20260312_AD_Target_Plate_3_E1.raw	NT=Parallel Reaction Monitoring;AC=MS:1002956	AC=MS:1002038;NT=label free sample	1	NT=High-performance liquid chromatography;AC=PRIDE:0000565	1	AC=MS:1001251;NT=Trypsin	not available	NT=Stellar;AC=MS:1003409	NT=Carbamidomethyl;AC=UNIMOD:4;TA=C;MT=Fixed	NT=Higher-energy Collisional Dissociation;AC=MS:1000422	27 NCE	40 ppm	0.05 Da	24005	AD_1
PRM_20260312_AD_Target_Plate_3_E2	E	2	AD_1	50	RE2	0.1	C:\Xcalibur\methods\method1	C:\data\yourdir	PRM_20260312_AD_Target_Plate_3_E2	Homo sapiens	blood plasma	Plate_3	AD_Target	not available	not available	not available	not available	not available	not available	not available	not available	1	AC=EFO:0009656;NT=plasma	run 722	proteomic profiling by mass spectrometry	PRM_20260312_AD_Target_Plate_3_E2.raw	PRM_20260312_AD_Target_Plate_3_E2.raw	NT=Parallel Reaction Monitoring;AC=MS:1002956	AC=MS:1002038;NT=label free sample	1	NT=High-performance liquid chromatography;AC=PRIDE:0000565	1	AC=MS:1001251;NT=Trypsin	not available	NT=Stellar;AC=MS:1003409	NT=Carbamidomethyl;AC=UNIMOD:4;TA=C;MT=Fixed	NT=Higher-energy Collisional Dissociation;AC=MS:1000422	27 NCE	40 ppm	0.05 Da	24005	AD_1
PRM_20260312_AD_Target_Plate_3_E3	E	3	AD_1	51	RE3	0.1	C:\Xcalibur\methods\method1	C:\data\yourdir	PRM_20260312_AD_Target_Plate_3_E3	Homo sapiens	blood plasma	Plate_3	AD_Target	not available	not available	not available	not available	not available	not available	not available	not available	1	AC=EFO:0009656;NT=plasma	run 723	proteomic profiling by mass spectrometry	PRM_20260312_AD_Target_Plate_3_E3.raw	PRM_20260312_AD_Target_Plate_3_E3.raw	NT=Parallel Reaction Monitoring;AC=MS:1002956	AC=MS:1002038;NT=label free sample	1	NT=High-performance liquid chromatography;AC=PRIDE:0000565	1	AC=MS:1001251;NT=Trypsin	not available	NT=Stellar;AC=MS:1003409	NT=Carbamidomethyl;AC=UNIMOD:4;TA=C;MT=Fixed	NT=Higher-energy Collisional Dissociation;AC=MS:1000422	27 NCE	40 ppm	0.05 Da	24005	AD_1
PRM_20260312_AD_Target_Plate_3_E4	E	4	AD_1	52	RE4	0.1	C:\Xcalibur\methods\method1	C:\data\yourdir	PRM_20260312_AD_Target_Plate_3_E4	Homo sapiens	blood plasma	Plate_3	AD_Target	not available	not available	not available	not available	not available	not available	not available	not available	1	AC=EFO:0009656;NT=plasma	run 724	proteomic profiling by mass spectrometry	PRM_20260312_AD_Target_Plate_3_E4.raw	PRM_20260312_AD_Target_Plate_3_E4.raw	NT=Parallel Reaction Monitoring;AC=MS:1002956	AC=MS:1002038;NT=label free sample	1	NT=High-performance liquid chromatography;AC=PRIDE:0000565	1	AC=MS:1001251;NT=Trypsin	not available	NT=Stellar;AC=MS:1003409	NT=Carbamidomethyl;AC=UNIMOD:4;TA=C;MT=Fixed	NT=Higher-energy Collisional Dissociation;AC=MS:1000422	27 NCE	40 ppm	0.05 Da	24005	AD_1
PRM_20260312_AD_Target_Plate_3_E5	E	5	AD_1	53	RE5	0.1	C:\Xcalibur\methods\method1	C:\data\yourdir	PRM_20260312_AD_Target_Plate_3_E5	Homo sapiens	blood plasma	Plate_3	AD_Target	not available	not available	not available	not available	not available	not available	not available	not available	1	AC=EFO:0009656;NT=plasma	run 725	proteomic profiling by mass spectrometry	PRM_20260312_AD_Target_Plate_3_E5.raw	PRM_20260312_AD_Target_Plate_3_E5.raw	NT=Parallel Reaction Monitoring;AC=MS:1002956	AC=MS:1002038;NT=label free sample	1	NT=High-performance liquid chromatography;AC=PRIDE:0000565	1	AC=MS:1001251;NT=Trypsin	not available	NT=Stellar;AC=MS:1003409	NT=Carbamidomethyl;AC=UNIMOD:4;TA=C;MT=Fixed	NT=Higher-energy Collisional Dissociation;AC=MS:1000422	27 NCE	40 ppm	0.05 Da	24005	AD_1
PRM_20260312_AD_Target_Plate_3_E6	E	6	Control	54	RE6	0.1	C:\Xcalibur\methods\method1	C:\data\yourdir	PRM_20260312_AD_Target_Plate_3_E6	Homo sapiens	blood plasma	Plate_3	AD_Target	not available	not available	not available	not available	not available	not available	not available	not available	1	AC=EFO:0009656;NT=plasma	run 726	proteomic profiling by mass spectrometry	PRM_20260312_AD_Target_Plate_3_E6.raw	PRM_20260312_AD_Target_Plate_3_E6.raw	NT=Parallel Reaction Monitoring;AC=MS:1002956	AC=MS:1002038;NT=label free sample	1	NT=High-performance liquid chromatography;AC=PRIDE:0000565	1	AC=MS:1001251;NT=Trypsin	not available	NT=Stellar;AC=MS:1003409	NT=Carbamidomethyl;AC=UNIMOD:4;TA=C;MT=Fixed	NT=Higher-energy Collisional Dissociation;AC=MS:1000422	27 NCE	40 ppm	0.05 Da	24005	Control
PRM_20260312_AD_Target_Plate_3_E7	E	7	AD_1	55	RE7	0.1	C:\Xcalibur\methods\method1	C:\data\yourdir	PRM_20260312_AD_Target_Plate_3_E7	Homo sapiens	blood plasma	Plate_3	AD_Target	not available	not available	not available	not available	not available	not available	not available	not available	1	AC=EFO:0009656;NT=plasma	run 727	proteomic profiling by mass spectrometry	PRM_20260312_AD_Target_Plate_3_E7.raw	PRM_20260312_AD_Target_Plate_3_E7.raw	NT=Parallel Reaction Monitoring;AC=MS:1002956	AC=MS:1002038;NT=label free sample	1	NT=High-performance liquid chromatography;AC=PRIDE:0000565	1	AC=MS:1001251;NT=Trypsin	not available	NT=Stellar;AC=MS:1003409	NT=Carbamidomethyl;AC=UNIMOD:4;TA=C;MT=Fixed	NT=Higher-energy Collisional Dissociation;AC=MS:1000422	27 NCE	40 ppm	0.05 Da	24005	AD_1
PRM_20260312_AD_Target_Plate_3_E8	E	8	AD_1	56	RE8	0.1	C:\Xcalibur\methods\method1	C:\data\yourdir	PRM_20260312_AD_Target_Plate_3_E8	Homo sapiens	blood plasma	Plate_3	AD_Target	not available	not available	not available	not available	not available	not available	not available	not available	1	AC=EFO:0009656;NT=plasma	run 728	proteomic profiling by mass spectrometry	PRM_20260312_AD_Target_Plate_3_E8.raw	PRM_20260312_AD_Target_Plate_3_E8.raw	NT=Parallel Reaction Monitoring;AC=MS:1002956	AC=MS:1002038;NT=label free sample	1	NT=High-performance liquid chromatography;AC=PRIDE:0000565	1	AC=MS:1001251;NT=Trypsin	not available	NT=Stellar;AC=MS:1003409	NT=Carbamidomethyl;AC=UNIMOD:4;TA=C;MT=Fixed	NT=Higher-energy Collisional Dissociation;AC=MS:1000422	27 NCE	40 ppm	0.05 Da	24005	AD_1
PRM_20260312_AD_Target_Plate_3_E9	E	9	AD_1	57	RE9	0.1	C:\Xcalibur\methods\method1	C:\data\yourdir	PRM_20260312_AD_Target_Plate_3_E9	Homo sapiens	blood plasma	Plate_3	AD_Target	not available	not available	not available	not available	not available	not available	not available	not available	1	AC=EFO:0009656;NT=plasma	run 729	proteomic profiling by mass spectrometry	PRM_20260312_AD_Target_Plate_3_E9.raw	PRM_20260312_AD_Target_Plate_3_E9.raw	NT=Parallel Reaction Monitoring;AC=MS:1002956	AC=MS:1002038;NT=label free sample	1	NT=High-performance liquid chromatography;AC=PRIDE:0000565	1	AC=MS:1001251;NT=Trypsin	not available	NT=Stellar;AC=MS:1003409	NT=Carbamidomethyl;AC=UNIMOD:4;TA=C;MT=Fixed	NT=Higher-energy Collisional Dissociation;AC=MS:1000422	27 NCE	40 ppm	0.05 Da	24005	AD_1
PRM_20260312_AD_Target_Plate_3_E10	E	10	AD_1	58	RE10	0.1	C:\Xcalibur\methods\method1	C:\data\yourdir	PRM_20260312_AD_Target_Plate_3_E10	Homo sapiens	blood plasma	Plate_3	AD_Target	not available	not available	not available	not available	not available	not available	not available	not available	1	AC=EFO:0009656;NT=plasma	run 730	proteomic profiling by mass spectrometry	PRM_20260312_AD_Target_Plate_3_E10.raw	PRM_20260312_AD_Target_Plate_3_E10.raw	NT=Parallel Reaction Monitoring;AC=MS:1002956	AC=MS:1002038;NT=label free sample	1	NT=High-performance liquid chromatography;AC=PRIDE:0000565	1	AC=MS:1001251;NT=Trypsin	not available	NT=Stellar;AC=MS:1003409	NT=Carbamidomethyl;AC=UNIMOD:4;TA=C;MT=Fixed	NT=Higher-energy Collisional Dissociation;AC=MS:1000422	27 NCE	40 ppm	0.05 Da	24005	AD_1
PRM_20260312_AD_Target_Plate_3_E11	E	11	AD_1	59	RE11	0.1	C:\Xcalibur\methods\method1	C:\data\yourdir	PRM_20260312_AD_Target_Plate_3_E11	Homo sapiens	blood plasma	Plate_3	AD_Target	not available	not available	not available	not available	not available	not available	not available	not available	1	AC=EFO:0009656;NT=plasma	run 731	proteomic profiling by mass spectrometry	PRM_20260312_AD_Target_Plate_3_E11.raw	PRM_20260312_AD_Target_Plate_3_E11.raw	NT=Parallel Reaction Monitoring;AC=MS:1002956	AC=MS:1002038;NT=label free sample	1	NT=High-performance liquid chromatography;AC=PRIDE:0000565	1	AC=MS:1001251;NT=Trypsin	not available	NT=Stellar;AC=MS:1003409	NT=Carbamidomethyl;AC=UNIMOD:4;TA=C;MT=Fixed	NT=Higher-energy Collisional Dissociation;AC=MS:1000422	27 NCE	40 ppm	0.05 Da	24005	AD_1
PRM_20260312_AD_Target_Plate_3_E12	E	12	AD_1	60	RE12	0.1	C:\Xcalibur\methods\method1	C:\data\yourdir	PRM_20260312_AD_Target_Plate_3_E12	Homo sapiens	blood plasma	Plate_3	AD_Target	not available	not available	not available	not available	not available	not available	not available	not available	1	AC=EFO:0009656;NT=plasma	run 732	proteomic profiling by mass spectrometry	PRM_20260312_AD_Target_Plate_3_E12.raw	PRM_20260312_AD_Target_Plate_3_E12.raw	NT=Parallel Reaction Monitoring;AC=MS:1002956	AC=MS:1002038;NT=label free sample	1	NT=High-performance liquid chromatography;AC=PRIDE:0000565	1	AC=MS:1001251;NT=Trypsin	not available	NT=Stellar;AC=MS:1003409	NT=Carbamidomethyl;AC=UNIMOD:4;TA=C;MT=Fixed	NT=Higher-energy Collisional Dissociation;AC=MS:1000422	27 NCE	40 ppm	0.05 Da	24005	AD_1
PRM_20260312_AD_Target_Plate_3_F1	F	1	AD_1	61	RF1	0.1	C:\Xcalibur\methods\method1	C:\data\yourdir	PRM_20260312_AD_Target_Plate_3_F1	Homo sapiens	blood plasma	Plate_3	AD_Target	not available	not available	not available	not available	not available	not available	not available	not available	1	AC=EFO:0009656;NT=plasma	run 733	proteomic profiling by mass spectrometry	PRM_20260312_AD_Target_Plate_3_F1.raw	PRM_20260312_AD_Target_Plate_3_F1.raw	NT=Parallel Reaction Monitoring;AC=MS:1002956	AC=MS:1002038;NT=label free sample	1	NT=High-performance liquid chromatography;AC=PRIDE:0000565	1	AC=MS:1001251;NT=Trypsin	not available	NT=Stellar;AC=MS:1003409	NT=Carbamidomethyl;AC=UNIMOD:4;TA=C;MT=Fixed	NT=Higher-energy Collisional Dissociation;AC=MS:1000422	27 NCE	40 ppm	0.05 Da	24005	AD_1
PRM_20260312_AD_Target_Plate_3_F2	F	2	AD_1	62	RF2	0.1	C:\Xcalibur\methods\method1	C:\data\yourdir	PRM_20260312_AD_Target_Plate_3_F2	Homo sapiens	blood plasma	Plate_3	AD_Target	not available	not available	not available	not available	not available	not available	not available	not available	1	AC=EFO:0009656;NT=plasma	run 734	proteomic profiling by mass spectrometry	PRM_20260312_AD_Target_Plate_3_F2.raw	PRM_20260312_AD_Target_Plate_3_F2.raw	NT=Parallel Reaction Monitoring;AC=MS:1002956	AC=MS:1002038;NT=label free sample	1	NT=High-performance liquid chromatography;AC=PRIDE:0000565	1	AC=MS:1001251;NT=Trypsin	not available	NT=Stellar;AC=MS:1003409	NT=Carbamidomethyl;AC=UNIMOD:4;TA=C;MT=Fixed	NT=Higher-energy Collisional Dissociation;AC=MS:1000422	27 NCE	40 ppm	0.05 Da	24005	AD_1
PRM_20260312_AD_Target_Plate_3_F3	F	3	Control	63	RF3	0.1	C:\Xcalibur\methods\method1	C:\data\yourdir	PRM_20260312_AD_Target_Plate_3_F3	Homo sapiens	blood plasma	Plate_3	AD_Target	not available	not available	not available	not available	not available	not available	not available	not available	1	AC=EFO:0009656;NT=plasma	run 735	proteomic profiling by mass spectrometry	PRM_20260312_AD_Target_Plate_3_F3.raw	PRM_20260312_AD_Target_Plate_3_F3.raw	NT=Parallel Reaction Monitoring;AC=MS:1002956	AC=MS:1002038;NT=label free sample	1	NT=High-performance liquid chromatography;AC=PRIDE:0000565	1	AC=MS:1001251;NT=Trypsin	not available	NT=Stellar;AC=MS:1003409	NT=Carbamidomethyl;AC=UNIMOD:4;TA=C;MT=Fixed	NT=Higher-energy Collisional Dissociation;AC=MS:1000422	27 NCE	40 ppm	0.05 Da	24005	Control
PRM_20260312_AD_Target_Plate_3_F4	F	4	AD_1	64	RF4	0.1	C:\Xcalibur\methods\method1	C:\data\yourdir	PRM_20260312_AD_Target_Plate_3_F4	Homo sapiens	blood plasma	Plate_3	AD_Target	not available	not available	not available	not available	not available	not available	not available	not available	1	AC=EFO:0009656;NT=plasma	run 736	proteomic profiling by mass spectrometry	PRM_20260312_AD_Target_Plate_3_F4.raw	PRM_20260312_AD_Target_Plate_3_F4.raw	NT=Parallel Reaction Monitoring;AC=MS:1002956	AC=MS:1002038;NT=label free sample	1	NT=High-performance liquid chromatography;AC=PRIDE:0000565	1	AC=MS:1001251;NT=Trypsin	not available	NT=Stellar;AC=MS:1003409	NT=Carbamidomethyl;AC=UNIMOD:4;TA=C;MT=Fixed	NT=Higher-energy Collisional Dissociation;AC=MS:1000422	27 NCE	40 ppm	0.05 Da	24005	AD_1
PRM_20260312_AD_Target_Plate_3_F5	F	5	AD_1	65	RF5	0.1	C:\Xcalibur\methods\method1	C:\data\yourdir	PRM_20260312_AD_Target_Plate_3_F5	Homo sapiens	blood plasma	Plate_3	AD_Target	not available	not available	not available	not available	not available	not available	not available	not available	1	AC=EFO:0009656;NT=plasma	run 737	proteomic profiling by mass spectrometry	PRM_20260312_AD_Target_Plate_3_F5.raw	PRM_20260312_AD_Target_Plate_3_F5.raw	NT=Parallel Reaction Monitoring;AC=MS:1002956	AC=MS:1002038;NT=label free sample	1	NT=High-performance liquid chromatography;AC=PRIDE:0000565	1	AC=MS:1001251;NT=Trypsin	not available	NT=Stellar;AC=MS:1003409	NT=Carbamidomethyl;AC=UNIMOD:4;TA=C;MT=Fixed	NT=Higher-energy Collisional Dissociation;AC=MS:1000422	27 NCE	40 ppm	0.05 Da	24005	AD_1
PRM_20260312_AD_Target_Plate_3_F6	F	6	AD_1	66	RF6	0.1	C:\Xcalibur\methods\method1	C:\data\yourdir	PRM_20260312_AD_Target_Plate_3_F6	Homo sapiens	blood plasma	Plate_3	AD_Target	not available	not available	not available	not available	not available	not available	not available	not available	1	AC=EFO:0009656;NT=plasma	run 738	proteomic profiling by mass spectrometry	PRM_20260312_AD_Target_Plate_3_F6.raw	PRM_20260312_AD_Target_Plate_3_F6.raw	NT=Parallel Reaction Monitoring;AC=MS:1002956	AC=MS:1002038;NT=label free sample	1	NT=High-performance liquid chromatography;AC=PRIDE:0000565	1	AC=MS:1001251;NT=Trypsin	not available	NT=Stellar;AC=MS:1003409	NT=Carbamidomethyl;AC=UNIMOD:4;TA=C;MT=Fixed	NT=Higher-energy Collisional Dissociation;AC=MS:1000422	27 NCE	40 ppm	0.05 Da	24005	AD_1
PRM_20260312_AD_Target_Plate_3_F7	F	7	AD_1	67	RF7	0.1	C:\Xcalibur\methods\method1	C:\data\yourdir	PRM_20260312_AD_Target_Plate_3_F7	Homo sapiens	blood plasma	Plate_3	AD_Target	not available	not available	not available	not available	not available	not available	not available	not available	1	AC=EFO:0009656;NT=plasma	run 739	proteomic profiling by mass spectrometry	PRM_20260312_AD_Target_Plate_3_F7.raw	PRM_20260312_AD_Target_Plate_3_F7.raw	NT=Parallel Reaction Monitoring;AC=MS:1002956	AC=MS:1002038;NT=label free sample	1	NT=High-performance liquid chromatography;AC=PRIDE:0000565	1	AC=MS:1001251;NT=Trypsin	not available	NT=Stellar;AC=MS:1003409	NT=Carbamidomethyl;AC=UNIMOD:4;TA=C;MT=Fixed	NT=Higher-energy Collisional Dissociation;AC=MS:1000422	27 NCE	40 ppm	0.05 Da	24005	AD_1
PRM_20260312_AD_Target_Plate_3_F8	F	8	AD_1	68	RF8	0.1	C:\Xcalibur\methods\method1	C:\data\yourdir	PRM_20260312_AD_Target_Plate_3_F8	Homo sapiens	blood plasma	Plate_3	AD_Target	not available	not available	not available	not available	not available	not available	not available	not available	1	AC=EFO:0009656;NT=plasma	run 740	proteomic profiling by mass spectrometry	PRM_20260312_AD_Target_Plate_3_F8.raw	PRM_20260312_AD_Target_Plate_3_F8.raw	NT=Parallel Reaction Monitoring;AC=MS:1002956	AC=MS:1002038;NT=label free sample	1	NT=High-performance liquid chromatography;AC=PRIDE:0000565	1	AC=MS:1001251;NT=Trypsin	not available	NT=Stellar;AC=MS:1003409	NT=Carbamidomethyl;AC=UNIMOD:4;TA=C;MT=Fixed	NT=Higher-energy Collisional Dissociation;AC=MS:1000422	27 NCE	40 ppm	0.05 Da	24005	AD_1
PRM_20260312_AD_Target_Plate_3_F9	F	9	AD_1	69	RF9	0.1	C:\Xcalibur\methods\method1	C:\data\yourdir	PRM_20260312_AD_Target_Plate_3_F9	Homo sapiens	blood plasma	Plate_3	AD_Target	not available	not available	not available	not available	not available	not available	not available	not available	1	AC=EFO:0009656;NT=plasma	run 741	proteomic profiling by mass spectrometry	PRM_20260312_AD_Target_Plate_3_F9.raw	PRM_20260312_AD_Target_Plate_3_F9.raw	NT=Parallel Reaction Monitoring;AC=MS:1002956	AC=MS:1002038;NT=label free sample	1	NT=High-performance liquid chromatography;AC=PRIDE:0000565	1	AC=MS:1001251;NT=Trypsin	not available	NT=Stellar;AC=MS:1003409	NT=Carbamidomethyl;AC=UNIMOD:4;TA=C;MT=Fixed	NT=Higher-energy Collisional Dissociation;AC=MS:1000422	27 NCE	40 ppm	0.05 Da	24005	AD_1
PRM_20260312_AD_Target_Plate_3_F10	F	10	AD_1	70	RF10	0.1	C:\Xcalibur\methods\method1	C:\data\yourdir	PRM_20260312_AD_Target_Plate_3_F10	Homo sapiens	blood plasma	Plate_3	AD_Target	not available	not available	not available	not available	not available	not available	not available	not available	1	AC=EFO:0009656;NT=plasma	run 742	proteomic profiling by mass spectrometry	PRM_20260312_AD_Target_Plate_3_F10.raw	PRM_20260312_AD_Target_Plate_3_F10.raw	NT=Parallel Reaction Monitoring;AC=MS:1002956	AC=MS:1002038;NT=label free sample	1	NT=High-performance liquid chromatography;AC=PRIDE:0000565	1	AC=MS:1001251;NT=Trypsin	not available	NT=Stellar;AC=MS:1003409	NT=Carbamidomethyl;AC=UNIMOD:4;TA=C;MT=Fixed	NT=Higher-energy Collisional Dissociation;AC=MS:1000422	27 NCE	40 ppm	0.05 Da	24005	AD_1
PRM_20260312_AD_Target_Plate_3_F11	F	11	AD_1	71	RF11	0.1	C:\Xcalibur\methods\method1	C:\data\yourdir	PRM_20260312_AD_Target_Plate_3_F11	Homo sapiens	blood plasma	Plate_3	AD_Target	not available	not available	not available	not available	not available	not available	not available	not available	1	AC=EFO:0009656;NT=plasma	run 743	proteomic profiling by mass spectrometry	PRM_20260312_AD_Target_Plate_3_F11.raw	PRM_20260312_AD_Target_Plate_3_F11.raw	NT=Parallel Reaction Monitoring;AC=MS:1002956	AC=MS:1002038;NT=label free sample	1	NT=High-performance liquid chromatography;AC=PRIDE:0000565	1	AC=MS:1001251;NT=Trypsin	not available	NT=Stellar;AC=MS:1003409	NT=Carbamidomethyl;AC=UNIMOD:4;TA=C;MT=Fixed	NT=Higher-energy Collisional Dissociation;AC=MS:1000422	27 NCE	40 ppm	0.05 Da	24005	AD_1
PRM_20260312_AD_Target_Plate_3_F12	F	12	AD_1	72	RF12	0.1	C:\Xcalibur\methods\method1	C:\data\yourdir	PRM_20260312_AD_Target_Plate_3_F12	Homo sapiens	blood plasma	Plate_3	AD_Target	not available	not available	not available	not available	not available	not available	not available	not available	1	AC=EFO:0009656;NT=plasma	run 744	proteomic profiling by mass spectrometry	PRM_20260312_AD_Target_Plate_3_F12.raw	PRM_20260312_AD_Target_Plate_3_F12.raw	NT=Parallel Reaction Monitoring;AC=MS:1002956	AC=MS:1002038;NT=label free sample	1	NT=High-performance liquid chromatography;AC=PRIDE:0000565	1	AC=MS:1001251;NT=Trypsin	not available	NT=Stellar;AC=MS:1003409	NT=Carbamidomethyl;AC=UNIMOD:4;TA=C;MT=Fixed	NT=Higher-energy Collisional Dissociation;AC=MS:1000422	27 NCE	40 ppm	0.05 Da	24005	AD_1
PRM_20260312_AD_Target_Plate_3_G1	G	1	Control	73	RG1	0.1	C:\Xcalibur\methods\method1	C:\data\yourdir	PRM_20260312_AD_Target_Plate_3_G1	Homo sapiens	blood plasma	Plate_3	AD_Target	not available	not available	not available	not available	not available	not available	not available	not available	1	AC=EFO:0009656;NT=plasma	run 745	proteomic profiling by mass spectrometry	PRM_20260312_AD_Target_Plate_3_G1.raw	PRM_20260312_AD_Target_Plate_3_G1.raw	NT=Parallel Reaction Monitoring;AC=MS:1002956	AC=MS:1002038;NT=label free sample	1	NT=High-performance liquid chromatography;AC=PRIDE:0000565	1	AC=MS:1001251;NT=Trypsin	not available	NT=Stellar;AC=MS:1003409	NT=Carbamidomethyl;AC=UNIMOD:4;TA=C;MT=Fixed	NT=Higher-energy Collisional Dissociation;AC=MS:1000422	27 NCE	40 ppm	0.05 Da	24005	Control
PRM_20260312_AD_Target_Plate_3_G2	G	2	AD_1	74	RG2	0.1	C:\Xcalibur\methods\method1	C:\data\yourdir	PRM_20260312_AD_Target_Plate_3_G2	Homo sapiens	blood plasma	Plate_3	AD_Target	not available	not available	not available	not available	not available	not available	not available	not available	1	AC=EFO:0009656;NT=plasma	run 746	proteomic profiling by mass spectrometry	PRM_20260312_AD_Target_Plate_3_G2.raw	PRM_20260312_AD_Target_Plate_3_G2.raw	NT=Parallel Reaction Monitoring;AC=MS:1002956	AC=MS:1002038;NT=label free sample	1	NT=High-performance liquid chromatography;AC=PRIDE:0000565	1	AC=MS:1001251;NT=Trypsin	not available	NT=Stellar;AC=MS:1003409	NT=Carbamidomethyl;AC=UNIMOD:4;TA=C;MT=Fixed	NT=Higher-energy Collisional Dissociation;AC=MS:1000422	27 NCE	40 ppm	0.05 Da	24005	AD_1
PRM_20260312_AD_Target_Plate_3_G3	G	3	AD_1	75	RG3	0.1	C:\Xcalibur\methods\method1	C:\data\yourdir	PRM_20260312_AD_Target_Plate_3_G3	Homo sapiens	blood plasma	Plate_3	AD_Target	not available	not available	not available	not available	not available	not available	not available	not available	1	AC=EFO:0009656;NT=plasma	run 747	proteomic profiling by mass spectrometry	PRM_20260312_AD_Target_Plate_3_G3.raw	PRM_20260312_AD_Target_Plate_3_G3.raw	NT=Parallel Reaction Monitoring;AC=MS:1002956	AC=MS:1002038;NT=label free sample	1	NT=High-performance liquid chromatography;AC=PRIDE:0000565	1	AC=MS:1001251;NT=Trypsin	not available	NT=Stellar;AC=MS:1003409	NT=Carbamidomethyl;AC=UNIMOD:4;TA=C;MT=Fixed	NT=Higher-energy Collisional Dissociation;AC=MS:1000422	27 NCE	40 ppm	0.05 Da	24005	AD_1
PRM_20260312_AD_Target_Plate_3_G4	G	4	AD_1	76	RG4	0.1	C:\Xcalibur\methods\method1	C:\data\yourdir	PRM_20260312_AD_Target_Plate_3_G4	Homo sapiens	blood plasma	Plate_3	AD_Target	not available	not available	not available	not available	not available	not available	not available	not available	1	AC=EFO:0009656;NT=plasma	run 748	proteomic profiling by mass spectrometry	PRM_20260312_AD_Target_Plate_3_G4.raw	PRM_20260312_AD_Target_Plate_3_G4.raw	NT=Parallel Reaction Monitoring;AC=MS:1002956	AC=MS:1002038;NT=label free sample	1	NT=High-performance liquid chromatography;AC=PRIDE:0000565	1	AC=MS:1001251;NT=Trypsin	not available	NT=Stellar;AC=MS:1003409	NT=Carbamidomethyl;AC=UNIMOD:4;TA=C;MT=Fixed	NT=Higher-energy Collisional Dissociation;AC=MS:1000422	27 NCE	40 ppm	0.05 Da	24005	AD_1
PRM_20260312_AD_Target_Plate_3_G5	G	5	AD_1	77	RG5	0.1	C:\Xcalibur\methods\method1	C:\data\yourdir	PRM_20260312_AD_Target_Plate_3_G5	Homo sapiens	blood plasma	Plate_3	AD_Target	not available	not available	not available	not available	not available	not available	not available	not available	1	AC=EFO:0009656;NT=plasma	run 749	proteomic profiling by mass spectrometry	PRM_20260312_AD_Target_Plate_3_G5.raw	PRM_20260312_AD_Target_Plate_3_G5.raw	NT=Parallel Reaction Monitoring;AC=MS:1002956	AC=MS:1002038;NT=label free sample	1	NT=High-performance liquid chromatography;AC=PRIDE:0000565	1	AC=MS:1001251;NT=Trypsin	not available	NT=Stellar;AC=MS:1003409	NT=Carbamidomethyl;AC=UNIMOD:4;TA=C;MT=Fixed	NT=Higher-energy Collisional Dissociation;AC=MS:1000422	27 NCE	40 ppm	0.05 Da	24005	AD_1
PRM_20260312_AD_Target_Plate_3_G6	G	6	AD_1	78	RG6	0.1	C:\Xcalibur\methods\method1	C:\data\yourdir	PRM_20260312_AD_Target_Plate_3_G6	Homo sapiens	blood plasma	Plate_3	AD_Target	not available	not available	not available	not available	not available	not available	not available	not available	1	AC=EFO:0009656;NT=plasma	run 750	proteomic profiling by mass spectrometry	PRM_20260312_AD_Target_Plate_3_G6.raw	PRM_20260312_AD_Target_Plate_3_G6.raw	NT=Parallel Reaction Monitoring;AC=MS:1002956	AC=MS:1002038;NT=label free sample	1	NT=High-performance liquid chromatography;AC=PRIDE:0000565	1	AC=MS:1001251;NT=Trypsin	not available	NT=Stellar;AC=MS:1003409	NT=Carbamidomethyl;AC=UNIMOD:4;TA=C;MT=Fixed	NT=Higher-energy Collisional Dissociation;AC=MS:1000422	27 NCE	40 ppm	0.05 Da	24005	AD_1
PRM_20260312_AD_Target_Plate_3_G7	G	7	AD_1	79	RG7	0.1	C:\Xcalibur\methods\method1	C:\data\yourdir	PRM_20260312_AD_Target_Plate_3_G7	Homo sapiens	blood plasma	Plate_3	AD_Target	not available	not available	not available	not available	not available	not available	not available	not available	1	AC=EFO:0009656;NT=plasma	run 751	proteomic profiling by mass spectrometry	PRM_20260312_AD_Target_Plate_3_G7.raw	PRM_20260312_AD_Target_Plate_3_G7.raw	NT=Parallel Reaction Monitoring;AC=MS:1002956	AC=MS:1002038;NT=label free sample	1	NT=High-performance liquid chromatography;AC=PRIDE:0000565	1	AC=MS:1001251;NT=Trypsin	not available	NT=Stellar;AC=MS:1003409	NT=Carbamidomethyl;AC=UNIMOD:4;TA=C;MT=Fixed	NT=Higher-energy Collisional Dissociation;AC=MS:1000422	27 NCE	40 ppm	0.05 Da	24005	AD_1
PRM_20260312_AD_Target_Plate_3_G8	G	8	AD_1	80	RG8	0.1	C:\Xcalibur\methods\method1	C:\data\yourdir	PRM_20260312_AD_Target_Plate_3_G8	Homo sapiens	blood plasma	Plate_3	AD_Target	not available	not available	not available	not available	not available	not available	not available	not available	1	AC=EFO:0009656;NT=plasma	run 752	proteomic profiling by mass spectrometry	PRM_20260312_AD_Target_Plate_3_G8.raw	PRM_20260312_AD_Target_Plate_3_G8.raw	NT=Parallel Reaction Monitoring;AC=MS:1002956	AC=MS:1002038;NT=label free sample	1	NT=High-performance liquid chromatography;AC=PRIDE:0000565	1	AC=MS:1001251;NT=Trypsin	not available	NT=Stellar;AC=MS:1003409	NT=Carbamidomethyl;AC=UNIMOD:4;TA=C;MT=Fixed	NT=Higher-energy Collisional Dissociation;AC=MS:1000422	27 NCE	40 ppm	0.05 Da	24005	AD_1
PRM_20260312_AD_Target_Plate_3_G9	G	9	AD_1	81	RG9	0.1	C:\Xcalibur\methods\method1	C:\data\yourdir	PRM_20260312_AD_Target_Plate_3_G9	Homo sapiens	blood plasma	Plate_3	AD_Target	not available	not available	not available	not available	not available	not available	not available	not available	1	AC=EFO:0009656;NT=plasma	run 753	proteomic profiling by mass spectrometry	PRM_20260312_AD_Target_Plate_3_G9.raw	PRM_20260312_AD_Target_Plate_3_G9.raw	NT=Parallel Reaction Monitoring;AC=MS:1002956	AC=MS:1002038;NT=label free sample	1	NT=High-performance liquid chromatography;AC=PRIDE:0000565	1	AC=MS:1001251;NT=Trypsin	not available	NT=Stellar;AC=MS:1003409	NT=Carbamidomethyl;AC=UNIMOD:4;TA=C;MT=Fixed	NT=Higher-energy Collisional Dissociation;AC=MS:1000422	27 NCE	40 ppm	0.05 Da	24005	AD_1
PRM_20260312_AD_Target_Plate_3_G10	G	10	AD_1	82	RG10	0.1	C:\Xcalibur\methods\method1	C:\data\yourdir	PRM_20260312_AD_Target_Plate_3_G10	Homo sapiens	blood plasma	Plate_3	AD_Target	not available	not available	not available	not available	not available	not available	not available	not available	1	AC=EFO:0009656;NT=plasma	run 754	proteomic profiling by mass spectrometry	PRM_20260312_AD_Target_Plate_3_G10.raw	PRM_20260312_AD_Target_Plate_3_G10.raw	NT=Parallel Reaction Monitoring;AC=MS:1002956	AC=MS:1002038;NT=label free sample	1	NT=High-performance liquid chromatography;AC=PRIDE:0000565	1	AC=MS:1001251;NT=Trypsin	not available	NT=Stellar;AC=MS:1003409	NT=Carbamidomethyl;AC=UNIMOD:4;TA=C;MT=Fixed	NT=Higher-energy Collisional Dissociation;AC=MS:1000422	27 NCE	40 ppm	0.05 Da	24005	AD_1
PRM_20260312_AD_Target_Plate_3_G11	G	11	AD_1	83	RG11	0.1	C:\Xcalibur\methods\method1	C:\data\yourdir	PRM_20260312_AD_Target_Plate_3_G11	Homo sapiens	blood plasma	Plate_3	AD_Target	not available	not available	not available	not available	not available	not available	not available	not available	1	AC=EFO:0009656;NT=plasma	run 755	proteomic profiling by mass spectrometry	PRM_20260312_AD_Target_Plate_3_G11.raw	PRM_20260312_AD_Target_Plate_3_G11.raw	NT=Parallel Reaction Monitoring;AC=MS:1002956	AC=MS:1002038;NT=label free sample	1	NT=High-performance liquid chromatography;AC=PRIDE:0000565	1	AC=MS:1001251;NT=Trypsin	not available	NT=Stellar;AC=MS:1003409	NT=Carbamidomethyl;AC=UNIMOD:4;TA=C;MT=Fixed	NT=Higher-energy Collisional Dissociation;AC=MS:1000422	27 NCE	40 ppm	0.05 Da	24005	AD_1
PRM_20260312_AD_Target_Plate_3_G12	G	12	AD_1	84	RG12	0.1	C:\Xcalibur\methods\method1	C:\data\yourdir	PRM_20260312_AD_Target_Plate_3_G12	Homo sapiens	blood plasma	Plate_3	AD_Target	not available	not available	not available	not available	not available	not available	not available	not available	1	AC=EFO:0009656;NT=plasma	run 756	proteomic profiling by mass spectrometry	PRM_20260312_AD_Target_Plate_3_G12.raw	PRM_20260312_AD_Target_Plate_3_G12.raw	NT=Parallel Reaction Monitoring;AC=MS:1002956	AC=MS:1002038;NT=label free sample	1	NT=High-performance liquid chromatography;AC=PRIDE:0000565	1	AC=MS:1001251;NT=Trypsin	not available	NT=Stellar;AC=MS:1003409	NT=Carbamidomethyl;AC=UNIMOD:4;TA=C;MT=Fixed	NT=Higher-energy Collisional Dissociation;AC=MS:1000422	27 NCE	40 ppm	0.05 Da	24005	AD_1
PRM_20260312_AD_Target_Plate_3_H1	H	1	AD_1	85	RH1	0.1	C:\Xcalibur\methods\method1	C:\data\yourdir	PRM_20260312_AD_Target_Plate_3_H1	Homo sapiens	blood plasma	Plate_3	AD_Target	not available	not available	not available	not available	not available	not available	not available	not available	1	AC=EFO:0009656;NT=plasma	run 757	proteomic profiling by mass spectrometry	PRM_20260312_AD_Target_Plate_3_H1.raw	PRM_20260312_AD_Target_Plate_3_H1.raw	NT=Parallel Reaction Monitoring;AC=MS:1002956	AC=MS:1002038;NT=label free sample	1	NT=High-performance liquid chromatography;AC=PRIDE:0000565	1	AC=MS:1001251;NT=Trypsin	not available	NT=Stellar;AC=MS:1003409	NT=Carbamidomethyl;AC=UNIMOD:4;TA=C;MT=Fixed	NT=Higher-energy Collisional Dissociation;AC=MS:1000422	27 NCE	40 ppm	0.05 Da	24005	AD_1
PRM_20260312_AD_Target_Plate_3_H2	H	2	AD_1	86	RH2	0.1	C:\Xcalibur\methods\method1	C:\data\yourdir	PRM_20260312_AD_Target_Plate_3_H2	Homo sapiens	blood plasma	Plate_3	AD_Target	not available	not available	not available	not available	not available	not available	not available	not available	1	AC=EFO:0009656;NT=plasma	run 758	proteomic profiling by mass spectrometry	PRM_20260312_AD_Target_Plate_3_H2.raw	PRM_20260312_AD_Target_Plate_3_H2.raw	NT=Parallel Reaction Monitoring;AC=MS:1002956	AC=MS:1002038;NT=label free sample	1	NT=High-performance liquid chromatography;AC=PRIDE:0000565	1	AC=MS:1001251;NT=Trypsin	not available	NT=Stellar;AC=MS:1003409	NT=Carbamidomethyl;AC=UNIMOD:4;TA=C;MT=Fixed	NT=Higher-energy Collisional Dissociation;AC=MS:1000422	27 NCE	40 ppm	0.05 Da	24005	AD_1
PRM_20260312_AD_Target_Plate_3_H3	H	3	AD_1	87	RH3	0.1	C:\Xcalibur\methods\method1	C:\data\yourdir	PRM_20260312_AD_Target_Plate_3_H3	Homo sapiens	blood plasma	Plate_3	AD_Target	not available	not available	not available	not available	not available	not available	not available	not available	1	AC=EFO:0009656;NT=plasma	run 759	proteomic profiling by mass spectrometry	PRM_20260312_AD_Target_Plate_3_H3.raw	PRM_20260312_AD_Target_Plate_3_H3.raw	NT=Parallel Reaction Monitoring;AC=MS:1002956	AC=MS:1002038;NT=label free sample	1	NT=High-performance liquid chromatography;AC=PRIDE:0000565	1	AC=MS:1001251;NT=Trypsin	not available	NT=Stellar;AC=MS:1003409	NT=Carbamidomethyl;AC=UNIMOD:4;TA=C;MT=Fixed	NT=Higher-energy Collisional Dissociation;AC=MS:1000422	27 NCE	40 ppm	0.05 Da	24005	AD_1
PRM_20260312_AD_Target_Plate_3_H4	H	4	AD_1	88	RH4	0.1	C:\Xcalibur\methods\method1	C:\data\yourdir	PRM_20260312_AD_Target_Plate_3_H4	Homo sapiens	blood plasma	Plate_3	AD_Target	not available	not available	not available	not available	not available	not available	not available	not available	1	AC=EFO:0009656;NT=plasma	run 760	proteomic profiling by mass spectrometry	PRM_20260312_AD_Target_Plate_3_H4.raw	PRM_20260312_AD_Target_Plate_3_H4.raw	NT=Parallel Reaction Monitoring;AC=MS:1002956	AC=MS:1002038;NT=label free sample	1	NT=High-performance liquid chromatography;AC=PRIDE:0000565	1	AC=MS:1001251;NT=Trypsin	not available	NT=Stellar;AC=MS:1003409	NT=Carbamidomethyl;AC=UNIMOD:4;TA=C;MT=Fixed	NT=Higher-energy Collisional Dissociation;AC=MS:1000422	27 NCE	40 ppm	0.05 Da	24005	AD_1
PRM_20260312_AD_Target_Plate_3_H5	H	5	AD_1	89	RH5	0.1	C:\Xcalibur\methods\method1	C:\data\yourdir	PRM_20260312_AD_Target_Plate_3_H5	Homo sapiens	blood plasma	Plate_3	AD_Target	not available	not available	not available	not available	not available	not available	not available	not available	1	AC=EFO:0009656;NT=plasma	run 761	proteomic profiling by mass spectrometry	PRM_20260312_AD_Target_Plate_3_H5.raw	PRM_20260312_AD_Target_Plate_3_H5.raw	NT=Parallel Reaction Monitoring;AC=MS:1002956	AC=MS:1002038;NT=label free sample	1	NT=High-performance liquid chromatography;AC=PRIDE:0000565	1	AC=MS:1001251;NT=Trypsin	not available	NT=Stellar;AC=MS:1003409	NT=Carbamidomethyl;AC=UNIMOD:4;TA=C;MT=Fixed	NT=Higher-energy Collisional Dissociation;AC=MS:1000422	27 NCE	40 ppm	0.05 Da	24005	AD_1
PRM_20260312_AD_Target_Plate_3_H6	H	6	AD_1	90	RH6	0.1	C:\Xcalibur\methods\method1	C:\data\yourdir	PRM_20260312_AD_Target_Plate_3_H6	Homo sapiens	blood plasma	Plate_3	AD_Target	not available	not available	not available	not available	not available	not available	not available	not available	1	AC=EFO:0009656;NT=plasma	run 762	proteomic profiling by mass spectrometry	PRM_20260312_AD_Target_Plate_3_H6.raw	PRM_20260312_AD_Target_Plate_3_H6.raw	NT=Parallel Reaction Monitoring;AC=MS:1002956	AC=MS:1002038;NT=label free sample	1	NT=High-performance liquid chromatography;AC=PRIDE:0000565	1	AC=MS:1001251;NT=Trypsin	not available	NT=Stellar;AC=MS:1003409	NT=Carbamidomethyl;AC=UNIMOD:4;TA=C;MT=Fixed	NT=Higher-energy Collisional Dissociation;AC=MS:1000422	27 NCE	40 ppm	0.05 Da	24005	AD_1
PRM_20260312_AD_Target_Plate_3_H7	H	7	AD_1	91	RH7	0.1	C:\Xcalibur\methods\method1	C:\data\yourdir	PRM_20260312_AD_Target_Plate_3_H7	Homo sapiens	blood plasma	Plate_3	AD_Target	not available	not available	not available	not available	not available	not available	not available	not available	1	AC=EFO:0009656;NT=plasma	run 763	proteomic profiling by mass spectrometry	PRM_20260312_AD_Target_Plate_3_H7.raw	PRM_20260312_AD_Target_Plate_3_H7.raw	NT=Parallel Reaction Monitoring;AC=MS:1002956	AC=MS:1002038;NT=label free sample	1	NT=High-performance liquid chromatography;AC=PRIDE:0000565	1	AC=MS:1001251;NT=Trypsin	not available	NT=Stellar;AC=MS:1003409	NT=Carbamidomethyl;AC=UNIMOD:4;TA=C;MT=Fixed	NT=Higher-energy Collisional Dissociation;AC=MS:1000422	27 NCE	40 ppm	0.05 Da	24005	AD_1
PRM_20260312_AD_Target_Plate_3_H8	H	8	Control	92	RH8	0.1	C:\Xcalibur\methods\method1	C:\data\yourdir	PRM_20260312_AD_Target_Plate_3_H8	Homo sapiens	blood plasma	Plate_3	AD_Target	not available	not available	not available	not available	not available	not available	not available	not available	1	AC=EFO:0009656;NT=plasma	run 764	proteomic profiling by mass spectrometry	PRM_20260312_AD_Target_Plate_3_H8.raw	PRM_20260312_AD_Target_Plate_3_H8.raw	NT=Parallel Reaction Monitoring;AC=MS:1002956	AC=MS:1002038;NT=label free sample	1	NT=High-performance liquid chromatography;AC=PRIDE:0000565	1	AC=MS:1001251;NT=Trypsin	not available	NT=Stellar;AC=MS:1003409	NT=Carbamidomethyl;AC=UNIMOD:4;TA=C;MT=Fixed	NT=Higher-energy Collisional Dissociation;AC=MS:1000422	27 NCE	40 ppm	0.05 Da	24005	Control
PRM_20260312_AD_Target_Plate_3_H9	H	9	AD_1	93	RH9	0.1	C:\Xcalibur\methods\method1	C:\data\yourdir	PRM_20260312_AD_Target_Plate_3_H9	Homo sapiens	blood plasma	Plate_3	AD_Target	not available	not available	not available	not available	not available	not available	not available	not available	1	AC=EFO:0009656;NT=plasma	run 765	proteomic profiling by mass spectrometry	PRM_20260312_AD_Target_Plate_3_H9.raw	PRM_20260312_AD_Target_Plate_3_H9.raw	NT=Parallel Reaction Monitoring;AC=MS:1002956	AC=MS:1002038;NT=label free sample	1	NT=High-performance liquid chromatography;AC=PRIDE:0000565	1	AC=MS:1001251;NT=Trypsin	not available	NT=Stellar;AC=MS:1003409	NT=Carbamidomethyl;AC=UNIMOD:4;TA=C;MT=Fixed	NT=Higher-energy Collisional Dissociation;AC=MS:1000422	27 NCE	40 ppm	0.05 Da	24005	AD_1
PRM_20260312_AD_Target_Plate_3_H10	H	10	AD_1	94	RH10	0.1	C:\Xcalibur\methods\method1	C:\data\yourdir	PRM_20260312_AD_Target_Plate_3_H10	Homo sapiens	blood plasma	Plate_3	AD_Target	not available	not available	not available	not available	not available	not available	not available	not available	1	AC=EFO:0009656;NT=plasma	run 766	proteomic profiling by mass spectrometry	PRM_20260312_AD_Target_Plate_3_H10.raw	PRM_20260312_AD_Target_Plate_3_H10.raw	NT=Parallel Reaction Monitoring;AC=MS:1002956	AC=MS:1002038;NT=label free sample	1	NT=High-performance liquid chromatography;AC=PRIDE:0000565	1	AC=MS:1001251;NT=Trypsin	not available	NT=Stellar;AC=MS:1003409	NT=Carbamidomethyl;AC=UNIMOD:4;TA=C;MT=Fixed	NT=Higher-energy Collisional Dissociation;AC=MS:1000422	27 NCE	40 ppm	0.05 Da	24005	AD_1
PRM_20260312_AD_Target_Plate_3_H11	H	11	AD_1	95	RH11	0.1	C:\Xcalibur\methods\method1	C:\data\yourdir	PRM_20260312_AD_Target_Plate_3_H11	Homo sapiens	blood plasma	Plate_3	AD_Target	not available	not available	not available	not available	not available	not available	not available	not available	1	AC=EFO:0009656;NT=plasma	run 767	proteomic profiling by mass spectrometry	PRM_20260312_AD_Target_Plate_3_H11.raw	PRM_20260312_AD_Target_Plate_3_H11.raw	NT=Parallel Reaction Monitoring;AC=MS:1002956	AC=MS:1002038;NT=label free sample	1	NT=High-performance liquid chromatography;AC=PRIDE:0000565	1	AC=MS:1001251;NT=Trypsin	not available	NT=Stellar;AC=MS:1003409	NT=Carbamidomethyl;AC=UNIMOD:4;TA=C;MT=Fixed	NT=Higher-energy Collisional Dissociation;AC=MS:1000422	27 NCE	40 ppm	0.05 Da	24005	AD_1
PRM_20260312_AD_Target_Plate_3_H12	H	12	AD_1	96	RH12	0.1	C:\Xcalibur\methods\method1	C:\data\yourdir	PRM_20260312_AD_Target_Plate_3_H12	Homo sapiens	blood plasma	Plate_3	AD_Target	not available	not available	not available	not available	not available	not available	not available	not available	1	AC=EFO:0009656;NT=plasma	run 768	proteomic profiling by mass spectrometry	PRM_20260312_AD_Target_Plate_3_H12.raw	PRM_20260312_AD_Target_Plate_3_H12.raw	NT=Parallel Reaction Monitoring;AC=MS:1002956	AC=MS:1002038;NT=label free sample	1	NT=High-performance liquid chromatography;AC=PRIDE:0000565	1	AC=MS:1001251;NT=Trypsin	not available	NT=Stellar;AC=MS:1003409	NT=Carbamidomethyl;AC=UNIMOD:4;TA=C;MT=Fixed	NT=Higher-energy Collisional Dissociation;AC=MS:1000422	27 NCE	40 ppm	0.05 Da	24005	AD_1
