source name	characteristics[Row]	characteristics[Column]	characteristics[Sample]	characteristics[Source Vial]	characteristics[Position]	characteristics[Inj Vol]	characteristics[Instrument Method]	characteristics[Path]	characteristics[File Name]	characteristics[organism]	characteristics[organism part]	characteristics[plate]	characteristics[project]	characteristics[age]	characteristics[developmental stage]	characteristics[sex]	characteristics[ancestry category]	characteristics[cell type]	characteristics[cell line]	characteristics[disease]	characteristics[individual]	characteristics[biological replicate]	Material type	assay name	technology type	comment[data file]	comment[file uri]	comment[proteomics data acquisition method]	comment[label]	comment[fraction identifier]	comment[fractionation method]	comment[technical replicate]	comment[cleavage agent details]	comment[ms2 mass analyzer]	comment[instrument]	comment[modification parameters]	comment[dissociation method]	comment[collision energy]	comment[precursor mass tolerance]	comment[fragment mass tolerance]	factor value[Row]
PRM_20251128_MarthaReselection_Plate_1_A1	A	1	MRTH	1	RA1	0.1	C:\Xcalibur\methods\method1	C:\data\yourdir	PRM_20251128_MarthaReselection_Plate_1_A1	Homo sapiens	Plasma	Plate_1	MarthaReselection	not available	not available	not available	not available	not available	not available	not available	not available	1	AC=EFO:0009656;NT=plasma	run 1	proteomics profiling by mass spectrometry	PRM_20251128_MarthaReselection_Plate_1_A1.RAW	PRM_20251128_MarthaReselection_Plate_1_A1.RAW	NT=Parallel Reaction Monitoring;AC=MS:1002956	AC=MS:1002038;NT=label free sample	1	NT=High-performance liquid chromatography;AC=PRIDE:0000565	1	AC=MS:1001251;NT=Trypsin	not available	NT=Stellar;AC=MS:1003409	NT=Carbamidomethyl;AC=UNIMOD:4;TA=C;MT=Fixed	NT=Higher-energy Collisional Dissociation;AC=MS:1000422	27 NCE	40 ppm	0.05 Da	A
PRM_20251128_MarthaReselection_Plate_1_A2	A	2	MRTH	2	RA2	0.1	C:\Xcalibur\methods\method1	C:\data\yourdir	PRM_20251128_MarthaReselection_Plate_1_A2	Homo sapiens	Plasma	Plate_1	MarthaReselection	not available	not available	not available	not available	not available	not available	not available	not available	1	AC=EFO:0009656;NT=plasma	run 2	proteomics profiling by mass spectrometry	PRM_20251128_MarthaReselection_Plate_1_A2.RAW	PRM_20251128_MarthaReselection_Plate_1_A2.RAW	NT=Parallel Reaction Monitoring;AC=MS:1002956	AC=MS:1002038;NT=label free sample	1	NT=High-performance liquid chromatography;AC=PRIDE:0000565	1	AC=MS:1001251;NT=Trypsin	not available	NT=Stellar;AC=MS:1003409	NT=Carbamidomethyl;AC=UNIMOD:4;TA=C;MT=Fixed	NT=Higher-energy Collisional Dissociation;AC=MS:1000422	27 NCE	40 ppm	0.05 Da	A
PRM_20251128_MarthaReselection_Plate_1_A3	A	3	MRTH	3	RA3	0.1	C:\Xcalibur\methods\method1	C:\data\yourdir	PRM_20251128_MarthaReselection_Plate_1_A3	Homo sapiens	Plasma	Plate_1	MarthaReselection	not available	not available	not available	not available	not available	not available	not available	not available	1	AC=EFO:0009656;NT=plasma	run 3	proteomics profiling by mass spectrometry	PRM_20251128_MarthaReselection_Plate_1_A3.RAW	PRM_20251128_MarthaReselection_Plate_1_A3.RAW	NT=Parallel Reaction Monitoring;AC=MS:1002956	AC=MS:1002038;NT=label free sample	1	NT=High-performance liquid chromatography;AC=PRIDE:0000565	1	AC=MS:1001251;NT=Trypsin	not available	NT=Stellar;AC=MS:1003409	NT=Carbamidomethyl;AC=UNIMOD:4;TA=C;MT=Fixed	NT=Higher-energy Collisional Dissociation;AC=MS:1000422	27 NCE	40 ppm	0.05 Da	A
PRM_20251128_MarthaReselection_Plate_1_A4	A	4	MRTH	4	RA4	0.1	C:\Xcalibur\methods\method1	C:\data\yourdir	PRM_20251128_MarthaReselection_Plate_1_A4	Homo sapiens	Plasma	Plate_1	MarthaReselection	not available	not available	not available	not available	not available	not available	not available	not available	1	AC=EFO:0009656;NT=plasma	run 4	proteomics profiling by mass spectrometry	PRM_20251128_MarthaReselection_Plate_1_A4.RAW	PRM_20251128_MarthaReselection_Plate_1_A4.RAW	NT=Parallel Reaction Monitoring;AC=MS:1002956	AC=MS:1002038;NT=label free sample	1	NT=High-performance liquid chromatography;AC=PRIDE:0000565	1	AC=MS:1001251;NT=Trypsin	not available	NT=Stellar;AC=MS:1003409	NT=Carbamidomethyl;AC=UNIMOD:4;TA=C;MT=Fixed	NT=Higher-energy Collisional Dissociation;AC=MS:1000422	27 NCE	40 ppm	0.05 Da	A
PRM_20251128_MarthaReselection_Plate_1_A5	A	5	MRTH	5	RA5	0.1	C:\Xcalibur\methods\method1	C:\data\yourdir	PRM_20251128_MarthaReselection_Plate_1_A5	Homo sapiens	Plasma	Plate_1	MarthaReselection	not available	not available	not available	not available	not available	not available	not available	not available	1	AC=EFO:0009656;NT=plasma	run 5	proteomics profiling by mass spectrometry	PRM_20251128_MarthaReselection_Plate_1_A5.RAW	PRM_20251128_MarthaReselection_Plate_1_A5.RAW	NT=Parallel Reaction Monitoring;AC=MS:1002956	AC=MS:1002038;NT=label free sample	1	NT=High-performance liquid chromatography;AC=PRIDE:0000565	1	AC=MS:1001251;NT=Trypsin	not available	NT=Stellar;AC=MS:1003409	NT=Carbamidomethyl;AC=UNIMOD:4;TA=C;MT=Fixed	NT=Higher-energy Collisional Dissociation;AC=MS:1000422	27 NCE	40 ppm	0.05 Da	A
PRM_20251128_MarthaReselection_Plate_1_A6	A	6	MRTH	6	RA6	0.1	C:\Xcalibur\methods\method1	C:\data\yourdir	PRM_20251128_MarthaReselection_Plate_1_A6	Homo sapiens	Plasma	Plate_1	MarthaReselection	not available	not available	not available	not available	not available	not available	not available	not available	1	AC=EFO:0009656;NT=plasma	run 6	proteomics profiling by mass spectrometry	PRM_20251128_MarthaReselection_Plate_1_A6.RAW	PRM_20251128_MarthaReselection_Plate_1_A6.RAW	NT=Parallel Reaction Monitoring;AC=MS:1002956	AC=MS:1002038;NT=label free sample	1	NT=High-performance liquid chromatography;AC=PRIDE:0000565	1	AC=MS:1001251;NT=Trypsin	not available	NT=Stellar;AC=MS:1003409	NT=Carbamidomethyl;AC=UNIMOD:4;TA=C;MT=Fixed	NT=Higher-energy Collisional Dissociation;AC=MS:1000422	27 NCE	40 ppm	0.05 Da	A
PRM_20251128_MarthaReselection_Plate_1_A7	A	7	MRTH	7	RA7	0.1	C:\Xcalibur\methods\method1	C:\data\yourdir	PRM_20251128_MarthaReselection_Plate_1_A7	Homo sapiens	Plasma	Plate_1	MarthaReselection	not available	not available	not available	not available	not available	not available	not available	not available	1	AC=EFO:0009656;NT=plasma	run 7	proteomics profiling by mass spectrometry	PRM_20251128_MarthaReselection_Plate_1_A7.RAW	PRM_20251128_MarthaReselection_Plate_1_A7.RAW	NT=Parallel Reaction Monitoring;AC=MS:1002956	AC=MS:1002038;NT=label free sample	1	NT=High-performance liquid chromatography;AC=PRIDE:0000565	1	AC=MS:1001251;NT=Trypsin	not available	NT=Stellar;AC=MS:1003409	NT=Carbamidomethyl;AC=UNIMOD:4;TA=C;MT=Fixed	NT=Higher-energy Collisional Dissociation;AC=MS:1000422	27 NCE	40 ppm	0.05 Da	A
PRM_20251128_MarthaReselection_Plate_1_A8	A	8	MRTH	8	RA8	0.1	C:\Xcalibur\methods\method1	C:\data\yourdir	PRM_20251128_MarthaReselection_Plate_1_A8	Homo sapiens	Plasma	Plate_1	MarthaReselection	not available	not available	not available	not available	not available	not available	not available	not available	1	AC=EFO:0009656;NT=plasma	run 8	proteomics profiling by mass spectrometry	PRM_20251128_MarthaReselection_Plate_1_A8.RAW	PRM_20251128_MarthaReselection_Plate_1_A8.RAW	NT=Parallel Reaction Monitoring;AC=MS:1002956	AC=MS:1002038;NT=label free sample	1	NT=High-performance liquid chromatography;AC=PRIDE:0000565	1	AC=MS:1001251;NT=Trypsin	not available	NT=Stellar;AC=MS:1003409	NT=Carbamidomethyl;AC=UNIMOD:4;TA=C;MT=Fixed	NT=Higher-energy Collisional Dissociation;AC=MS:1000422	27 NCE	40 ppm	0.05 Da	A
PRM_20251128_MarthaReselection_Plate_1_A9	A	9	MRTH	9	RA9	0.1	C:\Xcalibur\methods\method1	C:\data\yourdir	PRM_20251128_MarthaReselection_Plate_1_A9	Homo sapiens	Plasma	Plate_1	MarthaReselection	not available	not available	not available	not available	not available	not available	not available	not available	1	AC=EFO:0009656;NT=plasma	run 9	proteomics profiling by mass spectrometry	PRM_20251128_MarthaReselection_Plate_1_A9.RAW	PRM_20251128_MarthaReselection_Plate_1_A9.RAW	NT=Parallel Reaction Monitoring;AC=MS:1002956	AC=MS:1002038;NT=label free sample	1	NT=High-performance liquid chromatography;AC=PRIDE:0000565	1	AC=MS:1001251;NT=Trypsin	not available	NT=Stellar;AC=MS:1003409	NT=Carbamidomethyl;AC=UNIMOD:4;TA=C;MT=Fixed	NT=Higher-energy Collisional Dissociation;AC=MS:1000422	27 NCE	40 ppm	0.05 Da	A
PRM_20251128_MarthaReselection_Plate_1_A10	A	10	MRTH	10	RA10	0.1	C:\Xcalibur\methods\method1	C:\data\yourdir	PRM_20251128_MarthaReselection_Plate_1_A10	Homo sapiens	Plasma	Plate_1	MarthaReselection	not available	not available	not available	not available	not available	not available	not available	not available	1	AC=EFO:0009656;NT=plasma	run 10	proteomics profiling by mass spectrometry	PRM_20251128_MarthaReselection_Plate_1_A10.RAW	PRM_20251128_MarthaReselection_Plate_1_A10.RAW	NT=Parallel Reaction Monitoring;AC=MS:1002956	AC=MS:1002038;NT=label free sample	1	NT=High-performance liquid chromatography;AC=PRIDE:0000565	1	AC=MS:1001251;NT=Trypsin	not available	NT=Stellar;AC=MS:1003409	NT=Carbamidomethyl;AC=UNIMOD:4;TA=C;MT=Fixed	NT=Higher-energy Collisional Dissociation;AC=MS:1000422	27 NCE	40 ppm	0.05 Da	A
PRM_20251128_MarthaReselection_Plate_1_A11	A	11	MRTH	11	RA11	0.1	C:\Xcalibur\methods\method1	C:\data\yourdir	PRM_20251128_MarthaReselection_Plate_1_A11	Homo sapiens	Plasma	Plate_1	MarthaReselection	not available	not available	not available	not available	not available	not available	not available	not available	1	AC=EFO:0009656;NT=plasma	run 11	proteomics profiling by mass spectrometry	PRM_20251128_MarthaReselection_Plate_1_A11.RAW	PRM_20251128_MarthaReselection_Plate_1_A11.RAW	NT=Parallel Reaction Monitoring;AC=MS:1002956	AC=MS:1002038;NT=label free sample	1	NT=High-performance liquid chromatography;AC=PRIDE:0000565	1	AC=MS:1001251;NT=Trypsin	not available	NT=Stellar;AC=MS:1003409	NT=Carbamidomethyl;AC=UNIMOD:4;TA=C;MT=Fixed	NT=Higher-energy Collisional Dissociation;AC=MS:1000422	27 NCE	40 ppm	0.05 Da	A
PRM_20251128_MarthaReselection_Plate_1_A12	A	12	MRTH	12	RA12	0.1	C:\Xcalibur\methods\method1	C:\data\yourdir	PRM_20251128_MarthaReselection_Plate_1_A12	Homo sapiens	Plasma	Plate_1	MarthaReselection	not available	not available	not available	not available	not available	not available	not available	not available	1	AC=EFO:0009656;NT=plasma	run 12	proteomics profiling by mass spectrometry	PRM_20251128_MarthaReselection_Plate_1_A12.RAW	PRM_20251128_MarthaReselection_Plate_1_A12.RAW	NT=Parallel Reaction Monitoring;AC=MS:1002956	AC=MS:1002038;NT=label free sample	1	NT=High-performance liquid chromatography;AC=PRIDE:0000565	1	AC=MS:1001251;NT=Trypsin	not available	NT=Stellar;AC=MS:1003409	NT=Carbamidomethyl;AC=UNIMOD:4;TA=C;MT=Fixed	NT=Higher-energy Collisional Dissociation;AC=MS:1000422	27 NCE	40 ppm	0.05 Da	A
PRM_20251128_MarthaReselection_Plate_1_B1	B	1	MRTH	13	RB1	0.1	C:\Xcalibur\methods\method1	C:\data\yourdir	PRM_20251128_MarthaReselection_Plate_1_B1	Homo sapiens	Plasma	Plate_1	MarthaReselection	not available	not available	not available	not available	not available	not available	not available	not available	1	AC=EFO:0009656;NT=plasma	run 13	proteomics profiling by mass spectrometry	PRM_20251128_MarthaReselection_Plate_1_B1.RAW	PRM_20251128_MarthaReselection_Plate_1_B1.RAW	NT=Parallel Reaction Monitoring;AC=MS:1002956	AC=MS:1002038;NT=label free sample	1	NT=High-performance liquid chromatography;AC=PRIDE:0000565	1	AC=MS:1001251;NT=Trypsin	not available	NT=Stellar;AC=MS:1003409	NT=Carbamidomethyl;AC=UNIMOD:4;TA=C;MT=Fixed	NT=Higher-energy Collisional Dissociation;AC=MS:1000422	27 NCE	40 ppm	0.05 Da	B
PRM_20251128_MarthaReselection_Plate_1_B2	B	2	Pool	14	RB2	0.1	C:\Xcalibur\methods\method1	C:\data\yourdir	PRM_20251128_MarthaReselection_Plate_1_B2	Homo sapiens	Plasma	Plate_1	MarthaReselection	not available	not available	not available	not available	not available	not available	not available	not available	1	AC=EFO:0009656;NT=plasma	run 14	proteomics profiling by mass spectrometry	PRM_20251128_MarthaReselection_Plate_1_B2.RAW	PRM_20251128_MarthaReselection_Plate_1_B2.RAW	NT=Parallel Reaction Monitoring;AC=MS:1002956	AC=MS:1002038;NT=label free sample	1	NT=High-performance liquid chromatography;AC=PRIDE:0000565	1	AC=MS:1001251;NT=Trypsin	not available	NT=Stellar;AC=MS:1003409	NT=Carbamidomethyl;AC=UNIMOD:4;TA=C;MT=Fixed	NT=Higher-energy Collisional Dissociation;AC=MS:1000422	27 NCE	40 ppm	0.05 Da	B
PRM_20251128_MarthaReselection_Plate_1_B3	B	3	MRTH	15	RB3	0.1	C:\Xcalibur\methods\method1	C:\data\yourdir	PRM_20251128_MarthaReselection_Plate_1_B3	Homo sapiens	Plasma	Plate_1	MarthaReselection	not available	not available	not available	not available	not available	not available	not available	not available	1	AC=EFO:0009656;NT=plasma	run 15	proteomics profiling by mass spectrometry	PRM_20251128_MarthaReselection_Plate_1_B3.RAW	PRM_20251128_MarthaReselection_Plate_1_B3.RAW	NT=Parallel Reaction Monitoring;AC=MS:1002956	AC=MS:1002038;NT=label free sample	1	NT=High-performance liquid chromatography;AC=PRIDE:0000565	1	AC=MS:1001251;NT=Trypsin	not available	NT=Stellar;AC=MS:1003409	NT=Carbamidomethyl;AC=UNIMOD:4;TA=C;MT=Fixed	NT=Higher-energy Collisional Dissociation;AC=MS:1000422	27 NCE	40 ppm	0.05 Da	B
PRM_20251128_MarthaReselection_Plate_1_B4	B	4	MRTH	16	RB4	0.1	C:\Xcalibur\methods\method1	C:\data\yourdir	PRM_20251128_MarthaReselection_Plate_1_B4	Homo sapiens	Plasma	Plate_1	MarthaReselection	not available	not available	not available	not available	not available	not available	not available	not available	1	AC=EFO:0009656;NT=plasma	run 16	proteomics profiling by mass spectrometry	PRM_20251128_MarthaReselection_Plate_1_B4.RAW	PRM_20251128_MarthaReselection_Plate_1_B4.RAW	NT=Parallel Reaction Monitoring;AC=MS:1002956	AC=MS:1002038;NT=label free sample	1	NT=High-performance liquid chromatography;AC=PRIDE:0000565	1	AC=MS:1001251;NT=Trypsin	not available	NT=Stellar;AC=MS:1003409	NT=Carbamidomethyl;AC=UNIMOD:4;TA=C;MT=Fixed	NT=Higher-energy Collisional Dissociation;AC=MS:1000422	27 NCE	40 ppm	0.05 Da	B
PRM_20251128_MarthaReselection_Plate_1_B5	B	5	MRTH	17	RB5	0.1	C:\Xcalibur\methods\method1	C:\data\yourdir	PRM_20251128_MarthaReselection_Plate_1_B5	Homo sapiens	Plasma	Plate_1	MarthaReselection	not available	not available	not available	not available	not available	not available	not available	not available	1	AC=EFO:0009656;NT=plasma	run 17	proteomics profiling by mass spectrometry	PRM_20251128_MarthaReselection_Plate_1_B5.RAW	PRM_20251128_MarthaReselection_Plate_1_B5.RAW	NT=Parallel Reaction Monitoring;AC=MS:1002956	AC=MS:1002038;NT=label free sample	1	NT=High-performance liquid chromatography;AC=PRIDE:0000565	1	AC=MS:1001251;NT=Trypsin	not available	NT=Stellar;AC=MS:1003409	NT=Carbamidomethyl;AC=UNIMOD:4;TA=C;MT=Fixed	NT=Higher-energy Collisional Dissociation;AC=MS:1000422	27 NCE	40 ppm	0.05 Da	B
PRM_20251128_MarthaReselection_Plate_1_B6	B	6	MRTH	18	RB6	0.1	C:\Xcalibur\methods\method1	C:\data\yourdir	PRM_20251128_MarthaReselection_Plate_1_B6	Homo sapiens	Plasma	Plate_1	MarthaReselection	not available	not available	not available	not available	not available	not available	not available	not available	1	AC=EFO:0009656;NT=plasma	run 18	proteomics profiling by mass spectrometry	PRM_20251128_MarthaReselection_Plate_1_B6.RAW	PRM_20251128_MarthaReselection_Plate_1_B6.RAW	NT=Parallel Reaction Monitoring;AC=MS:1002956	AC=MS:1002038;NT=label free sample	1	NT=High-performance liquid chromatography;AC=PRIDE:0000565	1	AC=MS:1001251;NT=Trypsin	not available	NT=Stellar;AC=MS:1003409	NT=Carbamidomethyl;AC=UNIMOD:4;TA=C;MT=Fixed	NT=Higher-energy Collisional Dissociation;AC=MS:1000422	27 NCE	40 ppm	0.05 Da	B
PRM_20251128_MarthaReselection_Plate_1_B7	B	7	MRTH	19	RB7	0.1	C:\Xcalibur\methods\method1	C:\data\yourdir	PRM_20251128_MarthaReselection_Plate_1_B7	Homo sapiens	Plasma	Plate_1	MarthaReselection	not available	not available	not available	not available	not available	not available	not available	not available	1	AC=EFO:0009656;NT=plasma	run 19	proteomics profiling by mass spectrometry	PRM_20251128_MarthaReselection_Plate_1_B7.RAW	PRM_20251128_MarthaReselection_Plate_1_B7.RAW	NT=Parallel Reaction Monitoring;AC=MS:1002956	AC=MS:1002038;NT=label free sample	1	NT=High-performance liquid chromatography;AC=PRIDE:0000565	1	AC=MS:1001251;NT=Trypsin	not available	NT=Stellar;AC=MS:1003409	NT=Carbamidomethyl;AC=UNIMOD:4;TA=C;MT=Fixed	NT=Higher-energy Collisional Dissociation;AC=MS:1000422	27 NCE	40 ppm	0.05 Da	B
PRM_20251128_MarthaReselection_Plate_1_B8	B	8	MRTH	20	RB8	0.1	C:\Xcalibur\methods\method1	C:\data\yourdir	PRM_20251128_MarthaReselection_Plate_1_B8	Homo sapiens	Plasma	Plate_1	MarthaReselection	not available	not available	not available	not available	not available	not available	not available	not available	1	AC=EFO:0009656;NT=plasma	run 20	proteomics profiling by mass spectrometry	PRM_20251128_MarthaReselection_Plate_1_B8.RAW	PRM_20251128_MarthaReselection_Plate_1_B8.RAW	NT=Parallel Reaction Monitoring;AC=MS:1002956	AC=MS:1002038;NT=label free sample	1	NT=High-performance liquid chromatography;AC=PRIDE:0000565	1	AC=MS:1001251;NT=Trypsin	not available	NT=Stellar;AC=MS:1003409	NT=Carbamidomethyl;AC=UNIMOD:4;TA=C;MT=Fixed	NT=Higher-energy Collisional Dissociation;AC=MS:1000422	27 NCE	40 ppm	0.05 Da	B
PRM_20251128_MarthaReselection_Plate_1_B9	B	9	MRTH	21	RB9	0.1	C:\Xcalibur\methods\method1	C:\data\yourdir	PRM_20251128_MarthaReselection_Plate_1_B9	Homo sapiens	Plasma	Plate_1	MarthaReselection	not available	not available	not available	not available	not available	not available	not available	not available	1	AC=EFO:0009656;NT=plasma	run 21	proteomics profiling by mass spectrometry	PRM_20251128_MarthaReselection_Plate_1_B9.RAW	PRM_20251128_MarthaReselection_Plate_1_B9.RAW	NT=Parallel Reaction Monitoring;AC=MS:1002956	AC=MS:1002038;NT=label free sample	1	NT=High-performance liquid chromatography;AC=PRIDE:0000565	1	AC=MS:1001251;NT=Trypsin	not available	NT=Stellar;AC=MS:1003409	NT=Carbamidomethyl;AC=UNIMOD:4;TA=C;MT=Fixed	NT=Higher-energy Collisional Dissociation;AC=MS:1000422	27 NCE	40 ppm	0.05 Da	B
PRM_20251128_MarthaReselection_Plate_1_B10	B	10	MRTH	22	RB10	0.1	C:\Xcalibur\methods\method1	C:\data\yourdir	PRM_20251128_MarthaReselection_Plate_1_B10	Homo sapiens	Plasma	Plate_1	MarthaReselection	not available	not available	not available	not available	not available	not available	not available	not available	1	AC=EFO:0009656;NT=plasma	run 22	proteomics profiling by mass spectrometry	PRM_20251128_MarthaReselection_Plate_1_B10.RAW	PRM_20251128_MarthaReselection_Plate_1_B10.RAW	NT=Parallel Reaction Monitoring;AC=MS:1002956	AC=MS:1002038;NT=label free sample	1	NT=High-performance liquid chromatography;AC=PRIDE:0000565	1	AC=MS:1001251;NT=Trypsin	not available	NT=Stellar;AC=MS:1003409	NT=Carbamidomethyl;AC=UNIMOD:4;TA=C;MT=Fixed	NT=Higher-energy Collisional Dissociation;AC=MS:1000422	27 NCE	40 ppm	0.05 Da	B
PRM_20251128_MarthaReselection_Plate_1_B11	B	11	MRTH	23	RB11	0.1	C:\Xcalibur\methods\method1	C:\data\yourdir	PRM_20251128_MarthaReselection_Plate_1_B11	Homo sapiens	Plasma	Plate_1	MarthaReselection	not available	not available	not available	not available	not available	not available	not available	not available	1	AC=EFO:0009656;NT=plasma	run 23	proteomics profiling by mass spectrometry	PRM_20251128_MarthaReselection_Plate_1_B11.RAW	PRM_20251128_MarthaReselection_Plate_1_B11.RAW	NT=Parallel Reaction Monitoring;AC=MS:1002956	AC=MS:1002038;NT=label free sample	1	NT=High-performance liquid chromatography;AC=PRIDE:0000565	1	AC=MS:1001251;NT=Trypsin	not available	NT=Stellar;AC=MS:1003409	NT=Carbamidomethyl;AC=UNIMOD:4;TA=C;MT=Fixed	NT=Higher-energy Collisional Dissociation;AC=MS:1000422	27 NCE	40 ppm	0.05 Da	B
PRM_20251128_MarthaReselection_Plate_1_B12	B	12	MRTH	24	RB12	0.1	C:\Xcalibur\methods\method1	C:\data\yourdir	PRM_20251128_MarthaReselection_Plate_1_B12	Homo sapiens	Plasma	Plate_1	MarthaReselection	not available	not available	not available	not available	not available	not available	not available	not available	1	AC=EFO:0009656;NT=plasma	run 24	proteomics profiling by mass spectrometry	PRM_20251128_MarthaReselection_Plate_1_B12.RAW	PRM_20251128_MarthaReselection_Plate_1_B12.RAW	NT=Parallel Reaction Monitoring;AC=MS:1002956	AC=MS:1002038;NT=label free sample	1	NT=High-performance liquid chromatography;AC=PRIDE:0000565	1	AC=MS:1001251;NT=Trypsin	not available	NT=Stellar;AC=MS:1003409	NT=Carbamidomethyl;AC=UNIMOD:4;TA=C;MT=Fixed	NT=Higher-energy Collisional Dissociation;AC=MS:1000422	27 NCE	40 ppm	0.05 Da	B
PRM_20251128_MarthaReselection_Plate_1_C1	C	1	MRTH	25	RC1	0.1	C:\Xcalibur\methods\method1	C:\data\yourdir	PRM_20251128_MarthaReselection_Plate_1_C1	Homo sapiens	Plasma	Plate_1	MarthaReselection	not available	not available	not available	not available	not available	not available	not available	not available	1	AC=EFO:0009656;NT=plasma	run 25	proteomics profiling by mass spectrometry	PRM_20251128_MarthaReselection_Plate_1_C1.RAW	PRM_20251128_MarthaReselection_Plate_1_C1.RAW	NT=Parallel Reaction Monitoring;AC=MS:1002956	AC=MS:1002038;NT=label free sample	1	NT=High-performance liquid chromatography;AC=PRIDE:0000565	1	AC=MS:1001251;NT=Trypsin	not available	NT=Stellar;AC=MS:1003409	NT=Carbamidomethyl;AC=UNIMOD:4;TA=C;MT=Fixed	NT=Higher-energy Collisional Dissociation;AC=MS:1000422	27 NCE	40 ppm	0.05 Da	C
PRM_20251128_MarthaReselection_Plate_1_C2	C	2	MRTH	26	RC2	0.1	C:\Xcalibur\methods\method1	C:\data\yourdir	PRM_20251128_MarthaReselection_Plate_1_C2	Homo sapiens	Plasma	Plate_1	MarthaReselection	not available	not available	not available	not available	not available	not available	not available	not available	1	AC=EFO:0009656;NT=plasma	run 26	proteomics profiling by mass spectrometry	PRM_20251128_MarthaReselection_Plate_1_C2.RAW	PRM_20251128_MarthaReselection_Plate_1_C2.RAW	NT=Parallel Reaction Monitoring;AC=MS:1002956	AC=MS:1002038;NT=label free sample	1	NT=High-performance liquid chromatography;AC=PRIDE:0000565	1	AC=MS:1001251;NT=Trypsin	not available	NT=Stellar;AC=MS:1003409	NT=Carbamidomethyl;AC=UNIMOD:4;TA=C;MT=Fixed	NT=Higher-energy Collisional Dissociation;AC=MS:1000422	27 NCE	40 ppm	0.05 Da	C
PRM_20251128_MarthaReselection_Plate_1_C3	C	3	MRTH	27	RC3	0.1	C:\Xcalibur\methods\method1	C:\data\yourdir	PRM_20251128_MarthaReselection_Plate_1_C3	Homo sapiens	Plasma	Plate_1	MarthaReselection	not available	not available	not available	not available	not available	not available	not available	not available	1	AC=EFO:0009656;NT=plasma	run 27	proteomics profiling by mass spectrometry	PRM_20251128_MarthaReselection_Plate_1_C3.RAW	PRM_20251128_MarthaReselection_Plate_1_C3.RAW	NT=Parallel Reaction Monitoring;AC=MS:1002956	AC=MS:1002038;NT=label free sample	1	NT=High-performance liquid chromatography;AC=PRIDE:0000565	1	AC=MS:1001251;NT=Trypsin	not available	NT=Stellar;AC=MS:1003409	NT=Carbamidomethyl;AC=UNIMOD:4;TA=C;MT=Fixed	NT=Higher-energy Collisional Dissociation;AC=MS:1000422	27 NCE	40 ppm	0.05 Da	C
PRM_20251128_MarthaReselection_Plate_1_C4	C	4	MRTH	28	RC4	0.1	C:\Xcalibur\methods\method1	C:\data\yourdir	PRM_20251128_MarthaReselection_Plate_1_C4	Homo sapiens	Plasma	Plate_1	MarthaReselection	not available	not available	not available	not available	not available	not available	not available	not available	1	AC=EFO:0009656;NT=plasma	run 28	proteomics profiling by mass spectrometry	PRM_20251128_MarthaReselection_Plate_1_C4.RAW	PRM_20251128_MarthaReselection_Plate_1_C4.RAW	NT=Parallel Reaction Monitoring;AC=MS:1002956	AC=MS:1002038;NT=label free sample	1	NT=High-performance liquid chromatography;AC=PRIDE:0000565	1	AC=MS:1001251;NT=Trypsin	not available	NT=Stellar;AC=MS:1003409	NT=Carbamidomethyl;AC=UNIMOD:4;TA=C;MT=Fixed	NT=Higher-energy Collisional Dissociation;AC=MS:1000422	27 NCE	40 ppm	0.05 Da	C
PRM_20251128_MarthaReselection_Plate_1_C5	C	5	MRTH	29	RC5	0.1	C:\Xcalibur\methods\method1	C:\data\yourdir	PRM_20251128_MarthaReselection_Plate_1_C5	Homo sapiens	Plasma	Plate_1	MarthaReselection	not available	not available	not available	not available	not available	not available	not available	not available	1	AC=EFO:0009656;NT=plasma	run 29	proteomics profiling by mass spectrometry	PRM_20251128_MarthaReselection_Plate_1_C5.RAW	PRM_20251128_MarthaReselection_Plate_1_C5.RAW	NT=Parallel Reaction Monitoring;AC=MS:1002956	AC=MS:1002038;NT=label free sample	1	NT=High-performance liquid chromatography;AC=PRIDE:0000565	1	AC=MS:1001251;NT=Trypsin	not available	NT=Stellar;AC=MS:1003409	NT=Carbamidomethyl;AC=UNIMOD:4;TA=C;MT=Fixed	NT=Higher-energy Collisional Dissociation;AC=MS:1000422	27 NCE	40 ppm	0.05 Da	C
PRM_20251128_MarthaReselection_Plate_1_C6	C	6	MRTH	30	RC6	0.1	C:\Xcalibur\methods\method1	C:\data\yourdir	PRM_20251128_MarthaReselection_Plate_1_C6	Homo sapiens	Plasma	Plate_1	MarthaReselection	not available	not available	not available	not available	not available	not available	not available	not available	1	AC=EFO:0009656;NT=plasma	run 30	proteomics profiling by mass spectrometry	PRM_20251128_MarthaReselection_Plate_1_C6.RAW	PRM_20251128_MarthaReselection_Plate_1_C6.RAW	NT=Parallel Reaction Monitoring;AC=MS:1002956	AC=MS:1002038;NT=label free sample	1	NT=High-performance liquid chromatography;AC=PRIDE:0000565	1	AC=MS:1001251;NT=Trypsin	not available	NT=Stellar;AC=MS:1003409	NT=Carbamidomethyl;AC=UNIMOD:4;TA=C;MT=Fixed	NT=Higher-energy Collisional Dissociation;AC=MS:1000422	27 NCE	40 ppm	0.05 Da	C
PRM_20251128_MarthaReselection_Plate_1_C7	C	7	MRTH	31	RC7	0.1	C:\Xcalibur\methods\method1	C:\data\yourdir	PRM_20251128_MarthaReselection_Plate_1_C7	Homo sapiens	Plasma	Plate_1	MarthaReselection	not available	not available	not available	not available	not available	not available	not available	not available	1	AC=EFO:0009656;NT=plasma	run 31	proteomics profiling by mass spectrometry	PRM_20251128_MarthaReselection_Plate_1_C7.RAW	PRM_20251128_MarthaReselection_Plate_1_C7.RAW	NT=Parallel Reaction Monitoring;AC=MS:1002956	AC=MS:1002038;NT=label free sample	1	NT=High-performance liquid chromatography;AC=PRIDE:0000565	1	AC=MS:1001251;NT=Trypsin	not available	NT=Stellar;AC=MS:1003409	NT=Carbamidomethyl;AC=UNIMOD:4;TA=C;MT=Fixed	NT=Higher-energy Collisional Dissociation;AC=MS:1000422	27 NCE	40 ppm	0.05 Da	C
PRM_20251128_MarthaReselection_Plate_1_C8	C	8	MRTH	32	RC8	0.1	C:\Xcalibur\methods\method1	C:\data\yourdir	PRM_20251128_MarthaReselection_Plate_1_C8	Homo sapiens	Plasma	Plate_1	MarthaReselection	not available	not available	not available	not available	not available	not available	not available	not available	1	AC=EFO:0009656;NT=plasma	run 32	proteomics profiling by mass spectrometry	PRM_20251128_MarthaReselection_Plate_1_C8.RAW	PRM_20251128_MarthaReselection_Plate_1_C8.RAW	NT=Parallel Reaction Monitoring;AC=MS:1002956	AC=MS:1002038;NT=label free sample	1	NT=High-performance liquid chromatography;AC=PRIDE:0000565	1	AC=MS:1001251;NT=Trypsin	not available	NT=Stellar;AC=MS:1003409	NT=Carbamidomethyl;AC=UNIMOD:4;TA=C;MT=Fixed	NT=Higher-energy Collisional Dissociation;AC=MS:1000422	27 NCE	40 ppm	0.05 Da	C
PRM_20251128_MarthaReselection_Plate_1_C9	C	9	MRTH	33	RC9	0.1	C:\Xcalibur\methods\method1	C:\data\yourdir	PRM_20251128_MarthaReselection_Plate_1_C9	Homo sapiens	Plasma	Plate_1	MarthaReselection	not available	not available	not available	not available	not available	not available	not available	not available	1	AC=EFO:0009656;NT=plasma	run 33	proteomics profiling by mass spectrometry	PRM_20251128_MarthaReselection_Plate_1_C9.RAW	PRM_20251128_MarthaReselection_Plate_1_C9.RAW	NT=Parallel Reaction Monitoring;AC=MS:1002956	AC=MS:1002038;NT=label free sample	1	NT=High-performance liquid chromatography;AC=PRIDE:0000565	1	AC=MS:1001251;NT=Trypsin	not available	NT=Stellar;AC=MS:1003409	NT=Carbamidomethyl;AC=UNIMOD:4;TA=C;MT=Fixed	NT=Higher-energy Collisional Dissociation;AC=MS:1000422	27 NCE	40 ppm	0.05 Da	C
PRM_20251128_MarthaReselection_Plate_1_C10	C	10	MRTH	34	RC10	0.1	C:\Xcalibur\methods\method1	C:\data\yourdir	PRM_20251128_MarthaReselection_Plate_1_C10	Homo sapiens	Plasma	Plate_1	MarthaReselection	not available	not available	not available	not available	not available	not available	not available	not available	1	AC=EFO:0009656;NT=plasma	run 34	proteomics profiling by mass spectrometry	PRM_20251128_MarthaReselection_Plate_1_C10.RAW	PRM_20251128_MarthaReselection_Plate_1_C10.RAW	NT=Parallel Reaction Monitoring;AC=MS:1002956	AC=MS:1002038;NT=label free sample	1	NT=High-performance liquid chromatography;AC=PRIDE:0000565	1	AC=MS:1001251;NT=Trypsin	not available	NT=Stellar;AC=MS:1003409	NT=Carbamidomethyl;AC=UNIMOD:4;TA=C;MT=Fixed	NT=Higher-energy Collisional Dissociation;AC=MS:1000422	27 NCE	40 ppm	0.05 Da	C
PRM_20251128_MarthaReselection_Plate_1_C11	C	11	MRTH	35	RC11	0.1	C:\Xcalibur\methods\method1	C:\data\yourdir	PRM_20251128_MarthaReselection_Plate_1_C11	Homo sapiens	Plasma	Plate_1	MarthaReselection	not available	not available	not available	not available	not available	not available	not available	not available	1	AC=EFO:0009656;NT=plasma	run 35	proteomics profiling by mass spectrometry	PRM_20251128_MarthaReselection_Plate_1_C11.RAW	PRM_20251128_MarthaReselection_Plate_1_C11.RAW	NT=Parallel Reaction Monitoring;AC=MS:1002956	AC=MS:1002038;NT=label free sample	1	NT=High-performance liquid chromatography;AC=PRIDE:0000565	1	AC=MS:1001251;NT=Trypsin	not available	NT=Stellar;AC=MS:1003409	NT=Carbamidomethyl;AC=UNIMOD:4;TA=C;MT=Fixed	NT=Higher-energy Collisional Dissociation;AC=MS:1000422	27 NCE	40 ppm	0.05 Da	C
PRM_20251128_MarthaReselection_Plate_1_C12	C	12	MRTH	36	RC12	0.1	C:\Xcalibur\methods\method1	C:\data\yourdir	PRM_20251128_MarthaReselection_Plate_1_C12	Homo sapiens	Plasma	Plate_1	MarthaReselection	not available	not available	not available	not available	not available	not available	not available	not available	1	AC=EFO:0009656;NT=plasma	run 36	proteomics profiling by mass spectrometry	PRM_20251128_MarthaReselection_Plate_1_C12.RAW	PRM_20251128_MarthaReselection_Plate_1_C12.RAW	NT=Parallel Reaction Monitoring;AC=MS:1002956	AC=MS:1002038;NT=label free sample	1	NT=High-performance liquid chromatography;AC=PRIDE:0000565	1	AC=MS:1001251;NT=Trypsin	not available	NT=Stellar;AC=MS:1003409	NT=Carbamidomethyl;AC=UNIMOD:4;TA=C;MT=Fixed	NT=Higher-energy Collisional Dissociation;AC=MS:1000422	27 NCE	40 ppm	0.05 Da	C
PRM_20251128_MarthaReselection_Plate_1_D1	D	1	MRTH	37	RD1	0.1	C:\Xcalibur\methods\method1	C:\data\yourdir	PRM_20251128_MarthaReselection_Plate_1_D1	Homo sapiens	Plasma	Plate_1	MarthaReselection	not available	not available	not available	not available	not available	not available	not available	not available	1	AC=EFO:0009656;NT=plasma	run 37	proteomics profiling by mass spectrometry	PRM_20251128_MarthaReselection_Plate_1_D1.RAW	PRM_20251128_MarthaReselection_Plate_1_D1.RAW	NT=Parallel Reaction Monitoring;AC=MS:1002956	AC=MS:1002038;NT=label free sample	1	NT=High-performance liquid chromatography;AC=PRIDE:0000565	1	AC=MS:1001251;NT=Trypsin	not available	NT=Stellar;AC=MS:1003409	NT=Carbamidomethyl;AC=UNIMOD:4;TA=C;MT=Fixed	NT=Higher-energy Collisional Dissociation;AC=MS:1000422	27 NCE	40 ppm	0.05 Da	D
PRM_20251128_MarthaReselection_Plate_1_D2	D	2	MRTH	38	RD2	0.1	C:\Xcalibur\methods\method1	C:\data\yourdir	PRM_20251128_MarthaReselection_Plate_1_D2	Homo sapiens	Plasma	Plate_1	MarthaReselection	not available	not available	not available	not available	not available	not available	not available	not available	1	AC=EFO:0009656;NT=plasma	run 38	proteomics profiling by mass spectrometry	PRM_20251128_MarthaReselection_Plate_1_D2.RAW	PRM_20251128_MarthaReselection_Plate_1_D2.RAW	NT=Parallel Reaction Monitoring;AC=MS:1002956	AC=MS:1002038;NT=label free sample	1	NT=High-performance liquid chromatography;AC=PRIDE:0000565	1	AC=MS:1001251;NT=Trypsin	not available	NT=Stellar;AC=MS:1003409	NT=Carbamidomethyl;AC=UNIMOD:4;TA=C;MT=Fixed	NT=Higher-energy Collisional Dissociation;AC=MS:1000422	27 NCE	40 ppm	0.05 Da	D
PRM_20251128_MarthaReselection_Plate_1_D3	D	3	MRTH	39	RD3	0.1	C:\Xcalibur\methods\method1	C:\data\yourdir	PRM_20251128_MarthaReselection_Plate_1_D3	Homo sapiens	Plasma	Plate_1	MarthaReselection	not available	not available	not available	not available	not available	not available	not available	not available	1	AC=EFO:0009656;NT=plasma	run 39	proteomics profiling by mass spectrometry	PRM_20251128_MarthaReselection_Plate_1_D3.RAW	PRM_20251128_MarthaReselection_Plate_1_D3.RAW	NT=Parallel Reaction Monitoring;AC=MS:1002956	AC=MS:1002038;NT=label free sample	1	NT=High-performance liquid chromatography;AC=PRIDE:0000565	1	AC=MS:1001251;NT=Trypsin	not available	NT=Stellar;AC=MS:1003409	NT=Carbamidomethyl;AC=UNIMOD:4;TA=C;MT=Fixed	NT=Higher-energy Collisional Dissociation;AC=MS:1000422	27 NCE	40 ppm	0.05 Da	D
PRM_20251128_MarthaReselection_Plate_1_D4	D	4	MRTH	40	RD4	0.1	C:\Xcalibur\methods\method1	C:\data\yourdir	PRM_20251128_MarthaReselection_Plate_1_D4	Homo sapiens	Plasma	Plate_1	MarthaReselection	not available	not available	not available	not available	not available	not available	not available	not available	1	AC=EFO:0009656;NT=plasma	run 40	proteomics profiling by mass spectrometry	PRM_20251128_MarthaReselection_Plate_1_D4.RAW	PRM_20251128_MarthaReselection_Plate_1_D4.RAW	NT=Parallel Reaction Monitoring;AC=MS:1002956	AC=MS:1002038;NT=label free sample	1	NT=High-performance liquid chromatography;AC=PRIDE:0000565	1	AC=MS:1001251;NT=Trypsin	not available	NT=Stellar;AC=MS:1003409	NT=Carbamidomethyl;AC=UNIMOD:4;TA=C;MT=Fixed	NT=Higher-energy Collisional Dissociation;AC=MS:1000422	27 NCE	40 ppm	0.05 Da	D
PRM_20251128_MarthaReselection_Plate_1_D5	D	5	MRTH	41	RD5	0.1	C:\Xcalibur\methods\method1	C:\data\yourdir	PRM_20251128_MarthaReselection_Plate_1_D5	Homo sapiens	Plasma	Plate_1	MarthaReselection	not available	not available	not available	not available	not available	not available	not available	not available	1	AC=EFO:0009656;NT=plasma	run 41	proteomics profiling by mass spectrometry	PRM_20251128_MarthaReselection_Plate_1_D5.RAW	PRM_20251128_MarthaReselection_Plate_1_D5.RAW	NT=Parallel Reaction Monitoring;AC=MS:1002956	AC=MS:1002038;NT=label free sample	1	NT=High-performance liquid chromatography;AC=PRIDE:0000565	1	AC=MS:1001251;NT=Trypsin	not available	NT=Stellar;AC=MS:1003409	NT=Carbamidomethyl;AC=UNIMOD:4;TA=C;MT=Fixed	NT=Higher-energy Collisional Dissociation;AC=MS:1000422	27 NCE	40 ppm	0.05 Da	D
PRM_20251128_MarthaReselection_Plate_1_D6	D	6	MRTH	42	RD6	0.1	C:\Xcalibur\methods\method1	C:\data\yourdir	PRM_20251128_MarthaReselection_Plate_1_D6	Homo sapiens	Plasma	Plate_1	MarthaReselection	not available	not available	not available	not available	not available	not available	not available	not available	1	AC=EFO:0009656;NT=plasma	run 42	proteomics profiling by mass spectrometry	PRM_20251128_MarthaReselection_Plate_1_D6.RAW	PRM_20251128_MarthaReselection_Plate_1_D6.RAW	NT=Parallel Reaction Monitoring;AC=MS:1002956	AC=MS:1002038;NT=label free sample	1	NT=High-performance liquid chromatography;AC=PRIDE:0000565	1	AC=MS:1001251;NT=Trypsin	not available	NT=Stellar;AC=MS:1003409	NT=Carbamidomethyl;AC=UNIMOD:4;TA=C;MT=Fixed	NT=Higher-energy Collisional Dissociation;AC=MS:1000422	27 NCE	40 ppm	0.05 Da	D
PRM_20251128_MarthaReselection_Plate_1_D7	D	7	MRTH	43	RD7	0.1	C:\Xcalibur\methods\method1	C:\data\yourdir	PRM_20251128_MarthaReselection_Plate_1_D7	Homo sapiens	Plasma	Plate_1	MarthaReselection	not available	not available	not available	not available	not available	not available	not available	not available	1	AC=EFO:0009656;NT=plasma	run 43	proteomics profiling by mass spectrometry	PRM_20251128_MarthaReselection_Plate_1_D7.RAW	PRM_20251128_MarthaReselection_Plate_1_D7.RAW	NT=Parallel Reaction Monitoring;AC=MS:1002956	AC=MS:1002038;NT=label free sample	1	NT=High-performance liquid chromatography;AC=PRIDE:0000565	1	AC=MS:1001251;NT=Trypsin	not available	NT=Stellar;AC=MS:1003409	NT=Carbamidomethyl;AC=UNIMOD:4;TA=C;MT=Fixed	NT=Higher-energy Collisional Dissociation;AC=MS:1000422	27 NCE	40 ppm	0.05 Da	D
PRM_20251128_MarthaReselection_Plate_1_D8	D	8	MRTH	44	RD8	0.1	C:\Xcalibur\methods\method1	C:\data\yourdir	PRM_20251128_MarthaReselection_Plate_1_D8	Homo sapiens	Plasma	Plate_1	MarthaReselection	not available	not available	not available	not available	not available	not available	not available	not available	1	AC=EFO:0009656;NT=plasma	run 44	proteomics profiling by mass spectrometry	PRM_20251128_MarthaReselection_Plate_1_D8.RAW	PRM_20251128_MarthaReselection_Plate_1_D8.RAW	NT=Parallel Reaction Monitoring;AC=MS:1002956	AC=MS:1002038;NT=label free sample	1	NT=High-performance liquid chromatography;AC=PRIDE:0000565	1	AC=MS:1001251;NT=Trypsin	not available	NT=Stellar;AC=MS:1003409	NT=Carbamidomethyl;AC=UNIMOD:4;TA=C;MT=Fixed	NT=Higher-energy Collisional Dissociation;AC=MS:1000422	27 NCE	40 ppm	0.05 Da	D
PRM_20251128_MarthaReselection_Plate_1_D9	D	9	MRTH	45	RD9	0.1	C:\Xcalibur\methods\method1	C:\data\yourdir	PRM_20251128_MarthaReselection_Plate_1_D9	Homo sapiens	Plasma	Plate_1	MarthaReselection	not available	not available	not available	not available	not available	not available	not available	not available	1	AC=EFO:0009656;NT=plasma	run 45	proteomics profiling by mass spectrometry	PRM_20251128_MarthaReselection_Plate_1_D9.RAW	PRM_20251128_MarthaReselection_Plate_1_D9.RAW	NT=Parallel Reaction Monitoring;AC=MS:1002956	AC=MS:1002038;NT=label free sample	1	NT=High-performance liquid chromatography;AC=PRIDE:0000565	1	AC=MS:1001251;NT=Trypsin	not available	NT=Stellar;AC=MS:1003409	NT=Carbamidomethyl;AC=UNIMOD:4;TA=C;MT=Fixed	NT=Higher-energy Collisional Dissociation;AC=MS:1000422	27 NCE	40 ppm	0.05 Da	D
PRM_20251128_MarthaReselection_Plate_1_D10	D	10	Pool	46	RD10	0.1	C:\Xcalibur\methods\method1	C:\data\yourdir	PRM_20251128_MarthaReselection_Plate_1_D10	Homo sapiens	Plasma	Plate_1	MarthaReselection	not available	not available	not available	not available	not available	not available	not available	not available	1	AC=EFO:0009656;NT=plasma	run 46	proteomics profiling by mass spectrometry	PRM_20251128_MarthaReselection_Plate_1_D10.RAW	PRM_20251128_MarthaReselection_Plate_1_D10.RAW	NT=Parallel Reaction Monitoring;AC=MS:1002956	AC=MS:1002038;NT=label free sample	1	NT=High-performance liquid chromatography;AC=PRIDE:0000565	1	AC=MS:1001251;NT=Trypsin	not available	NT=Stellar;AC=MS:1003409	NT=Carbamidomethyl;AC=UNIMOD:4;TA=C;MT=Fixed	NT=Higher-energy Collisional Dissociation;AC=MS:1000422	27 NCE	40 ppm	0.05 Da	D
PRM_20251128_MarthaReselection_Plate_1_D11	D	11	MRTH	47	RD11	0.1	C:\Xcalibur\methods\method1	C:\data\yourdir	PRM_20251128_MarthaReselection_Plate_1_D11	Homo sapiens	Plasma	Plate_1	MarthaReselection	not available	not available	not available	not available	not available	not available	not available	not available	1	AC=EFO:0009656;NT=plasma	run 47	proteomics profiling by mass spectrometry	PRM_20251128_MarthaReselection_Plate_1_D11.RAW	PRM_20251128_MarthaReselection_Plate_1_D11.RAW	NT=Parallel Reaction Monitoring;AC=MS:1002956	AC=MS:1002038;NT=label free sample	1	NT=High-performance liquid chromatography;AC=PRIDE:0000565	1	AC=MS:1001251;NT=Trypsin	not available	NT=Stellar;AC=MS:1003409	NT=Carbamidomethyl;AC=UNIMOD:4;TA=C;MT=Fixed	NT=Higher-energy Collisional Dissociation;AC=MS:1000422	27 NCE	40 ppm	0.05 Da	D
PRM_20251128_MarthaReselection_Plate_1_D12	D	12	MRTH	48	RD12	0.1	C:\Xcalibur\methods\method1	C:\data\yourdir	PRM_20251128_MarthaReselection_Plate_1_D12	Homo sapiens	Plasma	Plate_1	MarthaReselection	not available	not available	not available	not available	not available	not available	not available	not available	1	AC=EFO:0009656;NT=plasma	run 48	proteomics profiling by mass spectrometry	PRM_20251128_MarthaReselection_Plate_1_D12.RAW	PRM_20251128_MarthaReselection_Plate_1_D12.RAW	NT=Parallel Reaction Monitoring;AC=MS:1002956	AC=MS:1002038;NT=label free sample	1	NT=High-performance liquid chromatography;AC=PRIDE:0000565	1	AC=MS:1001251;NT=Trypsin	not available	NT=Stellar;AC=MS:1003409	NT=Carbamidomethyl;AC=UNIMOD:4;TA=C;MT=Fixed	NT=Higher-energy Collisional Dissociation;AC=MS:1000422	27 NCE	40 ppm	0.05 Da	D
PRM_20251128_MarthaReselection_Plate_1_E1	E	1	MRTH	49	RE1	0.1	C:\Xcalibur\methods\method1	C:\data\yourdir	PRM_20251128_MarthaReselection_Plate_1_E1	Homo sapiens	Plasma	Plate_1	MarthaReselection	not available	not available	not available	not available	not available	not available	not available	not available	1	AC=EFO:0009656;NT=plasma	run 49	proteomics profiling by mass spectrometry	PRM_20251128_MarthaReselection_Plate_1_E1.RAW	PRM_20251128_MarthaReselection_Plate_1_E1.RAW	NT=Parallel Reaction Monitoring;AC=MS:1002956	AC=MS:1002038;NT=label free sample	1	NT=High-performance liquid chromatography;AC=PRIDE:0000565	1	AC=MS:1001251;NT=Trypsin	not available	NT=Stellar;AC=MS:1003409	NT=Carbamidomethyl;AC=UNIMOD:4;TA=C;MT=Fixed	NT=Higher-energy Collisional Dissociation;AC=MS:1000422	27 NCE	40 ppm	0.05 Da	E
PRM_20251128_MarthaReselection_Plate_1_E2	E	2	MRTH	50	RE2	0.1	C:\Xcalibur\methods\method1	C:\data\yourdir	PRM_20251128_MarthaReselection_Plate_1_E2	Homo sapiens	Plasma	Plate_1	MarthaReselection	not available	not available	not available	not available	not available	not available	not available	not available	1	AC=EFO:0009656;NT=plasma	run 50	proteomics profiling by mass spectrometry	PRM_20251128_MarthaReselection_Plate_1_E2.RAW	PRM_20251128_MarthaReselection_Plate_1_E2.RAW	NT=Parallel Reaction Monitoring;AC=MS:1002956	AC=MS:1002038;NT=label free sample	1	NT=High-performance liquid chromatography;AC=PRIDE:0000565	1	AC=MS:1001251;NT=Trypsin	not available	NT=Stellar;AC=MS:1003409	NT=Carbamidomethyl;AC=UNIMOD:4;TA=C;MT=Fixed	NT=Higher-energy Collisional Dissociation;AC=MS:1000422	27 NCE	40 ppm	0.05 Da	E
PRM_20251128_MarthaReselection_Plate_1_E3	E	3	MRTH	51	RE3	0.1	C:\Xcalibur\methods\method1	C:\data\yourdir	PRM_20251128_MarthaReselection_Plate_1_E3	Homo sapiens	Plasma	Plate_1	MarthaReselection	not available	not available	not available	not available	not available	not available	not available	not available	1	AC=EFO:0009656;NT=plasma	run 51	proteomics profiling by mass spectrometry	PRM_20251128_MarthaReselection_Plate_1_E3.RAW	PRM_20251128_MarthaReselection_Plate_1_E3.RAW	NT=Parallel Reaction Monitoring;AC=MS:1002956	AC=MS:1002038;NT=label free sample	1	NT=High-performance liquid chromatography;AC=PRIDE:0000565	1	AC=MS:1001251;NT=Trypsin	not available	NT=Stellar;AC=MS:1003409	NT=Carbamidomethyl;AC=UNIMOD:4;TA=C;MT=Fixed	NT=Higher-energy Collisional Dissociation;AC=MS:1000422	27 NCE	40 ppm	0.05 Da	E
PRM_20251128_MarthaReselection_Plate_1_E4	E	4	MRTH	52	RE4	0.1	C:\Xcalibur\methods\method1	C:\data\yourdir	PRM_20251128_MarthaReselection_Plate_1_E4	Homo sapiens	Plasma	Plate_1	MarthaReselection	not available	not available	not available	not available	not available	not available	not available	not available	1	AC=EFO:0009656;NT=plasma	run 52	proteomics profiling by mass spectrometry	PRM_20251128_MarthaReselection_Plate_1_E4.RAW	PRM_20251128_MarthaReselection_Plate_1_E4.RAW	NT=Parallel Reaction Monitoring;AC=MS:1002956	AC=MS:1002038;NT=label free sample	1	NT=High-performance liquid chromatography;AC=PRIDE:0000565	1	AC=MS:1001251;NT=Trypsin	not available	NT=Stellar;AC=MS:1003409	NT=Carbamidomethyl;AC=UNIMOD:4;TA=C;MT=Fixed	NT=Higher-energy Collisional Dissociation;AC=MS:1000422	27 NCE	40 ppm	0.05 Da	E
PRM_20251128_MarthaReselection_Plate_1_E5	E	5	MRTH	53	RE5	0.1	C:\Xcalibur\methods\method1	C:\data\yourdir	PRM_20251128_MarthaReselection_Plate_1_E5	Homo sapiens	Plasma	Plate_1	MarthaReselection	not available	not available	not available	not available	not available	not available	not available	not available	1	AC=EFO:0009656;NT=plasma	run 53	proteomics profiling by mass spectrometry	PRM_20251128_MarthaReselection_Plate_1_E5.RAW	PRM_20251128_MarthaReselection_Plate_1_E5.RAW	NT=Parallel Reaction Monitoring;AC=MS:1002956	AC=MS:1002038;NT=label free sample	1	NT=High-performance liquid chromatography;AC=PRIDE:0000565	1	AC=MS:1001251;NT=Trypsin	not available	NT=Stellar;AC=MS:1003409	NT=Carbamidomethyl;AC=UNIMOD:4;TA=C;MT=Fixed	NT=Higher-energy Collisional Dissociation;AC=MS:1000422	27 NCE	40 ppm	0.05 Da	E
PRM_20251128_MarthaReselection_Plate_1_E6	E	6	MRTH	54	RE6	0.1	C:\Xcalibur\methods\method1	C:\data\yourdir	PRM_20251128_MarthaReselection_Plate_1_E6	Homo sapiens	Plasma	Plate_1	MarthaReselection	not available	not available	not available	not available	not available	not available	not available	not available	1	AC=EFO:0009656;NT=plasma	run 54	proteomics profiling by mass spectrometry	PRM_20251128_MarthaReselection_Plate_1_E6.RAW	PRM_20251128_MarthaReselection_Plate_1_E6.RAW	NT=Parallel Reaction Monitoring;AC=MS:1002956	AC=MS:1002038;NT=label free sample	1	NT=High-performance liquid chromatography;AC=PRIDE:0000565	1	AC=MS:1001251;NT=Trypsin	not available	NT=Stellar;AC=MS:1003409	NT=Carbamidomethyl;AC=UNIMOD:4;TA=C;MT=Fixed	NT=Higher-energy Collisional Dissociation;AC=MS:1000422	27 NCE	40 ppm	0.05 Da	E
PRM_20251128_MarthaReselection_Plate_1_E7	E	7	MRTH	55	RE7	0.1	C:\Xcalibur\methods\method1	C:\data\yourdir	PRM_20251128_MarthaReselection_Plate_1_E7	Homo sapiens	Plasma	Plate_1	MarthaReselection	not available	not available	not available	not available	not available	not available	not available	not available	1	AC=EFO:0009656;NT=plasma	run 55	proteomics profiling by mass spectrometry	PRM_20251128_MarthaReselection_Plate_1_E7.RAW	PRM_20251128_MarthaReselection_Plate_1_E7.RAW	NT=Parallel Reaction Monitoring;AC=MS:1002956	AC=MS:1002038;NT=label free sample	1	NT=High-performance liquid chromatography;AC=PRIDE:0000565	1	AC=MS:1001251;NT=Trypsin	not available	NT=Stellar;AC=MS:1003409	NT=Carbamidomethyl;AC=UNIMOD:4;TA=C;MT=Fixed	NT=Higher-energy Collisional Dissociation;AC=MS:1000422	27 NCE	40 ppm	0.05 Da	E
PRM_20251128_MarthaReselection_Plate_1_E8	E	8	MRTH	56	RE8	0.1	C:\Xcalibur\methods\method1	C:\data\yourdir	PRM_20251128_MarthaReselection_Plate_1_E8	Homo sapiens	Plasma	Plate_1	MarthaReselection	not available	not available	not available	not available	not available	not available	not available	not available	1	AC=EFO:0009656;NT=plasma	run 56	proteomics profiling by mass spectrometry	PRM_20251128_MarthaReselection_Plate_1_E8.RAW	PRM_20251128_MarthaReselection_Plate_1_E8.RAW	NT=Parallel Reaction Monitoring;AC=MS:1002956	AC=MS:1002038;NT=label free sample	1	NT=High-performance liquid chromatography;AC=PRIDE:0000565	1	AC=MS:1001251;NT=Trypsin	not available	NT=Stellar;AC=MS:1003409	NT=Carbamidomethyl;AC=UNIMOD:4;TA=C;MT=Fixed	NT=Higher-energy Collisional Dissociation;AC=MS:1000422	27 NCE	40 ppm	0.05 Da	E
PRM_20251128_MarthaReselection_Plate_1_E9	E	9	MRTH	57	RE9	0.1	C:\Xcalibur\methods\method1	C:\data\yourdir	PRM_20251128_MarthaReselection_Plate_1_E9	Homo sapiens	Plasma	Plate_1	MarthaReselection	not available	not available	not available	not available	not available	not available	not available	not available	1	AC=EFO:0009656;NT=plasma	run 57	proteomics profiling by mass spectrometry	PRM_20251128_MarthaReselection_Plate_1_E9.RAW	PRM_20251128_MarthaReselection_Plate_1_E9.RAW	NT=Parallel Reaction Monitoring;AC=MS:1002956	AC=MS:1002038;NT=label free sample	1	NT=High-performance liquid chromatography;AC=PRIDE:0000565	1	AC=MS:1001251;NT=Trypsin	not available	NT=Stellar;AC=MS:1003409	NT=Carbamidomethyl;AC=UNIMOD:4;TA=C;MT=Fixed	NT=Higher-energy Collisional Dissociation;AC=MS:1000422	27 NCE	40 ppm	0.05 Da	E
PRM_20251128_MarthaReselection_Plate_1_E10	E	10	MRTH	58	RE10	0.1	C:\Xcalibur\methods\method1	C:\data\yourdir	PRM_20251128_MarthaReselection_Plate_1_E10	Homo sapiens	Plasma	Plate_1	MarthaReselection	not available	not available	not available	not available	not available	not available	not available	not available	1	AC=EFO:0009656;NT=plasma	run 58	proteomics profiling by mass spectrometry	PRM_20251128_MarthaReselection_Plate_1_E10.RAW	PRM_20251128_MarthaReselection_Plate_1_E10.RAW	NT=Parallel Reaction Monitoring;AC=MS:1002956	AC=MS:1002038;NT=label free sample	1	NT=High-performance liquid chromatography;AC=PRIDE:0000565	1	AC=MS:1001251;NT=Trypsin	not available	NT=Stellar;AC=MS:1003409	NT=Carbamidomethyl;AC=UNIMOD:4;TA=C;MT=Fixed	NT=Higher-energy Collisional Dissociation;AC=MS:1000422	27 NCE	40 ppm	0.05 Da	E
PRM_20251128_MarthaReselection_Plate_1_E11	E	11	MRTH	59	RE11	0.1	C:\Xcalibur\methods\method1	C:\data\yourdir	PRM_20251128_MarthaReselection_Plate_1_E11	Homo sapiens	Plasma	Plate_1	MarthaReselection	not available	not available	not available	not available	not available	not available	not available	not available	1	AC=EFO:0009656;NT=plasma	run 59	proteomics profiling by mass spectrometry	PRM_20251128_MarthaReselection_Plate_1_E11.RAW	PRM_20251128_MarthaReselection_Plate_1_E11.RAW	NT=Parallel Reaction Monitoring;AC=MS:1002956	AC=MS:1002038;NT=label free sample	1	NT=High-performance liquid chromatography;AC=PRIDE:0000565	1	AC=MS:1001251;NT=Trypsin	not available	NT=Stellar;AC=MS:1003409	NT=Carbamidomethyl;AC=UNIMOD:4;TA=C;MT=Fixed	NT=Higher-energy Collisional Dissociation;AC=MS:1000422	27 NCE	40 ppm	0.05 Da	E
PRM_20251128_MarthaReselection_Plate_1_E12	E	12	MRTH	60	RE12	0.1	C:\Xcalibur\methods\method1	C:\data\yourdir	PRM_20251128_MarthaReselection_Plate_1_E12	Homo sapiens	Plasma	Plate_1	MarthaReselection	not available	not available	not available	not available	not available	not available	not available	not available	1	AC=EFO:0009656;NT=plasma	run 60	proteomics profiling by mass spectrometry	PRM_20251128_MarthaReselection_Plate_1_E12.RAW	PRM_20251128_MarthaReselection_Plate_1_E12.RAW	NT=Parallel Reaction Monitoring;AC=MS:1002956	AC=MS:1002038;NT=label free sample	1	NT=High-performance liquid chromatography;AC=PRIDE:0000565	1	AC=MS:1001251;NT=Trypsin	not available	NT=Stellar;AC=MS:1003409	NT=Carbamidomethyl;AC=UNIMOD:4;TA=C;MT=Fixed	NT=Higher-energy Collisional Dissociation;AC=MS:1000422	27 NCE	40 ppm	0.05 Da	E
PRM_20251128_MarthaReselection_Plate_1_F1	F	1	MRTH	61	RF1	0.1	C:\Xcalibur\methods\method1	C:\data\yourdir	PRM_20251128_MarthaReselection_Plate_1_F1	Homo sapiens	Plasma	Plate_1	MarthaReselection	not available	not available	not available	not available	not available	not available	not available	not available	1	AC=EFO:0009656;NT=plasma	run 61	proteomics profiling by mass spectrometry	PRM_20251128_MarthaReselection_Plate_1_F1.RAW	PRM_20251128_MarthaReselection_Plate_1_F1.RAW	NT=Parallel Reaction Monitoring;AC=MS:1002956	AC=MS:1002038;NT=label free sample	1	NT=High-performance liquid chromatography;AC=PRIDE:0000565	1	AC=MS:1001251;NT=Trypsin	not available	NT=Stellar;AC=MS:1003409	NT=Carbamidomethyl;AC=UNIMOD:4;TA=C;MT=Fixed	NT=Higher-energy Collisional Dissociation;AC=MS:1000422	27 NCE	40 ppm	0.05 Da	F
PRM_20251128_MarthaReselection_Plate_1_F2	F	2	MRTH	62	RF2	0.1	C:\Xcalibur\methods\method1	C:\data\yourdir	PRM_20251128_MarthaReselection_Plate_1_F2	Homo sapiens	Plasma	Plate_1	MarthaReselection	not available	not available	not available	not available	not available	not available	not available	not available	1	AC=EFO:0009656;NT=plasma	run 62	proteomics profiling by mass spectrometry	PRM_20251128_MarthaReselection_Plate_1_F2.RAW	PRM_20251128_MarthaReselection_Plate_1_F2.RAW	NT=Parallel Reaction Monitoring;AC=MS:1002956	AC=MS:1002038;NT=label free sample	1	NT=High-performance liquid chromatography;AC=PRIDE:0000565	1	AC=MS:1001251;NT=Trypsin	not available	NT=Stellar;AC=MS:1003409	NT=Carbamidomethyl;AC=UNIMOD:4;TA=C;MT=Fixed	NT=Higher-energy Collisional Dissociation;AC=MS:1000422	27 NCE	40 ppm	0.05 Da	F
PRM_20251128_MarthaReselection_Plate_1_F3	F	3	MRTH	63	RF3	0.1	C:\Xcalibur\methods\method1	C:\data\yourdir	PRM_20251128_MarthaReselection_Plate_1_F3	Homo sapiens	Plasma	Plate_1	MarthaReselection	not available	not available	not available	not available	not available	not available	not available	not available	1	AC=EFO:0009656;NT=plasma	run 63	proteomics profiling by mass spectrometry	PRM_20251128_MarthaReselection_Plate_1_F3.RAW	PRM_20251128_MarthaReselection_Plate_1_F3.RAW	NT=Parallel Reaction Monitoring;AC=MS:1002956	AC=MS:1002038;NT=label free sample	1	NT=High-performance liquid chromatography;AC=PRIDE:0000565	1	AC=MS:1001251;NT=Trypsin	not available	NT=Stellar;AC=MS:1003409	NT=Carbamidomethyl;AC=UNIMOD:4;TA=C;MT=Fixed	NT=Higher-energy Collisional Dissociation;AC=MS:1000422	27 NCE	40 ppm	0.05 Da	F
PRM_20251128_MarthaReselection_Plate_1_F4	F	4	MRTH	64	RF4	0.1	C:\Xcalibur\methods\method1	C:\data\yourdir	PRM_20251128_MarthaReselection_Plate_1_F4	Homo sapiens	Plasma	Plate_1	MarthaReselection	not available	not available	not available	not available	not available	not available	not available	not available	1	AC=EFO:0009656;NT=plasma	run 64	proteomics profiling by mass spectrometry	PRM_20251128_MarthaReselection_Plate_1_F4.RAW	PRM_20251128_MarthaReselection_Plate_1_F4.RAW	NT=Parallel Reaction Monitoring;AC=MS:1002956	AC=MS:1002038;NT=label free sample	1	NT=High-performance liquid chromatography;AC=PRIDE:0000565	1	AC=MS:1001251;NT=Trypsin	not available	NT=Stellar;AC=MS:1003409	NT=Carbamidomethyl;AC=UNIMOD:4;TA=C;MT=Fixed	NT=Higher-energy Collisional Dissociation;AC=MS:1000422	27 NCE	40 ppm	0.05 Da	F
PRM_20251128_MarthaReselection_Plate_1_F5	F	5	MRTH	65	RF5	0.1	C:\Xcalibur\methods\method1	C:\data\yourdir	PRM_20251128_MarthaReselection_Plate_1_F5	Homo sapiens	Plasma	Plate_1	MarthaReselection	not available	not available	not available	not available	not available	not available	not available	not available	1	AC=EFO:0009656;NT=plasma	run 65	proteomics profiling by mass spectrometry	PRM_20251128_MarthaReselection_Plate_1_F5.RAW	PRM_20251128_MarthaReselection_Plate_1_F5.RAW	NT=Parallel Reaction Monitoring;AC=MS:1002956	AC=MS:1002038;NT=label free sample	1	NT=High-performance liquid chromatography;AC=PRIDE:0000565	1	AC=MS:1001251;NT=Trypsin	not available	NT=Stellar;AC=MS:1003409	NT=Carbamidomethyl;AC=UNIMOD:4;TA=C;MT=Fixed	NT=Higher-energy Collisional Dissociation;AC=MS:1000422	27 NCE	40 ppm	0.05 Da	F
PRM_20251128_MarthaReselection_Plate_1_F6	F	6	MRTH	66	RF6	0.1	C:\Xcalibur\methods\method1	C:\data\yourdir	PRM_20251128_MarthaReselection_Plate_1_F6	Homo sapiens	Plasma	Plate_1	MarthaReselection	not available	not available	not available	not available	not available	not available	not available	not available	1	AC=EFO:0009656;NT=plasma	run 66	proteomics profiling by mass spectrometry	PRM_20251128_MarthaReselection_Plate_1_F6.RAW	PRM_20251128_MarthaReselection_Plate_1_F6.RAW	NT=Parallel Reaction Monitoring;AC=MS:1002956	AC=MS:1002038;NT=label free sample	1	NT=High-performance liquid chromatography;AC=PRIDE:0000565	1	AC=MS:1001251;NT=Trypsin	not available	NT=Stellar;AC=MS:1003409	NT=Carbamidomethyl;AC=UNIMOD:4;TA=C;MT=Fixed	NT=Higher-energy Collisional Dissociation;AC=MS:1000422	27 NCE	40 ppm	0.05 Da	F
PRM_20251128_MarthaReselection_Plate_1_F7	F	7	MRTH	67	RF7	0.1	C:\Xcalibur\methods\method1	C:\data\yourdir	PRM_20251128_MarthaReselection_Plate_1_F7	Homo sapiens	Plasma	Plate_1	MarthaReselection	not available	not available	not available	not available	not available	not available	not available	not available	1	AC=EFO:0009656;NT=plasma	run 67	proteomics profiling by mass spectrometry	PRM_20251128_MarthaReselection_Plate_1_F7.RAW	PRM_20251128_MarthaReselection_Plate_1_F7.RAW	NT=Parallel Reaction Monitoring;AC=MS:1002956	AC=MS:1002038;NT=label free sample	1	NT=High-performance liquid chromatography;AC=PRIDE:0000565	1	AC=MS:1001251;NT=Trypsin	not available	NT=Stellar;AC=MS:1003409	NT=Carbamidomethyl;AC=UNIMOD:4;TA=C;MT=Fixed	NT=Higher-energy Collisional Dissociation;AC=MS:1000422	27 NCE	40 ppm	0.05 Da	F
PRM_20251128_MarthaReselection_Plate_1_F8	F	8	MRTH	68	RF8	0.1	C:\Xcalibur\methods\method1	C:\data\yourdir	PRM_20251128_MarthaReselection_Plate_1_F8	Homo sapiens	Plasma	Plate_1	MarthaReselection	not available	not available	not available	not available	not available	not available	not available	not available	1	AC=EFO:0009656;NT=plasma	run 68	proteomics profiling by mass spectrometry	PRM_20251128_MarthaReselection_Plate_1_F8.RAW	PRM_20251128_MarthaReselection_Plate_1_F8.RAW	NT=Parallel Reaction Monitoring;AC=MS:1002956	AC=MS:1002038;NT=label free sample	1	NT=High-performance liquid chromatography;AC=PRIDE:0000565	1	AC=MS:1001251;NT=Trypsin	not available	NT=Stellar;AC=MS:1003409	NT=Carbamidomethyl;AC=UNIMOD:4;TA=C;MT=Fixed	NT=Higher-energy Collisional Dissociation;AC=MS:1000422	27 NCE	40 ppm	0.05 Da	F
PRM_20251128_MarthaReselection_Plate_1_F9	F	9	MRTH	69	RF9	0.1	C:\Xcalibur\methods\method1	C:\data\yourdir	PRM_20251128_MarthaReselection_Plate_1_F9	Homo sapiens	Plasma	Plate_1	MarthaReselection	not available	not available	not available	not available	not available	not available	not available	not available	1	AC=EFO:0009656;NT=plasma	run 69	proteomics profiling by mass spectrometry	PRM_20251128_MarthaReselection_Plate_1_F9.RAW	PRM_20251128_MarthaReselection_Plate_1_F9.RAW	NT=Parallel Reaction Monitoring;AC=MS:1002956	AC=MS:1002038;NT=label free sample	1	NT=High-performance liquid chromatography;AC=PRIDE:0000565	1	AC=MS:1001251;NT=Trypsin	not available	NT=Stellar;AC=MS:1003409	NT=Carbamidomethyl;AC=UNIMOD:4;TA=C;MT=Fixed	NT=Higher-energy Collisional Dissociation;AC=MS:1000422	27 NCE	40 ppm	0.05 Da	F
PRM_20251128_MarthaReselection_Plate_1_F10	F	10	MRTH	70	RF10	0.1	C:\Xcalibur\methods\method1	C:\data\yourdir	PRM_20251128_MarthaReselection_Plate_1_F10	Homo sapiens	Plasma	Plate_1	MarthaReselection	not available	not available	not available	not available	not available	not available	not available	not available	1	AC=EFO:0009656;NT=plasma	run 70	proteomics profiling by mass spectrometry	PRM_20251128_MarthaReselection_Plate_1_F10.RAW	PRM_20251128_MarthaReselection_Plate_1_F10.RAW	NT=Parallel Reaction Monitoring;AC=MS:1002956	AC=MS:1002038;NT=label free sample	1	NT=High-performance liquid chromatography;AC=PRIDE:0000565	1	AC=MS:1001251;NT=Trypsin	not available	NT=Stellar;AC=MS:1003409	NT=Carbamidomethyl;AC=UNIMOD:4;TA=C;MT=Fixed	NT=Higher-energy Collisional Dissociation;AC=MS:1000422	27 NCE	40 ppm	0.05 Da	F
PRM_20251128_MarthaReselection_Plate_1_F11	F	11	MRTH	71	RF11	0.1	C:\Xcalibur\methods\method1	C:\data\yourdir	PRM_20251128_MarthaReselection_Plate_1_F11	Homo sapiens	Plasma	Plate_1	MarthaReselection	not available	not available	not available	not available	not available	not available	not available	not available	1	AC=EFO:0009656;NT=plasma	run 71	proteomics profiling by mass spectrometry	PRM_20251128_MarthaReselection_Plate_1_F11.RAW	PRM_20251128_MarthaReselection_Plate_1_F11.RAW	NT=Parallel Reaction Monitoring;AC=MS:1002956	AC=MS:1002038;NT=label free sample	1	NT=High-performance liquid chromatography;AC=PRIDE:0000565	1	AC=MS:1001251;NT=Trypsin	not available	NT=Stellar;AC=MS:1003409	NT=Carbamidomethyl;AC=UNIMOD:4;TA=C;MT=Fixed	NT=Higher-energy Collisional Dissociation;AC=MS:1000422	27 NCE	40 ppm	0.05 Da	F
PRM_20251128_MarthaReselection_Plate_1_F12	F	12	Pool	72	RF12	0.1	C:\Xcalibur\methods\method1	C:\data\yourdir	PRM_20251128_MarthaReselection_Plate_1_F12	Homo sapiens	Plasma	Plate_1	MarthaReselection	not available	not available	not available	not available	not available	not available	not available	not available	1	AC=EFO:0009656;NT=plasma	run 72	proteomics profiling by mass spectrometry	PRM_20251128_MarthaReselection_Plate_1_F12.RAW	PRM_20251128_MarthaReselection_Plate_1_F12.RAW	NT=Parallel Reaction Monitoring;AC=MS:1002956	AC=MS:1002038;NT=label free sample	1	NT=High-performance liquid chromatography;AC=PRIDE:0000565	1	AC=MS:1001251;NT=Trypsin	not available	NT=Stellar;AC=MS:1003409	NT=Carbamidomethyl;AC=UNIMOD:4;TA=C;MT=Fixed	NT=Higher-energy Collisional Dissociation;AC=MS:1000422	27 NCE	40 ppm	0.05 Da	F
PRM_20251128_MarthaReselection_Plate_1_G1	G	1	MRTH	73	RG1	0.1	C:\Xcalibur\methods\method1	C:\data\yourdir	PRM_20251128_MarthaReselection_Plate_1_G1	Homo sapiens	Plasma	Plate_1	MarthaReselection	not available	not available	not available	not available	not available	not available	not available	not available	1	AC=EFO:0009656;NT=plasma	run 73	proteomics profiling by mass spectrometry	PRM_20251128_MarthaReselection_Plate_1_G1.RAW	PRM_20251128_MarthaReselection_Plate_1_G1.RAW	NT=Parallel Reaction Monitoring;AC=MS:1002956	AC=MS:1002038;NT=label free sample	1	NT=High-performance liquid chromatography;AC=PRIDE:0000565	1	AC=MS:1001251;NT=Trypsin	not available	NT=Stellar;AC=MS:1003409	NT=Carbamidomethyl;AC=UNIMOD:4;TA=C;MT=Fixed	NT=Higher-energy Collisional Dissociation;AC=MS:1000422	27 NCE	40 ppm	0.05 Da	G
PRM_20251128_MarthaReselection_Plate_1_G2	G	2	MRTH	74	RG2	0.1	C:\Xcalibur\methods\method1	C:\data\yourdir	PRM_20251128_MarthaReselection_Plate_1_G2	Homo sapiens	Plasma	Plate_1	MarthaReselection	not available	not available	not available	not available	not available	not available	not available	not available	1	AC=EFO:0009656;NT=plasma	run 74	proteomics profiling by mass spectrometry	PRM_20251128_MarthaReselection_Plate_1_G2.RAW	PRM_20251128_MarthaReselection_Plate_1_G2.RAW	NT=Parallel Reaction Monitoring;AC=MS:1002956	AC=MS:1002038;NT=label free sample	1	NT=High-performance liquid chromatography;AC=PRIDE:0000565	1	AC=MS:1001251;NT=Trypsin	not available	NT=Stellar;AC=MS:1003409	NT=Carbamidomethyl;AC=UNIMOD:4;TA=C;MT=Fixed	NT=Higher-energy Collisional Dissociation;AC=MS:1000422	27 NCE	40 ppm	0.05 Da	G
PRM_20251128_MarthaReselection_Plate_1_G3	G	3	MRTH	75	RG3	0.1	C:\Xcalibur\methods\method1	C:\data\yourdir	PRM_20251128_MarthaReselection_Plate_1_G3	Homo sapiens	Plasma	Plate_1	MarthaReselection	not available	not available	not available	not available	not available	not available	not available	not available	1	AC=EFO:0009656;NT=plasma	run 75	proteomics profiling by mass spectrometry	PRM_20251128_MarthaReselection_Plate_1_G3.RAW	PRM_20251128_MarthaReselection_Plate_1_G3.RAW	NT=Parallel Reaction Monitoring;AC=MS:1002956	AC=MS:1002038;NT=label free sample	1	NT=High-performance liquid chromatography;AC=PRIDE:0000565	1	AC=MS:1001251;NT=Trypsin	not available	NT=Stellar;AC=MS:1003409	NT=Carbamidomethyl;AC=UNIMOD:4;TA=C;MT=Fixed	NT=Higher-energy Collisional Dissociation;AC=MS:1000422	27 NCE	40 ppm	0.05 Da	G
PRM_20251128_MarthaReselection_Plate_1_G4	G	4	MRTH	76	RG4	0.1	C:\Xcalibur\methods\method1	C:\data\yourdir	PRM_20251128_MarthaReselection_Plate_1_G4	Homo sapiens	Plasma	Plate_1	MarthaReselection	not available	not available	not available	not available	not available	not available	not available	not available	1	AC=EFO:0009656;NT=plasma	run 76	proteomics profiling by mass spectrometry	PRM_20251128_MarthaReselection_Plate_1_G4.RAW	PRM_20251128_MarthaReselection_Plate_1_G4.RAW	NT=Parallel Reaction Monitoring;AC=MS:1002956	AC=MS:1002038;NT=label free sample	1	NT=High-performance liquid chromatography;AC=PRIDE:0000565	1	AC=MS:1001251;NT=Trypsin	not available	NT=Stellar;AC=MS:1003409	NT=Carbamidomethyl;AC=UNIMOD:4;TA=C;MT=Fixed	NT=Higher-energy Collisional Dissociation;AC=MS:1000422	27 NCE	40 ppm	0.05 Da	G
PRM_20251128_MarthaReselection_Plate_1_G5	G	5	MRTH	77	RG5	0.1	C:\Xcalibur\methods\method1	C:\data\yourdir	PRM_20251128_MarthaReselection_Plate_1_G5	Homo sapiens	Plasma	Plate_1	MarthaReselection	not available	not available	not available	not available	not available	not available	not available	not available	1	AC=EFO:0009656;NT=plasma	run 77	proteomics profiling by mass spectrometry	PRM_20251128_MarthaReselection_Plate_1_G5.RAW	PRM_20251128_MarthaReselection_Plate_1_G5.RAW	NT=Parallel Reaction Monitoring;AC=MS:1002956	AC=MS:1002038;NT=label free sample	1	NT=High-performance liquid chromatography;AC=PRIDE:0000565	1	AC=MS:1001251;NT=Trypsin	not available	NT=Stellar;AC=MS:1003409	NT=Carbamidomethyl;AC=UNIMOD:4;TA=C;MT=Fixed	NT=Higher-energy Collisional Dissociation;AC=MS:1000422	27 NCE	40 ppm	0.05 Da	G
PRM_20251128_MarthaReselection_Plate_1_G6	G	6	MRTH	78	RG6	0.1	C:\Xcalibur\methods\method1	C:\data\yourdir	PRM_20251128_MarthaReselection_Plate_1_G6	Homo sapiens	Plasma	Plate_1	MarthaReselection	not available	not available	not available	not available	not available	not available	not available	not available	1	AC=EFO:0009656;NT=plasma	run 78	proteomics profiling by mass spectrometry	PRM_20251128_MarthaReselection_Plate_1_G6.RAW	PRM_20251128_MarthaReselection_Plate_1_G6.RAW	NT=Parallel Reaction Monitoring;AC=MS:1002956	AC=MS:1002038;NT=label free sample	1	NT=High-performance liquid chromatography;AC=PRIDE:0000565	1	AC=MS:1001251;NT=Trypsin	not available	NT=Stellar;AC=MS:1003409	NT=Carbamidomethyl;AC=UNIMOD:4;TA=C;MT=Fixed	NT=Higher-energy Collisional Dissociation;AC=MS:1000422	27 NCE	40 ppm	0.05 Da	G
PRM_20251128_MarthaReselection_Plate_1_G7	G	7	MRTH	79	RG7	0.1	C:\Xcalibur\methods\method1	C:\data\yourdir	PRM_20251128_MarthaReselection_Plate_1_G7	Homo sapiens	Plasma	Plate_1	MarthaReselection	not available	not available	not available	not available	not available	not available	not available	not available	1	AC=EFO:0009656;NT=plasma	run 79	proteomics profiling by mass spectrometry	PRM_20251128_MarthaReselection_Plate_1_G7.RAW	PRM_20251128_MarthaReselection_Plate_1_G7.RAW	NT=Parallel Reaction Monitoring;AC=MS:1002956	AC=MS:1002038;NT=label free sample	1	NT=High-performance liquid chromatography;AC=PRIDE:0000565	1	AC=MS:1001251;NT=Trypsin	not available	NT=Stellar;AC=MS:1003409	NT=Carbamidomethyl;AC=UNIMOD:4;TA=C;MT=Fixed	NT=Higher-energy Collisional Dissociation;AC=MS:1000422	27 NCE	40 ppm	0.05 Da	G
PRM_20251128_MarthaReselection_Plate_1_G8	G	8	MRTH	80	RG8	0.1	C:\Xcalibur\methods\method1	C:\data\yourdir	PRM_20251128_MarthaReselection_Plate_1_G8	Homo sapiens	Plasma	Plate_1	MarthaReselection	not available	not available	not available	not available	not available	not available	not available	not available	1	AC=EFO:0009656;NT=plasma	run 80	proteomics profiling by mass spectrometry	PRM_20251128_MarthaReselection_Plate_1_G8.RAW	PRM_20251128_MarthaReselection_Plate_1_G8.RAW	NT=Parallel Reaction Monitoring;AC=MS:1002956	AC=MS:1002038;NT=label free sample	1	NT=High-performance liquid chromatography;AC=PRIDE:0000565	1	AC=MS:1001251;NT=Trypsin	not available	NT=Stellar;AC=MS:1003409	NT=Carbamidomethyl;AC=UNIMOD:4;TA=C;MT=Fixed	NT=Higher-energy Collisional Dissociation;AC=MS:1000422	27 NCE	40 ppm	0.05 Da	G
PRM_20251128_MarthaReselection_Plate_1_G9	G	9	MRTH	81	RG9	0.1	C:\Xcalibur\methods\method1	C:\data\yourdir	PRM_20251128_MarthaReselection_Plate_1_G9	Homo sapiens	Plasma	Plate_1	MarthaReselection	not available	not available	not available	not available	not available	not available	not available	not available	1	AC=EFO:0009656;NT=plasma	run 81	proteomics profiling by mass spectrometry	PRM_20251128_MarthaReselection_Plate_1_G9.RAW	PRM_20251128_MarthaReselection_Plate_1_G9.RAW	NT=Parallel Reaction Monitoring;AC=MS:1002956	AC=MS:1002038;NT=label free sample	1	NT=High-performance liquid chromatography;AC=PRIDE:0000565	1	AC=MS:1001251;NT=Trypsin	not available	NT=Stellar;AC=MS:1003409	NT=Carbamidomethyl;AC=UNIMOD:4;TA=C;MT=Fixed	NT=Higher-energy Collisional Dissociation;AC=MS:1000422	27 NCE	40 ppm	0.05 Da	G
PRM_20251128_MarthaReselection_Plate_1_G10	G	10	MRTH	82	RG10	0.1	C:\Xcalibur\methods\method1	C:\data\yourdir	PRM_20251128_MarthaReselection_Plate_1_G10	Homo sapiens	Plasma	Plate_1	MarthaReselection	not available	not available	not available	not available	not available	not available	not available	not available	1	AC=EFO:0009656;NT=plasma	run 82	proteomics profiling by mass spectrometry	PRM_20251128_MarthaReselection_Plate_1_G10.RAW	PRM_20251128_MarthaReselection_Plate_1_G10.RAW	NT=Parallel Reaction Monitoring;AC=MS:1002956	AC=MS:1002038;NT=label free sample	1	NT=High-performance liquid chromatography;AC=PRIDE:0000565	1	AC=MS:1001251;NT=Trypsin	not available	NT=Stellar;AC=MS:1003409	NT=Carbamidomethyl;AC=UNIMOD:4;TA=C;MT=Fixed	NT=Higher-energy Collisional Dissociation;AC=MS:1000422	27 NCE	40 ppm	0.05 Da	G
PRM_20251128_MarthaReselection_Plate_1_G11	G	11	MRTH	83	RG11	0.1	C:\Xcalibur\methods\method1	C:\data\yourdir	PRM_20251128_MarthaReselection_Plate_1_G11	Homo sapiens	Plasma	Plate_1	MarthaReselection	not available	not available	not available	not available	not available	not available	not available	not available	1	AC=EFO:0009656;NT=plasma	run 83	proteomics profiling by mass spectrometry	PRM_20251128_MarthaReselection_Plate_1_G11.RAW	PRM_20251128_MarthaReselection_Plate_1_G11.RAW	NT=Parallel Reaction Monitoring;AC=MS:1002956	AC=MS:1002038;NT=label free sample	1	NT=High-performance liquid chromatography;AC=PRIDE:0000565	1	AC=MS:1001251;NT=Trypsin	not available	NT=Stellar;AC=MS:1003409	NT=Carbamidomethyl;AC=UNIMOD:4;TA=C;MT=Fixed	NT=Higher-energy Collisional Dissociation;AC=MS:1000422	27 NCE	40 ppm	0.05 Da	G
PRM_20251128_MarthaReselection_Plate_1_G12	G	12	Pool	84	RG12	0.1	C:\Xcalibur\methods\method1	C:\data\yourdir	PRM_20251128_MarthaReselection_Plate_1_G12	Homo sapiens	Plasma	Plate_1	MarthaReselection	not available	not available	not available	not available	not available	not available	not available	not available	1	AC=EFO:0009656;NT=plasma	run 84	proteomics profiling by mass spectrometry	PRM_20251128_MarthaReselection_Plate_1_G12.RAW	PRM_20251128_MarthaReselection_Plate_1_G12.RAW	NT=Parallel Reaction Monitoring;AC=MS:1002956	AC=MS:1002038;NT=label free sample	1	NT=High-performance liquid chromatography;AC=PRIDE:0000565	1	AC=MS:1001251;NT=Trypsin	not available	NT=Stellar;AC=MS:1003409	NT=Carbamidomethyl;AC=UNIMOD:4;TA=C;MT=Fixed	NT=Higher-energy Collisional Dissociation;AC=MS:1000422	27 NCE	40 ppm	0.05 Da	G
PRM_20251128_MarthaReselection_Plate_1_H1	H	1	MRTH	85	RH1	0.1	C:\Xcalibur\methods\method1	C:\data\yourdir	PRM_20251128_MarthaReselection_Plate_1_H1	Homo sapiens	Plasma	Plate_1	MarthaReselection	not available	not available	not available	not available	not available	not available	not available	not available	1	AC=EFO:0009656;NT=plasma	run 85	proteomics profiling by mass spectrometry	PRM_20251128_MarthaReselection_Plate_1_H1.RAW	PRM_20251128_MarthaReselection_Plate_1_H1.RAW	NT=Parallel Reaction Monitoring;AC=MS:1002956	AC=MS:1002038;NT=label free sample	1	NT=High-performance liquid chromatography;AC=PRIDE:0000565	1	AC=MS:1001251;NT=Trypsin	not available	NT=Stellar;AC=MS:1003409	NT=Carbamidomethyl;AC=UNIMOD:4;TA=C;MT=Fixed	NT=Higher-energy Collisional Dissociation;AC=MS:1000422	27 NCE	40 ppm	0.05 Da	H
PRM_20251128_MarthaReselection_Plate_1_H2	H	2	MRTH	86	RH2	0.1	C:\Xcalibur\methods\method1	C:\data\yourdir	PRM_20251128_MarthaReselection_Plate_1_H2	Homo sapiens	Plasma	Plate_1	MarthaReselection	not available	not available	not available	not available	not available	not available	not available	not available	1	AC=EFO:0009656;NT=plasma	run 86	proteomics profiling by mass spectrometry	PRM_20251128_MarthaReselection_Plate_1_H2.RAW	PRM_20251128_MarthaReselection_Plate_1_H2.RAW	NT=Parallel Reaction Monitoring;AC=MS:1002956	AC=MS:1002038;NT=label free sample	1	NT=High-performance liquid chromatography;AC=PRIDE:0000565	1	AC=MS:1001251;NT=Trypsin	not available	NT=Stellar;AC=MS:1003409	NT=Carbamidomethyl;AC=UNIMOD:4;TA=C;MT=Fixed	NT=Higher-energy Collisional Dissociation;AC=MS:1000422	27 NCE	40 ppm	0.05 Da	H
PRM_20251128_MarthaReselection_Plate_1_H3	H	3	MRTH	87	RH3	0.1	C:\Xcalibur\methods\method1	C:\data\yourdir	PRM_20251128_MarthaReselection_Plate_1_H3	Homo sapiens	Plasma	Plate_1	MarthaReselection	not available	not available	not available	not available	not available	not available	not available	not available	1	AC=EFO:0009656;NT=plasma	run 87	proteomics profiling by mass spectrometry	PRM_20251128_MarthaReselection_Plate_1_H3.RAW	PRM_20251128_MarthaReselection_Plate_1_H3.RAW	NT=Parallel Reaction Monitoring;AC=MS:1002956	AC=MS:1002038;NT=label free sample	1	NT=High-performance liquid chromatography;AC=PRIDE:0000565	1	AC=MS:1001251;NT=Trypsin	not available	NT=Stellar;AC=MS:1003409	NT=Carbamidomethyl;AC=UNIMOD:4;TA=C;MT=Fixed	NT=Higher-energy Collisional Dissociation;AC=MS:1000422	27 NCE	40 ppm	0.05 Da	H
PRM_20251128_MarthaReselection_Plate_1_H4	H	4	MRTH	88	RH4	0.1	C:\Xcalibur\methods\method1	C:\data\yourdir	PRM_20251128_MarthaReselection_Plate_1_H4	Homo sapiens	Plasma	Plate_1	MarthaReselection	not available	not available	not available	not available	not available	not available	not available	not available	1	AC=EFO:0009656;NT=plasma	run 88	proteomics profiling by mass spectrometry	PRM_20251128_MarthaReselection_Plate_1_H4.RAW	PRM_20251128_MarthaReselection_Plate_1_H4.RAW	NT=Parallel Reaction Monitoring;AC=MS:1002956	AC=MS:1002038;NT=label free sample	1	NT=High-performance liquid chromatography;AC=PRIDE:0000565	1	AC=MS:1001251;NT=Trypsin	not available	NT=Stellar;AC=MS:1003409	NT=Carbamidomethyl;AC=UNIMOD:4;TA=C;MT=Fixed	NT=Higher-energy Collisional Dissociation;AC=MS:1000422	27 NCE	40 ppm	0.05 Da	H
PRM_20251128_MarthaReselection_Plate_1_H5	H	5	MRTH	89	RH5	0.1	C:\Xcalibur\methods\method1	C:\data\yourdir	PRM_20251128_MarthaReselection_Plate_1_H5	Homo sapiens	Plasma	Plate_1	MarthaReselection	not available	not available	not available	not available	not available	not available	not available	not available	1	AC=EFO:0009656;NT=plasma	run 89	proteomics profiling by mass spectrometry	PRM_20251128_MarthaReselection_Plate_1_H5.RAW	PRM_20251128_MarthaReselection_Plate_1_H5.RAW	NT=Parallel Reaction Monitoring;AC=MS:1002956	AC=MS:1002038;NT=label free sample	1	NT=High-performance liquid chromatography;AC=PRIDE:0000565	1	AC=MS:1001251;NT=Trypsin	not available	NT=Stellar;AC=MS:1003409	NT=Carbamidomethyl;AC=UNIMOD:4;TA=C;MT=Fixed	NT=Higher-energy Collisional Dissociation;AC=MS:1000422	27 NCE	40 ppm	0.05 Da	H
PRM_20251128_MarthaReselection_Plate_1_H6	H	6	MRTH	90	RH6	0.1	C:\Xcalibur\methods\method1	C:\data\yourdir	PRM_20251128_MarthaReselection_Plate_1_H6	Homo sapiens	Plasma	Plate_1	MarthaReselection	not available	not available	not available	not available	not available	not available	not available	not available	1	AC=EFO:0009656;NT=plasma	run 90	proteomics profiling by mass spectrometry	PRM_20251128_MarthaReselection_Plate_1_H6.RAW	PRM_20251128_MarthaReselection_Plate_1_H6.RAW	NT=Parallel Reaction Monitoring;AC=MS:1002956	AC=MS:1002038;NT=label free sample	1	NT=High-performance liquid chromatography;AC=PRIDE:0000565	1	AC=MS:1001251;NT=Trypsin	not available	NT=Stellar;AC=MS:1003409	NT=Carbamidomethyl;AC=UNIMOD:4;TA=C;MT=Fixed	NT=Higher-energy Collisional Dissociation;AC=MS:1000422	27 NCE	40 ppm	0.05 Da	H
PRM_20251128_MarthaReselection_Plate_1_H7	H	7	MRTH	91	RH7	0.1	C:\Xcalibur\methods\method1	C:\data\yourdir	PRM_20251128_MarthaReselection_Plate_1_H7	Homo sapiens	Plasma	Plate_1	MarthaReselection	not available	not available	not available	not available	not available	not available	not available	not available	1	AC=EFO:0009656;NT=plasma	run 91	proteomics profiling by mass spectrometry	PRM_20251128_MarthaReselection_Plate_1_H7.RAW	PRM_20251128_MarthaReselection_Plate_1_H7.RAW	NT=Parallel Reaction Monitoring;AC=MS:1002956	AC=MS:1002038;NT=label free sample	1	NT=High-performance liquid chromatography;AC=PRIDE:0000565	1	AC=MS:1001251;NT=Trypsin	not available	NT=Stellar;AC=MS:1003409	NT=Carbamidomethyl;AC=UNIMOD:4;TA=C;MT=Fixed	NT=Higher-energy Collisional Dissociation;AC=MS:1000422	27 NCE	40 ppm	0.05 Da	H
PRM_20251128_MarthaReselection_Plate_1_H8	H	8	MRTH	92	RH8	0.1	C:\Xcalibur\methods\method1	C:\data\yourdir	PRM_20251128_MarthaReselection_Plate_1_H8	Homo sapiens	Plasma	Plate_1	MarthaReselection	not available	not available	not available	not available	not available	not available	not available	not available	1	AC=EFO:0009656;NT=plasma	run 92	proteomics profiling by mass spectrometry	PRM_20251128_MarthaReselection_Plate_1_H8.RAW	PRM_20251128_MarthaReselection_Plate_1_H8.RAW	NT=Parallel Reaction Monitoring;AC=MS:1002956	AC=MS:1002038;NT=label free sample	1	NT=High-performance liquid chromatography;AC=PRIDE:0000565	1	AC=MS:1001251;NT=Trypsin	not available	NT=Stellar;AC=MS:1003409	NT=Carbamidomethyl;AC=UNIMOD:4;TA=C;MT=Fixed	NT=Higher-energy Collisional Dissociation;AC=MS:1000422	27 NCE	40 ppm	0.05 Da	H
PRM_20251128_MarthaReselection_Plate_1_H9	H	9	MRTH	93	RH9	0.1	C:\Xcalibur\methods\method1	C:\data\yourdir	PRM_20251128_MarthaReselection_Plate_1_H9	Homo sapiens	Plasma	Plate_1	MarthaReselection	not available	not available	not available	not available	not available	not available	not available	not available	1	AC=EFO:0009656;NT=plasma	run 93	proteomics profiling by mass spectrometry	PRM_20251128_MarthaReselection_Plate_1_H9.RAW	PRM_20251128_MarthaReselection_Plate_1_H9.RAW	NT=Parallel Reaction Monitoring;AC=MS:1002956	AC=MS:1002038;NT=label free sample	1	NT=High-performance liquid chromatography;AC=PRIDE:0000565	1	AC=MS:1001251;NT=Trypsin	not available	NT=Stellar;AC=MS:1003409	NT=Carbamidomethyl;AC=UNIMOD:4;TA=C;MT=Fixed	NT=Higher-energy Collisional Dissociation;AC=MS:1000422	27 NCE	40 ppm	0.05 Da	H
PRM_20251128_MarthaReselection_Plate_1_H10	H	10	MRTH	94	RH10	0.1	C:\Xcalibur\methods\method1	C:\data\yourdir	PRM_20251128_MarthaReselection_Plate_1_H10	Homo sapiens	Plasma	Plate_1	MarthaReselection	not available	not available	not available	not available	not available	not available	not available	not available	1	AC=EFO:0009656;NT=plasma	run 94	proteomics profiling by mass spectrometry	PRM_20251128_MarthaReselection_Plate_1_H10.RAW	PRM_20251128_MarthaReselection_Plate_1_H10.RAW	NT=Parallel Reaction Monitoring;AC=MS:1002956	AC=MS:1002038;NT=label free sample	1	NT=High-performance liquid chromatography;AC=PRIDE:0000565	1	AC=MS:1001251;NT=Trypsin	not available	NT=Stellar;AC=MS:1003409	NT=Carbamidomethyl;AC=UNIMOD:4;TA=C;MT=Fixed	NT=Higher-energy Collisional Dissociation;AC=MS:1000422	27 NCE	40 ppm	0.05 Da	H
PRM_20251128_MarthaReselection_Plate_1_H11	H	11	MRTH	95	RH11	0.1	C:\Xcalibur\methods\method1	C:\data\yourdir	PRM_20251128_MarthaReselection_Plate_1_H11	Homo sapiens	Plasma	Plate_1	MarthaReselection	not available	not available	not available	not available	not available	not available	not available	not available	1	AC=EFO:0009656;NT=plasma	run 95	proteomics profiling by mass spectrometry	PRM_20251128_MarthaReselection_Plate_1_H11.RAW	PRM_20251128_MarthaReselection_Plate_1_H11.RAW	NT=Parallel Reaction Monitoring;AC=MS:1002956	AC=MS:1002038;NT=label free sample	1	NT=High-performance liquid chromatography;AC=PRIDE:0000565	1	AC=MS:1001251;NT=Trypsin	not available	NT=Stellar;AC=MS:1003409	NT=Carbamidomethyl;AC=UNIMOD:4;TA=C;MT=Fixed	NT=Higher-energy Collisional Dissociation;AC=MS:1000422	27 NCE	40 ppm	0.05 Da	H
PRM_20251128_MarthaReselection_Plate_1_H12	H	12	Pool	96	RH12	0.1	C:\Xcalibur\methods\method1	C:\data\yourdir	PRM_20251128_MarthaReselection_Plate_1_H12	Homo sapiens	Plasma	Plate_1	MarthaReselection	not available	not available	not available	not available	not available	not available	not available	not available	1	AC=EFO:0009656;NT=plasma	run 96	proteomics profiling by mass spectrometry	PRM_20251128_MarthaReselection_Plate_1_H12.RAW	PRM_20251128_MarthaReselection_Plate_1_H12.RAW	NT=Parallel Reaction Monitoring;AC=MS:1002956	AC=MS:1002038;NT=label free sample	1	NT=High-performance liquid chromatography;AC=PRIDE:0000565	1	AC=MS:1001251;NT=Trypsin	not available	NT=Stellar;AC=MS:1003409	NT=Carbamidomethyl;AC=UNIMOD:4;TA=C;MT=Fixed	NT=Higher-energy Collisional Dissociation;AC=MS:1000422	27 NCE	40 ppm	0.05 Da	H
PRM_20251128_MarthaReselection_Plate_2_A1	A	1	MRTH	1	RA1	0.1	C:\Xcalibur\methods\method1	C:\data\yourdir	PRM_20251128_MarthaReselection_Plate_2_A1	Homo sapiens	Plasma	Plate_2	MarthaReselection	not available	not available	not available	not available	not available	not available	not available	not available	1	AC=EFO:0009656;NT=plasma	run 1	proteomics profiling by mass spectrometry	PRM_20251128_MarthaReselection_Plate_2_A1.RAW	PRM_20251128_MarthaReselection_Plate_2_A1.RAW	NT=Parallel Reaction Monitoring;AC=MS:1002956	AC=MS:1002038;NT=label free sample	1	NT=High-performance liquid chromatography;AC=PRIDE:0000565	1	AC=MS:1001251;NT=Trypsin	not available	NT=Stellar;AC=MS:1003409	NT=Carbamidomethyl;AC=UNIMOD:4;TA=C;MT=Fixed	NT=Higher-energy Collisional Dissociation;AC=MS:1000422	27 NCE	40 ppm	0.05 Da	A
PRM_20251128_MarthaReselection_Plate_2_A2	A	2	MRTH	2	RA2	0.1	C:\Xcalibur\methods\method1	C:\data\yourdir	PRM_20251128_MarthaReselection_Plate_2_A2	Homo sapiens	Plasma	Plate_2	MarthaReselection	not available	not available	not available	not available	not available	not available	not available	not available	1	AC=EFO:0009656;NT=plasma	run 2	proteomics profiling by mass spectrometry	PRM_20251128_MarthaReselection_Plate_2_A2.RAW	PRM_20251128_MarthaReselection_Plate_2_A2.RAW	NT=Parallel Reaction Monitoring;AC=MS:1002956	AC=MS:1002038;NT=label free sample	1	NT=High-performance liquid chromatography;AC=PRIDE:0000565	1	AC=MS:1001251;NT=Trypsin	not available	NT=Stellar;AC=MS:1003409	NT=Carbamidomethyl;AC=UNIMOD:4;TA=C;MT=Fixed	NT=Higher-energy Collisional Dissociation;AC=MS:1000422	27 NCE	40 ppm	0.05 Da	A
PRM_20251128_MarthaReselection_Plate_2_A3	A	3	MRTH	3	RA3	0.1	C:\Xcalibur\methods\method1	C:\data\yourdir	PRM_20251128_MarthaReselection_Plate_2_A3	Homo sapiens	Plasma	Plate_2	MarthaReselection	not available	not available	not available	not available	not available	not available	not available	not available	1	AC=EFO:0009656;NT=plasma	run 3	proteomics profiling by mass spectrometry	PRM_20251128_MarthaReselection_Plate_2_A3.RAW	PRM_20251128_MarthaReselection_Plate_2_A3.RAW	NT=Parallel Reaction Monitoring;AC=MS:1002956	AC=MS:1002038;NT=label free sample	1	NT=High-performance liquid chromatography;AC=PRIDE:0000565	1	AC=MS:1001251;NT=Trypsin	not available	NT=Stellar;AC=MS:1003409	NT=Carbamidomethyl;AC=UNIMOD:4;TA=C;MT=Fixed	NT=Higher-energy Collisional Dissociation;AC=MS:1000422	27 NCE	40 ppm	0.05 Da	A
PRM_20251128_MarthaReselection_Plate_2_A4	A	4	MRTH	4	RA4	0.1	C:\Xcalibur\methods\method1	C:\data\yourdir	PRM_20251128_MarthaReselection_Plate_2_A4	Homo sapiens	Plasma	Plate_2	MarthaReselection	not available	not available	not available	not available	not available	not available	not available	not available	1	AC=EFO:0009656;NT=plasma	run 4	proteomics profiling by mass spectrometry	PRM_20251128_MarthaReselection_Plate_2_A4.RAW	PRM_20251128_MarthaReselection_Plate_2_A4.RAW	NT=Parallel Reaction Monitoring;AC=MS:1002956	AC=MS:1002038;NT=label free sample	1	NT=High-performance liquid chromatography;AC=PRIDE:0000565	1	AC=MS:1001251;NT=Trypsin	not available	NT=Stellar;AC=MS:1003409	NT=Carbamidomethyl;AC=UNIMOD:4;TA=C;MT=Fixed	NT=Higher-energy Collisional Dissociation;AC=MS:1000422	27 NCE	40 ppm	0.05 Da	A
PRM_20251128_MarthaReselection_Plate_2_A5	A	5	MRTH	5	RA5	0.1	C:\Xcalibur\methods\method1	C:\data\yourdir	PRM_20251128_MarthaReselection_Plate_2_A5	Homo sapiens	Plasma	Plate_2	MarthaReselection	not available	not available	not available	not available	not available	not available	not available	not available	1	AC=EFO:0009656;NT=plasma	run 5	proteomics profiling by mass spectrometry	PRM_20251128_MarthaReselection_Plate_2_A5.RAW	PRM_20251128_MarthaReselection_Plate_2_A5.RAW	NT=Parallel Reaction Monitoring;AC=MS:1002956	AC=MS:1002038;NT=label free sample	1	NT=High-performance liquid chromatography;AC=PRIDE:0000565	1	AC=MS:1001251;NT=Trypsin	not available	NT=Stellar;AC=MS:1003409	NT=Carbamidomethyl;AC=UNIMOD:4;TA=C;MT=Fixed	NT=Higher-energy Collisional Dissociation;AC=MS:1000422	27 NCE	40 ppm	0.05 Da	A
PRM_20251128_MarthaReselection_Plate_2_A6	A	6	MRTH	6	RA6	0.1	C:\Xcalibur\methods\method1	C:\data\yourdir	PRM_20251128_MarthaReselection_Plate_2_A6	Homo sapiens	Plasma	Plate_2	MarthaReselection	not available	not available	not available	not available	not available	not available	not available	not available	1	AC=EFO:0009656;NT=plasma	run 6	proteomics profiling by mass spectrometry	PRM_20251128_MarthaReselection_Plate_2_A6.RAW	PRM_20251128_MarthaReselection_Plate_2_A6.RAW	NT=Parallel Reaction Monitoring;AC=MS:1002956	AC=MS:1002038;NT=label free sample	1	NT=High-performance liquid chromatography;AC=PRIDE:0000565	1	AC=MS:1001251;NT=Trypsin	not available	NT=Stellar;AC=MS:1003409	NT=Carbamidomethyl;AC=UNIMOD:4;TA=C;MT=Fixed	NT=Higher-energy Collisional Dissociation;AC=MS:1000422	27 NCE	40 ppm	0.05 Da	A
PRM_20251128_MarthaReselection_Plate_2_A7	A	7	MRTH	7	RA7	0.1	C:\Xcalibur\methods\method1	C:\data\yourdir	PRM_20251128_MarthaReselection_Plate_2_A7	Homo sapiens	Plasma	Plate_2	MarthaReselection	not available	not available	not available	not available	not available	not available	not available	not available	1	AC=EFO:0009656;NT=plasma	run 7	proteomics profiling by mass spectrometry	PRM_20251128_MarthaReselection_Plate_2_A7.RAW	PRM_20251128_MarthaReselection_Plate_2_A7.RAW	NT=Parallel Reaction Monitoring;AC=MS:1002956	AC=MS:1002038;NT=label free sample	1	NT=High-performance liquid chromatography;AC=PRIDE:0000565	1	AC=MS:1001251;NT=Trypsin	not available	NT=Stellar;AC=MS:1003409	NT=Carbamidomethyl;AC=UNIMOD:4;TA=C;MT=Fixed	NT=Higher-energy Collisional Dissociation;AC=MS:1000422	27 NCE	40 ppm	0.05 Da	A
PRM_20251128_MarthaReselection_Plate_2_A8	A	8	MRTH	8	RA8	0.1	C:\Xcalibur\methods\method1	C:\data\yourdir	PRM_20251128_MarthaReselection_Plate_2_A8	Homo sapiens	Plasma	Plate_2	MarthaReselection	not available	not available	not available	not available	not available	not available	not available	not available	1	AC=EFO:0009656;NT=plasma	run 8	proteomics profiling by mass spectrometry	PRM_20251128_MarthaReselection_Plate_2_A8.RAW	PRM_20251128_MarthaReselection_Plate_2_A8.RAW	NT=Parallel Reaction Monitoring;AC=MS:1002956	AC=MS:1002038;NT=label free sample	1	NT=High-performance liquid chromatography;AC=PRIDE:0000565	1	AC=MS:1001251;NT=Trypsin	not available	NT=Stellar;AC=MS:1003409	NT=Carbamidomethyl;AC=UNIMOD:4;TA=C;MT=Fixed	NT=Higher-energy Collisional Dissociation;AC=MS:1000422	27 NCE	40 ppm	0.05 Da	A
PRM_20251128_MarthaReselection_Plate_2_A9	A	9	MRTH	9	RA9	0.1	C:\Xcalibur\methods\method1	C:\data\yourdir	PRM_20251128_MarthaReselection_Plate_2_A9	Homo sapiens	Plasma	Plate_2	MarthaReselection	not available	not available	not available	not available	not available	not available	not available	not available	1	AC=EFO:0009656;NT=plasma	run 9	proteomics profiling by mass spectrometry	PRM_20251128_MarthaReselection_Plate_2_A9.RAW	PRM_20251128_MarthaReselection_Plate_2_A9.RAW	NT=Parallel Reaction Monitoring;AC=MS:1002956	AC=MS:1002038;NT=label free sample	1	NT=High-performance liquid chromatography;AC=PRIDE:0000565	1	AC=MS:1001251;NT=Trypsin	not available	NT=Stellar;AC=MS:1003409	NT=Carbamidomethyl;AC=UNIMOD:4;TA=C;MT=Fixed	NT=Higher-energy Collisional Dissociation;AC=MS:1000422	27 NCE	40 ppm	0.05 Da	A
PRM_20251128_MarthaReselection_Plate_2_A10	A	10	MRTH	10	RA10	0.1	C:\Xcalibur\methods\method1	C:\data\yourdir	PRM_20251128_MarthaReselection_Plate_2_A10	Homo sapiens	Plasma	Plate_2	MarthaReselection	not available	not available	not available	not available	not available	not available	not available	not available	1	AC=EFO:0009656;NT=plasma	run 10	proteomics profiling by mass spectrometry	PRM_20251128_MarthaReselection_Plate_2_A10.RAW	PRM_20251128_MarthaReselection_Plate_2_A10.RAW	NT=Parallel Reaction Monitoring;AC=MS:1002956	AC=MS:1002038;NT=label free sample	1	NT=High-performance liquid chromatography;AC=PRIDE:0000565	1	AC=MS:1001251;NT=Trypsin	not available	NT=Stellar;AC=MS:1003409	NT=Carbamidomethyl;AC=UNIMOD:4;TA=C;MT=Fixed	NT=Higher-energy Collisional Dissociation;AC=MS:1000422	27 NCE	40 ppm	0.05 Da	A
PRM_20251128_MarthaReselection_Plate_2_A11	A	11	MRTH	11	RA11	0.1	C:\Xcalibur\methods\method1	C:\data\yourdir	PRM_20251128_MarthaReselection_Plate_2_A11	Homo sapiens	Plasma	Plate_2	MarthaReselection	not available	not available	not available	not available	not available	not available	not available	not available	1	AC=EFO:0009656;NT=plasma	run 11	proteomics profiling by mass spectrometry	PRM_20251128_MarthaReselection_Plate_2_A11.RAW	PRM_20251128_MarthaReselection_Plate_2_A11.RAW	NT=Parallel Reaction Monitoring;AC=MS:1002956	AC=MS:1002038;NT=label free sample	1	NT=High-performance liquid chromatography;AC=PRIDE:0000565	1	AC=MS:1001251;NT=Trypsin	not available	NT=Stellar;AC=MS:1003409	NT=Carbamidomethyl;AC=UNIMOD:4;TA=C;MT=Fixed	NT=Higher-energy Collisional Dissociation;AC=MS:1000422	27 NCE	40 ppm	0.05 Da	A
PRM_20251128_MarthaReselection_Plate_2_A12	A	12	MRTH	12	RA12	0.1	C:\Xcalibur\methods\method1	C:\data\yourdir	PRM_20251128_MarthaReselection_Plate_2_A12	Homo sapiens	Plasma	Plate_2	MarthaReselection	not available	not available	not available	not available	not available	not available	not available	not available	1	AC=EFO:0009656;NT=plasma	run 12	proteomics profiling by mass spectrometry	PRM_20251128_MarthaReselection_Plate_2_A12.RAW	PRM_20251128_MarthaReselection_Plate_2_A12.RAW	NT=Parallel Reaction Monitoring;AC=MS:1002956	AC=MS:1002038;NT=label free sample	1	NT=High-performance liquid chromatography;AC=PRIDE:0000565	1	AC=MS:1001251;NT=Trypsin	not available	NT=Stellar;AC=MS:1003409	NT=Carbamidomethyl;AC=UNIMOD:4;TA=C;MT=Fixed	NT=Higher-energy Collisional Dissociation;AC=MS:1000422	27 NCE	40 ppm	0.05 Da	A
PRM_20251128_MarthaReselection_Plate_2_B1	B	1	MRTH	13	RB1	0.1	C:\Xcalibur\methods\method1	C:\data\yourdir	PRM_20251128_MarthaReselection_Plate_2_B1	Homo sapiens	Plasma	Plate_2	MarthaReselection	not available	not available	not available	not available	not available	not available	not available	not available	1	AC=EFO:0009656;NT=plasma	run 13	proteomics profiling by mass spectrometry	PRM_20251128_MarthaReselection_Plate_2_B1.RAW	PRM_20251128_MarthaReselection_Plate_2_B1.RAW	NT=Parallel Reaction Monitoring;AC=MS:1002956	AC=MS:1002038;NT=label free sample	1	NT=High-performance liquid chromatography;AC=PRIDE:0000565	1	AC=MS:1001251;NT=Trypsin	not available	NT=Stellar;AC=MS:1003409	NT=Carbamidomethyl;AC=UNIMOD:4;TA=C;MT=Fixed	NT=Higher-energy Collisional Dissociation;AC=MS:1000422	27 NCE	40 ppm	0.05 Da	B
PRM_20251128_MarthaReselection_Plate_2_B2	B	2	MRTH	14	RB2	0.1	C:\Xcalibur\methods\method1	C:\data\yourdir	PRM_20251128_MarthaReselection_Plate_2_B2	Homo sapiens	Plasma	Plate_2	MarthaReselection	not available	not available	not available	not available	not available	not available	not available	not available	1	AC=EFO:0009656;NT=plasma	run 14	proteomics profiling by mass spectrometry	PRM_20251128_MarthaReselection_Plate_2_B2.RAW	PRM_20251128_MarthaReselection_Plate_2_B2.RAW	NT=Parallel Reaction Monitoring;AC=MS:1002956	AC=MS:1002038;NT=label free sample	1	NT=High-performance liquid chromatography;AC=PRIDE:0000565	1	AC=MS:1001251;NT=Trypsin	not available	NT=Stellar;AC=MS:1003409	NT=Carbamidomethyl;AC=UNIMOD:4;TA=C;MT=Fixed	NT=Higher-energy Collisional Dissociation;AC=MS:1000422	27 NCE	40 ppm	0.05 Da	B
PRM_20251128_MarthaReselection_Plate_2_B3	B	3	MRTH	15	RB3	0.1	C:\Xcalibur\methods\method1	C:\data\yourdir	PRM_20251128_MarthaReselection_Plate_2_B3	Homo sapiens	Plasma	Plate_2	MarthaReselection	not available	not available	not available	not available	not available	not available	not available	not available	1	AC=EFO:0009656;NT=plasma	run 15	proteomics profiling by mass spectrometry	PRM_20251128_MarthaReselection_Plate_2_B3.RAW	PRM_20251128_MarthaReselection_Plate_2_B3.RAW	NT=Parallel Reaction Monitoring;AC=MS:1002956	AC=MS:1002038;NT=label free sample	1	NT=High-performance liquid chromatography;AC=PRIDE:0000565	1	AC=MS:1001251;NT=Trypsin	not available	NT=Stellar;AC=MS:1003409	NT=Carbamidomethyl;AC=UNIMOD:4;TA=C;MT=Fixed	NT=Higher-energy Collisional Dissociation;AC=MS:1000422	27 NCE	40 ppm	0.05 Da	B
PRM_20251128_MarthaReselection_Plate_2_B4	B	4	MRTH	16	RB4	0.1	C:\Xcalibur\methods\method1	C:\data\yourdir	PRM_20251128_MarthaReselection_Plate_2_B4	Homo sapiens	Plasma	Plate_2	MarthaReselection	not available	not available	not available	not available	not available	not available	not available	not available	1	AC=EFO:0009656;NT=plasma	run 16	proteomics profiling by mass spectrometry	PRM_20251128_MarthaReselection_Plate_2_B4.RAW	PRM_20251128_MarthaReselection_Plate_2_B4.RAW	NT=Parallel Reaction Monitoring;AC=MS:1002956	AC=MS:1002038;NT=label free sample	1	NT=High-performance liquid chromatography;AC=PRIDE:0000565	1	AC=MS:1001251;NT=Trypsin	not available	NT=Stellar;AC=MS:1003409	NT=Carbamidomethyl;AC=UNIMOD:4;TA=C;MT=Fixed	NT=Higher-energy Collisional Dissociation;AC=MS:1000422	27 NCE	40 ppm	0.05 Da	B
PRM_20251128_MarthaReselection_Plate_2_B5	B	5	MRTH	17	RB5	0.1	C:\Xcalibur\methods\method1	C:\data\yourdir	PRM_20251128_MarthaReselection_Plate_2_B5	Homo sapiens	Plasma	Plate_2	MarthaReselection	not available	not available	not available	not available	not available	not available	not available	not available	1	AC=EFO:0009656;NT=plasma	run 17	proteomics profiling by mass spectrometry	PRM_20251128_MarthaReselection_Plate_2_B5.RAW	PRM_20251128_MarthaReselection_Plate_2_B5.RAW	NT=Parallel Reaction Monitoring;AC=MS:1002956	AC=MS:1002038;NT=label free sample	1	NT=High-performance liquid chromatography;AC=PRIDE:0000565	1	AC=MS:1001251;NT=Trypsin	not available	NT=Stellar;AC=MS:1003409	NT=Carbamidomethyl;AC=UNIMOD:4;TA=C;MT=Fixed	NT=Higher-energy Collisional Dissociation;AC=MS:1000422	27 NCE	40 ppm	0.05 Da	B
PRM_20251128_MarthaReselection_Plate_2_B6	B	6	MRTH	18	RB6	0.1	C:\Xcalibur\methods\method1	C:\data\yourdir	PRM_20251128_MarthaReselection_Plate_2_B6	Homo sapiens	Plasma	Plate_2	MarthaReselection	not available	not available	not available	not available	not available	not available	not available	not available	1	AC=EFO:0009656;NT=plasma	run 18	proteomics profiling by mass spectrometry	PRM_20251128_MarthaReselection_Plate_2_B6.RAW	PRM_20251128_MarthaReselection_Plate_2_B6.RAW	NT=Parallel Reaction Monitoring;AC=MS:1002956	AC=MS:1002038;NT=label free sample	1	NT=High-performance liquid chromatography;AC=PRIDE:0000565	1	AC=MS:1001251;NT=Trypsin	not available	NT=Stellar;AC=MS:1003409	NT=Carbamidomethyl;AC=UNIMOD:4;TA=C;MT=Fixed	NT=Higher-energy Collisional Dissociation;AC=MS:1000422	27 NCE	40 ppm	0.05 Da	B
PRM_20251128_MarthaReselection_Plate_2_B7	B	7	MRTH	19	RB7	0.1	C:\Xcalibur\methods\method1	C:\data\yourdir	PRM_20251128_MarthaReselection_Plate_2_B7	Homo sapiens	Plasma	Plate_2	MarthaReselection	not available	not available	not available	not available	not available	not available	not available	not available	1	AC=EFO:0009656;NT=plasma	run 19	proteomics profiling by mass spectrometry	PRM_20251128_MarthaReselection_Plate_2_B7.RAW	PRM_20251128_MarthaReselection_Plate_2_B7.RAW	NT=Parallel Reaction Monitoring;AC=MS:1002956	AC=MS:1002038;NT=label free sample	1	NT=High-performance liquid chromatography;AC=PRIDE:0000565	1	AC=MS:1001251;NT=Trypsin	not available	NT=Stellar;AC=MS:1003409	NT=Carbamidomethyl;AC=UNIMOD:4;TA=C;MT=Fixed	NT=Higher-energy Collisional Dissociation;AC=MS:1000422	27 NCE	40 ppm	0.05 Da	B
PRM_20251128_MarthaReselection_Plate_2_B8	B	8	MRTH	20	RB8	0.1	C:\Xcalibur\methods\method1	C:\data\yourdir	PRM_20251128_MarthaReselection_Plate_2_B8	Homo sapiens	Plasma	Plate_2	MarthaReselection	not available	not available	not available	not available	not available	not available	not available	not available	1	AC=EFO:0009656;NT=plasma	run 20	proteomics profiling by mass spectrometry	PRM_20251128_MarthaReselection_Plate_2_B8.RAW	PRM_20251128_MarthaReselection_Plate_2_B8.RAW	NT=Parallel Reaction Monitoring;AC=MS:1002956	AC=MS:1002038;NT=label free sample	1	NT=High-performance liquid chromatography;AC=PRIDE:0000565	1	AC=MS:1001251;NT=Trypsin	not available	NT=Stellar;AC=MS:1003409	NT=Carbamidomethyl;AC=UNIMOD:4;TA=C;MT=Fixed	NT=Higher-energy Collisional Dissociation;AC=MS:1000422	27 NCE	40 ppm	0.05 Da	B
PRM_20251128_MarthaReselection_Plate_2_B9	B	9	MRTH	21	RB9	0.1	C:\Xcalibur\methods\method1	C:\data\yourdir	PRM_20251128_MarthaReselection_Plate_2_B9	Homo sapiens	Plasma	Plate_2	MarthaReselection	not available	not available	not available	not available	not available	not available	not available	not available	1	AC=EFO:0009656;NT=plasma	run 21	proteomics profiling by mass spectrometry	PRM_20251128_MarthaReselection_Plate_2_B9.RAW	PRM_20251128_MarthaReselection_Plate_2_B9.RAW	NT=Parallel Reaction Monitoring;AC=MS:1002956	AC=MS:1002038;NT=label free sample	1	NT=High-performance liquid chromatography;AC=PRIDE:0000565	1	AC=MS:1001251;NT=Trypsin	not available	NT=Stellar;AC=MS:1003409	NT=Carbamidomethyl;AC=UNIMOD:4;TA=C;MT=Fixed	NT=Higher-energy Collisional Dissociation;AC=MS:1000422	27 NCE	40 ppm	0.05 Da	B
PRM_20251128_MarthaReselection_Plate_2_B10	B	10	MRTH	22	RB10	0.1	C:\Xcalibur\methods\method1	C:\data\yourdir	PRM_20251128_MarthaReselection_Plate_2_B10	Homo sapiens	Plasma	Plate_2	MarthaReselection	not available	not available	not available	not available	not available	not available	not available	not available	1	AC=EFO:0009656;NT=plasma	run 22	proteomics profiling by mass spectrometry	PRM_20251128_MarthaReselection_Plate_2_B10.RAW	PRM_20251128_MarthaReselection_Plate_2_B10.RAW	NT=Parallel Reaction Monitoring;AC=MS:1002956	AC=MS:1002038;NT=label free sample	1	NT=High-performance liquid chromatography;AC=PRIDE:0000565	1	AC=MS:1001251;NT=Trypsin	not available	NT=Stellar;AC=MS:1003409	NT=Carbamidomethyl;AC=UNIMOD:4;TA=C;MT=Fixed	NT=Higher-energy Collisional Dissociation;AC=MS:1000422	27 NCE	40 ppm	0.05 Da	B
PRM_20251128_MarthaReselection_Plate_2_B11	B	11	MRTH	23	RB11	0.1	C:\Xcalibur\methods\method1	C:\data\yourdir	PRM_20251128_MarthaReselection_Plate_2_B11	Homo sapiens	Plasma	Plate_2	MarthaReselection	not available	not available	not available	not available	not available	not available	not available	not available	1	AC=EFO:0009656;NT=plasma	run 23	proteomics profiling by mass spectrometry	PRM_20251128_MarthaReselection_Plate_2_B11.RAW	PRM_20251128_MarthaReselection_Plate_2_B11.RAW	NT=Parallel Reaction Monitoring;AC=MS:1002956	AC=MS:1002038;NT=label free sample	1	NT=High-performance liquid chromatography;AC=PRIDE:0000565	1	AC=MS:1001251;NT=Trypsin	not available	NT=Stellar;AC=MS:1003409	NT=Carbamidomethyl;AC=UNIMOD:4;TA=C;MT=Fixed	NT=Higher-energy Collisional Dissociation;AC=MS:1000422	27 NCE	40 ppm	0.05 Da	B
PRM_20251128_MarthaReselection_Plate_2_B12	B	12	MRTH	24	RB12	0.1	C:\Xcalibur\methods\method1	C:\data\yourdir	PRM_20251128_MarthaReselection_Plate_2_B12	Homo sapiens	Plasma	Plate_2	MarthaReselection	not available	not available	not available	not available	not available	not available	not available	not available	1	AC=EFO:0009656;NT=plasma	run 24	proteomics profiling by mass spectrometry	PRM_20251128_MarthaReselection_Plate_2_B12.RAW	PRM_20251128_MarthaReselection_Plate_2_B12.RAW	NT=Parallel Reaction Monitoring;AC=MS:1002956	AC=MS:1002038;NT=label free sample	1	NT=High-performance liquid chromatography;AC=PRIDE:0000565	1	AC=MS:1001251;NT=Trypsin	not available	NT=Stellar;AC=MS:1003409	NT=Carbamidomethyl;AC=UNIMOD:4;TA=C;MT=Fixed	NT=Higher-energy Collisional Dissociation;AC=MS:1000422	27 NCE	40 ppm	0.05 Da	B
PRM_20251128_MarthaReselection_Plate_2_C1	C	1	MRTH	25	RC1	0.1	C:\Xcalibur\methods\method1	C:\data\yourdir	PRM_20251128_MarthaReselection_Plate_2_C1	Homo sapiens	Plasma	Plate_2	MarthaReselection	not available	not available	not available	not available	not available	not available	not available	not available	1	AC=EFO:0009656;NT=plasma	run 25	proteomics profiling by mass spectrometry	PRM_20251128_MarthaReselection_Plate_2_C1.RAW	PRM_20251128_MarthaReselection_Plate_2_C1.RAW	NT=Parallel Reaction Monitoring;AC=MS:1002956	AC=MS:1002038;NT=label free sample	1	NT=High-performance liquid chromatography;AC=PRIDE:0000565	1	AC=MS:1001251;NT=Trypsin	not available	NT=Stellar;AC=MS:1003409	NT=Carbamidomethyl;AC=UNIMOD:4;TA=C;MT=Fixed	NT=Higher-energy Collisional Dissociation;AC=MS:1000422	27 NCE	40 ppm	0.05 Da	C
PRM_20251128_MarthaReselection_Plate_2_C2	C	2	Pool	26	RC2	0.1	C:\Xcalibur\methods\method1	C:\data\yourdir	PRM_20251128_MarthaReselection_Plate_2_C2	Homo sapiens	Plasma	Plate_2	MarthaReselection	not available	not available	not available	not available	not available	not available	not available	not available	1	AC=EFO:0009656;NT=plasma	run 26	proteomics profiling by mass spectrometry	PRM_20251128_MarthaReselection_Plate_2_C2.RAW	PRM_20251128_MarthaReselection_Plate_2_C2.RAW	NT=Parallel Reaction Monitoring;AC=MS:1002956	AC=MS:1002038;NT=label free sample	1	NT=High-performance liquid chromatography;AC=PRIDE:0000565	1	AC=MS:1001251;NT=Trypsin	not available	NT=Stellar;AC=MS:1003409	NT=Carbamidomethyl;AC=UNIMOD:4;TA=C;MT=Fixed	NT=Higher-energy Collisional Dissociation;AC=MS:1000422	27 NCE	40 ppm	0.05 Da	C
PRM_20251128_MarthaReselection_Plate_2_C3	C	3	MRTH	27	RC3	0.1	C:\Xcalibur\methods\method1	C:\data\yourdir	PRM_20251128_MarthaReselection_Plate_2_C3	Homo sapiens	Plasma	Plate_2	MarthaReselection	not available	not available	not available	not available	not available	not available	not available	not available	1	AC=EFO:0009656;NT=plasma	run 27	proteomics profiling by mass spectrometry	PRM_20251128_MarthaReselection_Plate_2_C3.RAW	PRM_20251128_MarthaReselection_Plate_2_C3.RAW	NT=Parallel Reaction Monitoring;AC=MS:1002956	AC=MS:1002038;NT=label free sample	1	NT=High-performance liquid chromatography;AC=PRIDE:0000565	1	AC=MS:1001251;NT=Trypsin	not available	NT=Stellar;AC=MS:1003409	NT=Carbamidomethyl;AC=UNIMOD:4;TA=C;MT=Fixed	NT=Higher-energy Collisional Dissociation;AC=MS:1000422	27 NCE	40 ppm	0.05 Da	C
PRM_20251128_MarthaReselection_Plate_2_C4	C	4	MRTH	28	RC4	0.1	C:\Xcalibur\methods\method1	C:\data\yourdir	PRM_20251128_MarthaReselection_Plate_2_C4	Homo sapiens	Plasma	Plate_2	MarthaReselection	not available	not available	not available	not available	not available	not available	not available	not available	1	AC=EFO:0009656;NT=plasma	run 28	proteomics profiling by mass spectrometry	PRM_20251128_MarthaReselection_Plate_2_C4.RAW	PRM_20251128_MarthaReselection_Plate_2_C4.RAW	NT=Parallel Reaction Monitoring;AC=MS:1002956	AC=MS:1002038;NT=label free sample	1	NT=High-performance liquid chromatography;AC=PRIDE:0000565	1	AC=MS:1001251;NT=Trypsin	not available	NT=Stellar;AC=MS:1003409	NT=Carbamidomethyl;AC=UNIMOD:4;TA=C;MT=Fixed	NT=Higher-energy Collisional Dissociation;AC=MS:1000422	27 NCE	40 ppm	0.05 Da	C
PRM_20251128_MarthaReselection_Plate_2_C5	C	5	MRTH	29	RC5	0.1	C:\Xcalibur\methods\method1	C:\data\yourdir	PRM_20251128_MarthaReselection_Plate_2_C5	Homo sapiens	Plasma	Plate_2	MarthaReselection	not available	not available	not available	not available	not available	not available	not available	not available	1	AC=EFO:0009656;NT=plasma	run 29	proteomics profiling by mass spectrometry	PRM_20251128_MarthaReselection_Plate_2_C5.RAW	PRM_20251128_MarthaReselection_Plate_2_C5.RAW	NT=Parallel Reaction Monitoring;AC=MS:1002956	AC=MS:1002038;NT=label free sample	1	NT=High-performance liquid chromatography;AC=PRIDE:0000565	1	AC=MS:1001251;NT=Trypsin	not available	NT=Stellar;AC=MS:1003409	NT=Carbamidomethyl;AC=UNIMOD:4;TA=C;MT=Fixed	NT=Higher-energy Collisional Dissociation;AC=MS:1000422	27 NCE	40 ppm	0.05 Da	C
PRM_20251128_MarthaReselection_Plate_2_C6	C	6	MRTH	30	RC6	0.1	C:\Xcalibur\methods\method1	C:\data\yourdir	PRM_20251128_MarthaReselection_Plate_2_C6	Homo sapiens	Plasma	Plate_2	MarthaReselection	not available	not available	not available	not available	not available	not available	not available	not available	1	AC=EFO:0009656;NT=plasma	run 30	proteomics profiling by mass spectrometry	PRM_20251128_MarthaReselection_Plate_2_C6.RAW	PRM_20251128_MarthaReselection_Plate_2_C6.RAW	NT=Parallel Reaction Monitoring;AC=MS:1002956	AC=MS:1002038;NT=label free sample	1	NT=High-performance liquid chromatography;AC=PRIDE:0000565	1	AC=MS:1001251;NT=Trypsin	not available	NT=Stellar;AC=MS:1003409	NT=Carbamidomethyl;AC=UNIMOD:4;TA=C;MT=Fixed	NT=Higher-energy Collisional Dissociation;AC=MS:1000422	27 NCE	40 ppm	0.05 Da	C
PRM_20251128_MarthaReselection_Plate_2_C7	C	7	MRTH	31	RC7	0.1	C:\Xcalibur\methods\method1	C:\data\yourdir	PRM_20251128_MarthaReselection_Plate_2_C7	Homo sapiens	Plasma	Plate_2	MarthaReselection	not available	not available	not available	not available	not available	not available	not available	not available	1	AC=EFO:0009656;NT=plasma	run 31	proteomics profiling by mass spectrometry	PRM_20251128_MarthaReselection_Plate_2_C7.RAW	PRM_20251128_MarthaReselection_Plate_2_C7.RAW	NT=Parallel Reaction Monitoring;AC=MS:1002956	AC=MS:1002038;NT=label free sample	1	NT=High-performance liquid chromatography;AC=PRIDE:0000565	1	AC=MS:1001251;NT=Trypsin	not available	NT=Stellar;AC=MS:1003409	NT=Carbamidomethyl;AC=UNIMOD:4;TA=C;MT=Fixed	NT=Higher-energy Collisional Dissociation;AC=MS:1000422	27 NCE	40 ppm	0.05 Da	C
PRM_20251128_MarthaReselection_Plate_2_C8	C	8	MRTH	32	RC8	0.1	C:\Xcalibur\methods\method1	C:\data\yourdir	PRM_20251128_MarthaReselection_Plate_2_C8	Homo sapiens	Plasma	Plate_2	MarthaReselection	not available	not available	not available	not available	not available	not available	not available	not available	1	AC=EFO:0009656;NT=plasma	run 32	proteomics profiling by mass spectrometry	PRM_20251128_MarthaReselection_Plate_2_C8.RAW	PRM_20251128_MarthaReselection_Plate_2_C8.RAW	NT=Parallel Reaction Monitoring;AC=MS:1002956	AC=MS:1002038;NT=label free sample	1	NT=High-performance liquid chromatography;AC=PRIDE:0000565	1	AC=MS:1001251;NT=Trypsin	not available	NT=Stellar;AC=MS:1003409	NT=Carbamidomethyl;AC=UNIMOD:4;TA=C;MT=Fixed	NT=Higher-energy Collisional Dissociation;AC=MS:1000422	27 NCE	40 ppm	0.05 Da	C
PRM_20251128_MarthaReselection_Plate_2_C9	C	9	MRTH	33	RC9	0.1	C:\Xcalibur\methods\method1	C:\data\yourdir	PRM_20251128_MarthaReselection_Plate_2_C9	Homo sapiens	Plasma	Plate_2	MarthaReselection	not available	not available	not available	not available	not available	not available	not available	not available	1	AC=EFO:0009656;NT=plasma	run 33	proteomics profiling by mass spectrometry	PRM_20251128_MarthaReselection_Plate_2_C9.RAW	PRM_20251128_MarthaReselection_Plate_2_C9.RAW	NT=Parallel Reaction Monitoring;AC=MS:1002956	AC=MS:1002038;NT=label free sample	1	NT=High-performance liquid chromatography;AC=PRIDE:0000565	1	AC=MS:1001251;NT=Trypsin	not available	NT=Stellar;AC=MS:1003409	NT=Carbamidomethyl;AC=UNIMOD:4;TA=C;MT=Fixed	NT=Higher-energy Collisional Dissociation;AC=MS:1000422	27 NCE	40 ppm	0.05 Da	C
PRM_20251128_MarthaReselection_Plate_2_C10	C	10	MRTH	34	RC10	0.1	C:\Xcalibur\methods\method1	C:\data\yourdir	PRM_20251128_MarthaReselection_Plate_2_C10	Homo sapiens	Plasma	Plate_2	MarthaReselection	not available	not available	not available	not available	not available	not available	not available	not available	1	AC=EFO:0009656;NT=plasma	run 34	proteomics profiling by mass spectrometry	PRM_20251128_MarthaReselection_Plate_2_C10.RAW	PRM_20251128_MarthaReselection_Plate_2_C10.RAW	NT=Parallel Reaction Monitoring;AC=MS:1002956	AC=MS:1002038;NT=label free sample	1	NT=High-performance liquid chromatography;AC=PRIDE:0000565	1	AC=MS:1001251;NT=Trypsin	not available	NT=Stellar;AC=MS:1003409	NT=Carbamidomethyl;AC=UNIMOD:4;TA=C;MT=Fixed	NT=Higher-energy Collisional Dissociation;AC=MS:1000422	27 NCE	40 ppm	0.05 Da	C
PRM_20251128_MarthaReselection_Plate_2_C11	C	11	MRTH	35	RC11	0.1	C:\Xcalibur\methods\method1	C:\data\yourdir	PRM_20251128_MarthaReselection_Plate_2_C11	Homo sapiens	Plasma	Plate_2	MarthaReselection	not available	not available	not available	not available	not available	not available	not available	not available	1	AC=EFO:0009656;NT=plasma	run 35	proteomics profiling by mass spectrometry	PRM_20251128_MarthaReselection_Plate_2_C11.RAW	PRM_20251128_MarthaReselection_Plate_2_C11.RAW	NT=Parallel Reaction Monitoring;AC=MS:1002956	AC=MS:1002038;NT=label free sample	1	NT=High-performance liquid chromatography;AC=PRIDE:0000565	1	AC=MS:1001251;NT=Trypsin	not available	NT=Stellar;AC=MS:1003409	NT=Carbamidomethyl;AC=UNIMOD:4;TA=C;MT=Fixed	NT=Higher-energy Collisional Dissociation;AC=MS:1000422	27 NCE	40 ppm	0.05 Da	C
PRM_20251128_MarthaReselection_Plate_2_C12	C	12	MRTH	36	RC12	0.1	C:\Xcalibur\methods\method1	C:\data\yourdir	PRM_20251128_MarthaReselection_Plate_2_C12	Homo sapiens	Plasma	Plate_2	MarthaReselection	not available	not available	not available	not available	not available	not available	not available	not available	1	AC=EFO:0009656;NT=plasma	run 36	proteomics profiling by mass spectrometry	PRM_20251128_MarthaReselection_Plate_2_C12.RAW	PRM_20251128_MarthaReselection_Plate_2_C12.RAW	NT=Parallel Reaction Monitoring;AC=MS:1002956	AC=MS:1002038;NT=label free sample	1	NT=High-performance liquid chromatography;AC=PRIDE:0000565	1	AC=MS:1001251;NT=Trypsin	not available	NT=Stellar;AC=MS:1003409	NT=Carbamidomethyl;AC=UNIMOD:4;TA=C;MT=Fixed	NT=Higher-energy Collisional Dissociation;AC=MS:1000422	27 NCE	40 ppm	0.05 Da	C
PRM_20251128_MarthaReselection_Plate_2_D1	D	1	MRTH	37	RD1	0.1	C:\Xcalibur\methods\method1	C:\data\yourdir	PRM_20251128_MarthaReselection_Plate_2_D1	Homo sapiens	Plasma	Plate_2	MarthaReselection	not available	not available	not available	not available	not available	not available	not available	not available	1	AC=EFO:0009656;NT=plasma	run 37	proteomics profiling by mass spectrometry	PRM_20251128_MarthaReselection_Plate_2_D1.RAW	PRM_20251128_MarthaReselection_Plate_2_D1.RAW	NT=Parallel Reaction Monitoring;AC=MS:1002956	AC=MS:1002038;NT=label free sample	1	NT=High-performance liquid chromatography;AC=PRIDE:0000565	1	AC=MS:1001251;NT=Trypsin	not available	NT=Stellar;AC=MS:1003409	NT=Carbamidomethyl;AC=UNIMOD:4;TA=C;MT=Fixed	NT=Higher-energy Collisional Dissociation;AC=MS:1000422	27 NCE	40 ppm	0.05 Da	D
PRM_20251128_MarthaReselection_Plate_2_D2	D	2	MRTH	38	RD2	0.1	C:\Xcalibur\methods\method1	C:\data\yourdir	PRM_20251128_MarthaReselection_Plate_2_D2	Homo sapiens	Plasma	Plate_2	MarthaReselection	not available	not available	not available	not available	not available	not available	not available	not available	1	AC=EFO:0009656;NT=plasma	run 38	proteomics profiling by mass spectrometry	PRM_20251128_MarthaReselection_Plate_2_D2.RAW	PRM_20251128_MarthaReselection_Plate_2_D2.RAW	NT=Parallel Reaction Monitoring;AC=MS:1002956	AC=MS:1002038;NT=label free sample	1	NT=High-performance liquid chromatography;AC=PRIDE:0000565	1	AC=MS:1001251;NT=Trypsin	not available	NT=Stellar;AC=MS:1003409	NT=Carbamidomethyl;AC=UNIMOD:4;TA=C;MT=Fixed	NT=Higher-energy Collisional Dissociation;AC=MS:1000422	27 NCE	40 ppm	0.05 Da	D
PRM_20251128_MarthaReselection_Plate_2_D3	D	3	MRTH	39	RD3	0.1	C:\Xcalibur\methods\method1	C:\data\yourdir	PRM_20251128_MarthaReselection_Plate_2_D3	Homo sapiens	Plasma	Plate_2	MarthaReselection	not available	not available	not available	not available	not available	not available	not available	not available	1	AC=EFO:0009656;NT=plasma	run 39	proteomics profiling by mass spectrometry	PRM_20251128_MarthaReselection_Plate_2_D3.RAW	PRM_20251128_MarthaReselection_Plate_2_D3.RAW	NT=Parallel Reaction Monitoring;AC=MS:1002956	AC=MS:1002038;NT=label free sample	1	NT=High-performance liquid chromatography;AC=PRIDE:0000565	1	AC=MS:1001251;NT=Trypsin	not available	NT=Stellar;AC=MS:1003409	NT=Carbamidomethyl;AC=UNIMOD:4;TA=C;MT=Fixed	NT=Higher-energy Collisional Dissociation;AC=MS:1000422	27 NCE	40 ppm	0.05 Da	D
PRM_20251128_MarthaReselection_Plate_2_D4	D	4	MRTH	40	RD4	0.1	C:\Xcalibur\methods\method1	C:\data\yourdir	PRM_20251128_MarthaReselection_Plate_2_D4	Homo sapiens	Plasma	Plate_2	MarthaReselection	not available	not available	not available	not available	not available	not available	not available	not available	1	AC=EFO:0009656;NT=plasma	run 40	proteomics profiling by mass spectrometry	PRM_20251128_MarthaReselection_Plate_2_D4.RAW	PRM_20251128_MarthaReselection_Plate_2_D4.RAW	NT=Parallel Reaction Monitoring;AC=MS:1002956	AC=MS:1002038;NT=label free sample	1	NT=High-performance liquid chromatography;AC=PRIDE:0000565	1	AC=MS:1001251;NT=Trypsin	not available	NT=Stellar;AC=MS:1003409	NT=Carbamidomethyl;AC=UNIMOD:4;TA=C;MT=Fixed	NT=Higher-energy Collisional Dissociation;AC=MS:1000422	27 NCE	40 ppm	0.05 Da	D
PRM_20251128_MarthaReselection_Plate_2_D5	D	5	MRTH	41	RD5	0.1	C:\Xcalibur\methods\method1	C:\data\yourdir	PRM_20251128_MarthaReselection_Plate_2_D5	Homo sapiens	Plasma	Plate_2	MarthaReselection	not available	not available	not available	not available	not available	not available	not available	not available	1	AC=EFO:0009656;NT=plasma	run 41	proteomics profiling by mass spectrometry	PRM_20251128_MarthaReselection_Plate_2_D5.RAW	PRM_20251128_MarthaReselection_Plate_2_D5.RAW	NT=Parallel Reaction Monitoring;AC=MS:1002956	AC=MS:1002038;NT=label free sample	1	NT=High-performance liquid chromatography;AC=PRIDE:0000565	1	AC=MS:1001251;NT=Trypsin	not available	NT=Stellar;AC=MS:1003409	NT=Carbamidomethyl;AC=UNIMOD:4;TA=C;MT=Fixed	NT=Higher-energy Collisional Dissociation;AC=MS:1000422	27 NCE	40 ppm	0.05 Da	D
PRM_20251128_MarthaReselection_Plate_2_D6	D	6	MRTH	42	RD6	0.1	C:\Xcalibur\methods\method1	C:\data\yourdir	PRM_20251128_MarthaReselection_Plate_2_D6	Homo sapiens	Plasma	Plate_2	MarthaReselection	not available	not available	not available	not available	not available	not available	not available	not available	1	AC=EFO:0009656;NT=plasma	run 42	proteomics profiling by mass spectrometry	PRM_20251128_MarthaReselection_Plate_2_D6.RAW	PRM_20251128_MarthaReselection_Plate_2_D6.RAW	NT=Parallel Reaction Monitoring;AC=MS:1002956	AC=MS:1002038;NT=label free sample	1	NT=High-performance liquid chromatography;AC=PRIDE:0000565	1	AC=MS:1001251;NT=Trypsin	not available	NT=Stellar;AC=MS:1003409	NT=Carbamidomethyl;AC=UNIMOD:4;TA=C;MT=Fixed	NT=Higher-energy Collisional Dissociation;AC=MS:1000422	27 NCE	40 ppm	0.05 Da	D
PRM_20251128_MarthaReselection_Plate_2_D7	D	7	MRTH	43	RD7	0.1	C:\Xcalibur\methods\method1	C:\data\yourdir	PRM_20251128_MarthaReselection_Plate_2_D7	Homo sapiens	Plasma	Plate_2	MarthaReselection	not available	not available	not available	not available	not available	not available	not available	not available	1	AC=EFO:0009656;NT=plasma	run 43	proteomics profiling by mass spectrometry	PRM_20251128_MarthaReselection_Plate_2_D7.RAW	PRM_20251128_MarthaReselection_Plate_2_D7.RAW	NT=Parallel Reaction Monitoring;AC=MS:1002956	AC=MS:1002038;NT=label free sample	1	NT=High-performance liquid chromatography;AC=PRIDE:0000565	1	AC=MS:1001251;NT=Trypsin	not available	NT=Stellar;AC=MS:1003409	NT=Carbamidomethyl;AC=UNIMOD:4;TA=C;MT=Fixed	NT=Higher-energy Collisional Dissociation;AC=MS:1000422	27 NCE	40 ppm	0.05 Da	D
PRM_20251128_MarthaReselection_Plate_2_D8	D	8	MRTH	44	RD8	0.1	C:\Xcalibur\methods\method1	C:\data\yourdir	PRM_20251128_MarthaReselection_Plate_2_D8	Homo sapiens	Plasma	Plate_2	MarthaReselection	not available	not available	not available	not available	not available	not available	not available	not available	1	AC=EFO:0009656;NT=plasma	run 44	proteomics profiling by mass spectrometry	PRM_20251128_MarthaReselection_Plate_2_D8.RAW	PRM_20251128_MarthaReselection_Plate_2_D8.RAW	NT=Parallel Reaction Monitoring;AC=MS:1002956	AC=MS:1002038;NT=label free sample	1	NT=High-performance liquid chromatography;AC=PRIDE:0000565	1	AC=MS:1001251;NT=Trypsin	not available	NT=Stellar;AC=MS:1003409	NT=Carbamidomethyl;AC=UNIMOD:4;TA=C;MT=Fixed	NT=Higher-energy Collisional Dissociation;AC=MS:1000422	27 NCE	40 ppm	0.05 Da	D
PRM_20251128_MarthaReselection_Plate_2_D9	D	9	MRTH	45	RD9	0.1	C:\Xcalibur\methods\method1	C:\data\yourdir	PRM_20251128_MarthaReselection_Plate_2_D9	Homo sapiens	Plasma	Plate_2	MarthaReselection	not available	not available	not available	not available	not available	not available	not available	not available	1	AC=EFO:0009656;NT=plasma	run 45	proteomics profiling by mass spectrometry	PRM_20251128_MarthaReselection_Plate_2_D9.RAW	PRM_20251128_MarthaReselection_Plate_2_D9.RAW	NT=Parallel Reaction Monitoring;AC=MS:1002956	AC=MS:1002038;NT=label free sample	1	NT=High-performance liquid chromatography;AC=PRIDE:0000565	1	AC=MS:1001251;NT=Trypsin	not available	NT=Stellar;AC=MS:1003409	NT=Carbamidomethyl;AC=UNIMOD:4;TA=C;MT=Fixed	NT=Higher-energy Collisional Dissociation;AC=MS:1000422	27 NCE	40 ppm	0.05 Da	D
PRM_20251128_MarthaReselection_Plate_2_D10	D	10	MRTH	46	RD10	0.1	C:\Xcalibur\methods\method1	C:\data\yourdir	PRM_20251128_MarthaReselection_Plate_2_D10	Homo sapiens	Plasma	Plate_2	MarthaReselection	not available	not available	not available	not available	not available	not available	not available	not available	1	AC=EFO:0009656;NT=plasma	run 46	proteomics profiling by mass spectrometry	PRM_20251128_MarthaReselection_Plate_2_D10.RAW	PRM_20251128_MarthaReselection_Plate_2_D10.RAW	NT=Parallel Reaction Monitoring;AC=MS:1002956	AC=MS:1002038;NT=label free sample	1	NT=High-performance liquid chromatography;AC=PRIDE:0000565	1	AC=MS:1001251;NT=Trypsin	not available	NT=Stellar;AC=MS:1003409	NT=Carbamidomethyl;AC=UNIMOD:4;TA=C;MT=Fixed	NT=Higher-energy Collisional Dissociation;AC=MS:1000422	27 NCE	40 ppm	0.05 Da	D
PRM_20251128_MarthaReselection_Plate_2_D11	D	11	MRTH	47	RD11	0.1	C:\Xcalibur\methods\method1	C:\data\yourdir	PRM_20251128_MarthaReselection_Plate_2_D11	Homo sapiens	Plasma	Plate_2	MarthaReselection	not available	not available	not available	not available	not available	not available	not available	not available	1	AC=EFO:0009656;NT=plasma	run 47	proteomics profiling by mass spectrometry	PRM_20251128_MarthaReselection_Plate_2_D11.RAW	PRM_20251128_MarthaReselection_Plate_2_D11.RAW	NT=Parallel Reaction Monitoring;AC=MS:1002956	AC=MS:1002038;NT=label free sample	1	NT=High-performance liquid chromatography;AC=PRIDE:0000565	1	AC=MS:1001251;NT=Trypsin	not available	NT=Stellar;AC=MS:1003409	NT=Carbamidomethyl;AC=UNIMOD:4;TA=C;MT=Fixed	NT=Higher-energy Collisional Dissociation;AC=MS:1000422	27 NCE	40 ppm	0.05 Da	D
PRM_20251128_MarthaReselection_Plate_2_D12	D	12	MRTH	48	RD12	0.1	C:\Xcalibur\methods\method1	C:\data\yourdir	PRM_20251128_MarthaReselection_Plate_2_D12	Homo sapiens	Plasma	Plate_2	MarthaReselection	not available	not available	not available	not available	not available	not available	not available	not available	1	AC=EFO:0009656;NT=plasma	run 48	proteomics profiling by mass spectrometry	PRM_20251128_MarthaReselection_Plate_2_D12.RAW	PRM_20251128_MarthaReselection_Plate_2_D12.RAW	NT=Parallel Reaction Monitoring;AC=MS:1002956	AC=MS:1002038;NT=label free sample	1	NT=High-performance liquid chromatography;AC=PRIDE:0000565	1	AC=MS:1001251;NT=Trypsin	not available	NT=Stellar;AC=MS:1003409	NT=Carbamidomethyl;AC=UNIMOD:4;TA=C;MT=Fixed	NT=Higher-energy Collisional Dissociation;AC=MS:1000422	27 NCE	40 ppm	0.05 Da	D
PRM_20251128_MarthaReselection_Plate_2_E1	E	1	MRTH	49	RE1	0.1	C:\Xcalibur\methods\method1	C:\data\yourdir	PRM_20251128_MarthaReselection_Plate_2_E1	Homo sapiens	Plasma	Plate_2	MarthaReselection	not available	not available	not available	not available	not available	not available	not available	not available	1	AC=EFO:0009656;NT=plasma	run 49	proteomics profiling by mass spectrometry	PRM_20251128_MarthaReselection_Plate_2_E1.RAW	PRM_20251128_MarthaReselection_Plate_2_E1.RAW	NT=Parallel Reaction Monitoring;AC=MS:1002956	AC=MS:1002038;NT=label free sample	1	NT=High-performance liquid chromatography;AC=PRIDE:0000565	1	AC=MS:1001251;NT=Trypsin	not available	NT=Stellar;AC=MS:1003409	NT=Carbamidomethyl;AC=UNIMOD:4;TA=C;MT=Fixed	NT=Higher-energy Collisional Dissociation;AC=MS:1000422	27 NCE	40 ppm	0.05 Da	E
PRM_20251128_MarthaReselection_Plate_2_E2	E	2	MRTH	50	RE2	0.1	C:\Xcalibur\methods\method1	C:\data\yourdir	PRM_20251128_MarthaReselection_Plate_2_E2	Homo sapiens	Plasma	Plate_2	MarthaReselection	not available	not available	not available	not available	not available	not available	not available	not available	1	AC=EFO:0009656;NT=plasma	run 50	proteomics profiling by mass spectrometry	PRM_20251128_MarthaReselection_Plate_2_E2.RAW	PRM_20251128_MarthaReselection_Plate_2_E2.RAW	NT=Parallel Reaction Monitoring;AC=MS:1002956	AC=MS:1002038;NT=label free sample	1	NT=High-performance liquid chromatography;AC=PRIDE:0000565	1	AC=MS:1001251;NT=Trypsin	not available	NT=Stellar;AC=MS:1003409	NT=Carbamidomethyl;AC=UNIMOD:4;TA=C;MT=Fixed	NT=Higher-energy Collisional Dissociation;AC=MS:1000422	27 NCE	40 ppm	0.05 Da	E
PRM_20251128_MarthaReselection_Plate_2_E3	E	3	MRTH	51	RE3	0.1	C:\Xcalibur\methods\method1	C:\data\yourdir	PRM_20251128_MarthaReselection_Plate_2_E3	Homo sapiens	Plasma	Plate_2	MarthaReselection	not available	not available	not available	not available	not available	not available	not available	not available	1	AC=EFO:0009656;NT=plasma	run 51	proteomics profiling by mass spectrometry	PRM_20251128_MarthaReselection_Plate_2_E3.RAW	PRM_20251128_MarthaReselection_Plate_2_E3.RAW	NT=Parallel Reaction Monitoring;AC=MS:1002956	AC=MS:1002038;NT=label free sample	1	NT=High-performance liquid chromatography;AC=PRIDE:0000565	1	AC=MS:1001251;NT=Trypsin	not available	NT=Stellar;AC=MS:1003409	NT=Carbamidomethyl;AC=UNIMOD:4;TA=C;MT=Fixed	NT=Higher-energy Collisional Dissociation;AC=MS:1000422	27 NCE	40 ppm	0.05 Da	E
PRM_20251128_MarthaReselection_Plate_2_E4	E	4	MRTH	52	RE4	0.1	C:\Xcalibur\methods\method1	C:\data\yourdir	PRM_20251128_MarthaReselection_Plate_2_E4	Homo sapiens	Plasma	Plate_2	MarthaReselection	not available	not available	not available	not available	not available	not available	not available	not available	1	AC=EFO:0009656;NT=plasma	run 52	proteomics profiling by mass spectrometry	PRM_20251128_MarthaReselection_Plate_2_E4.RAW	PRM_20251128_MarthaReselection_Plate_2_E4.RAW	NT=Parallel Reaction Monitoring;AC=MS:1002956	AC=MS:1002038;NT=label free sample	1	NT=High-performance liquid chromatography;AC=PRIDE:0000565	1	AC=MS:1001251;NT=Trypsin	not available	NT=Stellar;AC=MS:1003409	NT=Carbamidomethyl;AC=UNIMOD:4;TA=C;MT=Fixed	NT=Higher-energy Collisional Dissociation;AC=MS:1000422	27 NCE	40 ppm	0.05 Da	E
PRM_20251128_MarthaReselection_Plate_2_E5	E	5	MRTH	53	RE5	0.1	C:\Xcalibur\methods\method1	C:\data\yourdir	PRM_20251128_MarthaReselection_Plate_2_E5	Homo sapiens	Plasma	Plate_2	MarthaReselection	not available	not available	not available	not available	not available	not available	not available	not available	1	AC=EFO:0009656;NT=plasma	run 53	proteomics profiling by mass spectrometry	PRM_20251128_MarthaReselection_Plate_2_E5.RAW	PRM_20251128_MarthaReselection_Plate_2_E5.RAW	NT=Parallel Reaction Monitoring;AC=MS:1002956	AC=MS:1002038;NT=label free sample	1	NT=High-performance liquid chromatography;AC=PRIDE:0000565	1	AC=MS:1001251;NT=Trypsin	not available	NT=Stellar;AC=MS:1003409	NT=Carbamidomethyl;AC=UNIMOD:4;TA=C;MT=Fixed	NT=Higher-energy Collisional Dissociation;AC=MS:1000422	27 NCE	40 ppm	0.05 Da	E
PRM_20251128_MarthaReselection_Plate_2_E6	E	6	MRTH	54	RE6	0.1	C:\Xcalibur\methods\method1	C:\data\yourdir	PRM_20251128_MarthaReselection_Plate_2_E6	Homo sapiens	Plasma	Plate_2	MarthaReselection	not available	not available	not available	not available	not available	not available	not available	not available	1	AC=EFO:0009656;NT=plasma	run 54	proteomics profiling by mass spectrometry	PRM_20251128_MarthaReselection_Plate_2_E6.RAW	PRM_20251128_MarthaReselection_Plate_2_E6.RAW	NT=Parallel Reaction Monitoring;AC=MS:1002956	AC=MS:1002038;NT=label free sample	1	NT=High-performance liquid chromatography;AC=PRIDE:0000565	1	AC=MS:1001251;NT=Trypsin	not available	NT=Stellar;AC=MS:1003409	NT=Carbamidomethyl;AC=UNIMOD:4;TA=C;MT=Fixed	NT=Higher-energy Collisional Dissociation;AC=MS:1000422	27 NCE	40 ppm	0.05 Da	E
PRM_20251128_MarthaReselection_Plate_2_E7	E	7	MRTH	55	RE7	0.1	C:\Xcalibur\methods\method1	C:\data\yourdir	PRM_20251128_MarthaReselection_Plate_2_E7	Homo sapiens	Plasma	Plate_2	MarthaReselection	not available	not available	not available	not available	not available	not available	not available	not available	1	AC=EFO:0009656;NT=plasma	run 55	proteomics profiling by mass spectrometry	PRM_20251128_MarthaReselection_Plate_2_E7.RAW	PRM_20251128_MarthaReselection_Plate_2_E7.RAW	NT=Parallel Reaction Monitoring;AC=MS:1002956	AC=MS:1002038;NT=label free sample	1	NT=High-performance liquid chromatography;AC=PRIDE:0000565	1	AC=MS:1001251;NT=Trypsin	not available	NT=Stellar;AC=MS:1003409	NT=Carbamidomethyl;AC=UNIMOD:4;TA=C;MT=Fixed	NT=Higher-energy Collisional Dissociation;AC=MS:1000422	27 NCE	40 ppm	0.05 Da	E
PRM_20251128_MarthaReselection_Plate_2_E8	E	8	MRTH	56	RE8	0.1	C:\Xcalibur\methods\method1	C:\data\yourdir	PRM_20251128_MarthaReselection_Plate_2_E8	Homo sapiens	Plasma	Plate_2	MarthaReselection	not available	not available	not available	not available	not available	not available	not available	not available	1	AC=EFO:0009656;NT=plasma	run 56	proteomics profiling by mass spectrometry	PRM_20251128_MarthaReselection_Plate_2_E8.RAW	PRM_20251128_MarthaReselection_Plate_2_E8.RAW	NT=Parallel Reaction Monitoring;AC=MS:1002956	AC=MS:1002038;NT=label free sample	1	NT=High-performance liquid chromatography;AC=PRIDE:0000565	1	AC=MS:1001251;NT=Trypsin	not available	NT=Stellar;AC=MS:1003409	NT=Carbamidomethyl;AC=UNIMOD:4;TA=C;MT=Fixed	NT=Higher-energy Collisional Dissociation;AC=MS:1000422	27 NCE	40 ppm	0.05 Da	E
PRM_20251128_MarthaReselection_Plate_2_E9	E	9	MRTH	57	RE9	0.1	C:\Xcalibur\methods\method1	C:\data\yourdir	PRM_20251128_MarthaReselection_Plate_2_E9	Homo sapiens	Plasma	Plate_2	MarthaReselection	not available	not available	not available	not available	not available	not available	not available	not available	1	AC=EFO:0009656;NT=plasma	run 57	proteomics profiling by mass spectrometry	PRM_20251128_MarthaReselection_Plate_2_E9.RAW	PRM_20251128_MarthaReselection_Plate_2_E9.RAW	NT=Parallel Reaction Monitoring;AC=MS:1002956	AC=MS:1002038;NT=label free sample	1	NT=High-performance liquid chromatography;AC=PRIDE:0000565	1	AC=MS:1001251;NT=Trypsin	not available	NT=Stellar;AC=MS:1003409	NT=Carbamidomethyl;AC=UNIMOD:4;TA=C;MT=Fixed	NT=Higher-energy Collisional Dissociation;AC=MS:1000422	27 NCE	40 ppm	0.05 Da	E
PRM_20251128_MarthaReselection_Plate_2_E10	E	10	Pool	58	RE10	0.1	C:\Xcalibur\methods\method1	C:\data\yourdir	PRM_20251128_MarthaReselection_Plate_2_E10	Homo sapiens	Plasma	Plate_2	MarthaReselection	not available	not available	not available	not available	not available	not available	not available	not available	1	AC=EFO:0009656;NT=plasma	run 58	proteomics profiling by mass spectrometry	PRM_20251128_MarthaReselection_Plate_2_E10.RAW	PRM_20251128_MarthaReselection_Plate_2_E10.RAW	NT=Parallel Reaction Monitoring;AC=MS:1002956	AC=MS:1002038;NT=label free sample	1	NT=High-performance liquid chromatography;AC=PRIDE:0000565	1	AC=MS:1001251;NT=Trypsin	not available	NT=Stellar;AC=MS:1003409	NT=Carbamidomethyl;AC=UNIMOD:4;TA=C;MT=Fixed	NT=Higher-energy Collisional Dissociation;AC=MS:1000422	27 NCE	40 ppm	0.05 Da	E
PRM_20251128_MarthaReselection_Plate_2_E11	E	11	MRTH	59	RE11	0.1	C:\Xcalibur\methods\method1	C:\data\yourdir	PRM_20251128_MarthaReselection_Plate_2_E11	Homo sapiens	Plasma	Plate_2	MarthaReselection	not available	not available	not available	not available	not available	not available	not available	not available	1	AC=EFO:0009656;NT=plasma	run 59	proteomics profiling by mass spectrometry	PRM_20251128_MarthaReselection_Plate_2_E11.RAW	PRM_20251128_MarthaReselection_Plate_2_E11.RAW	NT=Parallel Reaction Monitoring;AC=MS:1002956	AC=MS:1002038;NT=label free sample	1	NT=High-performance liquid chromatography;AC=PRIDE:0000565	1	AC=MS:1001251;NT=Trypsin	not available	NT=Stellar;AC=MS:1003409	NT=Carbamidomethyl;AC=UNIMOD:4;TA=C;MT=Fixed	NT=Higher-energy Collisional Dissociation;AC=MS:1000422	27 NCE	40 ppm	0.05 Da	E
PRM_20251128_MarthaReselection_Plate_2_E12	E	12	MRTH	60	RE12	0.1	C:\Xcalibur\methods\method1	C:\data\yourdir	PRM_20251128_MarthaReselection_Plate_2_E12	Homo sapiens	Plasma	Plate_2	MarthaReselection	not available	not available	not available	not available	not available	not available	not available	not available	1	AC=EFO:0009656;NT=plasma	run 60	proteomics profiling by mass spectrometry	PRM_20251128_MarthaReselection_Plate_2_E12.RAW	PRM_20251128_MarthaReselection_Plate_2_E12.RAW	NT=Parallel Reaction Monitoring;AC=MS:1002956	AC=MS:1002038;NT=label free sample	1	NT=High-performance liquid chromatography;AC=PRIDE:0000565	1	AC=MS:1001251;NT=Trypsin	not available	NT=Stellar;AC=MS:1003409	NT=Carbamidomethyl;AC=UNIMOD:4;TA=C;MT=Fixed	NT=Higher-energy Collisional Dissociation;AC=MS:1000422	27 NCE	40 ppm	0.05 Da	E
PRM_20251128_MarthaReselection_Plate_2_F1	F	1	MRTH	61	RF1	0.1	C:\Xcalibur\methods\method1	C:\data\yourdir	PRM_20251128_MarthaReselection_Plate_2_F1	Homo sapiens	Plasma	Plate_2	MarthaReselection	not available	not available	not available	not available	not available	not available	not available	not available	1	AC=EFO:0009656;NT=plasma	run 61	proteomics profiling by mass spectrometry	PRM_20251128_MarthaReselection_Plate_2_F1.RAW	PRM_20251128_MarthaReselection_Plate_2_F1.RAW	NT=Parallel Reaction Monitoring;AC=MS:1002956	AC=MS:1002038;NT=label free sample	1	NT=High-performance liquid chromatography;AC=PRIDE:0000565	1	AC=MS:1001251;NT=Trypsin	not available	NT=Stellar;AC=MS:1003409	NT=Carbamidomethyl;AC=UNIMOD:4;TA=C;MT=Fixed	NT=Higher-energy Collisional Dissociation;AC=MS:1000422	27 NCE	40 ppm	0.05 Da	F
PRM_20251128_MarthaReselection_Plate_2_F2	F	2	MRTH	62	RF2	0.1	C:\Xcalibur\methods\method1	C:\data\yourdir	PRM_20251128_MarthaReselection_Plate_2_F2	Homo sapiens	Plasma	Plate_2	MarthaReselection	not available	not available	not available	not available	not available	not available	not available	not available	1	AC=EFO:0009656;NT=plasma	run 62	proteomics profiling by mass spectrometry	PRM_20251128_MarthaReselection_Plate_2_F2.RAW	PRM_20251128_MarthaReselection_Plate_2_F2.RAW	NT=Parallel Reaction Monitoring;AC=MS:1002956	AC=MS:1002038;NT=label free sample	1	NT=High-performance liquid chromatography;AC=PRIDE:0000565	1	AC=MS:1001251;NT=Trypsin	not available	NT=Stellar;AC=MS:1003409	NT=Carbamidomethyl;AC=UNIMOD:4;TA=C;MT=Fixed	NT=Higher-energy Collisional Dissociation;AC=MS:1000422	27 NCE	40 ppm	0.05 Da	F
PRM_20251128_MarthaReselection_Plate_2_F3	F	3	MRTH	63	RF3	0.1	C:\Xcalibur\methods\method1	C:\data\yourdir	PRM_20251128_MarthaReselection_Plate_2_F3	Homo sapiens	Plasma	Plate_2	MarthaReselection	not available	not available	not available	not available	not available	not available	not available	not available	1	AC=EFO:0009656;NT=plasma	run 63	proteomics profiling by mass spectrometry	PRM_20251128_MarthaReselection_Plate_2_F3.RAW	PRM_20251128_MarthaReselection_Plate_2_F3.RAW	NT=Parallel Reaction Monitoring;AC=MS:1002956	AC=MS:1002038;NT=label free sample	1	NT=High-performance liquid chromatography;AC=PRIDE:0000565	1	AC=MS:1001251;NT=Trypsin	not available	NT=Stellar;AC=MS:1003409	NT=Carbamidomethyl;AC=UNIMOD:4;TA=C;MT=Fixed	NT=Higher-energy Collisional Dissociation;AC=MS:1000422	27 NCE	40 ppm	0.05 Da	F
PRM_20251128_MarthaReselection_Plate_2_F4	F	4	MRTH	64	RF4	0.1	C:\Xcalibur\methods\method1	C:\data\yourdir	PRM_20251128_MarthaReselection_Plate_2_F4	Homo sapiens	Plasma	Plate_2	MarthaReselection	not available	not available	not available	not available	not available	not available	not available	not available	1	AC=EFO:0009656;NT=plasma	run 64	proteomics profiling by mass spectrometry	PRM_20251128_MarthaReselection_Plate_2_F4.RAW	PRM_20251128_MarthaReselection_Plate_2_F4.RAW	NT=Parallel Reaction Monitoring;AC=MS:1002956	AC=MS:1002038;NT=label free sample	1	NT=High-performance liquid chromatography;AC=PRIDE:0000565	1	AC=MS:1001251;NT=Trypsin	not available	NT=Stellar;AC=MS:1003409	NT=Carbamidomethyl;AC=UNIMOD:4;TA=C;MT=Fixed	NT=Higher-energy Collisional Dissociation;AC=MS:1000422	27 NCE	40 ppm	0.05 Da	F
PRM_20251128_MarthaReselection_Plate_2_F5	F	5	MRTH	65	RF5	0.1	C:\Xcalibur\methods\method1	C:\data\yourdir	PRM_20251128_MarthaReselection_Plate_2_F5	Homo sapiens	Plasma	Plate_2	MarthaReselection	not available	not available	not available	not available	not available	not available	not available	not available	1	AC=EFO:0009656;NT=plasma	run 65	proteomics profiling by mass spectrometry	PRM_20251128_MarthaReselection_Plate_2_F5.RAW	PRM_20251128_MarthaReselection_Plate_2_F5.RAW	NT=Parallel Reaction Monitoring;AC=MS:1002956	AC=MS:1002038;NT=label free sample	1	NT=High-performance liquid chromatography;AC=PRIDE:0000565	1	AC=MS:1001251;NT=Trypsin	not available	NT=Stellar;AC=MS:1003409	NT=Carbamidomethyl;AC=UNIMOD:4;TA=C;MT=Fixed	NT=Higher-energy Collisional Dissociation;AC=MS:1000422	27 NCE	40 ppm	0.05 Da	F
PRM_20251128_MarthaReselection_Plate_2_F6	F	6	MRTH	66	RF6	0.1	C:\Xcalibur\methods\method1	C:\data\yourdir	PRM_20251128_MarthaReselection_Plate_2_F6	Homo sapiens	Plasma	Plate_2	MarthaReselection	not available	not available	not available	not available	not available	not available	not available	not available	1	AC=EFO:0009656;NT=plasma	run 66	proteomics profiling by mass spectrometry	PRM_20251128_MarthaReselection_Plate_2_F6.RAW	PRM_20251128_MarthaReselection_Plate_2_F6.RAW	NT=Parallel Reaction Monitoring;AC=MS:1002956	AC=MS:1002038;NT=label free sample	1	NT=High-performance liquid chromatography;AC=PRIDE:0000565	1	AC=MS:1001251;NT=Trypsin	not available	NT=Stellar;AC=MS:1003409	NT=Carbamidomethyl;AC=UNIMOD:4;TA=C;MT=Fixed	NT=Higher-energy Collisional Dissociation;AC=MS:1000422	27 NCE	40 ppm	0.05 Da	F
PRM_20251128_MarthaReselection_Plate_2_F7	F	7	MRTH	67	RF7	0.1	C:\Xcalibur\methods\method1	C:\data\yourdir	PRM_20251128_MarthaReselection_Plate_2_F7	Homo sapiens	Plasma	Plate_2	MarthaReselection	not available	not available	not available	not available	not available	not available	not available	not available	1	AC=EFO:0009656;NT=plasma	run 67	proteomics profiling by mass spectrometry	PRM_20251128_MarthaReselection_Plate_2_F7.RAW	PRM_20251128_MarthaReselection_Plate_2_F7.RAW	NT=Parallel Reaction Monitoring;AC=MS:1002956	AC=MS:1002038;NT=label free sample	1	NT=High-performance liquid chromatography;AC=PRIDE:0000565	1	AC=MS:1001251;NT=Trypsin	not available	NT=Stellar;AC=MS:1003409	NT=Carbamidomethyl;AC=UNIMOD:4;TA=C;MT=Fixed	NT=Higher-energy Collisional Dissociation;AC=MS:1000422	27 NCE	40 ppm	0.05 Da	F
PRM_20251128_MarthaReselection_Plate_2_F8	F	8	MRTH	68	RF8	0.1	C:\Xcalibur\methods\method1	C:\data\yourdir	PRM_20251128_MarthaReselection_Plate_2_F8	Homo sapiens	Plasma	Plate_2	MarthaReselection	not available	not available	not available	not available	not available	not available	not available	not available	1	AC=EFO:0009656;NT=plasma	run 68	proteomics profiling by mass spectrometry	PRM_20251128_MarthaReselection_Plate_2_F8.RAW	PRM_20251128_MarthaReselection_Plate_2_F8.RAW	NT=Parallel Reaction Monitoring;AC=MS:1002956	AC=MS:1002038;NT=label free sample	1	NT=High-performance liquid chromatography;AC=PRIDE:0000565	1	AC=MS:1001251;NT=Trypsin	not available	NT=Stellar;AC=MS:1003409	NT=Carbamidomethyl;AC=UNIMOD:4;TA=C;MT=Fixed	NT=Higher-energy Collisional Dissociation;AC=MS:1000422	27 NCE	40 ppm	0.05 Da	F
PRM_20251128_MarthaReselection_Plate_2_F9	F	9	MRTH	69	RF9	0.1	C:\Xcalibur\methods\method1	C:\data\yourdir	PRM_20251128_MarthaReselection_Plate_2_F9	Homo sapiens	Plasma	Plate_2	MarthaReselection	not available	not available	not available	not available	not available	not available	not available	not available	1	AC=EFO:0009656;NT=plasma	run 69	proteomics profiling by mass spectrometry	PRM_20251128_MarthaReselection_Plate_2_F9.RAW	PRM_20251128_MarthaReselection_Plate_2_F9.RAW	NT=Parallel Reaction Monitoring;AC=MS:1002956	AC=MS:1002038;NT=label free sample	1	NT=High-performance liquid chromatography;AC=PRIDE:0000565	1	AC=MS:1001251;NT=Trypsin	not available	NT=Stellar;AC=MS:1003409	NT=Carbamidomethyl;AC=UNIMOD:4;TA=C;MT=Fixed	NT=Higher-energy Collisional Dissociation;AC=MS:1000422	27 NCE	40 ppm	0.05 Da	F
PRM_20251128_MarthaReselection_Plate_2_F10	F	10	MRTH	70	RF10	0.1	C:\Xcalibur\methods\method1	C:\data\yourdir	PRM_20251128_MarthaReselection_Plate_2_F10	Homo sapiens	Plasma	Plate_2	MarthaReselection	not available	not available	not available	not available	not available	not available	not available	not available	1	AC=EFO:0009656;NT=plasma	run 70	proteomics profiling by mass spectrometry	PRM_20251128_MarthaReselection_Plate_2_F10.RAW	PRM_20251128_MarthaReselection_Plate_2_F10.RAW	NT=Parallel Reaction Monitoring;AC=MS:1002956	AC=MS:1002038;NT=label free sample	1	NT=High-performance liquid chromatography;AC=PRIDE:0000565	1	AC=MS:1001251;NT=Trypsin	not available	NT=Stellar;AC=MS:1003409	NT=Carbamidomethyl;AC=UNIMOD:4;TA=C;MT=Fixed	NT=Higher-energy Collisional Dissociation;AC=MS:1000422	27 NCE	40 ppm	0.05 Da	F
PRM_20251128_MarthaReselection_Plate_2_F11	F	11	MRTH	71	RF11	0.1	C:\Xcalibur\methods\method1	C:\data\yourdir	PRM_20251128_MarthaReselection_Plate_2_F11	Homo sapiens	Plasma	Plate_2	MarthaReselection	not available	not available	not available	not available	not available	not available	not available	not available	1	AC=EFO:0009656;NT=plasma	run 71	proteomics profiling by mass spectrometry	PRM_20251128_MarthaReselection_Plate_2_F11.RAW	PRM_20251128_MarthaReselection_Plate_2_F11.RAW	NT=Parallel Reaction Monitoring;AC=MS:1002956	AC=MS:1002038;NT=label free sample	1	NT=High-performance liquid chromatography;AC=PRIDE:0000565	1	AC=MS:1001251;NT=Trypsin	not available	NT=Stellar;AC=MS:1003409	NT=Carbamidomethyl;AC=UNIMOD:4;TA=C;MT=Fixed	NT=Higher-energy Collisional Dissociation;AC=MS:1000422	27 NCE	40 ppm	0.05 Da	F
PRM_20251128_MarthaReselection_Plate_2_F12	F	12	Pool	72	RF12	0.1	C:\Xcalibur\methods\method1	C:\data\yourdir	PRM_20251128_MarthaReselection_Plate_2_F12	Homo sapiens	Plasma	Plate_2	MarthaReselection	not available	not available	not available	not available	not available	not available	not available	not available	1	AC=EFO:0009656;NT=plasma	run 72	proteomics profiling by mass spectrometry	PRM_20251128_MarthaReselection_Plate_2_F12.RAW	PRM_20251128_MarthaReselection_Plate_2_F12.RAW	NT=Parallel Reaction Monitoring;AC=MS:1002956	AC=MS:1002038;NT=label free sample	1	NT=High-performance liquid chromatography;AC=PRIDE:0000565	1	AC=MS:1001251;NT=Trypsin	not available	NT=Stellar;AC=MS:1003409	NT=Carbamidomethyl;AC=UNIMOD:4;TA=C;MT=Fixed	NT=Higher-energy Collisional Dissociation;AC=MS:1000422	27 NCE	40 ppm	0.05 Da	F
PRM_20251128_MarthaReselection_Plate_2_G1	G	1	MRTH	73	RG1	0.1	C:\Xcalibur\methods\method1	C:\data\yourdir	PRM_20251128_MarthaReselection_Plate_2_G1	Homo sapiens	Plasma	Plate_2	MarthaReselection	not available	not available	not available	not available	not available	not available	not available	not available	1	AC=EFO:0009656;NT=plasma	run 73	proteomics profiling by mass spectrometry	PRM_20251128_MarthaReselection_Plate_2_G1.RAW	PRM_20251128_MarthaReselection_Plate_2_G1.RAW	NT=Parallel Reaction Monitoring;AC=MS:1002956	AC=MS:1002038;NT=label free sample	1	NT=High-performance liquid chromatography;AC=PRIDE:0000565	1	AC=MS:1001251;NT=Trypsin	not available	NT=Stellar;AC=MS:1003409	NT=Carbamidomethyl;AC=UNIMOD:4;TA=C;MT=Fixed	NT=Higher-energy Collisional Dissociation;AC=MS:1000422	27 NCE	40 ppm	0.05 Da	G
PRM_20251128_MarthaReselection_Plate_2_G2	G	2	MRTH	74	RG2	0.1	C:\Xcalibur\methods\method1	C:\data\yourdir	PRM_20251128_MarthaReselection_Plate_2_G2	Homo sapiens	Plasma	Plate_2	MarthaReselection	not available	not available	not available	not available	not available	not available	not available	not available	1	AC=EFO:0009656;NT=plasma	run 74	proteomics profiling by mass spectrometry	PRM_20251128_MarthaReselection_Plate_2_G2.RAW	PRM_20251128_MarthaReselection_Plate_2_G2.RAW	NT=Parallel Reaction Monitoring;AC=MS:1002956	AC=MS:1002038;NT=label free sample	1	NT=High-performance liquid chromatography;AC=PRIDE:0000565	1	AC=MS:1001251;NT=Trypsin	not available	NT=Stellar;AC=MS:1003409	NT=Carbamidomethyl;AC=UNIMOD:4;TA=C;MT=Fixed	NT=Higher-energy Collisional Dissociation;AC=MS:1000422	27 NCE	40 ppm	0.05 Da	G
PRM_20251128_MarthaReselection_Plate_2_G3	G	3	MRTH	75	RG3	0.1	C:\Xcalibur\methods\method1	C:\data\yourdir	PRM_20251128_MarthaReselection_Plate_2_G3	Homo sapiens	Plasma	Plate_2	MarthaReselection	not available	not available	not available	not available	not available	not available	not available	not available	1	AC=EFO:0009656;NT=plasma	run 75	proteomics profiling by mass spectrometry	PRM_20251128_MarthaReselection_Plate_2_G3.RAW	PRM_20251128_MarthaReselection_Plate_2_G3.RAW	NT=Parallel Reaction Monitoring;AC=MS:1002956	AC=MS:1002038;NT=label free sample	1	NT=High-performance liquid chromatography;AC=PRIDE:0000565	1	AC=MS:1001251;NT=Trypsin	not available	NT=Stellar;AC=MS:1003409	NT=Carbamidomethyl;AC=UNIMOD:4;TA=C;MT=Fixed	NT=Higher-energy Collisional Dissociation;AC=MS:1000422	27 NCE	40 ppm	0.05 Da	G
PRM_20251128_MarthaReselection_Plate_2_G4	G	4	MRTH	76	RG4	0.1	C:\Xcalibur\methods\method1	C:\data\yourdir	PRM_20251128_MarthaReselection_Plate_2_G4	Homo sapiens	Plasma	Plate_2	MarthaReselection	not available	not available	not available	not available	not available	not available	not available	not available	1	AC=EFO:0009656;NT=plasma	run 76	proteomics profiling by mass spectrometry	PRM_20251128_MarthaReselection_Plate_2_G4.RAW	PRM_20251128_MarthaReselection_Plate_2_G4.RAW	NT=Parallel Reaction Monitoring;AC=MS:1002956	AC=MS:1002038;NT=label free sample	1	NT=High-performance liquid chromatography;AC=PRIDE:0000565	1	AC=MS:1001251;NT=Trypsin	not available	NT=Stellar;AC=MS:1003409	NT=Carbamidomethyl;AC=UNIMOD:4;TA=C;MT=Fixed	NT=Higher-energy Collisional Dissociation;AC=MS:1000422	27 NCE	40 ppm	0.05 Da	G
PRM_20251128_MarthaReselection_Plate_2_G5	G	5	MRTH	77	RG5	0.1	C:\Xcalibur\methods\method1	C:\data\yourdir	PRM_20251128_MarthaReselection_Plate_2_G5	Homo sapiens	Plasma	Plate_2	MarthaReselection	not available	not available	not available	not available	not available	not available	not available	not available	1	AC=EFO:0009656;NT=plasma	run 77	proteomics profiling by mass spectrometry	PRM_20251128_MarthaReselection_Plate_2_G5.RAW	PRM_20251128_MarthaReselection_Plate_2_G5.RAW	NT=Parallel Reaction Monitoring;AC=MS:1002956	AC=MS:1002038;NT=label free sample	1	NT=High-performance liquid chromatography;AC=PRIDE:0000565	1	AC=MS:1001251;NT=Trypsin	not available	NT=Stellar;AC=MS:1003409	NT=Carbamidomethyl;AC=UNIMOD:4;TA=C;MT=Fixed	NT=Higher-energy Collisional Dissociation;AC=MS:1000422	27 NCE	40 ppm	0.05 Da	G
PRM_20251128_MarthaReselection_Plate_2_G6	G	6	MRTH	78	RG6	0.1	C:\Xcalibur\methods\method1	C:\data\yourdir	PRM_20251128_MarthaReselection_Plate_2_G6	Homo sapiens	Plasma	Plate_2	MarthaReselection	not available	not available	not available	not available	not available	not available	not available	not available	1	AC=EFO:0009656;NT=plasma	run 78	proteomics profiling by mass spectrometry	PRM_20251128_MarthaReselection_Plate_2_G6.RAW	PRM_20251128_MarthaReselection_Plate_2_G6.RAW	NT=Parallel Reaction Monitoring;AC=MS:1002956	AC=MS:1002038;NT=label free sample	1	NT=High-performance liquid chromatography;AC=PRIDE:0000565	1	AC=MS:1001251;NT=Trypsin	not available	NT=Stellar;AC=MS:1003409	NT=Carbamidomethyl;AC=UNIMOD:4;TA=C;MT=Fixed	NT=Higher-energy Collisional Dissociation;AC=MS:1000422	27 NCE	40 ppm	0.05 Da	G
PRM_20251128_MarthaReselection_Plate_2_G7	G	7	MRTH	79	RG7	0.1	C:\Xcalibur\methods\method1	C:\data\yourdir	PRM_20251128_MarthaReselection_Plate_2_G7	Homo sapiens	Plasma	Plate_2	MarthaReselection	not available	not available	not available	not available	not available	not available	not available	not available	1	AC=EFO:0009656;NT=plasma	run 79	proteomics profiling by mass spectrometry	PRM_20251128_MarthaReselection_Plate_2_G7.RAW	PRM_20251128_MarthaReselection_Plate_2_G7.RAW	NT=Parallel Reaction Monitoring;AC=MS:1002956	AC=MS:1002038;NT=label free sample	1	NT=High-performance liquid chromatography;AC=PRIDE:0000565	1	AC=MS:1001251;NT=Trypsin	not available	NT=Stellar;AC=MS:1003409	NT=Carbamidomethyl;AC=UNIMOD:4;TA=C;MT=Fixed	NT=Higher-energy Collisional Dissociation;AC=MS:1000422	27 NCE	40 ppm	0.05 Da	G
PRM_20251128_MarthaReselection_Plate_2_G8	G	8	MRTH	80	RG8	0.1	C:\Xcalibur\methods\method1	C:\data\yourdir	PRM_20251128_MarthaReselection_Plate_2_G8	Homo sapiens	Plasma	Plate_2	MarthaReselection	not available	not available	not available	not available	not available	not available	not available	not available	1	AC=EFO:0009656;NT=plasma	run 80	proteomics profiling by mass spectrometry	PRM_20251128_MarthaReselection_Plate_2_G8.RAW	PRM_20251128_MarthaReselection_Plate_2_G8.RAW	NT=Parallel Reaction Monitoring;AC=MS:1002956	AC=MS:1002038;NT=label free sample	1	NT=High-performance liquid chromatography;AC=PRIDE:0000565	1	AC=MS:1001251;NT=Trypsin	not available	NT=Stellar;AC=MS:1003409	NT=Carbamidomethyl;AC=UNIMOD:4;TA=C;MT=Fixed	NT=Higher-energy Collisional Dissociation;AC=MS:1000422	27 NCE	40 ppm	0.05 Da	G
PRM_20251128_MarthaReselection_Plate_2_G9	G	9	MRTH	81	RG9	0.1	C:\Xcalibur\methods\method1	C:\data\yourdir	PRM_20251128_MarthaReselection_Plate_2_G9	Homo sapiens	Plasma	Plate_2	MarthaReselection	not available	not available	not available	not available	not available	not available	not available	not available	1	AC=EFO:0009656;NT=plasma	run 81	proteomics profiling by mass spectrometry	PRM_20251128_MarthaReselection_Plate_2_G9.RAW	PRM_20251128_MarthaReselection_Plate_2_G9.RAW	NT=Parallel Reaction Monitoring;AC=MS:1002956	AC=MS:1002038;NT=label free sample	1	NT=High-performance liquid chromatography;AC=PRIDE:0000565	1	AC=MS:1001251;NT=Trypsin	not available	NT=Stellar;AC=MS:1003409	NT=Carbamidomethyl;AC=UNIMOD:4;TA=C;MT=Fixed	NT=Higher-energy Collisional Dissociation;AC=MS:1000422	27 NCE	40 ppm	0.05 Da	G
PRM_20251128_MarthaReselection_Plate_2_G10	G	10	MRTH	82	RG10	0.1	C:\Xcalibur\methods\method1	C:\data\yourdir	PRM_20251128_MarthaReselection_Plate_2_G10	Homo sapiens	Plasma	Plate_2	MarthaReselection	not available	not available	not available	not available	not available	not available	not available	not available	1	AC=EFO:0009656;NT=plasma	run 82	proteomics profiling by mass spectrometry	PRM_20251128_MarthaReselection_Plate_2_G10.RAW	PRM_20251128_MarthaReselection_Plate_2_G10.RAW	NT=Parallel Reaction Monitoring;AC=MS:1002956	AC=MS:1002038;NT=label free sample	1	NT=High-performance liquid chromatography;AC=PRIDE:0000565	1	AC=MS:1001251;NT=Trypsin	not available	NT=Stellar;AC=MS:1003409	NT=Carbamidomethyl;AC=UNIMOD:4;TA=C;MT=Fixed	NT=Higher-energy Collisional Dissociation;AC=MS:1000422	27 NCE	40 ppm	0.05 Da	G
PRM_20251128_MarthaReselection_Plate_2_G11	G	11	MRTH	83	RG11	0.1	C:\Xcalibur\methods\method1	C:\data\yourdir	PRM_20251128_MarthaReselection_Plate_2_G11	Homo sapiens	Plasma	Plate_2	MarthaReselection	not available	not available	not available	not available	not available	not available	not available	not available	1	AC=EFO:0009656;NT=plasma	run 83	proteomics profiling by mass spectrometry	PRM_20251128_MarthaReselection_Plate_2_G11.RAW	PRM_20251128_MarthaReselection_Plate_2_G11.RAW	NT=Parallel Reaction Monitoring;AC=MS:1002956	AC=MS:1002038;NT=label free sample	1	NT=High-performance liquid chromatography;AC=PRIDE:0000565	1	AC=MS:1001251;NT=Trypsin	not available	NT=Stellar;AC=MS:1003409	NT=Carbamidomethyl;AC=UNIMOD:4;TA=C;MT=Fixed	NT=Higher-energy Collisional Dissociation;AC=MS:1000422	27 NCE	40 ppm	0.05 Da	G
PRM_20251128_MarthaReselection_Plate_2_G12	G	12	Pool	84	RG12	0.1	C:\Xcalibur\methods\method1	C:\data\yourdir	PRM_20251128_MarthaReselection_Plate_2_G12	Homo sapiens	Plasma	Plate_2	MarthaReselection	not available	not available	not available	not available	not available	not available	not available	not available	1	AC=EFO:0009656;NT=plasma	run 84	proteomics profiling by mass spectrometry	PRM_20251128_MarthaReselection_Plate_2_G12.RAW	PRM_20251128_MarthaReselection_Plate_2_G12.RAW	NT=Parallel Reaction Monitoring;AC=MS:1002956	AC=MS:1002038;NT=label free sample	1	NT=High-performance liquid chromatography;AC=PRIDE:0000565	1	AC=MS:1001251;NT=Trypsin	not available	NT=Stellar;AC=MS:1003409	NT=Carbamidomethyl;AC=UNIMOD:4;TA=C;MT=Fixed	NT=Higher-energy Collisional Dissociation;AC=MS:1000422	27 NCE	40 ppm	0.05 Da	G
PRM_20251128_MarthaReselection_Plate_2_H1	H	1	MRTH	85	RH1	0.1	C:\Xcalibur\methods\method1	C:\data\yourdir	PRM_20251128_MarthaReselection_Plate_2_H1	Homo sapiens	Plasma	Plate_2	MarthaReselection	not available	not available	not available	not available	not available	not available	not available	not available	1	AC=EFO:0009656;NT=plasma	run 85	proteomics profiling by mass spectrometry	PRM_20251128_MarthaReselection_Plate_2_H1.RAW	PRM_20251128_MarthaReselection_Plate_2_H1.RAW	NT=Parallel Reaction Monitoring;AC=MS:1002956	AC=MS:1002038;NT=label free sample	1	NT=High-performance liquid chromatography;AC=PRIDE:0000565	1	AC=MS:1001251;NT=Trypsin	not available	NT=Stellar;AC=MS:1003409	NT=Carbamidomethyl;AC=UNIMOD:4;TA=C;MT=Fixed	NT=Higher-energy Collisional Dissociation;AC=MS:1000422	27 NCE	40 ppm	0.05 Da	H
PRM_20251128_MarthaReselection_Plate_2_H2	H	2	MRTH	86	RH2	0.1	C:\Xcalibur\methods\method1	C:\data\yourdir	PRM_20251128_MarthaReselection_Plate_2_H2	Homo sapiens	Plasma	Plate_2	MarthaReselection	not available	not available	not available	not available	not available	not available	not available	not available	1	AC=EFO:0009656;NT=plasma	run 86	proteomics profiling by mass spectrometry	PRM_20251128_MarthaReselection_Plate_2_H2.RAW	PRM_20251128_MarthaReselection_Plate_2_H2.RAW	NT=Parallel Reaction Monitoring;AC=MS:1002956	AC=MS:1002038;NT=label free sample	1	NT=High-performance liquid chromatography;AC=PRIDE:0000565	1	AC=MS:1001251;NT=Trypsin	not available	NT=Stellar;AC=MS:1003409	NT=Carbamidomethyl;AC=UNIMOD:4;TA=C;MT=Fixed	NT=Higher-energy Collisional Dissociation;AC=MS:1000422	27 NCE	40 ppm	0.05 Da	H
PRM_20251128_MarthaReselection_Plate_2_H3	H	3	MRTH	87	RH3	0.1	C:\Xcalibur\methods\method1	C:\data\yourdir	PRM_20251128_MarthaReselection_Plate_2_H3	Homo sapiens	Plasma	Plate_2	MarthaReselection	not available	not available	not available	not available	not available	not available	not available	not available	1	AC=EFO:0009656;NT=plasma	run 87	proteomics profiling by mass spectrometry	PRM_20251128_MarthaReselection_Plate_2_H3.RAW	PRM_20251128_MarthaReselection_Plate_2_H3.RAW	NT=Parallel Reaction Monitoring;AC=MS:1002956	AC=MS:1002038;NT=label free sample	1	NT=High-performance liquid chromatography;AC=PRIDE:0000565	1	AC=MS:1001251;NT=Trypsin	not available	NT=Stellar;AC=MS:1003409	NT=Carbamidomethyl;AC=UNIMOD:4;TA=C;MT=Fixed	NT=Higher-energy Collisional Dissociation;AC=MS:1000422	27 NCE	40 ppm	0.05 Da	H
PRM_20251128_MarthaReselection_Plate_2_H4	H	4	MRTH	88	RH4	0.1	C:\Xcalibur\methods\method1	C:\data\yourdir	PRM_20251128_MarthaReselection_Plate_2_H4	Homo sapiens	Plasma	Plate_2	MarthaReselection	not available	not available	not available	not available	not available	not available	not available	not available	1	AC=EFO:0009656;NT=plasma	run 88	proteomics profiling by mass spectrometry	PRM_20251128_MarthaReselection_Plate_2_H4.RAW	PRM_20251128_MarthaReselection_Plate_2_H4.RAW	NT=Parallel Reaction Monitoring;AC=MS:1002956	AC=MS:1002038;NT=label free sample	1	NT=High-performance liquid chromatography;AC=PRIDE:0000565	1	AC=MS:1001251;NT=Trypsin	not available	NT=Stellar;AC=MS:1003409	NT=Carbamidomethyl;AC=UNIMOD:4;TA=C;MT=Fixed	NT=Higher-energy Collisional Dissociation;AC=MS:1000422	27 NCE	40 ppm	0.05 Da	H
PRM_20251128_MarthaReselection_Plate_2_H5	H	5	MRTH	89	RH5	0.1	C:\Xcalibur\methods\method1	C:\data\yourdir	PRM_20251128_MarthaReselection_Plate_2_H5	Homo sapiens	Plasma	Plate_2	MarthaReselection	not available	not available	not available	not available	not available	not available	not available	not available	1	AC=EFO:0009656;NT=plasma	run 89	proteomics profiling by mass spectrometry	PRM_20251128_MarthaReselection_Plate_2_H5.RAW	PRM_20251128_MarthaReselection_Plate_2_H5.RAW	NT=Parallel Reaction Monitoring;AC=MS:1002956	AC=MS:1002038;NT=label free sample	1	NT=High-performance liquid chromatography;AC=PRIDE:0000565	1	AC=MS:1001251;NT=Trypsin	not available	NT=Stellar;AC=MS:1003409	NT=Carbamidomethyl;AC=UNIMOD:4;TA=C;MT=Fixed	NT=Higher-energy Collisional Dissociation;AC=MS:1000422	27 NCE	40 ppm	0.05 Da	H
PRM_20251128_MarthaReselection_Plate_2_H6	H	6	MRTH	90	RH6	0.1	C:\Xcalibur\methods\method1	C:\data\yourdir	PRM_20251128_MarthaReselection_Plate_2_H6	Homo sapiens	Plasma	Plate_2	MarthaReselection	not available	not available	not available	not available	not available	not available	not available	not available	1	AC=EFO:0009656;NT=plasma	run 90	proteomics profiling by mass spectrometry	PRM_20251128_MarthaReselection_Plate_2_H6.RAW	PRM_20251128_MarthaReselection_Plate_2_H6.RAW	NT=Parallel Reaction Monitoring;AC=MS:1002956	AC=MS:1002038;NT=label free sample	1	NT=High-performance liquid chromatography;AC=PRIDE:0000565	1	AC=MS:1001251;NT=Trypsin	not available	NT=Stellar;AC=MS:1003409	NT=Carbamidomethyl;AC=UNIMOD:4;TA=C;MT=Fixed	NT=Higher-energy Collisional Dissociation;AC=MS:1000422	27 NCE	40 ppm	0.05 Da	H
PRM_20251128_MarthaReselection_Plate_2_H7	H	7	MRTH	91	RH7	0.1	C:\Xcalibur\methods\method1	C:\data\yourdir	PRM_20251128_MarthaReselection_Plate_2_H7	Homo sapiens	Plasma	Plate_2	MarthaReselection	not available	not available	not available	not available	not available	not available	not available	not available	1	AC=EFO:0009656;NT=plasma	run 91	proteomics profiling by mass spectrometry	PRM_20251128_MarthaReselection_Plate_2_H7.RAW	PRM_20251128_MarthaReselection_Plate_2_H7.RAW	NT=Parallel Reaction Monitoring;AC=MS:1002956	AC=MS:1002038;NT=label free sample	1	NT=High-performance liquid chromatography;AC=PRIDE:0000565	1	AC=MS:1001251;NT=Trypsin	not available	NT=Stellar;AC=MS:1003409	NT=Carbamidomethyl;AC=UNIMOD:4;TA=C;MT=Fixed	NT=Higher-energy Collisional Dissociation;AC=MS:1000422	27 NCE	40 ppm	0.05 Da	H
PRM_20251128_MarthaReselection_Plate_2_H8	H	8	MRTH	92	RH8	0.1	C:\Xcalibur\methods\method1	C:\data\yourdir	PRM_20251128_MarthaReselection_Plate_2_H8	Homo sapiens	Plasma	Plate_2	MarthaReselection	not available	not available	not available	not available	not available	not available	not available	not available	1	AC=EFO:0009656;NT=plasma	run 92	proteomics profiling by mass spectrometry	PRM_20251128_MarthaReselection_Plate_2_H8.RAW	PRM_20251128_MarthaReselection_Plate_2_H8.RAW	NT=Parallel Reaction Monitoring;AC=MS:1002956	AC=MS:1002038;NT=label free sample	1	NT=High-performance liquid chromatography;AC=PRIDE:0000565	1	AC=MS:1001251;NT=Trypsin	not available	NT=Stellar;AC=MS:1003409	NT=Carbamidomethyl;AC=UNIMOD:4;TA=C;MT=Fixed	NT=Higher-energy Collisional Dissociation;AC=MS:1000422	27 NCE	40 ppm	0.05 Da	H
PRM_20251128_MarthaReselection_Plate_2_H9	H	9	MRTH	93	RH9	0.1	C:\Xcalibur\methods\method1	C:\data\yourdir	PRM_20251128_MarthaReselection_Plate_2_H9	Homo sapiens	Plasma	Plate_2	MarthaReselection	not available	not available	not available	not available	not available	not available	not available	not available	1	AC=EFO:0009656;NT=plasma	run 93	proteomics profiling by mass spectrometry	PRM_20251128_MarthaReselection_Plate_2_H9.RAW	PRM_20251128_MarthaReselection_Plate_2_H9.RAW	NT=Parallel Reaction Monitoring;AC=MS:1002956	AC=MS:1002038;NT=label free sample	1	NT=High-performance liquid chromatography;AC=PRIDE:0000565	1	AC=MS:1001251;NT=Trypsin	not available	NT=Stellar;AC=MS:1003409	NT=Carbamidomethyl;AC=UNIMOD:4;TA=C;MT=Fixed	NT=Higher-energy Collisional Dissociation;AC=MS:1000422	27 NCE	40 ppm	0.05 Da	H
PRM_20251128_MarthaReselection_Plate_2_H10	H	10	MRTH	94	RH10	0.1	C:\Xcalibur\methods\method1	C:\data\yourdir	PRM_20251128_MarthaReselection_Plate_2_H10	Homo sapiens	Plasma	Plate_2	MarthaReselection	not available	not available	not available	not available	not available	not available	not available	not available	1	AC=EFO:0009656;NT=plasma	run 94	proteomics profiling by mass spectrometry	PRM_20251128_MarthaReselection_Plate_2_H10.RAW	PRM_20251128_MarthaReselection_Plate_2_H10.RAW	NT=Parallel Reaction Monitoring;AC=MS:1002956	AC=MS:1002038;NT=label free sample	1	NT=High-performance liquid chromatography;AC=PRIDE:0000565	1	AC=MS:1001251;NT=Trypsin	not available	NT=Stellar;AC=MS:1003409	NT=Carbamidomethyl;AC=UNIMOD:4;TA=C;MT=Fixed	NT=Higher-energy Collisional Dissociation;AC=MS:1000422	27 NCE	40 ppm	0.05 Da	H
PRM_20251128_MarthaReselection_Plate_2_H11	H	11	MRTH	95	RH11	0.1	C:\Xcalibur\methods\method1	C:\data\yourdir	PRM_20251128_MarthaReselection_Plate_2_H11	Homo sapiens	Plasma	Plate_2	MarthaReselection	not available	not available	not available	not available	not available	not available	not available	not available	1	AC=EFO:0009656;NT=plasma	run 95	proteomics profiling by mass spectrometry	PRM_20251128_MarthaReselection_Plate_2_H11.RAW	PRM_20251128_MarthaReselection_Plate_2_H11.RAW	NT=Parallel Reaction Monitoring;AC=MS:1002956	AC=MS:1002038;NT=label free sample	1	NT=High-performance liquid chromatography;AC=PRIDE:0000565	1	AC=MS:1001251;NT=Trypsin	not available	NT=Stellar;AC=MS:1003409	NT=Carbamidomethyl;AC=UNIMOD:4;TA=C;MT=Fixed	NT=Higher-energy Collisional Dissociation;AC=MS:1000422	27 NCE	40 ppm	0.05 Da	H
PRM_20251128_MarthaReselection_Plate_2_H12	H	12	Pool	96	RH12	0.1	C:\Xcalibur\methods\method1	C:\data\yourdir	PRM_20251128_MarthaReselection_Plate_2_H12	Homo sapiens	Plasma	Plate_2	MarthaReselection	not available	not available	not available	not available	not available	not available	not available	not available	1	AC=EFO:0009656;NT=plasma	run 96	proteomics profiling by mass spectrometry	PRM_20251128_MarthaReselection_Plate_2_H12.RAW	PRM_20251128_MarthaReselection_Plate_2_H12.RAW	NT=Parallel Reaction Monitoring;AC=MS:1002956	AC=MS:1002038;NT=label free sample	1	NT=High-performance liquid chromatography;AC=PRIDE:0000565	1	AC=MS:1001251;NT=Trypsin	not available	NT=Stellar;AC=MS:1003409	NT=Carbamidomethyl;AC=UNIMOD:4;TA=C;MT=Fixed	NT=Higher-energy Collisional Dissociation;AC=MS:1000422	27 NCE	40 ppm	0.05 Da	H
PRM_20251203_MarthaReselection_Plate_3_A1	A	1	MRTH	1	RA1	0.1	C:\Xcalibur\methods\method1	C:\data\yourdir	PRM_20251203_MarthaReselection_Plate_3_A1	Homo sapiens	Plasma	Plate_3	MarthaReselection	not available	not available	not available	not available	not available	not available	not available	not available	1	AC=EFO:0009656;NT=plasma	run 1	proteomics profiling by mass spectrometry	PRM_20251203_MarthaReselection_Plate_3_A1.RAW	PRM_20251203_MarthaReselection_Plate_3_A1.RAW	NT=Parallel Reaction Monitoring;AC=MS:1002956	AC=MS:1002038;NT=label free sample	1	NT=High-performance liquid chromatography;AC=PRIDE:0000565	1	AC=MS:1001251;NT=Trypsin	not available	NT=Stellar;AC=MS:1003409	NT=Carbamidomethyl;AC=UNIMOD:4;TA=C;MT=Fixed	NT=Higher-energy Collisional Dissociation;AC=MS:1000422	27 NCE	40 ppm	0.05 Da	A
PRM_20251203_MarthaReselection_Plate_3_A2	A	2	MRTH	2	RA2	0.1	C:\Xcalibur\methods\method1	C:\data\yourdir	PRM_20251203_MarthaReselection_Plate_3_A2	Homo sapiens	Plasma	Plate_3	MarthaReselection	not available	not available	not available	not available	not available	not available	not available	not available	1	AC=EFO:0009656;NT=plasma	run 2	proteomics profiling by mass spectrometry	PRM_20251203_MarthaReselection_Plate_3_A2.RAW	PRM_20251203_MarthaReselection_Plate_3_A2.RAW	NT=Parallel Reaction Monitoring;AC=MS:1002956	AC=MS:1002038;NT=label free sample	1	NT=High-performance liquid chromatography;AC=PRIDE:0000565	1	AC=MS:1001251;NT=Trypsin	not available	NT=Stellar;AC=MS:1003409	NT=Carbamidomethyl;AC=UNIMOD:4;TA=C;MT=Fixed	NT=Higher-energy Collisional Dissociation;AC=MS:1000422	27 NCE	40 ppm	0.05 Da	A
PRM_20251203_MarthaReselection_Plate_3_A3	A	3	MRTH	3	RA3	0.1	C:\Xcalibur\methods\method1	C:\data\yourdir	PRM_20251203_MarthaReselection_Plate_3_A3	Homo sapiens	Plasma	Plate_3	MarthaReselection	not available	not available	not available	not available	not available	not available	not available	not available	1	AC=EFO:0009656;NT=plasma	run 3	proteomics profiling by mass spectrometry	PRM_20251203_MarthaReselection_Plate_3_A3.RAW	PRM_20251203_MarthaReselection_Plate_3_A3.RAW	NT=Parallel Reaction Monitoring;AC=MS:1002956	AC=MS:1002038;NT=label free sample	1	NT=High-performance liquid chromatography;AC=PRIDE:0000565	1	AC=MS:1001251;NT=Trypsin	not available	NT=Stellar;AC=MS:1003409	NT=Carbamidomethyl;AC=UNIMOD:4;TA=C;MT=Fixed	NT=Higher-energy Collisional Dissociation;AC=MS:1000422	27 NCE	40 ppm	0.05 Da	A
PRM_20251203_MarthaReselection_Plate_3_A4	A	4	MRTH	4	RA4	0.1	C:\Xcalibur\methods\method1	C:\data\yourdir	PRM_20251203_MarthaReselection_Plate_3_A4	Homo sapiens	Plasma	Plate_3	MarthaReselection	not available	not available	not available	not available	not available	not available	not available	not available	1	AC=EFO:0009656;NT=plasma	run 4	proteomics profiling by mass spectrometry	PRM_20251203_MarthaReselection_Plate_3_A4.RAW	PRM_20251203_MarthaReselection_Plate_3_A4.RAW	NT=Parallel Reaction Monitoring;AC=MS:1002956	AC=MS:1002038;NT=label free sample	1	NT=High-performance liquid chromatography;AC=PRIDE:0000565	1	AC=MS:1001251;NT=Trypsin	not available	NT=Stellar;AC=MS:1003409	NT=Carbamidomethyl;AC=UNIMOD:4;TA=C;MT=Fixed	NT=Higher-energy Collisional Dissociation;AC=MS:1000422	27 NCE	40 ppm	0.05 Da	A
PRM_20251203_MarthaReselection_Plate_3_A5	A	5	MRTH	5	RA5	0.1	C:\Xcalibur\methods\method1	C:\data\yourdir	PRM_20251203_MarthaReselection_Plate_3_A5	Homo sapiens	Plasma	Plate_3	MarthaReselection	not available	not available	not available	not available	not available	not available	not available	not available	1	AC=EFO:0009656;NT=plasma	run 5	proteomics profiling by mass spectrometry	PRM_20251203_MarthaReselection_Plate_3_A5.RAW	PRM_20251203_MarthaReselection_Plate_3_A5.RAW	NT=Parallel Reaction Monitoring;AC=MS:1002956	AC=MS:1002038;NT=label free sample	1	NT=High-performance liquid chromatography;AC=PRIDE:0000565	1	AC=MS:1001251;NT=Trypsin	not available	NT=Stellar;AC=MS:1003409	NT=Carbamidomethyl;AC=UNIMOD:4;TA=C;MT=Fixed	NT=Higher-energy Collisional Dissociation;AC=MS:1000422	27 NCE	40 ppm	0.05 Da	A
PRM_20251203_MarthaReselection_Plate_3_A6	A	6	MRTH	6	RA6	0.1	C:\Xcalibur\methods\method1	C:\data\yourdir	PRM_20251203_MarthaReselection_Plate_3_A6	Homo sapiens	Plasma	Plate_3	MarthaReselection	not available	not available	not available	not available	not available	not available	not available	not available	1	AC=EFO:0009656;NT=plasma	run 6	proteomics profiling by mass spectrometry	PRM_20251203_MarthaReselection_Plate_3_A6.RAW	PRM_20251203_MarthaReselection_Plate_3_A6.RAW	NT=Parallel Reaction Monitoring;AC=MS:1002956	AC=MS:1002038;NT=label free sample	1	NT=High-performance liquid chromatography;AC=PRIDE:0000565	1	AC=MS:1001251;NT=Trypsin	not available	NT=Stellar;AC=MS:1003409	NT=Carbamidomethyl;AC=UNIMOD:4;TA=C;MT=Fixed	NT=Higher-energy Collisional Dissociation;AC=MS:1000422	27 NCE	40 ppm	0.05 Da	A
PRM_20251203_MarthaReselection_Plate_3_A7	A	7	MRTH	7	RA7	0.1	C:\Xcalibur\methods\method1	C:\data\yourdir	PRM_20251203_MarthaReselection_Plate_3_A7	Homo sapiens	Plasma	Plate_3	MarthaReselection	not available	not available	not available	not available	not available	not available	not available	not available	1	AC=EFO:0009656;NT=plasma	run 7	proteomics profiling by mass spectrometry	PRM_20251203_MarthaReselection_Plate_3_A7.RAW	PRM_20251203_MarthaReselection_Plate_3_A7.RAW	NT=Parallel Reaction Monitoring;AC=MS:1002956	AC=MS:1002038;NT=label free sample	1	NT=High-performance liquid chromatography;AC=PRIDE:0000565	1	AC=MS:1001251;NT=Trypsin	not available	NT=Stellar;AC=MS:1003409	NT=Carbamidomethyl;AC=UNIMOD:4;TA=C;MT=Fixed	NT=Higher-energy Collisional Dissociation;AC=MS:1000422	27 NCE	40 ppm	0.05 Da	A
PRM_20251203_MarthaReselection_Plate_3_A8	A	8	MRTH	8	RA8	0.1	C:\Xcalibur\methods\method1	C:\data\yourdir	PRM_20251203_MarthaReselection_Plate_3_A8	Homo sapiens	Plasma	Plate_3	MarthaReselection	not available	not available	not available	not available	not available	not available	not available	not available	1	AC=EFO:0009656;NT=plasma	run 8	proteomics profiling by mass spectrometry	PRM_20251203_MarthaReselection_Plate_3_A8.RAW	PRM_20251203_MarthaReselection_Plate_3_A8.RAW	NT=Parallel Reaction Monitoring;AC=MS:1002956	AC=MS:1002038;NT=label free sample	1	NT=High-performance liquid chromatography;AC=PRIDE:0000565	1	AC=MS:1001251;NT=Trypsin	not available	NT=Stellar;AC=MS:1003409	NT=Carbamidomethyl;AC=UNIMOD:4;TA=C;MT=Fixed	NT=Higher-energy Collisional Dissociation;AC=MS:1000422	27 NCE	40 ppm	0.05 Da	A
PRM_20251203_MarthaReselection_Plate_3_A9	A	9	MRTH	9	RA9	0.1	C:\Xcalibur\methods\method1	C:\data\yourdir	PRM_20251203_MarthaReselection_Plate_3_A9	Homo sapiens	Plasma	Plate_3	MarthaReselection	not available	not available	not available	not available	not available	not available	not available	not available	1	AC=EFO:0009656;NT=plasma	run 9	proteomics profiling by mass spectrometry	PRM_20251203_MarthaReselection_Plate_3_A9.RAW	PRM_20251203_MarthaReselection_Plate_3_A9.RAW	NT=Parallel Reaction Monitoring;AC=MS:1002956	AC=MS:1002038;NT=label free sample	1	NT=High-performance liquid chromatography;AC=PRIDE:0000565	1	AC=MS:1001251;NT=Trypsin	not available	NT=Stellar;AC=MS:1003409	NT=Carbamidomethyl;AC=UNIMOD:4;TA=C;MT=Fixed	NT=Higher-energy Collisional Dissociation;AC=MS:1000422	27 NCE	40 ppm	0.05 Da	A
PRM_20251203_MarthaReselection_Plate_3_A10	A	10	MRTH	10	RA10	0.1	C:\Xcalibur\methods\method1	C:\data\yourdir	PRM_20251203_MarthaReselection_Plate_3_A10	Homo sapiens	Plasma	Plate_3	MarthaReselection	not available	not available	not available	not available	not available	not available	not available	not available	1	AC=EFO:0009656;NT=plasma	run 10	proteomics profiling by mass spectrometry	PRM_20251203_MarthaReselection_Plate_3_A10.RAW	PRM_20251203_MarthaReselection_Plate_3_A10.RAW	NT=Parallel Reaction Monitoring;AC=MS:1002956	AC=MS:1002038;NT=label free sample	1	NT=High-performance liquid chromatography;AC=PRIDE:0000565	1	AC=MS:1001251;NT=Trypsin	not available	NT=Stellar;AC=MS:1003409	NT=Carbamidomethyl;AC=UNIMOD:4;TA=C;MT=Fixed	NT=Higher-energy Collisional Dissociation;AC=MS:1000422	27 NCE	40 ppm	0.05 Da	A
PRM_20251203_MarthaReselection_Plate_3_A11	A	11	MRTH	11	RA11	0.1	C:\Xcalibur\methods\method1	C:\data\yourdir	PRM_20251203_MarthaReselection_Plate_3_A11	Homo sapiens	Plasma	Plate_3	MarthaReselection	not available	not available	not available	not available	not available	not available	not available	not available	1	AC=EFO:0009656;NT=plasma	run 11	proteomics profiling by mass spectrometry	PRM_20251203_MarthaReselection_Plate_3_A11.RAW	PRM_20251203_MarthaReselection_Plate_3_A11.RAW	NT=Parallel Reaction Monitoring;AC=MS:1002956	AC=MS:1002038;NT=label free sample	1	NT=High-performance liquid chromatography;AC=PRIDE:0000565	1	AC=MS:1001251;NT=Trypsin	not available	NT=Stellar;AC=MS:1003409	NT=Carbamidomethyl;AC=UNIMOD:4;TA=C;MT=Fixed	NT=Higher-energy Collisional Dissociation;AC=MS:1000422	27 NCE	40 ppm	0.05 Da	A
PRM_20251203_MarthaReselection_Plate_3_A12	A	12	MRTH	12	RA12	0.1	C:\Xcalibur\methods\method1	C:\data\yourdir	PRM_20251203_MarthaReselection_Plate_3_A12	Homo sapiens	Plasma	Plate_3	MarthaReselection	not available	not available	not available	not available	not available	not available	not available	not available	1	AC=EFO:0009656;NT=plasma	run 12	proteomics profiling by mass spectrometry	PRM_20251203_MarthaReselection_Plate_3_A12.RAW	PRM_20251203_MarthaReselection_Plate_3_A12.RAW	NT=Parallel Reaction Monitoring;AC=MS:1002956	AC=MS:1002038;NT=label free sample	1	NT=High-performance liquid chromatography;AC=PRIDE:0000565	1	AC=MS:1001251;NT=Trypsin	not available	NT=Stellar;AC=MS:1003409	NT=Carbamidomethyl;AC=UNIMOD:4;TA=C;MT=Fixed	NT=Higher-energy Collisional Dissociation;AC=MS:1000422	27 NCE	40 ppm	0.05 Da	A
PRM_20251203_MarthaReselection_Plate_3_B1	B	1	MRTH	13	RB1	0.1	C:\Xcalibur\methods\method1	C:\data\yourdir	PRM_20251203_MarthaReselection_Plate_3_B1	Homo sapiens	Plasma	Plate_3	MarthaReselection	not available	not available	not available	not available	not available	not available	not available	not available	1	AC=EFO:0009656;NT=plasma	run 13	proteomics profiling by mass spectrometry	PRM_20251203_MarthaReselection_Plate_3_B1.RAW	PRM_20251203_MarthaReselection_Plate_3_B1.RAW	NT=Parallel Reaction Monitoring;AC=MS:1002956	AC=MS:1002038;NT=label free sample	1	NT=High-performance liquid chromatography;AC=PRIDE:0000565	1	AC=MS:1001251;NT=Trypsin	not available	NT=Stellar;AC=MS:1003409	NT=Carbamidomethyl;AC=UNIMOD:4;TA=C;MT=Fixed	NT=Higher-energy Collisional Dissociation;AC=MS:1000422	27 NCE	40 ppm	0.05 Da	B
PRM_20251203_MarthaReselection_Plate_3_B2	B	2	MRTH	14	RB2	0.1	C:\Xcalibur\methods\method1	C:\data\yourdir	PRM_20251203_MarthaReselection_Plate_3_B2	Homo sapiens	Plasma	Plate_3	MarthaReselection	not available	not available	not available	not available	not available	not available	not available	not available	1	AC=EFO:0009656;NT=plasma	run 14	proteomics profiling by mass spectrometry	PRM_20251203_MarthaReselection_Plate_3_B2.RAW	PRM_20251203_MarthaReselection_Plate_3_B2.RAW	NT=Parallel Reaction Monitoring;AC=MS:1002956	AC=MS:1002038;NT=label free sample	1	NT=High-performance liquid chromatography;AC=PRIDE:0000565	1	AC=MS:1001251;NT=Trypsin	not available	NT=Stellar;AC=MS:1003409	NT=Carbamidomethyl;AC=UNIMOD:4;TA=C;MT=Fixed	NT=Higher-energy Collisional Dissociation;AC=MS:1000422	27 NCE	40 ppm	0.05 Da	B
PRM_20251203_MarthaReselection_Plate_3_B3	B	3	MRTH	15	RB3	0.1	C:\Xcalibur\methods\method1	C:\data\yourdir	PRM_20251203_MarthaReselection_Plate_3_B3	Homo sapiens	Plasma	Plate_3	MarthaReselection	not available	not available	not available	not available	not available	not available	not available	not available	1	AC=EFO:0009656;NT=plasma	run 15	proteomics profiling by mass spectrometry	PRM_20251203_MarthaReselection_Plate_3_B3.RAW	PRM_20251203_MarthaReselection_Plate_3_B3.RAW	NT=Parallel Reaction Monitoring;AC=MS:1002956	AC=MS:1002038;NT=label free sample	1	NT=High-performance liquid chromatography;AC=PRIDE:0000565	1	AC=MS:1001251;NT=Trypsin	not available	NT=Stellar;AC=MS:1003409	NT=Carbamidomethyl;AC=UNIMOD:4;TA=C;MT=Fixed	NT=Higher-energy Collisional Dissociation;AC=MS:1000422	27 NCE	40 ppm	0.05 Da	B
PRM_20251203_MarthaReselection_Plate_3_B4	B	4	MRTH	16	RB4	0.1	C:\Xcalibur\methods\method1	C:\data\yourdir	PRM_20251203_MarthaReselection_Plate_3_B4	Homo sapiens	Plasma	Plate_3	MarthaReselection	not available	not available	not available	not available	not available	not available	not available	not available	1	AC=EFO:0009656;NT=plasma	run 16	proteomics profiling by mass spectrometry	PRM_20251203_MarthaReselection_Plate_3_B4.RAW	PRM_20251203_MarthaReselection_Plate_3_B4.RAW	NT=Parallel Reaction Monitoring;AC=MS:1002956	AC=MS:1002038;NT=label free sample	1	NT=High-performance liquid chromatography;AC=PRIDE:0000565	1	AC=MS:1001251;NT=Trypsin	not available	NT=Stellar;AC=MS:1003409	NT=Carbamidomethyl;AC=UNIMOD:4;TA=C;MT=Fixed	NT=Higher-energy Collisional Dissociation;AC=MS:1000422	27 NCE	40 ppm	0.05 Da	B
PRM_20251203_MarthaReselection_Plate_3_B5	B	5	MRTH	17	RB5	0.1	C:\Xcalibur\methods\method1	C:\data\yourdir	PRM_20251203_MarthaReselection_Plate_3_B5	Homo sapiens	Plasma	Plate_3	MarthaReselection	not available	not available	not available	not available	not available	not available	not available	not available	1	AC=EFO:0009656;NT=plasma	run 17	proteomics profiling by mass spectrometry	PRM_20251203_MarthaReselection_Plate_3_B5.RAW	PRM_20251203_MarthaReselection_Plate_3_B5.RAW	NT=Parallel Reaction Monitoring;AC=MS:1002956	AC=MS:1002038;NT=label free sample	1	NT=High-performance liquid chromatography;AC=PRIDE:0000565	1	AC=MS:1001251;NT=Trypsin	not available	NT=Stellar;AC=MS:1003409	NT=Carbamidomethyl;AC=UNIMOD:4;TA=C;MT=Fixed	NT=Higher-energy Collisional Dissociation;AC=MS:1000422	27 NCE	40 ppm	0.05 Da	B
PRM_20251203_MarthaReselection_Plate_3_B6	B	6	MRTH	18	RB6	0.1	C:\Xcalibur\methods\method1	C:\data\yourdir	PRM_20251203_MarthaReselection_Plate_3_B6	Homo sapiens	Plasma	Plate_3	MarthaReselection	not available	not available	not available	not available	not available	not available	not available	not available	1	AC=EFO:0009656;NT=plasma	run 18	proteomics profiling by mass spectrometry	PRM_20251203_MarthaReselection_Plate_3_B6.RAW	PRM_20251203_MarthaReselection_Plate_3_B6.RAW	NT=Parallel Reaction Monitoring;AC=MS:1002956	AC=MS:1002038;NT=label free sample	1	NT=High-performance liquid chromatography;AC=PRIDE:0000565	1	AC=MS:1001251;NT=Trypsin	not available	NT=Stellar;AC=MS:1003409	NT=Carbamidomethyl;AC=UNIMOD:4;TA=C;MT=Fixed	NT=Higher-energy Collisional Dissociation;AC=MS:1000422	27 NCE	40 ppm	0.05 Da	B
PRM_20251203_MarthaReselection_Plate_3_B7	B	7	MRTH	19	RB7	0.1	C:\Xcalibur\methods\method1	C:\data\yourdir	PRM_20251203_MarthaReselection_Plate_3_B7	Homo sapiens	Plasma	Plate_3	MarthaReselection	not available	not available	not available	not available	not available	not available	not available	not available	1	AC=EFO:0009656;NT=plasma	run 19	proteomics profiling by mass spectrometry	PRM_20251203_MarthaReselection_Plate_3_B7.RAW	PRM_20251203_MarthaReselection_Plate_3_B7.RAW	NT=Parallel Reaction Monitoring;AC=MS:1002956	AC=MS:1002038;NT=label free sample	1	NT=High-performance liquid chromatography;AC=PRIDE:0000565	1	AC=MS:1001251;NT=Trypsin	not available	NT=Stellar;AC=MS:1003409	NT=Carbamidomethyl;AC=UNIMOD:4;TA=C;MT=Fixed	NT=Higher-energy Collisional Dissociation;AC=MS:1000422	27 NCE	40 ppm	0.05 Da	B
PRM_20251203_MarthaReselection_Plate_3_B8	B	8	MRTH	20	RB8	0.1	C:\Xcalibur\methods\method1	C:\data\yourdir	PRM_20251203_MarthaReselection_Plate_3_B8	Homo sapiens	Plasma	Plate_3	MarthaReselection	not available	not available	not available	not available	not available	not available	not available	not available	1	AC=EFO:0009656;NT=plasma	run 20	proteomics profiling by mass spectrometry	PRM_20251203_MarthaReselection_Plate_3_B8.RAW	PRM_20251203_MarthaReselection_Plate_3_B8.RAW	NT=Parallel Reaction Monitoring;AC=MS:1002956	AC=MS:1002038;NT=label free sample	1	NT=High-performance liquid chromatography;AC=PRIDE:0000565	1	AC=MS:1001251;NT=Trypsin	not available	NT=Stellar;AC=MS:1003409	NT=Carbamidomethyl;AC=UNIMOD:4;TA=C;MT=Fixed	NT=Higher-energy Collisional Dissociation;AC=MS:1000422	27 NCE	40 ppm	0.05 Da	B
PRM_20251203_MarthaReselection_Plate_3_B9	B	9	MRTH	21	RB9	0.1	C:\Xcalibur\methods\method1	C:\data\yourdir	PRM_20251203_MarthaReselection_Plate_3_B9	Homo sapiens	Plasma	Plate_3	MarthaReselection	not available	not available	not available	not available	not available	not available	not available	not available	1	AC=EFO:0009656;NT=plasma	run 21	proteomics profiling by mass spectrometry	PRM_20251203_MarthaReselection_Plate_3_B9.RAW	PRM_20251203_MarthaReselection_Plate_3_B9.RAW	NT=Parallel Reaction Monitoring;AC=MS:1002956	AC=MS:1002038;NT=label free sample	1	NT=High-performance liquid chromatography;AC=PRIDE:0000565	1	AC=MS:1001251;NT=Trypsin	not available	NT=Stellar;AC=MS:1003409	NT=Carbamidomethyl;AC=UNIMOD:4;TA=C;MT=Fixed	NT=Higher-energy Collisional Dissociation;AC=MS:1000422	27 NCE	40 ppm	0.05 Da	B
PRM_20251203_MarthaReselection_Plate_3_B10	B	10	MRTH	22	RB10	0.1	C:\Xcalibur\methods\method1	C:\data\yourdir	PRM_20251203_MarthaReselection_Plate_3_B10	Homo sapiens	Plasma	Plate_3	MarthaReselection	not available	not available	not available	not available	not available	not available	not available	not available	1	AC=EFO:0009656;NT=plasma	run 22	proteomics profiling by mass spectrometry	PRM_20251203_MarthaReselection_Plate_3_B10.RAW	PRM_20251203_MarthaReselection_Plate_3_B10.RAW	NT=Parallel Reaction Monitoring;AC=MS:1002956	AC=MS:1002038;NT=label free sample	1	NT=High-performance liquid chromatography;AC=PRIDE:0000565	1	AC=MS:1001251;NT=Trypsin	not available	NT=Stellar;AC=MS:1003409	NT=Carbamidomethyl;AC=UNIMOD:4;TA=C;MT=Fixed	NT=Higher-energy Collisional Dissociation;AC=MS:1000422	27 NCE	40 ppm	0.05 Da	B
PRM_20251203_MarthaReselection_Plate_3_B11	B	11	MRTH	23	RB11	0.1	C:\Xcalibur\methods\method1	C:\data\yourdir	PRM_20251203_MarthaReselection_Plate_3_B11	Homo sapiens	Plasma	Plate_3	MarthaReselection	not available	not available	not available	not available	not available	not available	not available	not available	1	AC=EFO:0009656;NT=plasma	run 23	proteomics profiling by mass spectrometry	PRM_20251203_MarthaReselection_Plate_3_B11.RAW	PRM_20251203_MarthaReselection_Plate_3_B11.RAW	NT=Parallel Reaction Monitoring;AC=MS:1002956	AC=MS:1002038;NT=label free sample	1	NT=High-performance liquid chromatography;AC=PRIDE:0000565	1	AC=MS:1001251;NT=Trypsin	not available	NT=Stellar;AC=MS:1003409	NT=Carbamidomethyl;AC=UNIMOD:4;TA=C;MT=Fixed	NT=Higher-energy Collisional Dissociation;AC=MS:1000422	27 NCE	40 ppm	0.05 Da	B
PRM_20251203_MarthaReselection_Plate_3_B12	B	12	MRTH	24	RB12	0.1	C:\Xcalibur\methods\method1	C:\data\yourdir	PRM_20251203_MarthaReselection_Plate_3_B12	Homo sapiens	Plasma	Plate_3	MarthaReselection	not available	not available	not available	not available	not available	not available	not available	not available	1	AC=EFO:0009656;NT=plasma	run 24	proteomics profiling by mass spectrometry	PRM_20251203_MarthaReselection_Plate_3_B12.RAW	PRM_20251203_MarthaReselection_Plate_3_B12.RAW	NT=Parallel Reaction Monitoring;AC=MS:1002956	AC=MS:1002038;NT=label free sample	1	NT=High-performance liquid chromatography;AC=PRIDE:0000565	1	AC=MS:1001251;NT=Trypsin	not available	NT=Stellar;AC=MS:1003409	NT=Carbamidomethyl;AC=UNIMOD:4;TA=C;MT=Fixed	NT=Higher-energy Collisional Dissociation;AC=MS:1000422	27 NCE	40 ppm	0.05 Da	B
PRM_20251203_MarthaReselection_Plate_3_C1	C	1	MRTH	25	RC1	0.1	C:\Xcalibur\methods\method1	C:\data\yourdir	PRM_20251203_MarthaReselection_Plate_3_C1	Homo sapiens	Plasma	Plate_3	MarthaReselection	not available	not available	not available	not available	not available	not available	not available	not available	1	AC=EFO:0009656;NT=plasma	run 25	proteomics profiling by mass spectrometry	PRM_20251203_MarthaReselection_Plate_3_C1.RAW	PRM_20251203_MarthaReselection_Plate_3_C1.RAW	NT=Parallel Reaction Monitoring;AC=MS:1002956	AC=MS:1002038;NT=label free sample	1	NT=High-performance liquid chromatography;AC=PRIDE:0000565	1	AC=MS:1001251;NT=Trypsin	not available	NT=Stellar;AC=MS:1003409	NT=Carbamidomethyl;AC=UNIMOD:4;TA=C;MT=Fixed	NT=Higher-energy Collisional Dissociation;AC=MS:1000422	27 NCE	40 ppm	0.05 Da	C
PRM_20251203_MarthaReselection_Plate_3_C2	C	2	MRTH	26	RC2	0.1	C:\Xcalibur\methods\method1	C:\data\yourdir	PRM_20251203_MarthaReselection_Plate_3_C2	Homo sapiens	Plasma	Plate_3	MarthaReselection	not available	not available	not available	not available	not available	not available	not available	not available	1	AC=EFO:0009656;NT=plasma	run 26	proteomics profiling by mass spectrometry	PRM_20251203_MarthaReselection_Plate_3_C2.RAW	PRM_20251203_MarthaReselection_Plate_3_C2.RAW	NT=Parallel Reaction Monitoring;AC=MS:1002956	AC=MS:1002038;NT=label free sample	1	NT=High-performance liquid chromatography;AC=PRIDE:0000565	1	AC=MS:1001251;NT=Trypsin	not available	NT=Stellar;AC=MS:1003409	NT=Carbamidomethyl;AC=UNIMOD:4;TA=C;MT=Fixed	NT=Higher-energy Collisional Dissociation;AC=MS:1000422	27 NCE	40 ppm	0.05 Da	C
PRM_20251203_MarthaReselection_Plate_3_C3	C	3	MRTH	27	RC3	0.1	C:\Xcalibur\methods\method1	C:\data\yourdir	PRM_20251203_MarthaReselection_Plate_3_C3	Homo sapiens	Plasma	Plate_3	MarthaReselection	not available	not available	not available	not available	not available	not available	not available	not available	1	AC=EFO:0009656;NT=plasma	run 27	proteomics profiling by mass spectrometry	PRM_20251203_MarthaReselection_Plate_3_C3.RAW	PRM_20251203_MarthaReselection_Plate_3_C3.RAW	NT=Parallel Reaction Monitoring;AC=MS:1002956	AC=MS:1002038;NT=label free sample	1	NT=High-performance liquid chromatography;AC=PRIDE:0000565	1	AC=MS:1001251;NT=Trypsin	not available	NT=Stellar;AC=MS:1003409	NT=Carbamidomethyl;AC=UNIMOD:4;TA=C;MT=Fixed	NT=Higher-energy Collisional Dissociation;AC=MS:1000422	27 NCE	40 ppm	0.05 Da	C
PRM_20251203_MarthaReselection_Plate_3_C4	C	4	MRTH	28	RC4	0.1	C:\Xcalibur\methods\method1	C:\data\yourdir	PRM_20251203_MarthaReselection_Plate_3_C4	Homo sapiens	Plasma	Plate_3	MarthaReselection	not available	not available	not available	not available	not available	not available	not available	not available	1	AC=EFO:0009656;NT=plasma	run 28	proteomics profiling by mass spectrometry	PRM_20251203_MarthaReselection_Plate_3_C4.RAW	PRM_20251203_MarthaReselection_Plate_3_C4.RAW	NT=Parallel Reaction Monitoring;AC=MS:1002956	AC=MS:1002038;NT=label free sample	1	NT=High-performance liquid chromatography;AC=PRIDE:0000565	1	AC=MS:1001251;NT=Trypsin	not available	NT=Stellar;AC=MS:1003409	NT=Carbamidomethyl;AC=UNIMOD:4;TA=C;MT=Fixed	NT=Higher-energy Collisional Dissociation;AC=MS:1000422	27 NCE	40 ppm	0.05 Da	C
PRM_20251203_MarthaReselection_Plate_3_C5	C	5	MRTH	29	RC5	0.1	C:\Xcalibur\methods\method1	C:\data\yourdir	PRM_20251203_MarthaReselection_Plate_3_C5	Homo sapiens	Plasma	Plate_3	MarthaReselection	not available	not available	not available	not available	not available	not available	not available	not available	1	AC=EFO:0009656;NT=plasma	run 29	proteomics profiling by mass spectrometry	PRM_20251203_MarthaReselection_Plate_3_C5.RAW	PRM_20251203_MarthaReselection_Plate_3_C5.RAW	NT=Parallel Reaction Monitoring;AC=MS:1002956	AC=MS:1002038;NT=label free sample	1	NT=High-performance liquid chromatography;AC=PRIDE:0000565	1	AC=MS:1001251;NT=Trypsin	not available	NT=Stellar;AC=MS:1003409	NT=Carbamidomethyl;AC=UNIMOD:4;TA=C;MT=Fixed	NT=Higher-energy Collisional Dissociation;AC=MS:1000422	27 NCE	40 ppm	0.05 Da	C
PRM_20251203_MarthaReselection_Plate_3_C6	C	6	MRTH	30	RC6	0.1	C:\Xcalibur\methods\method1	C:\data\yourdir	PRM_20251203_MarthaReselection_Plate_3_C6	Homo sapiens	Plasma	Plate_3	MarthaReselection	not available	not available	not available	not available	not available	not available	not available	not available	1	AC=EFO:0009656;NT=plasma	run 30	proteomics profiling by mass spectrometry	PRM_20251203_MarthaReselection_Plate_3_C6.RAW	PRM_20251203_MarthaReselection_Plate_3_C6.RAW	NT=Parallel Reaction Monitoring;AC=MS:1002956	AC=MS:1002038;NT=label free sample	1	NT=High-performance liquid chromatography;AC=PRIDE:0000565	1	AC=MS:1001251;NT=Trypsin	not available	NT=Stellar;AC=MS:1003409	NT=Carbamidomethyl;AC=UNIMOD:4;TA=C;MT=Fixed	NT=Higher-energy Collisional Dissociation;AC=MS:1000422	27 NCE	40 ppm	0.05 Da	C
PRM_20251203_MarthaReselection_Plate_3_C7	C	7	MRTH	31	RC7	0.1	C:\Xcalibur\methods\method1	C:\data\yourdir	PRM_20251203_MarthaReselection_Plate_3_C7	Homo sapiens	Plasma	Plate_3	MarthaReselection	not available	not available	not available	not available	not available	not available	not available	not available	1	AC=EFO:0009656;NT=plasma	run 31	proteomics profiling by mass spectrometry	PRM_20251203_MarthaReselection_Plate_3_C7.RAW	PRM_20251203_MarthaReselection_Plate_3_C7.RAW	NT=Parallel Reaction Monitoring;AC=MS:1002956	AC=MS:1002038;NT=label free sample	1	NT=High-performance liquid chromatography;AC=PRIDE:0000565	1	AC=MS:1001251;NT=Trypsin	not available	NT=Stellar;AC=MS:1003409	NT=Carbamidomethyl;AC=UNIMOD:4;TA=C;MT=Fixed	NT=Higher-energy Collisional Dissociation;AC=MS:1000422	27 NCE	40 ppm	0.05 Da	C
PRM_20251203_MarthaReselection_Plate_3_C8	C	8	MRTH	32	RC8	0.1	C:\Xcalibur\methods\method1	C:\data\yourdir	PRM_20251203_MarthaReselection_Plate_3_C8	Homo sapiens	Plasma	Plate_3	MarthaReselection	not available	not available	not available	not available	not available	not available	not available	not available	1	AC=EFO:0009656;NT=plasma	run 32	proteomics profiling by mass spectrometry	PRM_20251203_MarthaReselection_Plate_3_C8.RAW	PRM_20251203_MarthaReselection_Plate_3_C8.RAW	NT=Parallel Reaction Monitoring;AC=MS:1002956	AC=MS:1002038;NT=label free sample	1	NT=High-performance liquid chromatography;AC=PRIDE:0000565	1	AC=MS:1001251;NT=Trypsin	not available	NT=Stellar;AC=MS:1003409	NT=Carbamidomethyl;AC=UNIMOD:4;TA=C;MT=Fixed	NT=Higher-energy Collisional Dissociation;AC=MS:1000422	27 NCE	40 ppm	0.05 Da	C
PRM_20251203_MarthaReselection_Plate_3_C9	C	9	MRTH	33	RC9	0.1	C:\Xcalibur\methods\method1	C:\data\yourdir	PRM_20251203_MarthaReselection_Plate_3_C9	Homo sapiens	Plasma	Plate_3	MarthaReselection	not available	not available	not available	not available	not available	not available	not available	not available	1	AC=EFO:0009656;NT=plasma	run 33	proteomics profiling by mass spectrometry	PRM_20251203_MarthaReselection_Plate_3_C9.RAW	PRM_20251203_MarthaReselection_Plate_3_C9.RAW	NT=Parallel Reaction Monitoring;AC=MS:1002956	AC=MS:1002038;NT=label free sample	1	NT=High-performance liquid chromatography;AC=PRIDE:0000565	1	AC=MS:1001251;NT=Trypsin	not available	NT=Stellar;AC=MS:1003409	NT=Carbamidomethyl;AC=UNIMOD:4;TA=C;MT=Fixed	NT=Higher-energy Collisional Dissociation;AC=MS:1000422	27 NCE	40 ppm	0.05 Da	C
PRM_20251203_MarthaReselection_Plate_3_C10	C	10	MRTH	34	RC10	0.1	C:\Xcalibur\methods\method1	C:\data\yourdir	PRM_20251203_MarthaReselection_Plate_3_C10	Homo sapiens	Plasma	Plate_3	MarthaReselection	not available	not available	not available	not available	not available	not available	not available	not available	1	AC=EFO:0009656;NT=plasma	run 34	proteomics profiling by mass spectrometry	PRM_20251203_MarthaReselection_Plate_3_C10.RAW	PRM_20251203_MarthaReselection_Plate_3_C10.RAW	NT=Parallel Reaction Monitoring;AC=MS:1002956	AC=MS:1002038;NT=label free sample	1	NT=High-performance liquid chromatography;AC=PRIDE:0000565	1	AC=MS:1001251;NT=Trypsin	not available	NT=Stellar;AC=MS:1003409	NT=Carbamidomethyl;AC=UNIMOD:4;TA=C;MT=Fixed	NT=Higher-energy Collisional Dissociation;AC=MS:1000422	27 NCE	40 ppm	0.05 Da	C
PRM_20251203_MarthaReselection_Plate_3_C11	C	11	MRTH	35	RC11	0.1	C:\Xcalibur\methods\method1	C:\data\yourdir	PRM_20251203_MarthaReselection_Plate_3_C11	Homo sapiens	Plasma	Plate_3	MarthaReselection	not available	not available	not available	not available	not available	not available	not available	not available	1	AC=EFO:0009656;NT=plasma	run 35	proteomics profiling by mass spectrometry	PRM_20251203_MarthaReselection_Plate_3_C11.RAW	PRM_20251203_MarthaReselection_Plate_3_C11.RAW	NT=Parallel Reaction Monitoring;AC=MS:1002956	AC=MS:1002038;NT=label free sample	1	NT=High-performance liquid chromatography;AC=PRIDE:0000565	1	AC=MS:1001251;NT=Trypsin	not available	NT=Stellar;AC=MS:1003409	NT=Carbamidomethyl;AC=UNIMOD:4;TA=C;MT=Fixed	NT=Higher-energy Collisional Dissociation;AC=MS:1000422	27 NCE	40 ppm	0.05 Da	C
PRM_20251203_MarthaReselection_Plate_3_C12	C	12	MRTH	36	RC12	0.1	C:\Xcalibur\methods\method1	C:\data\yourdir	PRM_20251203_MarthaReselection_Plate_3_C12	Homo sapiens	Plasma	Plate_3	MarthaReselection	not available	not available	not available	not available	not available	not available	not available	not available	1	AC=EFO:0009656;NT=plasma	run 36	proteomics profiling by mass spectrometry	PRM_20251203_MarthaReselection_Plate_3_C12.RAW	PRM_20251203_MarthaReselection_Plate_3_C12.RAW	NT=Parallel Reaction Monitoring;AC=MS:1002956	AC=MS:1002038;NT=label free sample	1	NT=High-performance liquid chromatography;AC=PRIDE:0000565	1	AC=MS:1001251;NT=Trypsin	not available	NT=Stellar;AC=MS:1003409	NT=Carbamidomethyl;AC=UNIMOD:4;TA=C;MT=Fixed	NT=Higher-energy Collisional Dissociation;AC=MS:1000422	27 NCE	40 ppm	0.05 Da	C
PRM_20251203_MarthaReselection_Plate_3_D1	D	1	MRTH	37	RD1	0.1	C:\Xcalibur\methods\method1	C:\data\yourdir	PRM_20251203_MarthaReselection_Plate_3_D1	Homo sapiens	Plasma	Plate_3	MarthaReselection	not available	not available	not available	not available	not available	not available	not available	not available	1	AC=EFO:0009656;NT=plasma	run 37	proteomics profiling by mass spectrometry	PRM_20251203_MarthaReselection_Plate_3_D1.RAW	PRM_20251203_MarthaReselection_Plate_3_D1.RAW	NT=Parallel Reaction Monitoring;AC=MS:1002956	AC=MS:1002038;NT=label free sample	1	NT=High-performance liquid chromatography;AC=PRIDE:0000565	1	AC=MS:1001251;NT=Trypsin	not available	NT=Stellar;AC=MS:1003409	NT=Carbamidomethyl;AC=UNIMOD:4;TA=C;MT=Fixed	NT=Higher-energy Collisional Dissociation;AC=MS:1000422	27 NCE	40 ppm	0.05 Da	D
PRM_20251203_MarthaReselection_Plate_3_D2	D	2	Pool	38	RD2	0.1	C:\Xcalibur\methods\method1	C:\data\yourdir	PRM_20251203_MarthaReselection_Plate_3_D2	Homo sapiens	Plasma	Plate_3	MarthaReselection	not available	not available	not available	not available	not available	not available	not available	not available	1	AC=EFO:0009656;NT=plasma	run 38	proteomics profiling by mass spectrometry	PRM_20251203_MarthaReselection_Plate_3_D2.RAW	PRM_20251203_MarthaReselection_Plate_3_D2.RAW	NT=Parallel Reaction Monitoring;AC=MS:1002956	AC=MS:1002038;NT=label free sample	1	NT=High-performance liquid chromatography;AC=PRIDE:0000565	1	AC=MS:1001251;NT=Trypsin	not available	NT=Stellar;AC=MS:1003409	NT=Carbamidomethyl;AC=UNIMOD:4;TA=C;MT=Fixed	NT=Higher-energy Collisional Dissociation;AC=MS:1000422	27 NCE	40 ppm	0.05 Da	D
PRM_20251203_MarthaReselection_Plate_3_D3	D	3	MRTH	39	RD3	0.1	C:\Xcalibur\methods\method1	C:\data\yourdir	PRM_20251203_MarthaReselection_Plate_3_D3	Homo sapiens	Plasma	Plate_3	MarthaReselection	not available	not available	not available	not available	not available	not available	not available	not available	1	AC=EFO:0009656;NT=plasma	run 39	proteomics profiling by mass spectrometry	PRM_20251203_MarthaReselection_Plate_3_D3.RAW	PRM_20251203_MarthaReselection_Plate_3_D3.RAW	NT=Parallel Reaction Monitoring;AC=MS:1002956	AC=MS:1002038;NT=label free sample	1	NT=High-performance liquid chromatography;AC=PRIDE:0000565	1	AC=MS:1001251;NT=Trypsin	not available	NT=Stellar;AC=MS:1003409	NT=Carbamidomethyl;AC=UNIMOD:4;TA=C;MT=Fixed	NT=Higher-energy Collisional Dissociation;AC=MS:1000422	27 NCE	40 ppm	0.05 Da	D
PRM_20251203_MarthaReselection_Plate_3_D4	D	4	MRTH	40	RD4	0.1	C:\Xcalibur\methods\method1	C:\data\yourdir	PRM_20251203_MarthaReselection_Plate_3_D4	Homo sapiens	Plasma	Plate_3	MarthaReselection	not available	not available	not available	not available	not available	not available	not available	not available	1	AC=EFO:0009656;NT=plasma	run 40	proteomics profiling by mass spectrometry	PRM_20251203_MarthaReselection_Plate_3_D4.RAW	PRM_20251203_MarthaReselection_Plate_3_D4.RAW	NT=Parallel Reaction Monitoring;AC=MS:1002956	AC=MS:1002038;NT=label free sample	1	NT=High-performance liquid chromatography;AC=PRIDE:0000565	1	AC=MS:1001251;NT=Trypsin	not available	NT=Stellar;AC=MS:1003409	NT=Carbamidomethyl;AC=UNIMOD:4;TA=C;MT=Fixed	NT=Higher-energy Collisional Dissociation;AC=MS:1000422	27 NCE	40 ppm	0.05 Da	D
PRM_20251203_MarthaReselection_Plate_3_D5	D	5	MRTH	41	RD5	0.1	C:\Xcalibur\methods\method1	C:\data\yourdir	PRM_20251203_MarthaReselection_Plate_3_D5	Homo sapiens	Plasma	Plate_3	MarthaReselection	not available	not available	not available	not available	not available	not available	not available	not available	1	AC=EFO:0009656;NT=plasma	run 41	proteomics profiling by mass spectrometry	PRM_20251203_MarthaReselection_Plate_3_D5.RAW	PRM_20251203_MarthaReselection_Plate_3_D5.RAW	NT=Parallel Reaction Monitoring;AC=MS:1002956	AC=MS:1002038;NT=label free sample	1	NT=High-performance liquid chromatography;AC=PRIDE:0000565	1	AC=MS:1001251;NT=Trypsin	not available	NT=Stellar;AC=MS:1003409	NT=Carbamidomethyl;AC=UNIMOD:4;TA=C;MT=Fixed	NT=Higher-energy Collisional Dissociation;AC=MS:1000422	27 NCE	40 ppm	0.05 Da	D
PRM_20251203_MarthaReselection_Plate_3_D6	D	6	MRTH	42	RD6	0.1	C:\Xcalibur\methods\method1	C:\data\yourdir	PRM_20251203_MarthaReselection_Plate_3_D6	Homo sapiens	Plasma	Plate_3	MarthaReselection	not available	not available	not available	not available	not available	not available	not available	not available	1	AC=EFO:0009656;NT=plasma	run 42	proteomics profiling by mass spectrometry	PRM_20251203_MarthaReselection_Plate_3_D6.RAW	PRM_20251203_MarthaReselection_Plate_3_D6.RAW	NT=Parallel Reaction Monitoring;AC=MS:1002956	AC=MS:1002038;NT=label free sample	1	NT=High-performance liquid chromatography;AC=PRIDE:0000565	1	AC=MS:1001251;NT=Trypsin	not available	NT=Stellar;AC=MS:1003409	NT=Carbamidomethyl;AC=UNIMOD:4;TA=C;MT=Fixed	NT=Higher-energy Collisional Dissociation;AC=MS:1000422	27 NCE	40 ppm	0.05 Da	D
PRM_20251203_MarthaReselection_Plate_3_D7	D	7	MRTH	43	RD7	0.1	C:\Xcalibur\methods\method1	C:\data\yourdir	PRM_20251203_MarthaReselection_Plate_3_D7	Homo sapiens	Plasma	Plate_3	MarthaReselection	not available	not available	not available	not available	not available	not available	not available	not available	1	AC=EFO:0009656;NT=plasma	run 43	proteomics profiling by mass spectrometry	PRM_20251203_MarthaReselection_Plate_3_D7.RAW	PRM_20251203_MarthaReselection_Plate_3_D7.RAW	NT=Parallel Reaction Monitoring;AC=MS:1002956	AC=MS:1002038;NT=label free sample	1	NT=High-performance liquid chromatography;AC=PRIDE:0000565	1	AC=MS:1001251;NT=Trypsin	not available	NT=Stellar;AC=MS:1003409	NT=Carbamidomethyl;AC=UNIMOD:4;TA=C;MT=Fixed	NT=Higher-energy Collisional Dissociation;AC=MS:1000422	27 NCE	40 ppm	0.05 Da	D
PRM_20251203_MarthaReselection_Plate_3_D8	D	8	MRTH	44	RD8	0.1	C:\Xcalibur\methods\method1	C:\data\yourdir	PRM_20251203_MarthaReselection_Plate_3_D8	Homo sapiens	Plasma	Plate_3	MarthaReselection	not available	not available	not available	not available	not available	not available	not available	not available	1	AC=EFO:0009656;NT=plasma	run 44	proteomics profiling by mass spectrometry	PRM_20251203_MarthaReselection_Plate_3_D8.RAW	PRM_20251203_MarthaReselection_Plate_3_D8.RAW	NT=Parallel Reaction Monitoring;AC=MS:1002956	AC=MS:1002038;NT=label free sample	1	NT=High-performance liquid chromatography;AC=PRIDE:0000565	1	AC=MS:1001251;NT=Trypsin	not available	NT=Stellar;AC=MS:1003409	NT=Carbamidomethyl;AC=UNIMOD:4;TA=C;MT=Fixed	NT=Higher-energy Collisional Dissociation;AC=MS:1000422	27 NCE	40 ppm	0.05 Da	D
PRM_20251203_MarthaReselection_Plate_3_D9	D	9	MRTH	45	RD9	0.1	C:\Xcalibur\methods\method1	C:\data\yourdir	PRM_20251203_MarthaReselection_Plate_3_D9	Homo sapiens	Plasma	Plate_3	MarthaReselection	not available	not available	not available	not available	not available	not available	not available	not available	1	AC=EFO:0009656;NT=plasma	run 45	proteomics profiling by mass spectrometry	PRM_20251203_MarthaReselection_Plate_3_D9.RAW	PRM_20251203_MarthaReselection_Plate_3_D9.RAW	NT=Parallel Reaction Monitoring;AC=MS:1002956	AC=MS:1002038;NT=label free sample	1	NT=High-performance liquid chromatography;AC=PRIDE:0000565	1	AC=MS:1001251;NT=Trypsin	not available	NT=Stellar;AC=MS:1003409	NT=Carbamidomethyl;AC=UNIMOD:4;TA=C;MT=Fixed	NT=Higher-energy Collisional Dissociation;AC=MS:1000422	27 NCE	40 ppm	0.05 Da	D
PRM_20251203_MarthaReselection_Plate_3_D10	D	10	MRTH	46	RD10	0.1	C:\Xcalibur\methods\method1	C:\data\yourdir	PRM_20251203_MarthaReselection_Plate_3_D10	Homo sapiens	Plasma	Plate_3	MarthaReselection	not available	not available	not available	not available	not available	not available	not available	not available	1	AC=EFO:0009656;NT=plasma	run 46	proteomics profiling by mass spectrometry	PRM_20251203_MarthaReselection_Plate_3_D10.RAW	PRM_20251203_MarthaReselection_Plate_3_D10.RAW	NT=Parallel Reaction Monitoring;AC=MS:1002956	AC=MS:1002038;NT=label free sample	1	NT=High-performance liquid chromatography;AC=PRIDE:0000565	1	AC=MS:1001251;NT=Trypsin	not available	NT=Stellar;AC=MS:1003409	NT=Carbamidomethyl;AC=UNIMOD:4;TA=C;MT=Fixed	NT=Higher-energy Collisional Dissociation;AC=MS:1000422	27 NCE	40 ppm	0.05 Da	D
PRM_20251203_MarthaReselection_Plate_3_D11	D	11	MRTH	47	RD11	0.1	C:\Xcalibur\methods\method1	C:\data\yourdir	PRM_20251203_MarthaReselection_Plate_3_D11	Homo sapiens	Plasma	Plate_3	MarthaReselection	not available	not available	not available	not available	not available	not available	not available	not available	1	AC=EFO:0009656;NT=plasma	run 47	proteomics profiling by mass spectrometry	PRM_20251203_MarthaReselection_Plate_3_D11.RAW	PRM_20251203_MarthaReselection_Plate_3_D11.RAW	NT=Parallel Reaction Monitoring;AC=MS:1002956	AC=MS:1002038;NT=label free sample	1	NT=High-performance liquid chromatography;AC=PRIDE:0000565	1	AC=MS:1001251;NT=Trypsin	not available	NT=Stellar;AC=MS:1003409	NT=Carbamidomethyl;AC=UNIMOD:4;TA=C;MT=Fixed	NT=Higher-energy Collisional Dissociation;AC=MS:1000422	27 NCE	40 ppm	0.05 Da	D
PRM_20251203_MarthaReselection_Plate_3_D12	D	12	MRTH	48	RD12	0.1	C:\Xcalibur\methods\method1	C:\data\yourdir	PRM_20251203_MarthaReselection_Plate_3_D12	Homo sapiens	Plasma	Plate_3	MarthaReselection	not available	not available	not available	not available	not available	not available	not available	not available	1	AC=EFO:0009656;NT=plasma	run 48	proteomics profiling by mass spectrometry	PRM_20251203_MarthaReselection_Plate_3_D12.RAW	PRM_20251203_MarthaReselection_Plate_3_D12.RAW	NT=Parallel Reaction Monitoring;AC=MS:1002956	AC=MS:1002038;NT=label free sample	1	NT=High-performance liquid chromatography;AC=PRIDE:0000565	1	AC=MS:1001251;NT=Trypsin	not available	NT=Stellar;AC=MS:1003409	NT=Carbamidomethyl;AC=UNIMOD:4;TA=C;MT=Fixed	NT=Higher-energy Collisional Dissociation;AC=MS:1000422	27 NCE	40 ppm	0.05 Da	D
PRM_20251203_MarthaReselection_Plate_3_E1	E	1	MRTH	49	RE1	0.1	C:\Xcalibur\methods\method1	C:\data\yourdir	PRM_20251203_MarthaReselection_Plate_3_E1	Homo sapiens	Plasma	Plate_3	MarthaReselection	not available	not available	not available	not available	not available	not available	not available	not available	1	AC=EFO:0009656;NT=plasma	run 49	proteomics profiling by mass spectrometry	PRM_20251203_MarthaReselection_Plate_3_E1.RAW	PRM_20251203_MarthaReselection_Plate_3_E1.RAW	NT=Parallel Reaction Monitoring;AC=MS:1002956	AC=MS:1002038;NT=label free sample	1	NT=High-performance liquid chromatography;AC=PRIDE:0000565	1	AC=MS:1001251;NT=Trypsin	not available	NT=Stellar;AC=MS:1003409	NT=Carbamidomethyl;AC=UNIMOD:4;TA=C;MT=Fixed	NT=Higher-energy Collisional Dissociation;AC=MS:1000422	27 NCE	40 ppm	0.05 Da	E
PRM_20251203_MarthaReselection_Plate_3_E2	E	2	MRTH	50	RE2	0.1	C:\Xcalibur\methods\method1	C:\data\yourdir	PRM_20251203_MarthaReselection_Plate_3_E2	Homo sapiens	Plasma	Plate_3	MarthaReselection	not available	not available	not available	not available	not available	not available	not available	not available	1	AC=EFO:0009656;NT=plasma	run 50	proteomics profiling by mass spectrometry	PRM_20251203_MarthaReselection_Plate_3_E2.RAW	PRM_20251203_MarthaReselection_Plate_3_E2.RAW	NT=Parallel Reaction Monitoring;AC=MS:1002956	AC=MS:1002038;NT=label free sample	1	NT=High-performance liquid chromatography;AC=PRIDE:0000565	1	AC=MS:1001251;NT=Trypsin	not available	NT=Stellar;AC=MS:1003409	NT=Carbamidomethyl;AC=UNIMOD:4;TA=C;MT=Fixed	NT=Higher-energy Collisional Dissociation;AC=MS:1000422	27 NCE	40 ppm	0.05 Da	E
PRM_20251203_MarthaReselection_Plate_3_E3	E	3	MRTH	51	RE3	0.1	C:\Xcalibur\methods\method1	C:\data\yourdir	PRM_20251203_MarthaReselection_Plate_3_E3	Homo sapiens	Plasma	Plate_3	MarthaReselection	not available	not available	not available	not available	not available	not available	not available	not available	1	AC=EFO:0009656;NT=plasma	run 51	proteomics profiling by mass spectrometry	PRM_20251203_MarthaReselection_Plate_3_E3.RAW	PRM_20251203_MarthaReselection_Plate_3_E3.RAW	NT=Parallel Reaction Monitoring;AC=MS:1002956	AC=MS:1002038;NT=label free sample	1	NT=High-performance liquid chromatography;AC=PRIDE:0000565	1	AC=MS:1001251;NT=Trypsin	not available	NT=Stellar;AC=MS:1003409	NT=Carbamidomethyl;AC=UNIMOD:4;TA=C;MT=Fixed	NT=Higher-energy Collisional Dissociation;AC=MS:1000422	27 NCE	40 ppm	0.05 Da	E
PRM_20251203_MarthaReselection_Plate_3_E4	E	4	MRTH	52	RE4	0.1	C:\Xcalibur\methods\method1	C:\data\yourdir	PRM_20251203_MarthaReselection_Plate_3_E4	Homo sapiens	Plasma	Plate_3	MarthaReselection	not available	not available	not available	not available	not available	not available	not available	not available	1	AC=EFO:0009656;NT=plasma	run 52	proteomics profiling by mass spectrometry	PRM_20251203_MarthaReselection_Plate_3_E4.RAW	PRM_20251203_MarthaReselection_Plate_3_E4.RAW	NT=Parallel Reaction Monitoring;AC=MS:1002956	AC=MS:1002038;NT=label free sample	1	NT=High-performance liquid chromatography;AC=PRIDE:0000565	1	AC=MS:1001251;NT=Trypsin	not available	NT=Stellar;AC=MS:1003409	NT=Carbamidomethyl;AC=UNIMOD:4;TA=C;MT=Fixed	NT=Higher-energy Collisional Dissociation;AC=MS:1000422	27 NCE	40 ppm	0.05 Da	E
PRM_20251203_MarthaReselection_Plate_3_E5	E	5	MRTH	53	RE5	0.1	C:\Xcalibur\methods\method1	C:\data\yourdir	PRM_20251203_MarthaReselection_Plate_3_E5	Homo sapiens	Plasma	Plate_3	MarthaReselection	not available	not available	not available	not available	not available	not available	not available	not available	1	AC=EFO:0009656;NT=plasma	run 53	proteomics profiling by mass spectrometry	PRM_20251203_MarthaReselection_Plate_3_E5.RAW	PRM_20251203_MarthaReselection_Plate_3_E5.RAW	NT=Parallel Reaction Monitoring;AC=MS:1002956	AC=MS:1002038;NT=label free sample	1	NT=High-performance liquid chromatography;AC=PRIDE:0000565	1	AC=MS:1001251;NT=Trypsin	not available	NT=Stellar;AC=MS:1003409	NT=Carbamidomethyl;AC=UNIMOD:4;TA=C;MT=Fixed	NT=Higher-energy Collisional Dissociation;AC=MS:1000422	27 NCE	40 ppm	0.05 Da	E
PRM_20251203_MarthaReselection_Plate_3_E6	E	6	MRTH	54	RE6	0.1	C:\Xcalibur\methods\method1	C:\data\yourdir	PRM_20251203_MarthaReselection_Plate_3_E6	Homo sapiens	Plasma	Plate_3	MarthaReselection	not available	not available	not available	not available	not available	not available	not available	not available	1	AC=EFO:0009656;NT=plasma	run 54	proteomics profiling by mass spectrometry	PRM_20251203_MarthaReselection_Plate_3_E6.RAW	PRM_20251203_MarthaReselection_Plate_3_E6.RAW	NT=Parallel Reaction Monitoring;AC=MS:1002956	AC=MS:1002038;NT=label free sample	1	NT=High-performance liquid chromatography;AC=PRIDE:0000565	1	AC=MS:1001251;NT=Trypsin	not available	NT=Stellar;AC=MS:1003409	NT=Carbamidomethyl;AC=UNIMOD:4;TA=C;MT=Fixed	NT=Higher-energy Collisional Dissociation;AC=MS:1000422	27 NCE	40 ppm	0.05 Da	E
PRM_20251203_MarthaReselection_Plate_3_E7	E	7	MRTH	55	RE7	0.1	C:\Xcalibur\methods\method1	C:\data\yourdir	PRM_20251203_MarthaReselection_Plate_3_E7	Homo sapiens	Plasma	Plate_3	MarthaReselection	not available	not available	not available	not available	not available	not available	not available	not available	1	AC=EFO:0009656;NT=plasma	run 55	proteomics profiling by mass spectrometry	PRM_20251203_MarthaReselection_Plate_3_E7.RAW	PRM_20251203_MarthaReselection_Plate_3_E7.RAW	NT=Parallel Reaction Monitoring;AC=MS:1002956	AC=MS:1002038;NT=label free sample	1	NT=High-performance liquid chromatography;AC=PRIDE:0000565	1	AC=MS:1001251;NT=Trypsin	not available	NT=Stellar;AC=MS:1003409	NT=Carbamidomethyl;AC=UNIMOD:4;TA=C;MT=Fixed	NT=Higher-energy Collisional Dissociation;AC=MS:1000422	27 NCE	40 ppm	0.05 Da	E
PRM_20251203_MarthaReselection_Plate_3_E8	E	8	MRTH	56	RE8	0.1	C:\Xcalibur\methods\method1	C:\data\yourdir	PRM_20251203_MarthaReselection_Plate_3_E8	Homo sapiens	Plasma	Plate_3	MarthaReselection	not available	not available	not available	not available	not available	not available	not available	not available	1	AC=EFO:0009656;NT=plasma	run 56	proteomics profiling by mass spectrometry	PRM_20251203_MarthaReselection_Plate_3_E8.RAW	PRM_20251203_MarthaReselection_Plate_3_E8.RAW	NT=Parallel Reaction Monitoring;AC=MS:1002956	AC=MS:1002038;NT=label free sample	1	NT=High-performance liquid chromatography;AC=PRIDE:0000565	1	AC=MS:1001251;NT=Trypsin	not available	NT=Stellar;AC=MS:1003409	NT=Carbamidomethyl;AC=UNIMOD:4;TA=C;MT=Fixed	NT=Higher-energy Collisional Dissociation;AC=MS:1000422	27 NCE	40 ppm	0.05 Da	E
PRM_20251203_MarthaReselection_Plate_3_E9	E	9	MRTH	57	RE9	0.1	C:\Xcalibur\methods\method1	C:\data\yourdir	PRM_20251203_MarthaReselection_Plate_3_E9	Homo sapiens	Plasma	Plate_3	MarthaReselection	not available	not available	not available	not available	not available	not available	not available	not available	1	AC=EFO:0009656;NT=plasma	run 57	proteomics profiling by mass spectrometry	PRM_20251203_MarthaReselection_Plate_3_E9.RAW	PRM_20251203_MarthaReselection_Plate_3_E9.RAW	NT=Parallel Reaction Monitoring;AC=MS:1002956	AC=MS:1002038;NT=label free sample	1	NT=High-performance liquid chromatography;AC=PRIDE:0000565	1	AC=MS:1001251;NT=Trypsin	not available	NT=Stellar;AC=MS:1003409	NT=Carbamidomethyl;AC=UNIMOD:4;TA=C;MT=Fixed	NT=Higher-energy Collisional Dissociation;AC=MS:1000422	27 NCE	40 ppm	0.05 Da	E
PRM_20251203_MarthaReselection_Plate_3_E10	E	10	MRTH	58	RE10	0.1	C:\Xcalibur\methods\method1	C:\data\yourdir	PRM_20251203_MarthaReselection_Plate_3_E10	Homo sapiens	Plasma	Plate_3	MarthaReselection	not available	not available	not available	not available	not available	not available	not available	not available	1	AC=EFO:0009656;NT=plasma	run 58	proteomics profiling by mass spectrometry	PRM_20251203_MarthaReselection_Plate_3_E10.RAW	PRM_20251203_MarthaReselection_Plate_3_E10.RAW	NT=Parallel Reaction Monitoring;AC=MS:1002956	AC=MS:1002038;NT=label free sample	1	NT=High-performance liquid chromatography;AC=PRIDE:0000565	1	AC=MS:1001251;NT=Trypsin	not available	NT=Stellar;AC=MS:1003409	NT=Carbamidomethyl;AC=UNIMOD:4;TA=C;MT=Fixed	NT=Higher-energy Collisional Dissociation;AC=MS:1000422	27 NCE	40 ppm	0.05 Da	E
PRM_20251203_MarthaReselection_Plate_3_E11	E	11	MRTH	59	RE11	0.1	C:\Xcalibur\methods\method1	C:\data\yourdir	PRM_20251203_MarthaReselection_Plate_3_E11	Homo sapiens	Plasma	Plate_3	MarthaReselection	not available	not available	not available	not available	not available	not available	not available	not available	1	AC=EFO:0009656;NT=plasma	run 59	proteomics profiling by mass spectrometry	PRM_20251203_MarthaReselection_Plate_3_E11.RAW	PRM_20251203_MarthaReselection_Plate_3_E11.RAW	NT=Parallel Reaction Monitoring;AC=MS:1002956	AC=MS:1002038;NT=label free sample	1	NT=High-performance liquid chromatography;AC=PRIDE:0000565	1	AC=MS:1001251;NT=Trypsin	not available	NT=Stellar;AC=MS:1003409	NT=Carbamidomethyl;AC=UNIMOD:4;TA=C;MT=Fixed	NT=Higher-energy Collisional Dissociation;AC=MS:1000422	27 NCE	40 ppm	0.05 Da	E
PRM_20251203_MarthaReselection_Plate_3_E12	E	12	MRTH	60	RE12	0.1	C:\Xcalibur\methods\method1	C:\data\yourdir	PRM_20251203_MarthaReselection_Plate_3_E12	Homo sapiens	Plasma	Plate_3	MarthaReselection	not available	not available	not available	not available	not available	not available	not available	not available	1	AC=EFO:0009656;NT=plasma	run 60	proteomics profiling by mass spectrometry	PRM_20251203_MarthaReselection_Plate_3_E12.RAW	PRM_20251203_MarthaReselection_Plate_3_E12.RAW	NT=Parallel Reaction Monitoring;AC=MS:1002956	AC=MS:1002038;NT=label free sample	1	NT=High-performance liquid chromatography;AC=PRIDE:0000565	1	AC=MS:1001251;NT=Trypsin	not available	NT=Stellar;AC=MS:1003409	NT=Carbamidomethyl;AC=UNIMOD:4;TA=C;MT=Fixed	NT=Higher-energy Collisional Dissociation;AC=MS:1000422	27 NCE	40 ppm	0.05 Da	E
PRM_20251203_MarthaReselection_Plate_3_F1	F	1	MRTH	61	RF1	0.1	C:\Xcalibur\methods\method1	C:\data\yourdir	PRM_20251203_MarthaReselection_Plate_3_F1	Homo sapiens	Plasma	Plate_3	MarthaReselection	not available	not available	not available	not available	not available	not available	not available	not available	1	AC=EFO:0009656;NT=plasma	run 61	proteomics profiling by mass spectrometry	PRM_20251203_MarthaReselection_Plate_3_F1.RAW	PRM_20251203_MarthaReselection_Plate_3_F1.RAW	NT=Parallel Reaction Monitoring;AC=MS:1002956	AC=MS:1002038;NT=label free sample	1	NT=High-performance liquid chromatography;AC=PRIDE:0000565	1	AC=MS:1001251;NT=Trypsin	not available	NT=Stellar;AC=MS:1003409	NT=Carbamidomethyl;AC=UNIMOD:4;TA=C;MT=Fixed	NT=Higher-energy Collisional Dissociation;AC=MS:1000422	27 NCE	40 ppm	0.05 Da	F
PRM_20251203_MarthaReselection_Plate_3_F2	F	2	MRTH	62	RF2	0.1	C:\Xcalibur\methods\method1	C:\data\yourdir	PRM_20251203_MarthaReselection_Plate_3_F2	Homo sapiens	Plasma	Plate_3	MarthaReselection	not available	not available	not available	not available	not available	not available	not available	not available	1	AC=EFO:0009656;NT=plasma	run 62	proteomics profiling by mass spectrometry	PRM_20251203_MarthaReselection_Plate_3_F2.RAW	PRM_20251203_MarthaReselection_Plate_3_F2.RAW	NT=Parallel Reaction Monitoring;AC=MS:1002956	AC=MS:1002038;NT=label free sample	1	NT=High-performance liquid chromatography;AC=PRIDE:0000565	1	AC=MS:1001251;NT=Trypsin	not available	NT=Stellar;AC=MS:1003409	NT=Carbamidomethyl;AC=UNIMOD:4;TA=C;MT=Fixed	NT=Higher-energy Collisional Dissociation;AC=MS:1000422	27 NCE	40 ppm	0.05 Da	F
PRM_20251203_MarthaReselection_Plate_3_F3	F	3	MRTH	63	RF3	0.1	C:\Xcalibur\methods\method1	C:\data\yourdir	PRM_20251203_MarthaReselection_Plate_3_F3	Homo sapiens	Plasma	Plate_3	MarthaReselection	not available	not available	not available	not available	not available	not available	not available	not available	1	AC=EFO:0009656;NT=plasma	run 63	proteomics profiling by mass spectrometry	PRM_20251203_MarthaReselection_Plate_3_F3.RAW	PRM_20251203_MarthaReselection_Plate_3_F3.RAW	NT=Parallel Reaction Monitoring;AC=MS:1002956	AC=MS:1002038;NT=label free sample	1	NT=High-performance liquid chromatography;AC=PRIDE:0000565	1	AC=MS:1001251;NT=Trypsin	not available	NT=Stellar;AC=MS:1003409	NT=Carbamidomethyl;AC=UNIMOD:4;TA=C;MT=Fixed	NT=Higher-energy Collisional Dissociation;AC=MS:1000422	27 NCE	40 ppm	0.05 Da	F
PRM_20251203_MarthaReselection_Plate_3_F4	F	4	MRTH	64	RF4	0.1	C:\Xcalibur\methods\method1	C:\data\yourdir	PRM_20251203_MarthaReselection_Plate_3_F4	Homo sapiens	Plasma	Plate_3	MarthaReselection	not available	not available	not available	not available	not available	not available	not available	not available	1	AC=EFO:0009656;NT=plasma	run 64	proteomics profiling by mass spectrometry	PRM_20251203_MarthaReselection_Plate_3_F4.RAW	PRM_20251203_MarthaReselection_Plate_3_F4.RAW	NT=Parallel Reaction Monitoring;AC=MS:1002956	AC=MS:1002038;NT=label free sample	1	NT=High-performance liquid chromatography;AC=PRIDE:0000565	1	AC=MS:1001251;NT=Trypsin	not available	NT=Stellar;AC=MS:1003409	NT=Carbamidomethyl;AC=UNIMOD:4;TA=C;MT=Fixed	NT=Higher-energy Collisional Dissociation;AC=MS:1000422	27 NCE	40 ppm	0.05 Da	F
PRM_20251203_MarthaReselection_Plate_3_F5	F	5	MRTH	65	RF5	0.1	C:\Xcalibur\methods\method1	C:\data\yourdir	PRM_20251203_MarthaReselection_Plate_3_F5	Homo sapiens	Plasma	Plate_3	MarthaReselection	not available	not available	not available	not available	not available	not available	not available	not available	1	AC=EFO:0009656;NT=plasma	run 65	proteomics profiling by mass spectrometry	PRM_20251203_MarthaReselection_Plate_3_F5.RAW	PRM_20251203_MarthaReselection_Plate_3_F5.RAW	NT=Parallel Reaction Monitoring;AC=MS:1002956	AC=MS:1002038;NT=label free sample	1	NT=High-performance liquid chromatography;AC=PRIDE:0000565	1	AC=MS:1001251;NT=Trypsin	not available	NT=Stellar;AC=MS:1003409	NT=Carbamidomethyl;AC=UNIMOD:4;TA=C;MT=Fixed	NT=Higher-energy Collisional Dissociation;AC=MS:1000422	27 NCE	40 ppm	0.05 Da	F
PRM_20251203_MarthaReselection_Plate_3_F6	F	6	MRTH	66	RF6	0.1	C:\Xcalibur\methods\method1	C:\data\yourdir	PRM_20251203_MarthaReselection_Plate_3_F6	Homo sapiens	Plasma	Plate_3	MarthaReselection	not available	not available	not available	not available	not available	not available	not available	not available	1	AC=EFO:0009656;NT=plasma	run 66	proteomics profiling by mass spectrometry	PRM_20251203_MarthaReselection_Plate_3_F6.RAW	PRM_20251203_MarthaReselection_Plate_3_F6.RAW	NT=Parallel Reaction Monitoring;AC=MS:1002956	AC=MS:1002038;NT=label free sample	1	NT=High-performance liquid chromatography;AC=PRIDE:0000565	1	AC=MS:1001251;NT=Trypsin	not available	NT=Stellar;AC=MS:1003409	NT=Carbamidomethyl;AC=UNIMOD:4;TA=C;MT=Fixed	NT=Higher-energy Collisional Dissociation;AC=MS:1000422	27 NCE	40 ppm	0.05 Da	F
PRM_20251203_MarthaReselection_Plate_3_F7	F	7	MRTH	67	RF7	0.1	C:\Xcalibur\methods\method1	C:\data\yourdir	PRM_20251203_MarthaReselection_Plate_3_F7	Homo sapiens	Plasma	Plate_3	MarthaReselection	not available	not available	not available	not available	not available	not available	not available	not available	1	AC=EFO:0009656;NT=plasma	run 67	proteomics profiling by mass spectrometry	PRM_20251203_MarthaReselection_Plate_3_F7.RAW	PRM_20251203_MarthaReselection_Plate_3_F7.RAW	NT=Parallel Reaction Monitoring;AC=MS:1002956	AC=MS:1002038;NT=label free sample	1	NT=High-performance liquid chromatography;AC=PRIDE:0000565	1	AC=MS:1001251;NT=Trypsin	not available	NT=Stellar;AC=MS:1003409	NT=Carbamidomethyl;AC=UNIMOD:4;TA=C;MT=Fixed	NT=Higher-energy Collisional Dissociation;AC=MS:1000422	27 NCE	40 ppm	0.05 Da	F
PRM_20251203_MarthaReselection_Plate_3_F8	F	8	MRTH	68	RF8	0.1	C:\Xcalibur\methods\method1	C:\data\yourdir	PRM_20251203_MarthaReselection_Plate_3_F8	Homo sapiens	Plasma	Plate_3	MarthaReselection	not available	not available	not available	not available	not available	not available	not available	not available	1	AC=EFO:0009656;NT=plasma	run 68	proteomics profiling by mass spectrometry	PRM_20251203_MarthaReselection_Plate_3_F8.RAW	PRM_20251203_MarthaReselection_Plate_3_F8.RAW	NT=Parallel Reaction Monitoring;AC=MS:1002956	AC=MS:1002038;NT=label free sample	1	NT=High-performance liquid chromatography;AC=PRIDE:0000565	1	AC=MS:1001251;NT=Trypsin	not available	NT=Stellar;AC=MS:1003409	NT=Carbamidomethyl;AC=UNIMOD:4;TA=C;MT=Fixed	NT=Higher-energy Collisional Dissociation;AC=MS:1000422	27 NCE	40 ppm	0.05 Da	F
PRM_20251203_MarthaReselection_Plate_3_F9	F	9	MRTH	69	RF9	0.1	C:\Xcalibur\methods\method1	C:\data\yourdir	PRM_20251203_MarthaReselection_Plate_3_F9	Homo sapiens	Plasma	Plate_3	MarthaReselection	not available	not available	not available	not available	not available	not available	not available	not available	1	AC=EFO:0009656;NT=plasma	run 69	proteomics profiling by mass spectrometry	PRM_20251203_MarthaReselection_Plate_3_F9.RAW	PRM_20251203_MarthaReselection_Plate_3_F9.RAW	NT=Parallel Reaction Monitoring;AC=MS:1002956	AC=MS:1002038;NT=label free sample	1	NT=High-performance liquid chromatography;AC=PRIDE:0000565	1	AC=MS:1001251;NT=Trypsin	not available	NT=Stellar;AC=MS:1003409	NT=Carbamidomethyl;AC=UNIMOD:4;TA=C;MT=Fixed	NT=Higher-energy Collisional Dissociation;AC=MS:1000422	27 NCE	40 ppm	0.05 Da	F
PRM_20251203_MarthaReselection_Plate_3_F10	F	10	Pool	70	RF10	0.1	C:\Xcalibur\methods\method1	C:\data\yourdir	PRM_20251203_MarthaReselection_Plate_3_F10	Homo sapiens	Plasma	Plate_3	MarthaReselection	not available	not available	not available	not available	not available	not available	not available	not available	1	AC=EFO:0009656;NT=plasma	run 70	proteomics profiling by mass spectrometry	PRM_20251203_MarthaReselection_Plate_3_F10.RAW	PRM_20251203_MarthaReselection_Plate_3_F10.RAW	NT=Parallel Reaction Monitoring;AC=MS:1002956	AC=MS:1002038;NT=label free sample	1	NT=High-performance liquid chromatography;AC=PRIDE:0000565	1	AC=MS:1001251;NT=Trypsin	not available	NT=Stellar;AC=MS:1003409	NT=Carbamidomethyl;AC=UNIMOD:4;TA=C;MT=Fixed	NT=Higher-energy Collisional Dissociation;AC=MS:1000422	27 NCE	40 ppm	0.05 Da	F
PRM_20251203_MarthaReselection_Plate_3_F11	F	11	MRTH	71	RF11	0.1	C:\Xcalibur\methods\method1	C:\data\yourdir	PRM_20251203_MarthaReselection_Plate_3_F11	Homo sapiens	Plasma	Plate_3	MarthaReselection	not available	not available	not available	not available	not available	not available	not available	not available	1	AC=EFO:0009656;NT=plasma	run 71	proteomics profiling by mass spectrometry	PRM_20251203_MarthaReselection_Plate_3_F11.RAW	PRM_20251203_MarthaReselection_Plate_3_F11.RAW	NT=Parallel Reaction Monitoring;AC=MS:1002956	AC=MS:1002038;NT=label free sample	1	NT=High-performance liquid chromatography;AC=PRIDE:0000565	1	AC=MS:1001251;NT=Trypsin	not available	NT=Stellar;AC=MS:1003409	NT=Carbamidomethyl;AC=UNIMOD:4;TA=C;MT=Fixed	NT=Higher-energy Collisional Dissociation;AC=MS:1000422	27 NCE	40 ppm	0.05 Da	F
PRM_20251203_MarthaReselection_Plate_3_F12	F	12	Pool	72	RF12	0.1	C:\Xcalibur\methods\method1	C:\data\yourdir	PRM_20251203_MarthaReselection_Plate_3_F12	Homo sapiens	Plasma	Plate_3	MarthaReselection	not available	not available	not available	not available	not available	not available	not available	not available	1	AC=EFO:0009656;NT=plasma	run 72	proteomics profiling by mass spectrometry	PRM_20251203_MarthaReselection_Plate_3_F12.RAW	PRM_20251203_MarthaReselection_Plate_3_F12.RAW	NT=Parallel Reaction Monitoring;AC=MS:1002956	AC=MS:1002038;NT=label free sample	1	NT=High-performance liquid chromatography;AC=PRIDE:0000565	1	AC=MS:1001251;NT=Trypsin	not available	NT=Stellar;AC=MS:1003409	NT=Carbamidomethyl;AC=UNIMOD:4;TA=C;MT=Fixed	NT=Higher-energy Collisional Dissociation;AC=MS:1000422	27 NCE	40 ppm	0.05 Da	F
PRM_20251203_MarthaReselection_Plate_3_G1	G	1	MRTH	73	RG1	0.1	C:\Xcalibur\methods\method1	C:\data\yourdir	PRM_20251203_MarthaReselection_Plate_3_G1	Homo sapiens	Plasma	Plate_3	MarthaReselection	not available	not available	not available	not available	not available	not available	not available	not available	1	AC=EFO:0009656;NT=plasma	run 73	proteomics profiling by mass spectrometry	PRM_20251203_MarthaReselection_Plate_3_G1.RAW	PRM_20251203_MarthaReselection_Plate_3_G1.RAW	NT=Parallel Reaction Monitoring;AC=MS:1002956	AC=MS:1002038;NT=label free sample	1	NT=High-performance liquid chromatography;AC=PRIDE:0000565	1	AC=MS:1001251;NT=Trypsin	not available	NT=Stellar;AC=MS:1003409	NT=Carbamidomethyl;AC=UNIMOD:4;TA=C;MT=Fixed	NT=Higher-energy Collisional Dissociation;AC=MS:1000422	27 NCE	40 ppm	0.05 Da	G
PRM_20251203_MarthaReselection_Plate_3_G2	G	2	MRTH	74	RG2	0.1	C:\Xcalibur\methods\method1	C:\data\yourdir	PRM_20251203_MarthaReselection_Plate_3_G2	Homo sapiens	Plasma	Plate_3	MarthaReselection	not available	not available	not available	not available	not available	not available	not available	not available	1	AC=EFO:0009656;NT=plasma	run 74	proteomics profiling by mass spectrometry	PRM_20251203_MarthaReselection_Plate_3_G2.RAW	PRM_20251203_MarthaReselection_Plate_3_G2.RAW	NT=Parallel Reaction Monitoring;AC=MS:1002956	AC=MS:1002038;NT=label free sample	1	NT=High-performance liquid chromatography;AC=PRIDE:0000565	1	AC=MS:1001251;NT=Trypsin	not available	NT=Stellar;AC=MS:1003409	NT=Carbamidomethyl;AC=UNIMOD:4;TA=C;MT=Fixed	NT=Higher-energy Collisional Dissociation;AC=MS:1000422	27 NCE	40 ppm	0.05 Da	G
PRM_20251203_MarthaReselection_Plate_3_G3	G	3	MRTH	75	RG3	0.1	C:\Xcalibur\methods\method1	C:\data\yourdir	PRM_20251203_MarthaReselection_Plate_3_G3	Homo sapiens	Plasma	Plate_3	MarthaReselection	not available	not available	not available	not available	not available	not available	not available	not available	1	AC=EFO:0009656;NT=plasma	run 75	proteomics profiling by mass spectrometry	PRM_20251203_MarthaReselection_Plate_3_G3.RAW	PRM_20251203_MarthaReselection_Plate_3_G3.RAW	NT=Parallel Reaction Monitoring;AC=MS:1002956	AC=MS:1002038;NT=label free sample	1	NT=High-performance liquid chromatography;AC=PRIDE:0000565	1	AC=MS:1001251;NT=Trypsin	not available	NT=Stellar;AC=MS:1003409	NT=Carbamidomethyl;AC=UNIMOD:4;TA=C;MT=Fixed	NT=Higher-energy Collisional Dissociation;AC=MS:1000422	27 NCE	40 ppm	0.05 Da	G
PRM_20251203_MarthaReselection_Plate_3_G4	G	4	MRTH	76	RG4	0.1	C:\Xcalibur\methods\method1	C:\data\yourdir	PRM_20251203_MarthaReselection_Plate_3_G4	Homo sapiens	Plasma	Plate_3	MarthaReselection	not available	not available	not available	not available	not available	not available	not available	not available	1	AC=EFO:0009656;NT=plasma	run 76	proteomics profiling by mass spectrometry	PRM_20251203_MarthaReselection_Plate_3_G4.RAW	PRM_20251203_MarthaReselection_Plate_3_G4.RAW	NT=Parallel Reaction Monitoring;AC=MS:1002956	AC=MS:1002038;NT=label free sample	1	NT=High-performance liquid chromatography;AC=PRIDE:0000565	1	AC=MS:1001251;NT=Trypsin	not available	NT=Stellar;AC=MS:1003409	NT=Carbamidomethyl;AC=UNIMOD:4;TA=C;MT=Fixed	NT=Higher-energy Collisional Dissociation;AC=MS:1000422	27 NCE	40 ppm	0.05 Da	G
PRM_20251203_MarthaReselection_Plate_3_G5	G	5	MRTH	77	RG5	0.1	C:\Xcalibur\methods\method1	C:\data\yourdir	PRM_20251203_MarthaReselection_Plate_3_G5	Homo sapiens	Plasma	Plate_3	MarthaReselection	not available	not available	not available	not available	not available	not available	not available	not available	1	AC=EFO:0009656;NT=plasma	run 77	proteomics profiling by mass spectrometry	PRM_20251203_MarthaReselection_Plate_3_G5.RAW	PRM_20251203_MarthaReselection_Plate_3_G5.RAW	NT=Parallel Reaction Monitoring;AC=MS:1002956	AC=MS:1002038;NT=label free sample	1	NT=High-performance liquid chromatography;AC=PRIDE:0000565	1	AC=MS:1001251;NT=Trypsin	not available	NT=Stellar;AC=MS:1003409	NT=Carbamidomethyl;AC=UNIMOD:4;TA=C;MT=Fixed	NT=Higher-energy Collisional Dissociation;AC=MS:1000422	27 NCE	40 ppm	0.05 Da	G
PRM_20251203_MarthaReselection_Plate_3_G6	G	6	MRTH	78	RG6	0.1	C:\Xcalibur\methods\method1	C:\data\yourdir	PRM_20251203_MarthaReselection_Plate_3_G6	Homo sapiens	Plasma	Plate_3	MarthaReselection	not available	not available	not available	not available	not available	not available	not available	not available	1	AC=EFO:0009656;NT=plasma	run 78	proteomics profiling by mass spectrometry	PRM_20251203_MarthaReselection_Plate_3_G6.RAW	PRM_20251203_MarthaReselection_Plate_3_G6.RAW	NT=Parallel Reaction Monitoring;AC=MS:1002956	AC=MS:1002038;NT=label free sample	1	NT=High-performance liquid chromatography;AC=PRIDE:0000565	1	AC=MS:1001251;NT=Trypsin	not available	NT=Stellar;AC=MS:1003409	NT=Carbamidomethyl;AC=UNIMOD:4;TA=C;MT=Fixed	NT=Higher-energy Collisional Dissociation;AC=MS:1000422	27 NCE	40 ppm	0.05 Da	G
PRM_20251203_MarthaReselection_Plate_3_G7	G	7	MRTH	79	RG7	0.1	C:\Xcalibur\methods\method1	C:\data\yourdir	PRM_20251203_MarthaReselection_Plate_3_G7	Homo sapiens	Plasma	Plate_3	MarthaReselection	not available	not available	not available	not available	not available	not available	not available	not available	1	AC=EFO:0009656;NT=plasma	run 79	proteomics profiling by mass spectrometry	PRM_20251203_MarthaReselection_Plate_3_G7.RAW	PRM_20251203_MarthaReselection_Plate_3_G7.RAW	NT=Parallel Reaction Monitoring;AC=MS:1002956	AC=MS:1002038;NT=label free sample	1	NT=High-performance liquid chromatography;AC=PRIDE:0000565	1	AC=MS:1001251;NT=Trypsin	not available	NT=Stellar;AC=MS:1003409	NT=Carbamidomethyl;AC=UNIMOD:4;TA=C;MT=Fixed	NT=Higher-energy Collisional Dissociation;AC=MS:1000422	27 NCE	40 ppm	0.05 Da	G
PRM_20251203_MarthaReselection_Plate_3_G8	G	8	MRTH	80	RG8	0.1	C:\Xcalibur\methods\method1	C:\data\yourdir	PRM_20251203_MarthaReselection_Plate_3_G8	Homo sapiens	Plasma	Plate_3	MarthaReselection	not available	not available	not available	not available	not available	not available	not available	not available	1	AC=EFO:0009656;NT=plasma	run 80	proteomics profiling by mass spectrometry	PRM_20251203_MarthaReselection_Plate_3_G8.RAW	PRM_20251203_MarthaReselection_Plate_3_G8.RAW	NT=Parallel Reaction Monitoring;AC=MS:1002956	AC=MS:1002038;NT=label free sample	1	NT=High-performance liquid chromatography;AC=PRIDE:0000565	1	AC=MS:1001251;NT=Trypsin	not available	NT=Stellar;AC=MS:1003409	NT=Carbamidomethyl;AC=UNIMOD:4;TA=C;MT=Fixed	NT=Higher-energy Collisional Dissociation;AC=MS:1000422	27 NCE	40 ppm	0.05 Da	G
PRM_20251203_MarthaReselection_Plate_3_G9	G	9	MRTH	81	RG9	0.1	C:\Xcalibur\methods\method1	C:\data\yourdir	PRM_20251203_MarthaReselection_Plate_3_G9	Homo sapiens	Plasma	Plate_3	MarthaReselection	not available	not available	not available	not available	not available	not available	not available	not available	1	AC=EFO:0009656;NT=plasma	run 81	proteomics profiling by mass spectrometry	PRM_20251203_MarthaReselection_Plate_3_G9.RAW	PRM_20251203_MarthaReselection_Plate_3_G9.RAW	NT=Parallel Reaction Monitoring;AC=MS:1002956	AC=MS:1002038;NT=label free sample	1	NT=High-performance liquid chromatography;AC=PRIDE:0000565	1	AC=MS:1001251;NT=Trypsin	not available	NT=Stellar;AC=MS:1003409	NT=Carbamidomethyl;AC=UNIMOD:4;TA=C;MT=Fixed	NT=Higher-energy Collisional Dissociation;AC=MS:1000422	27 NCE	40 ppm	0.05 Da	G
PRM_20251203_MarthaReselection_Plate_3_G10	G	10	MRTH	82	RG10	0.1	C:\Xcalibur\methods\method1	C:\data\yourdir	PRM_20251203_MarthaReselection_Plate_3_G10	Homo sapiens	Plasma	Plate_3	MarthaReselection	not available	not available	not available	not available	not available	not available	not available	not available	1	AC=EFO:0009656;NT=plasma	run 82	proteomics profiling by mass spectrometry	PRM_20251203_MarthaReselection_Plate_3_G10.RAW	PRM_20251203_MarthaReselection_Plate_3_G10.RAW	NT=Parallel Reaction Monitoring;AC=MS:1002956	AC=MS:1002038;NT=label free sample	1	NT=High-performance liquid chromatography;AC=PRIDE:0000565	1	AC=MS:1001251;NT=Trypsin	not available	NT=Stellar;AC=MS:1003409	NT=Carbamidomethyl;AC=UNIMOD:4;TA=C;MT=Fixed	NT=Higher-energy Collisional Dissociation;AC=MS:1000422	27 NCE	40 ppm	0.05 Da	G
PRM_20251203_MarthaReselection_Plate_3_G11	G	11	MRTH	83	RG11	0.1	C:\Xcalibur\methods\method1	C:\data\yourdir	PRM_20251203_MarthaReselection_Plate_3_G11	Homo sapiens	Plasma	Plate_3	MarthaReselection	not available	not available	not available	not available	not available	not available	not available	not available	1	AC=EFO:0009656;NT=plasma	run 83	proteomics profiling by mass spectrometry	PRM_20251203_MarthaReselection_Plate_3_G11.RAW	PRM_20251203_MarthaReselection_Plate_3_G11.RAW	NT=Parallel Reaction Monitoring;AC=MS:1002956	AC=MS:1002038;NT=label free sample	1	NT=High-performance liquid chromatography;AC=PRIDE:0000565	1	AC=MS:1001251;NT=Trypsin	not available	NT=Stellar;AC=MS:1003409	NT=Carbamidomethyl;AC=UNIMOD:4;TA=C;MT=Fixed	NT=Higher-energy Collisional Dissociation;AC=MS:1000422	27 NCE	40 ppm	0.05 Da	G
PRM_20251203_MarthaReselection_Plate_3_G12	G	12	Pool	84	RG12	0.1	C:\Xcalibur\methods\method1	C:\data\yourdir	PRM_20251203_MarthaReselection_Plate_3_G12	Homo sapiens	Plasma	Plate_3	MarthaReselection	not available	not available	not available	not available	not available	not available	not available	not available	1	AC=EFO:0009656;NT=plasma	run 84	proteomics profiling by mass spectrometry	PRM_20251203_MarthaReselection_Plate_3_G12.RAW	PRM_20251203_MarthaReselection_Plate_3_G12.RAW	NT=Parallel Reaction Monitoring;AC=MS:1002956	AC=MS:1002038;NT=label free sample	1	NT=High-performance liquid chromatography;AC=PRIDE:0000565	1	AC=MS:1001251;NT=Trypsin	not available	NT=Stellar;AC=MS:1003409	NT=Carbamidomethyl;AC=UNIMOD:4;TA=C;MT=Fixed	NT=Higher-energy Collisional Dissociation;AC=MS:1000422	27 NCE	40 ppm	0.05 Da	G
PRM_20251203_MarthaReselection_Plate_3_H1	H	1	MRTH	85	RH1	0.1	C:\Xcalibur\methods\method1	C:\data\yourdir	PRM_20251203_MarthaReselection_Plate_3_H1	Homo sapiens	Plasma	Plate_3	MarthaReselection	not available	not available	not available	not available	not available	not available	not available	not available	1	AC=EFO:0009656;NT=plasma	run 85	proteomics profiling by mass spectrometry	PRM_20251203_MarthaReselection_Plate_3_H1.RAW	PRM_20251203_MarthaReselection_Plate_3_H1.RAW	NT=Parallel Reaction Monitoring;AC=MS:1002956	AC=MS:1002038;NT=label free sample	1	NT=High-performance liquid chromatography;AC=PRIDE:0000565	1	AC=MS:1001251;NT=Trypsin	not available	NT=Stellar;AC=MS:1003409	NT=Carbamidomethyl;AC=UNIMOD:4;TA=C;MT=Fixed	NT=Higher-energy Collisional Dissociation;AC=MS:1000422	27 NCE	40 ppm	0.05 Da	H
PRM_20251203_MarthaReselection_Plate_3_H2	H	2	MRTH	86	RH2	0.1	C:\Xcalibur\methods\method1	C:\data\yourdir	PRM_20251203_MarthaReselection_Plate_3_H2	Homo sapiens	Plasma	Plate_3	MarthaReselection	not available	not available	not available	not available	not available	not available	not available	not available	1	AC=EFO:0009656;NT=plasma	run 86	proteomics profiling by mass spectrometry	PRM_20251203_MarthaReselection_Plate_3_H2.RAW	PRM_20251203_MarthaReselection_Plate_3_H2.RAW	NT=Parallel Reaction Monitoring;AC=MS:1002956	AC=MS:1002038;NT=label free sample	1	NT=High-performance liquid chromatography;AC=PRIDE:0000565	1	AC=MS:1001251;NT=Trypsin	not available	NT=Stellar;AC=MS:1003409	NT=Carbamidomethyl;AC=UNIMOD:4;TA=C;MT=Fixed	NT=Higher-energy Collisional Dissociation;AC=MS:1000422	27 NCE	40 ppm	0.05 Da	H
PRM_20251203_MarthaReselection_Plate_3_H3	H	3	MRTH	87	RH3	0.1	C:\Xcalibur\methods\method1	C:\data\yourdir	PRM_20251203_MarthaReselection_Plate_3_H3	Homo sapiens	Plasma	Plate_3	MarthaReselection	not available	not available	not available	not available	not available	not available	not available	not available	1	AC=EFO:0009656;NT=plasma	run 87	proteomics profiling by mass spectrometry	PRM_20251203_MarthaReselection_Plate_3_H3.RAW	PRM_20251203_MarthaReselection_Plate_3_H3.RAW	NT=Parallel Reaction Monitoring;AC=MS:1002956	AC=MS:1002038;NT=label free sample	1	NT=High-performance liquid chromatography;AC=PRIDE:0000565	1	AC=MS:1001251;NT=Trypsin	not available	NT=Stellar;AC=MS:1003409	NT=Carbamidomethyl;AC=UNIMOD:4;TA=C;MT=Fixed	NT=Higher-energy Collisional Dissociation;AC=MS:1000422	27 NCE	40 ppm	0.05 Da	H
PRM_20251203_MarthaReselection_Plate_3_H4	H	4	MRTH	88	RH4	0.1	C:\Xcalibur\methods\method1	C:\data\yourdir	PRM_20251203_MarthaReselection_Plate_3_H4	Homo sapiens	Plasma	Plate_3	MarthaReselection	not available	not available	not available	not available	not available	not available	not available	not available	1	AC=EFO:0009656;NT=plasma	run 88	proteomics profiling by mass spectrometry	PRM_20251203_MarthaReselection_Plate_3_H4.RAW	PRM_20251203_MarthaReselection_Plate_3_H4.RAW	NT=Parallel Reaction Monitoring;AC=MS:1002956	AC=MS:1002038;NT=label free sample	1	NT=High-performance liquid chromatography;AC=PRIDE:0000565	1	AC=MS:1001251;NT=Trypsin	not available	NT=Stellar;AC=MS:1003409	NT=Carbamidomethyl;AC=UNIMOD:4;TA=C;MT=Fixed	NT=Higher-energy Collisional Dissociation;AC=MS:1000422	27 NCE	40 ppm	0.05 Da	H
PRM_20251203_MarthaReselection_Plate_3_H5	H	5	MRTH	89	RH5	0.1	C:\Xcalibur\methods\method1	C:\data\yourdir	PRM_20251203_MarthaReselection_Plate_3_H5	Homo sapiens	Plasma	Plate_3	MarthaReselection	not available	not available	not available	not available	not available	not available	not available	not available	1	AC=EFO:0009656;NT=plasma	run 89	proteomics profiling by mass spectrometry	PRM_20251203_MarthaReselection_Plate_3_H5.RAW	PRM_20251203_MarthaReselection_Plate_3_H5.RAW	NT=Parallel Reaction Monitoring;AC=MS:1002956	AC=MS:1002038;NT=label free sample	1	NT=High-performance liquid chromatography;AC=PRIDE:0000565	1	AC=MS:1001251;NT=Trypsin	not available	NT=Stellar;AC=MS:1003409	NT=Carbamidomethyl;AC=UNIMOD:4;TA=C;MT=Fixed	NT=Higher-energy Collisional Dissociation;AC=MS:1000422	27 NCE	40 ppm	0.05 Da	H
PRM_20251203_MarthaReselection_Plate_3_H6	H	6	MRTH	90	RH6	0.1	C:\Xcalibur\methods\method1	C:\data\yourdir	PRM_20251203_MarthaReselection_Plate_3_H6	Homo sapiens	Plasma	Plate_3	MarthaReselection	not available	not available	not available	not available	not available	not available	not available	not available	1	AC=EFO:0009656;NT=plasma	run 90	proteomics profiling by mass spectrometry	PRM_20251203_MarthaReselection_Plate_3_H6.RAW	PRM_20251203_MarthaReselection_Plate_3_H6.RAW	NT=Parallel Reaction Monitoring;AC=MS:1002956	AC=MS:1002038;NT=label free sample	1	NT=High-performance liquid chromatography;AC=PRIDE:0000565	1	AC=MS:1001251;NT=Trypsin	not available	NT=Stellar;AC=MS:1003409	NT=Carbamidomethyl;AC=UNIMOD:4;TA=C;MT=Fixed	NT=Higher-energy Collisional Dissociation;AC=MS:1000422	27 NCE	40 ppm	0.05 Da	H
PRM_20251203_MarthaReselection_Plate_3_H7	H	7	MRTH	91	RH7	0.1	C:\Xcalibur\methods\method1	C:\data\yourdir	PRM_20251203_MarthaReselection_Plate_3_H7	Homo sapiens	Plasma	Plate_3	MarthaReselection	not available	not available	not available	not available	not available	not available	not available	not available	1	AC=EFO:0009656;NT=plasma	run 91	proteomics profiling by mass spectrometry	PRM_20251203_MarthaReselection_Plate_3_H7.RAW	PRM_20251203_MarthaReselection_Plate_3_H7.RAW	NT=Parallel Reaction Monitoring;AC=MS:1002956	AC=MS:1002038;NT=label free sample	1	NT=High-performance liquid chromatography;AC=PRIDE:0000565	1	AC=MS:1001251;NT=Trypsin	not available	NT=Stellar;AC=MS:1003409	NT=Carbamidomethyl;AC=UNIMOD:4;TA=C;MT=Fixed	NT=Higher-energy Collisional Dissociation;AC=MS:1000422	27 NCE	40 ppm	0.05 Da	H
PRM_20251203_MarthaReselection_Plate_3_H8	H	8	MRTH	92	RH8	0.1	C:\Xcalibur\methods\method1	C:\data\yourdir	PRM_20251203_MarthaReselection_Plate_3_H8	Homo sapiens	Plasma	Plate_3	MarthaReselection	not available	not available	not available	not available	not available	not available	not available	not available	1	AC=EFO:0009656;NT=plasma	run 92	proteomics profiling by mass spectrometry	PRM_20251203_MarthaReselection_Plate_3_H8.RAW	PRM_20251203_MarthaReselection_Plate_3_H8.RAW	NT=Parallel Reaction Monitoring;AC=MS:1002956	AC=MS:1002038;NT=label free sample	1	NT=High-performance liquid chromatography;AC=PRIDE:0000565	1	AC=MS:1001251;NT=Trypsin	not available	NT=Stellar;AC=MS:1003409	NT=Carbamidomethyl;AC=UNIMOD:4;TA=C;MT=Fixed	NT=Higher-energy Collisional Dissociation;AC=MS:1000422	27 NCE	40 ppm	0.05 Da	H
PRM_20251203_MarthaReselection_Plate_3_H9	H	9	MRTH	93	RH9	0.1	C:\Xcalibur\methods\method1	C:\data\yourdir	PRM_20251203_MarthaReselection_Plate_3_H9	Homo sapiens	Plasma	Plate_3	MarthaReselection	not available	not available	not available	not available	not available	not available	not available	not available	1	AC=EFO:0009656;NT=plasma	run 93	proteomics profiling by mass spectrometry	PRM_20251203_MarthaReselection_Plate_3_H9.RAW	PRM_20251203_MarthaReselection_Plate_3_H9.RAW	NT=Parallel Reaction Monitoring;AC=MS:1002956	AC=MS:1002038;NT=label free sample	1	NT=High-performance liquid chromatography;AC=PRIDE:0000565	1	AC=MS:1001251;NT=Trypsin	not available	NT=Stellar;AC=MS:1003409	NT=Carbamidomethyl;AC=UNIMOD:4;TA=C;MT=Fixed	NT=Higher-energy Collisional Dissociation;AC=MS:1000422	27 NCE	40 ppm	0.05 Da	H
PRM_20251203_MarthaReselection_Plate_3_H10	H	10	MRTH	94	RH10	0.1	C:\Xcalibur\methods\method1	C:\data\yourdir	PRM_20251203_MarthaReselection_Plate_3_H10	Homo sapiens	Plasma	Plate_3	MarthaReselection	not available	not available	not available	not available	not available	not available	not available	not available	1	AC=EFO:0009656;NT=plasma	run 94	proteomics profiling by mass spectrometry	PRM_20251203_MarthaReselection_Plate_3_H10.RAW	PRM_20251203_MarthaReselection_Plate_3_H10.RAW	NT=Parallel Reaction Monitoring;AC=MS:1002956	AC=MS:1002038;NT=label free sample	1	NT=High-performance liquid chromatography;AC=PRIDE:0000565	1	AC=MS:1001251;NT=Trypsin	not available	NT=Stellar;AC=MS:1003409	NT=Carbamidomethyl;AC=UNIMOD:4;TA=C;MT=Fixed	NT=Higher-energy Collisional Dissociation;AC=MS:1000422	27 NCE	40 ppm	0.05 Da	H
PRM_20251203_MarthaReselection_Plate_3_H11	H	11	MRTH	95	RH11	0.1	C:\Xcalibur\methods\method1	C:\data\yourdir	PRM_20251203_MarthaReselection_Plate_3_H11	Homo sapiens	Plasma	Plate_3	MarthaReselection	not available	not available	not available	not available	not available	not available	not available	not available	1	AC=EFO:0009656;NT=plasma	run 95	proteomics profiling by mass spectrometry	PRM_20251203_MarthaReselection_Plate_3_H11.RAW	PRM_20251203_MarthaReselection_Plate_3_H11.RAW	NT=Parallel Reaction Monitoring;AC=MS:1002956	AC=MS:1002038;NT=label free sample	1	NT=High-performance liquid chromatography;AC=PRIDE:0000565	1	AC=MS:1001251;NT=Trypsin	not available	NT=Stellar;AC=MS:1003409	NT=Carbamidomethyl;AC=UNIMOD:4;TA=C;MT=Fixed	NT=Higher-energy Collisional Dissociation;AC=MS:1000422	27 NCE	40 ppm	0.05 Da	H
PRM_20251203_MarthaReselection_Plate_3_H12	H	12	Pool	96	RH12	0.1	C:\Xcalibur\methods\method1	C:\data\yourdir	PRM_20251203_MarthaReselection_Plate_3_H12	Homo sapiens	Plasma	Plate_3	MarthaReselection	not available	not available	not available	not available	not available	not available	not available	not available	1	AC=EFO:0009656;NT=plasma	run 96	proteomics profiling by mass spectrometry	PRM_20251203_MarthaReselection_Plate_3_H12.RAW	PRM_20251203_MarthaReselection_Plate_3_H12.RAW	NT=Parallel Reaction Monitoring;AC=MS:1002956	AC=MS:1002038;NT=label free sample	1	NT=High-performance liquid chromatography;AC=PRIDE:0000565	1	AC=MS:1001251;NT=Trypsin	not available	NT=Stellar;AC=MS:1003409	NT=Carbamidomethyl;AC=UNIMOD:4;TA=C;MT=Fixed	NT=Higher-energy Collisional Dissociation;AC=MS:1000422	27 NCE	40 ppm	0.05 Da	H
PRM_20251204_MarthaReselection_Plate_4_A1	A	1	MRTH	1	RA1	0.1	C:\Xcalibur\methods\method1	C:\data\yourdir	PRM_20251204_MarthaReselection_Plate_4_A1	Homo sapiens	Plasma	Plate_4	MarthaReselection	not available	not available	not available	not available	not available	not available	not available	not available	1	AC=EFO:0009656;NT=plasma	run 1	proteomics profiling by mass spectrometry	PRM_20251204_MarthaReselection_Plate_4_A1.RAW	PRM_20251204_MarthaReselection_Plate_4_A1.RAW	NT=Parallel Reaction Monitoring;AC=MS:1002956	AC=MS:1002038;NT=label free sample	1	NT=High-performance liquid chromatography;AC=PRIDE:0000565	1	AC=MS:1001251;NT=Trypsin	not available	NT=Stellar;AC=MS:1003409	NT=Carbamidomethyl;AC=UNIMOD:4;TA=C;MT=Fixed	NT=Higher-energy Collisional Dissociation;AC=MS:1000422	27 NCE	40 ppm	0.05 Da	A
PRM_20251204_MarthaReselection_Plate_4_A2	A	2	MRTH	2	RA2	0.1	C:\Xcalibur\methods\method1	C:\data\yourdir	PRM_20251204_MarthaReselection_Plate_4_A2	Homo sapiens	Plasma	Plate_4	MarthaReselection	not available	not available	not available	not available	not available	not available	not available	not available	1	AC=EFO:0009656;NT=plasma	run 2	proteomics profiling by mass spectrometry	PRM_20251204_MarthaReselection_Plate_4_A2.RAW	PRM_20251204_MarthaReselection_Plate_4_A2.RAW	NT=Parallel Reaction Monitoring;AC=MS:1002956	AC=MS:1002038;NT=label free sample	1	NT=High-performance liquid chromatography;AC=PRIDE:0000565	1	AC=MS:1001251;NT=Trypsin	not available	NT=Stellar;AC=MS:1003409	NT=Carbamidomethyl;AC=UNIMOD:4;TA=C;MT=Fixed	NT=Higher-energy Collisional Dissociation;AC=MS:1000422	27 NCE	40 ppm	0.05 Da	A
PRM_20251204_MarthaReselection_Plate_4_A3	A	3	MRTH	3	RA3	0.1	C:\Xcalibur\methods\method1	C:\data\yourdir	PRM_20251204_MarthaReselection_Plate_4_A3	Homo sapiens	Plasma	Plate_4	MarthaReselection	not available	not available	not available	not available	not available	not available	not available	not available	1	AC=EFO:0009656;NT=plasma	run 3	proteomics profiling by mass spectrometry	PRM_20251204_MarthaReselection_Plate_4_A3.RAW	PRM_20251204_MarthaReselection_Plate_4_A3.RAW	NT=Parallel Reaction Monitoring;AC=MS:1002956	AC=MS:1002038;NT=label free sample	1	NT=High-performance liquid chromatography;AC=PRIDE:0000565	1	AC=MS:1001251;NT=Trypsin	not available	NT=Stellar;AC=MS:1003409	NT=Carbamidomethyl;AC=UNIMOD:4;TA=C;MT=Fixed	NT=Higher-energy Collisional Dissociation;AC=MS:1000422	27 NCE	40 ppm	0.05 Da	A
PRM_20251204_MarthaReselection_Plate_4_A4	A	4	MRTH	4	RA4	0.1	C:\Xcalibur\methods\method1	C:\data\yourdir	PRM_20251204_MarthaReselection_Plate_4_A4	Homo sapiens	Plasma	Plate_4	MarthaReselection	not available	not available	not available	not available	not available	not available	not available	not available	1	AC=EFO:0009656;NT=plasma	run 4	proteomics profiling by mass spectrometry	PRM_20251204_MarthaReselection_Plate_4_A4.RAW	PRM_20251204_MarthaReselection_Plate_4_A4.RAW	NT=Parallel Reaction Monitoring;AC=MS:1002956	AC=MS:1002038;NT=label free sample	1	NT=High-performance liquid chromatography;AC=PRIDE:0000565	1	AC=MS:1001251;NT=Trypsin	not available	NT=Stellar;AC=MS:1003409	NT=Carbamidomethyl;AC=UNIMOD:4;TA=C;MT=Fixed	NT=Higher-energy Collisional Dissociation;AC=MS:1000422	27 NCE	40 ppm	0.05 Da	A
PRM_20251204_MarthaReselection_Plate_4_A5	A	5	MRTH	5	RA5	0.1	C:\Xcalibur\methods\method1	C:\data\yourdir	PRM_20251204_MarthaReselection_Plate_4_A5	Homo sapiens	Plasma	Plate_4	MarthaReselection	not available	not available	not available	not available	not available	not available	not available	not available	1	AC=EFO:0009656;NT=plasma	run 5	proteomics profiling by mass spectrometry	PRM_20251204_MarthaReselection_Plate_4_A5.RAW	PRM_20251204_MarthaReselection_Plate_4_A5.RAW	NT=Parallel Reaction Monitoring;AC=MS:1002956	AC=MS:1002038;NT=label free sample	1	NT=High-performance liquid chromatography;AC=PRIDE:0000565	1	AC=MS:1001251;NT=Trypsin	not available	NT=Stellar;AC=MS:1003409	NT=Carbamidomethyl;AC=UNIMOD:4;TA=C;MT=Fixed	NT=Higher-energy Collisional Dissociation;AC=MS:1000422	27 NCE	40 ppm	0.05 Da	A
PRM_20251204_MarthaReselection_Plate_4_A6	A	6	MRTH	6	RA6	0.1	C:\Xcalibur\methods\method1	C:\data\yourdir	PRM_20251204_MarthaReselection_Plate_4_A6	Homo sapiens	Plasma	Plate_4	MarthaReselection	not available	not available	not available	not available	not available	not available	not available	not available	1	AC=EFO:0009656;NT=plasma	run 6	proteomics profiling by mass spectrometry	PRM_20251204_MarthaReselection_Plate_4_A6.RAW	PRM_20251204_MarthaReselection_Plate_4_A6.RAW	NT=Parallel Reaction Monitoring;AC=MS:1002956	AC=MS:1002038;NT=label free sample	1	NT=High-performance liquid chromatography;AC=PRIDE:0000565	1	AC=MS:1001251;NT=Trypsin	not available	NT=Stellar;AC=MS:1003409	NT=Carbamidomethyl;AC=UNIMOD:4;TA=C;MT=Fixed	NT=Higher-energy Collisional Dissociation;AC=MS:1000422	27 NCE	40 ppm	0.05 Da	A
PRM_20251204_MarthaReselection_Plate_4_A7	A	7	MRTH	7	RA7	0.1	C:\Xcalibur\methods\method1	C:\data\yourdir	PRM_20251204_MarthaReselection_Plate_4_A7	Homo sapiens	Plasma	Plate_4	MarthaReselection	not available	not available	not available	not available	not available	not available	not available	not available	1	AC=EFO:0009656;NT=plasma	run 7	proteomics profiling by mass spectrometry	PRM_20251204_MarthaReselection_Plate_4_A7.RAW	PRM_20251204_MarthaReselection_Plate_4_A7.RAW	NT=Parallel Reaction Monitoring;AC=MS:1002956	AC=MS:1002038;NT=label free sample	1	NT=High-performance liquid chromatography;AC=PRIDE:0000565	1	AC=MS:1001251;NT=Trypsin	not available	NT=Stellar;AC=MS:1003409	NT=Carbamidomethyl;AC=UNIMOD:4;TA=C;MT=Fixed	NT=Higher-energy Collisional Dissociation;AC=MS:1000422	27 NCE	40 ppm	0.05 Da	A
PRM_20251204_MarthaReselection_Plate_4_A8	A	8	MRTH	8	RA8	0.1	C:\Xcalibur\methods\method1	C:\data\yourdir	PRM_20251204_MarthaReselection_Plate_4_A8	Homo sapiens	Plasma	Plate_4	MarthaReselection	not available	not available	not available	not available	not available	not available	not available	not available	1	AC=EFO:0009656;NT=plasma	run 8	proteomics profiling by mass spectrometry	PRM_20251204_MarthaReselection_Plate_4_A8.RAW	PRM_20251204_MarthaReselection_Plate_4_A8.RAW	NT=Parallel Reaction Monitoring;AC=MS:1002956	AC=MS:1002038;NT=label free sample	1	NT=High-performance liquid chromatography;AC=PRIDE:0000565	1	AC=MS:1001251;NT=Trypsin	not available	NT=Stellar;AC=MS:1003409	NT=Carbamidomethyl;AC=UNIMOD:4;TA=C;MT=Fixed	NT=Higher-energy Collisional Dissociation;AC=MS:1000422	27 NCE	40 ppm	0.05 Da	A
PRM_20251204_MarthaReselection_Plate_4_A9	A	9	MRTH	9	RA9	0.1	C:\Xcalibur\methods\method1	C:\data\yourdir	PRM_20251204_MarthaReselection_Plate_4_A9	Homo sapiens	Plasma	Plate_4	MarthaReselection	not available	not available	not available	not available	not available	not available	not available	not available	1	AC=EFO:0009656;NT=plasma	run 9	proteomics profiling by mass spectrometry	PRM_20251204_MarthaReselection_Plate_4_A9.RAW	PRM_20251204_MarthaReselection_Plate_4_A9.RAW	NT=Parallel Reaction Monitoring;AC=MS:1002956	AC=MS:1002038;NT=label free sample	1	NT=High-performance liquid chromatography;AC=PRIDE:0000565	1	AC=MS:1001251;NT=Trypsin	not available	NT=Stellar;AC=MS:1003409	NT=Carbamidomethyl;AC=UNIMOD:4;TA=C;MT=Fixed	NT=Higher-energy Collisional Dissociation;AC=MS:1000422	27 NCE	40 ppm	0.05 Da	A
PRM_20251204_MarthaReselection_Plate_4_A10	A	10	MRTH	10	RA10	0.1	C:\Xcalibur\methods\method1	C:\data\yourdir	PRM_20251204_MarthaReselection_Plate_4_A10	Homo sapiens	Plasma	Plate_4	MarthaReselection	not available	not available	not available	not available	not available	not available	not available	not available	1	AC=EFO:0009656;NT=plasma	run 10	proteomics profiling by mass spectrometry	PRM_20251204_MarthaReselection_Plate_4_A10.RAW	PRM_20251204_MarthaReselection_Plate_4_A10.RAW	NT=Parallel Reaction Monitoring;AC=MS:1002956	AC=MS:1002038;NT=label free sample	1	NT=High-performance liquid chromatography;AC=PRIDE:0000565	1	AC=MS:1001251;NT=Trypsin	not available	NT=Stellar;AC=MS:1003409	NT=Carbamidomethyl;AC=UNIMOD:4;TA=C;MT=Fixed	NT=Higher-energy Collisional Dissociation;AC=MS:1000422	27 NCE	40 ppm	0.05 Da	A
PRM_20251204_MarthaReselection_Plate_4_A11	A	11	MRTH	11	RA11	0.1	C:\Xcalibur\methods\method1	C:\data\yourdir	PRM_20251204_MarthaReselection_Plate_4_A11	Homo sapiens	Plasma	Plate_4	MarthaReselection	not available	not available	not available	not available	not available	not available	not available	not available	1	AC=EFO:0009656;NT=plasma	run 11	proteomics profiling by mass spectrometry	PRM_20251204_MarthaReselection_Plate_4_A11.RAW	PRM_20251204_MarthaReselection_Plate_4_A11.RAW	NT=Parallel Reaction Monitoring;AC=MS:1002956	AC=MS:1002038;NT=label free sample	1	NT=High-performance liquid chromatography;AC=PRIDE:0000565	1	AC=MS:1001251;NT=Trypsin	not available	NT=Stellar;AC=MS:1003409	NT=Carbamidomethyl;AC=UNIMOD:4;TA=C;MT=Fixed	NT=Higher-energy Collisional Dissociation;AC=MS:1000422	27 NCE	40 ppm	0.05 Da	A
PRM_20251204_MarthaReselection_Plate_4_A12	A	12	MRTH	12	RA12	0.1	C:\Xcalibur\methods\method1	C:\data\yourdir	PRM_20251204_MarthaReselection_Plate_4_A12	Homo sapiens	Plasma	Plate_4	MarthaReselection	not available	not available	not available	not available	not available	not available	not available	not available	1	AC=EFO:0009656;NT=plasma	run 12	proteomics profiling by mass spectrometry	PRM_20251204_MarthaReselection_Plate_4_A12.RAW	PRM_20251204_MarthaReselection_Plate_4_A12.RAW	NT=Parallel Reaction Monitoring;AC=MS:1002956	AC=MS:1002038;NT=label free sample	1	NT=High-performance liquid chromatography;AC=PRIDE:0000565	1	AC=MS:1001251;NT=Trypsin	not available	NT=Stellar;AC=MS:1003409	NT=Carbamidomethyl;AC=UNIMOD:4;TA=C;MT=Fixed	NT=Higher-energy Collisional Dissociation;AC=MS:1000422	27 NCE	40 ppm	0.05 Da	A
PRM_20251204_MarthaReselection_Plate_4_B1	B	1	MRTH	13	RB1	0.1	C:\Xcalibur\methods\method1	C:\data\yourdir	PRM_20251204_MarthaReselection_Plate_4_B1	Homo sapiens	Plasma	Plate_4	MarthaReselection	not available	not available	not available	not available	not available	not available	not available	not available	1	AC=EFO:0009656;NT=plasma	run 13	proteomics profiling by mass spectrometry	PRM_20251204_MarthaReselection_Plate_4_B1.RAW	PRM_20251204_MarthaReselection_Plate_4_B1.RAW	NT=Parallel Reaction Monitoring;AC=MS:1002956	AC=MS:1002038;NT=label free sample	1	NT=High-performance liquid chromatography;AC=PRIDE:0000565	1	AC=MS:1001251;NT=Trypsin	not available	NT=Stellar;AC=MS:1003409	NT=Carbamidomethyl;AC=UNIMOD:4;TA=C;MT=Fixed	NT=Higher-energy Collisional Dissociation;AC=MS:1000422	27 NCE	40 ppm	0.05 Da	B
PRM_20251204_MarthaReselection_Plate_4_B2	B	2	MRTH	14	RB2	0.1	C:\Xcalibur\methods\method1	C:\data\yourdir	PRM_20251204_MarthaReselection_Plate_4_B2	Homo sapiens	Plasma	Plate_4	MarthaReselection	not available	not available	not available	not available	not available	not available	not available	not available	1	AC=EFO:0009656;NT=plasma	run 14	proteomics profiling by mass spectrometry	PRM_20251204_MarthaReselection_Plate_4_B2.RAW	PRM_20251204_MarthaReselection_Plate_4_B2.RAW	NT=Parallel Reaction Monitoring;AC=MS:1002956	AC=MS:1002038;NT=label free sample	1	NT=High-performance liquid chromatography;AC=PRIDE:0000565	1	AC=MS:1001251;NT=Trypsin	not available	NT=Stellar;AC=MS:1003409	NT=Carbamidomethyl;AC=UNIMOD:4;TA=C;MT=Fixed	NT=Higher-energy Collisional Dissociation;AC=MS:1000422	27 NCE	40 ppm	0.05 Da	B
PRM_20251204_MarthaReselection_Plate_4_B3	B	3	MRTH	15	RB3	0.1	C:\Xcalibur\methods\method1	C:\data\yourdir	PRM_20251204_MarthaReselection_Plate_4_B3	Homo sapiens	Plasma	Plate_4	MarthaReselection	not available	not available	not available	not available	not available	not available	not available	not available	1	AC=EFO:0009656;NT=plasma	run 15	proteomics profiling by mass spectrometry	PRM_20251204_MarthaReselection_Plate_4_B3.RAW	PRM_20251204_MarthaReselection_Plate_4_B3.RAW	NT=Parallel Reaction Monitoring;AC=MS:1002956	AC=MS:1002038;NT=label free sample	1	NT=High-performance liquid chromatography;AC=PRIDE:0000565	1	AC=MS:1001251;NT=Trypsin	not available	NT=Stellar;AC=MS:1003409	NT=Carbamidomethyl;AC=UNIMOD:4;TA=C;MT=Fixed	NT=Higher-energy Collisional Dissociation;AC=MS:1000422	27 NCE	40 ppm	0.05 Da	B
PRM_20251204_MarthaReselection_Plate_4_B4	B	4	MRTH	16	RB4	0.1	C:\Xcalibur\methods\method1	C:\data\yourdir	PRM_20251204_MarthaReselection_Plate_4_B4	Homo sapiens	Plasma	Plate_4	MarthaReselection	not available	not available	not available	not available	not available	not available	not available	not available	1	AC=EFO:0009656;NT=plasma	run 16	proteomics profiling by mass spectrometry	PRM_20251204_MarthaReselection_Plate_4_B4.RAW	PRM_20251204_MarthaReselection_Plate_4_B4.RAW	NT=Parallel Reaction Monitoring;AC=MS:1002956	AC=MS:1002038;NT=label free sample	1	NT=High-performance liquid chromatography;AC=PRIDE:0000565	1	AC=MS:1001251;NT=Trypsin	not available	NT=Stellar;AC=MS:1003409	NT=Carbamidomethyl;AC=UNIMOD:4;TA=C;MT=Fixed	NT=Higher-energy Collisional Dissociation;AC=MS:1000422	27 NCE	40 ppm	0.05 Da	B
PRM_20251204_MarthaReselection_Plate_4_B5	B	5	MRTH	17	RB5	0.1	C:\Xcalibur\methods\method1	C:\data\yourdir	PRM_20251204_MarthaReselection_Plate_4_B5	Homo sapiens	Plasma	Plate_4	MarthaReselection	not available	not available	not available	not available	not available	not available	not available	not available	1	AC=EFO:0009656;NT=plasma	run 17	proteomics profiling by mass spectrometry	PRM_20251204_MarthaReselection_Plate_4_B5.RAW	PRM_20251204_MarthaReselection_Plate_4_B5.RAW	NT=Parallel Reaction Monitoring;AC=MS:1002956	AC=MS:1002038;NT=label free sample	1	NT=High-performance liquid chromatography;AC=PRIDE:0000565	1	AC=MS:1001251;NT=Trypsin	not available	NT=Stellar;AC=MS:1003409	NT=Carbamidomethyl;AC=UNIMOD:4;TA=C;MT=Fixed	NT=Higher-energy Collisional Dissociation;AC=MS:1000422	27 NCE	40 ppm	0.05 Da	B
PRM_20251204_MarthaReselection_Plate_4_B6	B	6	MRTH	18	RB6	0.1	C:\Xcalibur\methods\method1	C:\data\yourdir	PRM_20251204_MarthaReselection_Plate_4_B6	Homo sapiens	Plasma	Plate_4	MarthaReselection	not available	not available	not available	not available	not available	not available	not available	not available	1	AC=EFO:0009656;NT=plasma	run 18	proteomics profiling by mass spectrometry	PRM_20251204_MarthaReselection_Plate_4_B6.RAW	PRM_20251204_MarthaReselection_Plate_4_B6.RAW	NT=Parallel Reaction Monitoring;AC=MS:1002956	AC=MS:1002038;NT=label free sample	1	NT=High-performance liquid chromatography;AC=PRIDE:0000565	1	AC=MS:1001251;NT=Trypsin	not available	NT=Stellar;AC=MS:1003409	NT=Carbamidomethyl;AC=UNIMOD:4;TA=C;MT=Fixed	NT=Higher-energy Collisional Dissociation;AC=MS:1000422	27 NCE	40 ppm	0.05 Da	B
PRM_20251204_MarthaReselection_Plate_4_B7	B	7	MRTH	19	RB7	0.1	C:\Xcalibur\methods\method1	C:\data\yourdir	PRM_20251204_MarthaReselection_Plate_4_B7	Homo sapiens	Plasma	Plate_4	MarthaReselection	not available	not available	not available	not available	not available	not available	not available	not available	1	AC=EFO:0009656;NT=plasma	run 19	proteomics profiling by mass spectrometry	PRM_20251204_MarthaReselection_Plate_4_B7.RAW	PRM_20251204_MarthaReselection_Plate_4_B7.RAW	NT=Parallel Reaction Monitoring;AC=MS:1002956	AC=MS:1002038;NT=label free sample	1	NT=High-performance liquid chromatography;AC=PRIDE:0000565	1	AC=MS:1001251;NT=Trypsin	not available	NT=Stellar;AC=MS:1003409	NT=Carbamidomethyl;AC=UNIMOD:4;TA=C;MT=Fixed	NT=Higher-energy Collisional Dissociation;AC=MS:1000422	27 NCE	40 ppm	0.05 Da	B
PRM_20251204_MarthaReselection_Plate_4_B8	B	8	MRTH	20	RB8	0.1	C:\Xcalibur\methods\method1	C:\data\yourdir	PRM_20251204_MarthaReselection_Plate_4_B8	Homo sapiens	Plasma	Plate_4	MarthaReselection	not available	not available	not available	not available	not available	not available	not available	not available	1	AC=EFO:0009656;NT=plasma	run 20	proteomics profiling by mass spectrometry	PRM_20251204_MarthaReselection_Plate_4_B8.RAW	PRM_20251204_MarthaReselection_Plate_4_B8.RAW	NT=Parallel Reaction Monitoring;AC=MS:1002956	AC=MS:1002038;NT=label free sample	1	NT=High-performance liquid chromatography;AC=PRIDE:0000565	1	AC=MS:1001251;NT=Trypsin	not available	NT=Stellar;AC=MS:1003409	NT=Carbamidomethyl;AC=UNIMOD:4;TA=C;MT=Fixed	NT=Higher-energy Collisional Dissociation;AC=MS:1000422	27 NCE	40 ppm	0.05 Da	B
PRM_20251204_MarthaReselection_Plate_4_B9	B	9	MRTH	21	RB9	0.1	C:\Xcalibur\methods\method1	C:\data\yourdir	PRM_20251204_MarthaReselection_Plate_4_B9	Homo sapiens	Plasma	Plate_4	MarthaReselection	not available	not available	not available	not available	not available	not available	not available	not available	1	AC=EFO:0009656;NT=plasma	run 21	proteomics profiling by mass spectrometry	PRM_20251204_MarthaReselection_Plate_4_B9.RAW	PRM_20251204_MarthaReselection_Plate_4_B9.RAW	NT=Parallel Reaction Monitoring;AC=MS:1002956	AC=MS:1002038;NT=label free sample	1	NT=High-performance liquid chromatography;AC=PRIDE:0000565	1	AC=MS:1001251;NT=Trypsin	not available	NT=Stellar;AC=MS:1003409	NT=Carbamidomethyl;AC=UNIMOD:4;TA=C;MT=Fixed	NT=Higher-energy Collisional Dissociation;AC=MS:1000422	27 NCE	40 ppm	0.05 Da	B
PRM_20251204_MarthaReselection_Plate_4_B10	B	10	MRTH	22	RB10	0.1	C:\Xcalibur\methods\method1	C:\data\yourdir	PRM_20251204_MarthaReselection_Plate_4_B10	Homo sapiens	Plasma	Plate_4	MarthaReselection	not available	not available	not available	not available	not available	not available	not available	not available	1	AC=EFO:0009656;NT=plasma	run 22	proteomics profiling by mass spectrometry	PRM_20251204_MarthaReselection_Plate_4_B10.RAW	PRM_20251204_MarthaReselection_Plate_4_B10.RAW	NT=Parallel Reaction Monitoring;AC=MS:1002956	AC=MS:1002038;NT=label free sample	1	NT=High-performance liquid chromatography;AC=PRIDE:0000565	1	AC=MS:1001251;NT=Trypsin	not available	NT=Stellar;AC=MS:1003409	NT=Carbamidomethyl;AC=UNIMOD:4;TA=C;MT=Fixed	NT=Higher-energy Collisional Dissociation;AC=MS:1000422	27 NCE	40 ppm	0.05 Da	B
PRM_20251204_MarthaReselection_Plate_4_B11	B	11	MRTH	23	RB11	0.1	C:\Xcalibur\methods\method1	C:\data\yourdir	PRM_20251204_MarthaReselection_Plate_4_B11	Homo sapiens	Plasma	Plate_4	MarthaReselection	not available	not available	not available	not available	not available	not available	not available	not available	1	AC=EFO:0009656;NT=plasma	run 23	proteomics profiling by mass spectrometry	PRM_20251204_MarthaReselection_Plate_4_B11.RAW	PRM_20251204_MarthaReselection_Plate_4_B11.RAW	NT=Parallel Reaction Monitoring;AC=MS:1002956	AC=MS:1002038;NT=label free sample	1	NT=High-performance liquid chromatography;AC=PRIDE:0000565	1	AC=MS:1001251;NT=Trypsin	not available	NT=Stellar;AC=MS:1003409	NT=Carbamidomethyl;AC=UNIMOD:4;TA=C;MT=Fixed	NT=Higher-energy Collisional Dissociation;AC=MS:1000422	27 NCE	40 ppm	0.05 Da	B
PRM_20251204_MarthaReselection_Plate_4_B12	B	12	MRTH	24	RB12	0.1	C:\Xcalibur\methods\method1	C:\data\yourdir	PRM_20251204_MarthaReselection_Plate_4_B12	Homo sapiens	Plasma	Plate_4	MarthaReselection	not available	not available	not available	not available	not available	not available	not available	not available	1	AC=EFO:0009656;NT=plasma	run 24	proteomics profiling by mass spectrometry	PRM_20251204_MarthaReselection_Plate_4_B12.RAW	PRM_20251204_MarthaReselection_Plate_4_B12.RAW	NT=Parallel Reaction Monitoring;AC=MS:1002956	AC=MS:1002038;NT=label free sample	1	NT=High-performance liquid chromatography;AC=PRIDE:0000565	1	AC=MS:1001251;NT=Trypsin	not available	NT=Stellar;AC=MS:1003409	NT=Carbamidomethyl;AC=UNIMOD:4;TA=C;MT=Fixed	NT=Higher-energy Collisional Dissociation;AC=MS:1000422	27 NCE	40 ppm	0.05 Da	B
PRM_20251204_MarthaReselection_Plate_4_C1	C	1	MRTH	25	RC1	0.1	C:\Xcalibur\methods\method1	C:\data\yourdir	PRM_20251204_MarthaReselection_Plate_4_C1	Homo sapiens	Plasma	Plate_4	MarthaReselection	not available	not available	not available	not available	not available	not available	not available	not available	1	AC=EFO:0009656;NT=plasma	run 25	proteomics profiling by mass spectrometry	PRM_20251204_MarthaReselection_Plate_4_C1.RAW	PRM_20251204_MarthaReselection_Plate_4_C1.RAW	NT=Parallel Reaction Monitoring;AC=MS:1002956	AC=MS:1002038;NT=label free sample	1	NT=High-performance liquid chromatography;AC=PRIDE:0000565	1	AC=MS:1001251;NT=Trypsin	not available	NT=Stellar;AC=MS:1003409	NT=Carbamidomethyl;AC=UNIMOD:4;TA=C;MT=Fixed	NT=Higher-energy Collisional Dissociation;AC=MS:1000422	27 NCE	40 ppm	0.05 Da	C
PRM_20251204_MarthaReselection_Plate_4_C2	C	2	MRTH	26	RC2	0.1	C:\Xcalibur\methods\method1	C:\data\yourdir	PRM_20251204_MarthaReselection_Plate_4_C2	Homo sapiens	Plasma	Plate_4	MarthaReselection	not available	not available	not available	not available	not available	not available	not available	not available	1	AC=EFO:0009656;NT=plasma	run 26	proteomics profiling by mass spectrometry	PRM_20251204_MarthaReselection_Plate_4_C2.RAW	PRM_20251204_MarthaReselection_Plate_4_C2.RAW	NT=Parallel Reaction Monitoring;AC=MS:1002956	AC=MS:1002038;NT=label free sample	1	NT=High-performance liquid chromatography;AC=PRIDE:0000565	1	AC=MS:1001251;NT=Trypsin	not available	NT=Stellar;AC=MS:1003409	NT=Carbamidomethyl;AC=UNIMOD:4;TA=C;MT=Fixed	NT=Higher-energy Collisional Dissociation;AC=MS:1000422	27 NCE	40 ppm	0.05 Da	C
PRM_20251204_MarthaReselection_Plate_4_C3	C	3	MRTH	27	RC3	0.1	C:\Xcalibur\methods\method1	C:\data\yourdir	PRM_20251204_MarthaReselection_Plate_4_C3	Homo sapiens	Plasma	Plate_4	MarthaReselection	not available	not available	not available	not available	not available	not available	not available	not available	1	AC=EFO:0009656;NT=plasma	run 27	proteomics profiling by mass spectrometry	PRM_20251204_MarthaReselection_Plate_4_C3.RAW	PRM_20251204_MarthaReselection_Plate_4_C3.RAW	NT=Parallel Reaction Monitoring;AC=MS:1002956	AC=MS:1002038;NT=label free sample	1	NT=High-performance liquid chromatography;AC=PRIDE:0000565	1	AC=MS:1001251;NT=Trypsin	not available	NT=Stellar;AC=MS:1003409	NT=Carbamidomethyl;AC=UNIMOD:4;TA=C;MT=Fixed	NT=Higher-energy Collisional Dissociation;AC=MS:1000422	27 NCE	40 ppm	0.05 Da	C
PRM_20251204_MarthaReselection_Plate_4_C4	C	4	MRTH	28	RC4	0.1	C:\Xcalibur\methods\method1	C:\data\yourdir	PRM_20251204_MarthaReselection_Plate_4_C4	Homo sapiens	Plasma	Plate_4	MarthaReselection	not available	not available	not available	not available	not available	not available	not available	not available	1	AC=EFO:0009656;NT=plasma	run 28	proteomics profiling by mass spectrometry	PRM_20251204_MarthaReselection_Plate_4_C4.RAW	PRM_20251204_MarthaReselection_Plate_4_C4.RAW	NT=Parallel Reaction Monitoring;AC=MS:1002956	AC=MS:1002038;NT=label free sample	1	NT=High-performance liquid chromatography;AC=PRIDE:0000565	1	AC=MS:1001251;NT=Trypsin	not available	NT=Stellar;AC=MS:1003409	NT=Carbamidomethyl;AC=UNIMOD:4;TA=C;MT=Fixed	NT=Higher-energy Collisional Dissociation;AC=MS:1000422	27 NCE	40 ppm	0.05 Da	C
PRM_20251204_MarthaReselection_Plate_4_C5	C	5	MRTH	29	RC5	0.1	C:\Xcalibur\methods\method1	C:\data\yourdir	PRM_20251204_MarthaReselection_Plate_4_C5	Homo sapiens	Plasma	Plate_4	MarthaReselection	not available	not available	not available	not available	not available	not available	not available	not available	1	AC=EFO:0009656;NT=plasma	run 29	proteomics profiling by mass spectrometry	PRM_20251204_MarthaReselection_Plate_4_C5.RAW	PRM_20251204_MarthaReselection_Plate_4_C5.RAW	NT=Parallel Reaction Monitoring;AC=MS:1002956	AC=MS:1002038;NT=label free sample	1	NT=High-performance liquid chromatography;AC=PRIDE:0000565	1	AC=MS:1001251;NT=Trypsin	not available	NT=Stellar;AC=MS:1003409	NT=Carbamidomethyl;AC=UNIMOD:4;TA=C;MT=Fixed	NT=Higher-energy Collisional Dissociation;AC=MS:1000422	27 NCE	40 ppm	0.05 Da	C
PRM_20251204_MarthaReselection_Plate_4_C6	C	6	MRTH	30	RC6	0.1	C:\Xcalibur\methods\method1	C:\data\yourdir	PRM_20251204_MarthaReselection_Plate_4_C6	Homo sapiens	Plasma	Plate_4	MarthaReselection	not available	not available	not available	not available	not available	not available	not available	not available	1	AC=EFO:0009656;NT=plasma	run 30	proteomics profiling by mass spectrometry	PRM_20251204_MarthaReselection_Plate_4_C6.RAW	PRM_20251204_MarthaReselection_Plate_4_C6.RAW	NT=Parallel Reaction Monitoring;AC=MS:1002956	AC=MS:1002038;NT=label free sample	1	NT=High-performance liquid chromatography;AC=PRIDE:0000565	1	AC=MS:1001251;NT=Trypsin	not available	NT=Stellar;AC=MS:1003409	NT=Carbamidomethyl;AC=UNIMOD:4;TA=C;MT=Fixed	NT=Higher-energy Collisional Dissociation;AC=MS:1000422	27 NCE	40 ppm	0.05 Da	C
PRM_20251204_MarthaReselection_Plate_4_C7	C	7	MRTH	31	RC7	0.1	C:\Xcalibur\methods\method1	C:\data\yourdir	PRM_20251204_MarthaReselection_Plate_4_C7	Homo sapiens	Plasma	Plate_4	MarthaReselection	not available	not available	not available	not available	not available	not available	not available	not available	1	AC=EFO:0009656;NT=plasma	run 31	proteomics profiling by mass spectrometry	PRM_20251204_MarthaReselection_Plate_4_C7.RAW	PRM_20251204_MarthaReselection_Plate_4_C7.RAW	NT=Parallel Reaction Monitoring;AC=MS:1002956	AC=MS:1002038;NT=label free sample	1	NT=High-performance liquid chromatography;AC=PRIDE:0000565	1	AC=MS:1001251;NT=Trypsin	not available	NT=Stellar;AC=MS:1003409	NT=Carbamidomethyl;AC=UNIMOD:4;TA=C;MT=Fixed	NT=Higher-energy Collisional Dissociation;AC=MS:1000422	27 NCE	40 ppm	0.05 Da	C
PRM_20251204_MarthaReselection_Plate_4_C8	C	8	MRTH	32	RC8	0.1	C:\Xcalibur\methods\method1	C:\data\yourdir	PRM_20251204_MarthaReselection_Plate_4_C8	Homo sapiens	Plasma	Plate_4	MarthaReselection	not available	not available	not available	not available	not available	not available	not available	not available	1	AC=EFO:0009656;NT=plasma	run 32	proteomics profiling by mass spectrometry	PRM_20251204_MarthaReselection_Plate_4_C8.RAW	PRM_20251204_MarthaReselection_Plate_4_C8.RAW	NT=Parallel Reaction Monitoring;AC=MS:1002956	AC=MS:1002038;NT=label free sample	1	NT=High-performance liquid chromatography;AC=PRIDE:0000565	1	AC=MS:1001251;NT=Trypsin	not available	NT=Stellar;AC=MS:1003409	NT=Carbamidomethyl;AC=UNIMOD:4;TA=C;MT=Fixed	NT=Higher-energy Collisional Dissociation;AC=MS:1000422	27 NCE	40 ppm	0.05 Da	C
PRM_20251204_MarthaReselection_Plate_4_C9	C	9	MRTH	33	RC9	0.1	C:\Xcalibur\methods\method1	C:\data\yourdir	PRM_20251204_MarthaReselection_Plate_4_C9	Homo sapiens	Plasma	Plate_4	MarthaReselection	not available	not available	not available	not available	not available	not available	not available	not available	1	AC=EFO:0009656;NT=plasma	run 33	proteomics profiling by mass spectrometry	PRM_20251204_MarthaReselection_Plate_4_C9.RAW	PRM_20251204_MarthaReselection_Plate_4_C9.RAW	NT=Parallel Reaction Monitoring;AC=MS:1002956	AC=MS:1002038;NT=label free sample	1	NT=High-performance liquid chromatography;AC=PRIDE:0000565	1	AC=MS:1001251;NT=Trypsin	not available	NT=Stellar;AC=MS:1003409	NT=Carbamidomethyl;AC=UNIMOD:4;TA=C;MT=Fixed	NT=Higher-energy Collisional Dissociation;AC=MS:1000422	27 NCE	40 ppm	0.05 Da	C
PRM_20251204_MarthaReselection_Plate_4_C10	C	10	MRTH	34	RC10	0.1	C:\Xcalibur\methods\method1	C:\data\yourdir	PRM_20251204_MarthaReselection_Plate_4_C10	Homo sapiens	Plasma	Plate_4	MarthaReselection	not available	not available	not available	not available	not available	not available	not available	not available	1	AC=EFO:0009656;NT=plasma	run 34	proteomics profiling by mass spectrometry	PRM_20251204_MarthaReselection_Plate_4_C10.RAW	PRM_20251204_MarthaReselection_Plate_4_C10.RAW	NT=Parallel Reaction Monitoring;AC=MS:1002956	AC=MS:1002038;NT=label free sample	1	NT=High-performance liquid chromatography;AC=PRIDE:0000565	1	AC=MS:1001251;NT=Trypsin	not available	NT=Stellar;AC=MS:1003409	NT=Carbamidomethyl;AC=UNIMOD:4;TA=C;MT=Fixed	NT=Higher-energy Collisional Dissociation;AC=MS:1000422	27 NCE	40 ppm	0.05 Da	C
PRM_20251204_MarthaReselection_Plate_4_C11	C	11	MRTH	35	RC11	0.1	C:\Xcalibur\methods\method1	C:\data\yourdir	PRM_20251204_MarthaReselection_Plate_4_C11	Homo sapiens	Plasma	Plate_4	MarthaReselection	not available	not available	not available	not available	not available	not available	not available	not available	1	AC=EFO:0009656;NT=plasma	run 35	proteomics profiling by mass spectrometry	PRM_20251204_MarthaReselection_Plate_4_C11.RAW	PRM_20251204_MarthaReselection_Plate_4_C11.RAW	NT=Parallel Reaction Monitoring;AC=MS:1002956	AC=MS:1002038;NT=label free sample	1	NT=High-performance liquid chromatography;AC=PRIDE:0000565	1	AC=MS:1001251;NT=Trypsin	not available	NT=Stellar;AC=MS:1003409	NT=Carbamidomethyl;AC=UNIMOD:4;TA=C;MT=Fixed	NT=Higher-energy Collisional Dissociation;AC=MS:1000422	27 NCE	40 ppm	0.05 Da	C
PRM_20251204_MarthaReselection_Plate_4_C12	C	12	MRTH	36	RC12	0.1	C:\Xcalibur\methods\method1	C:\data\yourdir	PRM_20251204_MarthaReselection_Plate_4_C12	Homo sapiens	Plasma	Plate_4	MarthaReselection	not available	not available	not available	not available	not available	not available	not available	not available	1	AC=EFO:0009656;NT=plasma	run 36	proteomics profiling by mass spectrometry	PRM_20251204_MarthaReselection_Plate_4_C12.RAW	PRM_20251204_MarthaReselection_Plate_4_C12.RAW	NT=Parallel Reaction Monitoring;AC=MS:1002956	AC=MS:1002038;NT=label free sample	1	NT=High-performance liquid chromatography;AC=PRIDE:0000565	1	AC=MS:1001251;NT=Trypsin	not available	NT=Stellar;AC=MS:1003409	NT=Carbamidomethyl;AC=UNIMOD:4;TA=C;MT=Fixed	NT=Higher-energy Collisional Dissociation;AC=MS:1000422	27 NCE	40 ppm	0.05 Da	C
PRM_20251204_MarthaReselection_Plate_4_D1	D	1	MRTH	37	RD1	0.1	C:\Xcalibur\methods\method1	C:\data\yourdir	PRM_20251204_MarthaReselection_Plate_4_D1	Homo sapiens	Plasma	Plate_4	MarthaReselection	not available	not available	not available	not available	not available	not available	not available	not available	1	AC=EFO:0009656;NT=plasma	run 37	proteomics profiling by mass spectrometry	PRM_20251204_MarthaReselection_Plate_4_D1.RAW	PRM_20251204_MarthaReselection_Plate_4_D1.RAW	NT=Parallel Reaction Monitoring;AC=MS:1002956	AC=MS:1002038;NT=label free sample	1	NT=High-performance liquid chromatography;AC=PRIDE:0000565	1	AC=MS:1001251;NT=Trypsin	not available	NT=Stellar;AC=MS:1003409	NT=Carbamidomethyl;AC=UNIMOD:4;TA=C;MT=Fixed	NT=Higher-energy Collisional Dissociation;AC=MS:1000422	27 NCE	40 ppm	0.05 Da	D
PRM_20251204_MarthaReselection_Plate_4_D2	D	2	MRTH	38	RD2	0.1	C:\Xcalibur\methods\method1	C:\data\yourdir	PRM_20251204_MarthaReselection_Plate_4_D2	Homo sapiens	Plasma	Plate_4	MarthaReselection	not available	not available	not available	not available	not available	not available	not available	not available	1	AC=EFO:0009656;NT=plasma	run 38	proteomics profiling by mass spectrometry	PRM_20251204_MarthaReselection_Plate_4_D2.RAW	PRM_20251204_MarthaReselection_Plate_4_D2.RAW	NT=Parallel Reaction Monitoring;AC=MS:1002956	AC=MS:1002038;NT=label free sample	1	NT=High-performance liquid chromatography;AC=PRIDE:0000565	1	AC=MS:1001251;NT=Trypsin	not available	NT=Stellar;AC=MS:1003409	NT=Carbamidomethyl;AC=UNIMOD:4;TA=C;MT=Fixed	NT=Higher-energy Collisional Dissociation;AC=MS:1000422	27 NCE	40 ppm	0.05 Da	D
PRM_20251204_MarthaReselection_Plate_4_D3	D	3	MRTH	39	RD3	0.1	C:\Xcalibur\methods\method1	C:\data\yourdir	PRM_20251204_MarthaReselection_Plate_4_D3	Homo sapiens	Plasma	Plate_4	MarthaReselection	not available	not available	not available	not available	not available	not available	not available	not available	1	AC=EFO:0009656;NT=plasma	run 39	proteomics profiling by mass spectrometry	PRM_20251204_MarthaReselection_Plate_4_D3.RAW	PRM_20251204_MarthaReselection_Plate_4_D3.RAW	NT=Parallel Reaction Monitoring;AC=MS:1002956	AC=MS:1002038;NT=label free sample	1	NT=High-performance liquid chromatography;AC=PRIDE:0000565	1	AC=MS:1001251;NT=Trypsin	not available	NT=Stellar;AC=MS:1003409	NT=Carbamidomethyl;AC=UNIMOD:4;TA=C;MT=Fixed	NT=Higher-energy Collisional Dissociation;AC=MS:1000422	27 NCE	40 ppm	0.05 Da	D
PRM_20251204_MarthaReselection_Plate_4_D4	D	4	MRTH	40	RD4	0.1	C:\Xcalibur\methods\method1	C:\data\yourdir	PRM_20251204_MarthaReselection_Plate_4_D4	Homo sapiens	Plasma	Plate_4	MarthaReselection	not available	not available	not available	not available	not available	not available	not available	not available	1	AC=EFO:0009656;NT=plasma	run 40	proteomics profiling by mass spectrometry	PRM_20251204_MarthaReselection_Plate_4_D4.RAW	PRM_20251204_MarthaReselection_Plate_4_D4.RAW	NT=Parallel Reaction Monitoring;AC=MS:1002956	AC=MS:1002038;NT=label free sample	1	NT=High-performance liquid chromatography;AC=PRIDE:0000565	1	AC=MS:1001251;NT=Trypsin	not available	NT=Stellar;AC=MS:1003409	NT=Carbamidomethyl;AC=UNIMOD:4;TA=C;MT=Fixed	NT=Higher-energy Collisional Dissociation;AC=MS:1000422	27 NCE	40 ppm	0.05 Da	D
PRM_20251204_MarthaReselection_Plate_4_D5	D	5	MRTH	41	RD5	0.1	C:\Xcalibur\methods\method1	C:\data\yourdir	PRM_20251204_MarthaReselection_Plate_4_D5	Homo sapiens	Plasma	Plate_4	MarthaReselection	not available	not available	not available	not available	not available	not available	not available	not available	1	AC=EFO:0009656;NT=plasma	run 41	proteomics profiling by mass spectrometry	PRM_20251204_MarthaReselection_Plate_4_D5.RAW	PRM_20251204_MarthaReselection_Plate_4_D5.RAW	NT=Parallel Reaction Monitoring;AC=MS:1002956	AC=MS:1002038;NT=label free sample	1	NT=High-performance liquid chromatography;AC=PRIDE:0000565	1	AC=MS:1001251;NT=Trypsin	not available	NT=Stellar;AC=MS:1003409	NT=Carbamidomethyl;AC=UNIMOD:4;TA=C;MT=Fixed	NT=Higher-energy Collisional Dissociation;AC=MS:1000422	27 NCE	40 ppm	0.05 Da	D
PRM_20251204_MarthaReselection_Plate_4_D6	D	6	MRTH	42	RD6	0.1	C:\Xcalibur\methods\method1	C:\data\yourdir	PRM_20251204_MarthaReselection_Plate_4_D6	Homo sapiens	Plasma	Plate_4	MarthaReselection	not available	not available	not available	not available	not available	not available	not available	not available	1	AC=EFO:0009656;NT=plasma	run 42	proteomics profiling by mass spectrometry	PRM_20251204_MarthaReselection_Plate_4_D6.RAW	PRM_20251204_MarthaReselection_Plate_4_D6.RAW	NT=Parallel Reaction Monitoring;AC=MS:1002956	AC=MS:1002038;NT=label free sample	1	NT=High-performance liquid chromatography;AC=PRIDE:0000565	1	AC=MS:1001251;NT=Trypsin	not available	NT=Stellar;AC=MS:1003409	NT=Carbamidomethyl;AC=UNIMOD:4;TA=C;MT=Fixed	NT=Higher-energy Collisional Dissociation;AC=MS:1000422	27 NCE	40 ppm	0.05 Da	D
PRM_20251204_MarthaReselection_Plate_4_D7	D	7	MRTH	43	RD7	0.1	C:\Xcalibur\methods\method1	C:\data\yourdir	PRM_20251204_MarthaReselection_Plate_4_D7	Homo sapiens	Plasma	Plate_4	MarthaReselection	not available	not available	not available	not available	not available	not available	not available	not available	1	AC=EFO:0009656;NT=plasma	run 43	proteomics profiling by mass spectrometry	PRM_20251204_MarthaReselection_Plate_4_D7.RAW	PRM_20251204_MarthaReselection_Plate_4_D7.RAW	NT=Parallel Reaction Monitoring;AC=MS:1002956	AC=MS:1002038;NT=label free sample	1	NT=High-performance liquid chromatography;AC=PRIDE:0000565	1	AC=MS:1001251;NT=Trypsin	not available	NT=Stellar;AC=MS:1003409	NT=Carbamidomethyl;AC=UNIMOD:4;TA=C;MT=Fixed	NT=Higher-energy Collisional Dissociation;AC=MS:1000422	27 NCE	40 ppm	0.05 Da	D
PRM_20251204_MarthaReselection_Plate_4_D8	D	8	MRTH	44	RD8	0.1	C:\Xcalibur\methods\method1	C:\data\yourdir	PRM_20251204_MarthaReselection_Plate_4_D8	Homo sapiens	Plasma	Plate_4	MarthaReselection	not available	not available	not available	not available	not available	not available	not available	not available	1	AC=EFO:0009656;NT=plasma	run 44	proteomics profiling by mass spectrometry	PRM_20251204_MarthaReselection_Plate_4_D8.RAW	PRM_20251204_MarthaReselection_Plate_4_D8.RAW	NT=Parallel Reaction Monitoring;AC=MS:1002956	AC=MS:1002038;NT=label free sample	1	NT=High-performance liquid chromatography;AC=PRIDE:0000565	1	AC=MS:1001251;NT=Trypsin	not available	NT=Stellar;AC=MS:1003409	NT=Carbamidomethyl;AC=UNIMOD:4;TA=C;MT=Fixed	NT=Higher-energy Collisional Dissociation;AC=MS:1000422	27 NCE	40 ppm	0.05 Da	D
PRM_20251204_MarthaReselection_Plate_4_D9	D	9	MRTH	45	RD9	0.1	C:\Xcalibur\methods\method1	C:\data\yourdir	PRM_20251204_MarthaReselection_Plate_4_D9	Homo sapiens	Plasma	Plate_4	MarthaReselection	not available	not available	not available	not available	not available	not available	not available	not available	1	AC=EFO:0009656;NT=plasma	run 45	proteomics profiling by mass spectrometry	PRM_20251204_MarthaReselection_Plate_4_D9.RAW	PRM_20251204_MarthaReselection_Plate_4_D9.RAW	NT=Parallel Reaction Monitoring;AC=MS:1002956	AC=MS:1002038;NT=label free sample	1	NT=High-performance liquid chromatography;AC=PRIDE:0000565	1	AC=MS:1001251;NT=Trypsin	not available	NT=Stellar;AC=MS:1003409	NT=Carbamidomethyl;AC=UNIMOD:4;TA=C;MT=Fixed	NT=Higher-energy Collisional Dissociation;AC=MS:1000422	27 NCE	40 ppm	0.05 Da	D
PRM_20251204_MarthaReselection_Plate_4_D10	D	10	MRTH	46	RD10	0.1	C:\Xcalibur\methods\method1	C:\data\yourdir	PRM_20251204_MarthaReselection_Plate_4_D10	Homo sapiens	Plasma	Plate_4	MarthaReselection	not available	not available	not available	not available	not available	not available	not available	not available	1	AC=EFO:0009656;NT=plasma	run 46	proteomics profiling by mass spectrometry	PRM_20251204_MarthaReselection_Plate_4_D10.RAW	PRM_20251204_MarthaReselection_Plate_4_D10.RAW	NT=Parallel Reaction Monitoring;AC=MS:1002956	AC=MS:1002038;NT=label free sample	1	NT=High-performance liquid chromatography;AC=PRIDE:0000565	1	AC=MS:1001251;NT=Trypsin	not available	NT=Stellar;AC=MS:1003409	NT=Carbamidomethyl;AC=UNIMOD:4;TA=C;MT=Fixed	NT=Higher-energy Collisional Dissociation;AC=MS:1000422	27 NCE	40 ppm	0.05 Da	D
PRM_20251204_MarthaReselection_Plate_4_D11	D	11	MRTH	47	RD11	0.1	C:\Xcalibur\methods\method1	C:\data\yourdir	PRM_20251204_MarthaReselection_Plate_4_D11	Homo sapiens	Plasma	Plate_4	MarthaReselection	not available	not available	not available	not available	not available	not available	not available	not available	1	AC=EFO:0009656;NT=plasma	run 47	proteomics profiling by mass spectrometry	PRM_20251204_MarthaReselection_Plate_4_D11.RAW	PRM_20251204_MarthaReselection_Plate_4_D11.RAW	NT=Parallel Reaction Monitoring;AC=MS:1002956	AC=MS:1002038;NT=label free sample	1	NT=High-performance liquid chromatography;AC=PRIDE:0000565	1	AC=MS:1001251;NT=Trypsin	not available	NT=Stellar;AC=MS:1003409	NT=Carbamidomethyl;AC=UNIMOD:4;TA=C;MT=Fixed	NT=Higher-energy Collisional Dissociation;AC=MS:1000422	27 NCE	40 ppm	0.05 Da	D
PRM_20251204_MarthaReselection_Plate_4_D12	D	12	MRTH	48	RD12	0.1	C:\Xcalibur\methods\method1	C:\data\yourdir	PRM_20251204_MarthaReselection_Plate_4_D12	Homo sapiens	Plasma	Plate_4	MarthaReselection	not available	not available	not available	not available	not available	not available	not available	not available	1	AC=EFO:0009656;NT=plasma	run 48	proteomics profiling by mass spectrometry	PRM_20251204_MarthaReselection_Plate_4_D12.RAW	PRM_20251204_MarthaReselection_Plate_4_D12.RAW	NT=Parallel Reaction Monitoring;AC=MS:1002956	AC=MS:1002038;NT=label free sample	1	NT=High-performance liquid chromatography;AC=PRIDE:0000565	1	AC=MS:1001251;NT=Trypsin	not available	NT=Stellar;AC=MS:1003409	NT=Carbamidomethyl;AC=UNIMOD:4;TA=C;MT=Fixed	NT=Higher-energy Collisional Dissociation;AC=MS:1000422	27 NCE	40 ppm	0.05 Da	D
PRM_20251204_MarthaReselection_Plate_4_E1	E	1	MRTH	49	RE1	0.1	C:\Xcalibur\methods\method1	C:\data\yourdir	PRM_20251204_MarthaReselection_Plate_4_E1	Homo sapiens	Plasma	Plate_4	MarthaReselection	not available	not available	not available	not available	not available	not available	not available	not available	1	AC=EFO:0009656;NT=plasma	run 49	proteomics profiling by mass spectrometry	PRM_20251204_MarthaReselection_Plate_4_E1.RAW	PRM_20251204_MarthaReselection_Plate_4_E1.RAW	NT=Parallel Reaction Monitoring;AC=MS:1002956	AC=MS:1002038;NT=label free sample	1	NT=High-performance liquid chromatography;AC=PRIDE:0000565	1	AC=MS:1001251;NT=Trypsin	not available	NT=Stellar;AC=MS:1003409	NT=Carbamidomethyl;AC=UNIMOD:4;TA=C;MT=Fixed	NT=Higher-energy Collisional Dissociation;AC=MS:1000422	27 NCE	40 ppm	0.05 Da	E
PRM_20251204_MarthaReselection_Plate_4_E2	E	2	Pool	50	RE2	0.1	C:\Xcalibur\methods\method1	C:\data\yourdir	PRM_20251204_MarthaReselection_Plate_4_E2	Homo sapiens	Plasma	Plate_4	MarthaReselection	not available	not available	not available	not available	not available	not available	not available	not available	1	AC=EFO:0009656;NT=plasma	run 50	proteomics profiling by mass spectrometry	PRM_20251204_MarthaReselection_Plate_4_E2.RAW	PRM_20251204_MarthaReselection_Plate_4_E2.RAW	NT=Parallel Reaction Monitoring;AC=MS:1002956	AC=MS:1002038;NT=label free sample	1	NT=High-performance liquid chromatography;AC=PRIDE:0000565	1	AC=MS:1001251;NT=Trypsin	not available	NT=Stellar;AC=MS:1003409	NT=Carbamidomethyl;AC=UNIMOD:4;TA=C;MT=Fixed	NT=Higher-energy Collisional Dissociation;AC=MS:1000422	27 NCE	40 ppm	0.05 Da	E
PRM_20251204_MarthaReselection_Plate_4_E3	E	3	MRTH	51	RE3	0.1	C:\Xcalibur\methods\method1	C:\data\yourdir	PRM_20251204_MarthaReselection_Plate_4_E3	Homo sapiens	Plasma	Plate_4	MarthaReselection	not available	not available	not available	not available	not available	not available	not available	not available	1	AC=EFO:0009656;NT=plasma	run 51	proteomics profiling by mass spectrometry	PRM_20251204_MarthaReselection_Plate_4_E3.RAW	PRM_20251204_MarthaReselection_Plate_4_E3.RAW	NT=Parallel Reaction Monitoring;AC=MS:1002956	AC=MS:1002038;NT=label free sample	1	NT=High-performance liquid chromatography;AC=PRIDE:0000565	1	AC=MS:1001251;NT=Trypsin	not available	NT=Stellar;AC=MS:1003409	NT=Carbamidomethyl;AC=UNIMOD:4;TA=C;MT=Fixed	NT=Higher-energy Collisional Dissociation;AC=MS:1000422	27 NCE	40 ppm	0.05 Da	E
PRM_20251204_MarthaReselection_Plate_4_E4	E	4	MRTH	52	RE4	0.1	C:\Xcalibur\methods\method1	C:\data\yourdir	PRM_20251204_MarthaReselection_Plate_4_E4	Homo sapiens	Plasma	Plate_4	MarthaReselection	not available	not available	not available	not available	not available	not available	not available	not available	1	AC=EFO:0009656;NT=plasma	run 52	proteomics profiling by mass spectrometry	PRM_20251204_MarthaReselection_Plate_4_E4.RAW	PRM_20251204_MarthaReselection_Plate_4_E4.RAW	NT=Parallel Reaction Monitoring;AC=MS:1002956	AC=MS:1002038;NT=label free sample	1	NT=High-performance liquid chromatography;AC=PRIDE:0000565	1	AC=MS:1001251;NT=Trypsin	not available	NT=Stellar;AC=MS:1003409	NT=Carbamidomethyl;AC=UNIMOD:4;TA=C;MT=Fixed	NT=Higher-energy Collisional Dissociation;AC=MS:1000422	27 NCE	40 ppm	0.05 Da	E
PRM_20251204_MarthaReselection_Plate_4_E5	E	5	MRTH	53	RE5	0.1	C:\Xcalibur\methods\method1	C:\data\yourdir	PRM_20251204_MarthaReselection_Plate_4_E5	Homo sapiens	Plasma	Plate_4	MarthaReselection	not available	not available	not available	not available	not available	not available	not available	not available	1	AC=EFO:0009656;NT=plasma	run 53	proteomics profiling by mass spectrometry	PRM_20251204_MarthaReselection_Plate_4_E5.RAW	PRM_20251204_MarthaReselection_Plate_4_E5.RAW	NT=Parallel Reaction Monitoring;AC=MS:1002956	AC=MS:1002038;NT=label free sample	1	NT=High-performance liquid chromatography;AC=PRIDE:0000565	1	AC=MS:1001251;NT=Trypsin	not available	NT=Stellar;AC=MS:1003409	NT=Carbamidomethyl;AC=UNIMOD:4;TA=C;MT=Fixed	NT=Higher-energy Collisional Dissociation;AC=MS:1000422	27 NCE	40 ppm	0.05 Da	E
PRM_20251204_MarthaReselection_Plate_4_E6	E	6	MRTH	54	RE6	0.1	C:\Xcalibur\methods\method1	C:\data\yourdir	PRM_20251204_MarthaReselection_Plate_4_E6	Homo sapiens	Plasma	Plate_4	MarthaReselection	not available	not available	not available	not available	not available	not available	not available	not available	1	AC=EFO:0009656;NT=plasma	run 54	proteomics profiling by mass spectrometry	PRM_20251204_MarthaReselection_Plate_4_E6.RAW	PRM_20251204_MarthaReselection_Plate_4_E6.RAW	NT=Parallel Reaction Monitoring;AC=MS:1002956	AC=MS:1002038;NT=label free sample	1	NT=High-performance liquid chromatography;AC=PRIDE:0000565	1	AC=MS:1001251;NT=Trypsin	not available	NT=Stellar;AC=MS:1003409	NT=Carbamidomethyl;AC=UNIMOD:4;TA=C;MT=Fixed	NT=Higher-energy Collisional Dissociation;AC=MS:1000422	27 NCE	40 ppm	0.05 Da	E
PRM_20251204_MarthaReselection_Plate_4_E7	E	7	MRTH	55	RE7	0.1	C:\Xcalibur\methods\method1	C:\data\yourdir	PRM_20251204_MarthaReselection_Plate_4_E7	Homo sapiens	Plasma	Plate_4	MarthaReselection	not available	not available	not available	not available	not available	not available	not available	not available	1	AC=EFO:0009656;NT=plasma	run 55	proteomics profiling by mass spectrometry	PRM_20251204_MarthaReselection_Plate_4_E7.RAW	PRM_20251204_MarthaReselection_Plate_4_E7.RAW	NT=Parallel Reaction Monitoring;AC=MS:1002956	AC=MS:1002038;NT=label free sample	1	NT=High-performance liquid chromatography;AC=PRIDE:0000565	1	AC=MS:1001251;NT=Trypsin	not available	NT=Stellar;AC=MS:1003409	NT=Carbamidomethyl;AC=UNIMOD:4;TA=C;MT=Fixed	NT=Higher-energy Collisional Dissociation;AC=MS:1000422	27 NCE	40 ppm	0.05 Da	E
PRM_20251204_MarthaReselection_Plate_4_E8	E	8	MRTH	56	RE8	0.1	C:\Xcalibur\methods\method1	C:\data\yourdir	PRM_20251204_MarthaReselection_Plate_4_E8	Homo sapiens	Plasma	Plate_4	MarthaReselection	not available	not available	not available	not available	not available	not available	not available	not available	1	AC=EFO:0009656;NT=plasma	run 56	proteomics profiling by mass spectrometry	PRM_20251204_MarthaReselection_Plate_4_E8.RAW	PRM_20251204_MarthaReselection_Plate_4_E8.RAW	NT=Parallel Reaction Monitoring;AC=MS:1002956	AC=MS:1002038;NT=label free sample	1	NT=High-performance liquid chromatography;AC=PRIDE:0000565	1	AC=MS:1001251;NT=Trypsin	not available	NT=Stellar;AC=MS:1003409	NT=Carbamidomethyl;AC=UNIMOD:4;TA=C;MT=Fixed	NT=Higher-energy Collisional Dissociation;AC=MS:1000422	27 NCE	40 ppm	0.05 Da	E
PRM_20251204_MarthaReselection_Plate_4_E9	E	9	MRTH	57	RE9	0.1	C:\Xcalibur\methods\method1	C:\data\yourdir	PRM_20251204_MarthaReselection_Plate_4_E9	Homo sapiens	Plasma	Plate_4	MarthaReselection	not available	not available	not available	not available	not available	not available	not available	not available	1	AC=EFO:0009656;NT=plasma	run 57	proteomics profiling by mass spectrometry	PRM_20251204_MarthaReselection_Plate_4_E9.RAW	PRM_20251204_MarthaReselection_Plate_4_E9.RAW	NT=Parallel Reaction Monitoring;AC=MS:1002956	AC=MS:1002038;NT=label free sample	1	NT=High-performance liquid chromatography;AC=PRIDE:0000565	1	AC=MS:1001251;NT=Trypsin	not available	NT=Stellar;AC=MS:1003409	NT=Carbamidomethyl;AC=UNIMOD:4;TA=C;MT=Fixed	NT=Higher-energy Collisional Dissociation;AC=MS:1000422	27 NCE	40 ppm	0.05 Da	E
PRM_20251204_MarthaReselection_Plate_4_E10	E	10	MRTH	58	RE10	0.1	C:\Xcalibur\methods\method1	C:\data\yourdir	PRM_20251204_MarthaReselection_Plate_4_E10	Homo sapiens	Plasma	Plate_4	MarthaReselection	not available	not available	not available	not available	not available	not available	not available	not available	1	AC=EFO:0009656;NT=plasma	run 58	proteomics profiling by mass spectrometry	PRM_20251204_MarthaReselection_Plate_4_E10.RAW	PRM_20251204_MarthaReselection_Plate_4_E10.RAW	NT=Parallel Reaction Monitoring;AC=MS:1002956	AC=MS:1002038;NT=label free sample	1	NT=High-performance liquid chromatography;AC=PRIDE:0000565	1	AC=MS:1001251;NT=Trypsin	not available	NT=Stellar;AC=MS:1003409	NT=Carbamidomethyl;AC=UNIMOD:4;TA=C;MT=Fixed	NT=Higher-energy Collisional Dissociation;AC=MS:1000422	27 NCE	40 ppm	0.05 Da	E
PRM_20251204_MarthaReselection_Plate_4_E11	E	11	MRTH	59	RE11	0.1	C:\Xcalibur\methods\method1	C:\data\yourdir	PRM_20251204_MarthaReselection_Plate_4_E11	Homo sapiens	Plasma	Plate_4	MarthaReselection	not available	not available	not available	not available	not available	not available	not available	not available	1	AC=EFO:0009656;NT=plasma	run 59	proteomics profiling by mass spectrometry	PRM_20251204_MarthaReselection_Plate_4_E11.RAW	PRM_20251204_MarthaReselection_Plate_4_E11.RAW	NT=Parallel Reaction Monitoring;AC=MS:1002956	AC=MS:1002038;NT=label free sample	1	NT=High-performance liquid chromatography;AC=PRIDE:0000565	1	AC=MS:1001251;NT=Trypsin	not available	NT=Stellar;AC=MS:1003409	NT=Carbamidomethyl;AC=UNIMOD:4;TA=C;MT=Fixed	NT=Higher-energy Collisional Dissociation;AC=MS:1000422	27 NCE	40 ppm	0.05 Da	E
PRM_20251204_MarthaReselection_Plate_4_E12	E	12	MRTH	60	RE12	0.1	C:\Xcalibur\methods\method1	C:\data\yourdir	PRM_20251204_MarthaReselection_Plate_4_E12	Homo sapiens	Plasma	Plate_4	MarthaReselection	not available	not available	not available	not available	not available	not available	not available	not available	1	AC=EFO:0009656;NT=plasma	run 60	proteomics profiling by mass spectrometry	PRM_20251204_MarthaReselection_Plate_4_E12.RAW	PRM_20251204_MarthaReselection_Plate_4_E12.RAW	NT=Parallel Reaction Monitoring;AC=MS:1002956	AC=MS:1002038;NT=label free sample	1	NT=High-performance liquid chromatography;AC=PRIDE:0000565	1	AC=MS:1001251;NT=Trypsin	not available	NT=Stellar;AC=MS:1003409	NT=Carbamidomethyl;AC=UNIMOD:4;TA=C;MT=Fixed	NT=Higher-energy Collisional Dissociation;AC=MS:1000422	27 NCE	40 ppm	0.05 Da	E
PRM_20251204_MarthaReselection_Plate_4_F1	F	1	MRTH	61	RF1	0.1	C:\Xcalibur\methods\method1	C:\data\yourdir	PRM_20251204_MarthaReselection_Plate_4_F1	Homo sapiens	Plasma	Plate_4	MarthaReselection	not available	not available	not available	not available	not available	not available	not available	not available	1	AC=EFO:0009656;NT=plasma	run 61	proteomics profiling by mass spectrometry	PRM_20251204_MarthaReselection_Plate_4_F1.RAW	PRM_20251204_MarthaReselection_Plate_4_F1.RAW	NT=Parallel Reaction Monitoring;AC=MS:1002956	AC=MS:1002038;NT=label free sample	1	NT=High-performance liquid chromatography;AC=PRIDE:0000565	1	AC=MS:1001251;NT=Trypsin	not available	NT=Stellar;AC=MS:1003409	NT=Carbamidomethyl;AC=UNIMOD:4;TA=C;MT=Fixed	NT=Higher-energy Collisional Dissociation;AC=MS:1000422	27 NCE	40 ppm	0.05 Da	F
PRM_20251204_MarthaReselection_Plate_4_F2	F	2	MRTH	62	RF2	0.1	C:\Xcalibur\methods\method1	C:\data\yourdir	PRM_20251204_MarthaReselection_Plate_4_F2	Homo sapiens	Plasma	Plate_4	MarthaReselection	not available	not available	not available	not available	not available	not available	not available	not available	1	AC=EFO:0009656;NT=plasma	run 62	proteomics profiling by mass spectrometry	PRM_20251204_MarthaReselection_Plate_4_F2.RAW	PRM_20251204_MarthaReselection_Plate_4_F2.RAW	NT=Parallel Reaction Monitoring;AC=MS:1002956	AC=MS:1002038;NT=label free sample	1	NT=High-performance liquid chromatography;AC=PRIDE:0000565	1	AC=MS:1001251;NT=Trypsin	not available	NT=Stellar;AC=MS:1003409	NT=Carbamidomethyl;AC=UNIMOD:4;TA=C;MT=Fixed	NT=Higher-energy Collisional Dissociation;AC=MS:1000422	27 NCE	40 ppm	0.05 Da	F
PRM_20251204_MarthaReselection_Plate_4_F3	F	3	MRTH	63	RF3	0.1	C:\Xcalibur\methods\method1	C:\data\yourdir	PRM_20251204_MarthaReselection_Plate_4_F3	Homo sapiens	Plasma	Plate_4	MarthaReselection	not available	not available	not available	not available	not available	not available	not available	not available	1	AC=EFO:0009656;NT=plasma	run 63	proteomics profiling by mass spectrometry	PRM_20251204_MarthaReselection_Plate_4_F3.RAW	PRM_20251204_MarthaReselection_Plate_4_F3.RAW	NT=Parallel Reaction Monitoring;AC=MS:1002956	AC=MS:1002038;NT=label free sample	1	NT=High-performance liquid chromatography;AC=PRIDE:0000565	1	AC=MS:1001251;NT=Trypsin	not available	NT=Stellar;AC=MS:1003409	NT=Carbamidomethyl;AC=UNIMOD:4;TA=C;MT=Fixed	NT=Higher-energy Collisional Dissociation;AC=MS:1000422	27 NCE	40 ppm	0.05 Da	F
PRM_20251204_MarthaReselection_Plate_4_F4	F	4	MRTH	64	RF4	0.1	C:\Xcalibur\methods\method1	C:\data\yourdir	PRM_20251204_MarthaReselection_Plate_4_F4	Homo sapiens	Plasma	Plate_4	MarthaReselection	not available	not available	not available	not available	not available	not available	not available	not available	1	AC=EFO:0009656;NT=plasma	run 64	proteomics profiling by mass spectrometry	PRM_20251204_MarthaReselection_Plate_4_F4.RAW	PRM_20251204_MarthaReselection_Plate_4_F4.RAW	NT=Parallel Reaction Monitoring;AC=MS:1002956	AC=MS:1002038;NT=label free sample	1	NT=High-performance liquid chromatography;AC=PRIDE:0000565	1	AC=MS:1001251;NT=Trypsin	not available	NT=Stellar;AC=MS:1003409	NT=Carbamidomethyl;AC=UNIMOD:4;TA=C;MT=Fixed	NT=Higher-energy Collisional Dissociation;AC=MS:1000422	27 NCE	40 ppm	0.05 Da	F
PRM_20251204_MarthaReselection_Plate_4_F5	F	5	MRTH	65	RF5	0.1	C:\Xcalibur\methods\method1	C:\data\yourdir	PRM_20251204_MarthaReselection_Plate_4_F5	Homo sapiens	Plasma	Plate_4	MarthaReselection	not available	not available	not available	not available	not available	not available	not available	not available	1	AC=EFO:0009656;NT=plasma	run 65	proteomics profiling by mass spectrometry	PRM_20251204_MarthaReselection_Plate_4_F5.RAW	PRM_20251204_MarthaReselection_Plate_4_F5.RAW	NT=Parallel Reaction Monitoring;AC=MS:1002956	AC=MS:1002038;NT=label free sample	1	NT=High-performance liquid chromatography;AC=PRIDE:0000565	1	AC=MS:1001251;NT=Trypsin	not available	NT=Stellar;AC=MS:1003409	NT=Carbamidomethyl;AC=UNIMOD:4;TA=C;MT=Fixed	NT=Higher-energy Collisional Dissociation;AC=MS:1000422	27 NCE	40 ppm	0.05 Da	F
PRM_20251204_MarthaReselection_Plate_4_F6	F	6	MRTH	66	RF6	0.1	C:\Xcalibur\methods\method1	C:\data\yourdir	PRM_20251204_MarthaReselection_Plate_4_F6	Homo sapiens	Plasma	Plate_4	MarthaReselection	not available	not available	not available	not available	not available	not available	not available	not available	1	AC=EFO:0009656;NT=plasma	run 66	proteomics profiling by mass spectrometry	PRM_20251204_MarthaReselection_Plate_4_F6.RAW	PRM_20251204_MarthaReselection_Plate_4_F6.RAW	NT=Parallel Reaction Monitoring;AC=MS:1002956	AC=MS:1002038;NT=label free sample	1	NT=High-performance liquid chromatography;AC=PRIDE:0000565	1	AC=MS:1001251;NT=Trypsin	not available	NT=Stellar;AC=MS:1003409	NT=Carbamidomethyl;AC=UNIMOD:4;TA=C;MT=Fixed	NT=Higher-energy Collisional Dissociation;AC=MS:1000422	27 NCE	40 ppm	0.05 Da	F
PRM_20251204_MarthaReselection_Plate_4_F7	F	7	MRTH	67	RF7	0.1	C:\Xcalibur\methods\method1	C:\data\yourdir	PRM_20251204_MarthaReselection_Plate_4_F7	Homo sapiens	Plasma	Plate_4	MarthaReselection	not available	not available	not available	not available	not available	not available	not available	not available	1	AC=EFO:0009656;NT=plasma	run 67	proteomics profiling by mass spectrometry	PRM_20251204_MarthaReselection_Plate_4_F7.RAW	PRM_20251204_MarthaReselection_Plate_4_F7.RAW	NT=Parallel Reaction Monitoring;AC=MS:1002956	AC=MS:1002038;NT=label free sample	1	NT=High-performance liquid chromatography;AC=PRIDE:0000565	1	AC=MS:1001251;NT=Trypsin	not available	NT=Stellar;AC=MS:1003409	NT=Carbamidomethyl;AC=UNIMOD:4;TA=C;MT=Fixed	NT=Higher-energy Collisional Dissociation;AC=MS:1000422	27 NCE	40 ppm	0.05 Da	F
PRM_20251204_MarthaReselection_Plate_4_F8	F	8	MRTH	68	RF8	0.1	C:\Xcalibur\methods\method1	C:\data\yourdir	PRM_20251204_MarthaReselection_Plate_4_F8	Homo sapiens	Plasma	Plate_4	MarthaReselection	not available	not available	not available	not available	not available	not available	not available	not available	1	AC=EFO:0009656;NT=plasma	run 68	proteomics profiling by mass spectrometry	PRM_20251204_MarthaReselection_Plate_4_F8.RAW	PRM_20251204_MarthaReselection_Plate_4_F8.RAW	NT=Parallel Reaction Monitoring;AC=MS:1002956	AC=MS:1002038;NT=label free sample	1	NT=High-performance liquid chromatography;AC=PRIDE:0000565	1	AC=MS:1001251;NT=Trypsin	not available	NT=Stellar;AC=MS:1003409	NT=Carbamidomethyl;AC=UNIMOD:4;TA=C;MT=Fixed	NT=Higher-energy Collisional Dissociation;AC=MS:1000422	27 NCE	40 ppm	0.05 Da	F
PRM_20251204_MarthaReselection_Plate_4_F9	F	9	MRTH	69	RF9	0.1	C:\Xcalibur\methods\method1	C:\data\yourdir	PRM_20251204_MarthaReselection_Plate_4_F9	Homo sapiens	Plasma	Plate_4	MarthaReselection	not available	not available	not available	not available	not available	not available	not available	not available	1	AC=EFO:0009656;NT=plasma	run 69	proteomics profiling by mass spectrometry	PRM_20251204_MarthaReselection_Plate_4_F9.RAW	PRM_20251204_MarthaReselection_Plate_4_F9.RAW	NT=Parallel Reaction Monitoring;AC=MS:1002956	AC=MS:1002038;NT=label free sample	1	NT=High-performance liquid chromatography;AC=PRIDE:0000565	1	AC=MS:1001251;NT=Trypsin	not available	NT=Stellar;AC=MS:1003409	NT=Carbamidomethyl;AC=UNIMOD:4;TA=C;MT=Fixed	NT=Higher-energy Collisional Dissociation;AC=MS:1000422	27 NCE	40 ppm	0.05 Da	F
PRM_20251204_MarthaReselection_Plate_4_F10	F	10	MRTH	70	RF10	0.1	C:\Xcalibur\methods\method1	C:\data\yourdir	PRM_20251204_MarthaReselection_Plate_4_F10	Homo sapiens	Plasma	Plate_4	MarthaReselection	not available	not available	not available	not available	not available	not available	not available	not available	1	AC=EFO:0009656;NT=plasma	run 70	proteomics profiling by mass spectrometry	PRM_20251204_MarthaReselection_Plate_4_F10.RAW	PRM_20251204_MarthaReselection_Plate_4_F10.RAW	NT=Parallel Reaction Monitoring;AC=MS:1002956	AC=MS:1002038;NT=label free sample	1	NT=High-performance liquid chromatography;AC=PRIDE:0000565	1	AC=MS:1001251;NT=Trypsin	not available	NT=Stellar;AC=MS:1003409	NT=Carbamidomethyl;AC=UNIMOD:4;TA=C;MT=Fixed	NT=Higher-energy Collisional Dissociation;AC=MS:1000422	27 NCE	40 ppm	0.05 Da	F
PRM_20251204_MarthaReselection_Plate_4_F11	F	11	MRTH	71	RF11	0.1	C:\Xcalibur\methods\method1	C:\data\yourdir	PRM_20251204_MarthaReselection_Plate_4_F11	Homo sapiens	Plasma	Plate_4	MarthaReselection	not available	not available	not available	not available	not available	not available	not available	not available	1	AC=EFO:0009656;NT=plasma	run 71	proteomics profiling by mass spectrometry	PRM_20251204_MarthaReselection_Plate_4_F11.RAW	PRM_20251204_MarthaReselection_Plate_4_F11.RAW	NT=Parallel Reaction Monitoring;AC=MS:1002956	AC=MS:1002038;NT=label free sample	1	NT=High-performance liquid chromatography;AC=PRIDE:0000565	1	AC=MS:1001251;NT=Trypsin	not available	NT=Stellar;AC=MS:1003409	NT=Carbamidomethyl;AC=UNIMOD:4;TA=C;MT=Fixed	NT=Higher-energy Collisional Dissociation;AC=MS:1000422	27 NCE	40 ppm	0.05 Da	F
PRM_20251204_MarthaReselection_Plate_4_F12	F	12	Pool	72	RF12	0.1	C:\Xcalibur\methods\method1	C:\data\yourdir	PRM_20251204_MarthaReselection_Plate_4_F12	Homo sapiens	Plasma	Plate_4	MarthaReselection	not available	not available	not available	not available	not available	not available	not available	not available	1	AC=EFO:0009656;NT=plasma	run 72	proteomics profiling by mass spectrometry	PRM_20251204_MarthaReselection_Plate_4_F12.RAW	PRM_20251204_MarthaReselection_Plate_4_F12.RAW	NT=Parallel Reaction Monitoring;AC=MS:1002956	AC=MS:1002038;NT=label free sample	1	NT=High-performance liquid chromatography;AC=PRIDE:0000565	1	AC=MS:1001251;NT=Trypsin	not available	NT=Stellar;AC=MS:1003409	NT=Carbamidomethyl;AC=UNIMOD:4;TA=C;MT=Fixed	NT=Higher-energy Collisional Dissociation;AC=MS:1000422	27 NCE	40 ppm	0.05 Da	F
PRM_20251204_MarthaReselection_Plate_4_G1	G	1	MRTH	73	RG1	0.1	C:\Xcalibur\methods\method1	C:\data\yourdir	PRM_20251204_MarthaReselection_Plate_4_G1	Homo sapiens	Plasma	Plate_4	MarthaReselection	not available	not available	not available	not available	not available	not available	not available	not available	1	AC=EFO:0009656;NT=plasma	run 73	proteomics profiling by mass spectrometry	PRM_20251204_MarthaReselection_Plate_4_G1.RAW	PRM_20251204_MarthaReselection_Plate_4_G1.RAW	NT=Parallel Reaction Monitoring;AC=MS:1002956	AC=MS:1002038;NT=label free sample	1	NT=High-performance liquid chromatography;AC=PRIDE:0000565	1	AC=MS:1001251;NT=Trypsin	not available	NT=Stellar;AC=MS:1003409	NT=Carbamidomethyl;AC=UNIMOD:4;TA=C;MT=Fixed	NT=Higher-energy Collisional Dissociation;AC=MS:1000422	27 NCE	40 ppm	0.05 Da	G
PRM_20251204_MarthaReselection_Plate_4_G2	G	2	MRTH	74	RG2	0.1	C:\Xcalibur\methods\method1	C:\data\yourdir	PRM_20251204_MarthaReselection_Plate_4_G2	Homo sapiens	Plasma	Plate_4	MarthaReselection	not available	not available	not available	not available	not available	not available	not available	not available	1	AC=EFO:0009656;NT=plasma	run 74	proteomics profiling by mass spectrometry	PRM_20251204_MarthaReselection_Plate_4_G2.RAW	PRM_20251204_MarthaReselection_Plate_4_G2.RAW	NT=Parallel Reaction Monitoring;AC=MS:1002956	AC=MS:1002038;NT=label free sample	1	NT=High-performance liquid chromatography;AC=PRIDE:0000565	1	AC=MS:1001251;NT=Trypsin	not available	NT=Stellar;AC=MS:1003409	NT=Carbamidomethyl;AC=UNIMOD:4;TA=C;MT=Fixed	NT=Higher-energy Collisional Dissociation;AC=MS:1000422	27 NCE	40 ppm	0.05 Da	G
PRM_20251204_MarthaReselection_Plate_4_G3	G	3	MRTH	75	RG3	0.1	C:\Xcalibur\methods\method1	C:\data\yourdir	PRM_20251204_MarthaReselection_Plate_4_G3	Homo sapiens	Plasma	Plate_4	MarthaReselection	not available	not available	not available	not available	not available	not available	not available	not available	1	AC=EFO:0009656;NT=plasma	run 75	proteomics profiling by mass spectrometry	PRM_20251204_MarthaReselection_Plate_4_G3.RAW	PRM_20251204_MarthaReselection_Plate_4_G3.RAW	NT=Parallel Reaction Monitoring;AC=MS:1002956	AC=MS:1002038;NT=label free sample	1	NT=High-performance liquid chromatography;AC=PRIDE:0000565	1	AC=MS:1001251;NT=Trypsin	not available	NT=Stellar;AC=MS:1003409	NT=Carbamidomethyl;AC=UNIMOD:4;TA=C;MT=Fixed	NT=Higher-energy Collisional Dissociation;AC=MS:1000422	27 NCE	40 ppm	0.05 Da	G
PRM_20251204_MarthaReselection_Plate_4_G4	G	4	MRTH	76	RG4	0.1	C:\Xcalibur\methods\method1	C:\data\yourdir	PRM_20251204_MarthaReselection_Plate_4_G4	Homo sapiens	Plasma	Plate_4	MarthaReselection	not available	not available	not available	not available	not available	not available	not available	not available	1	AC=EFO:0009656;NT=plasma	run 76	proteomics profiling by mass spectrometry	PRM_20251204_MarthaReselection_Plate_4_G4.RAW	PRM_20251204_MarthaReselection_Plate_4_G4.RAW	NT=Parallel Reaction Monitoring;AC=MS:1002956	AC=MS:1002038;NT=label free sample	1	NT=High-performance liquid chromatography;AC=PRIDE:0000565	1	AC=MS:1001251;NT=Trypsin	not available	NT=Stellar;AC=MS:1003409	NT=Carbamidomethyl;AC=UNIMOD:4;TA=C;MT=Fixed	NT=Higher-energy Collisional Dissociation;AC=MS:1000422	27 NCE	40 ppm	0.05 Da	G
PRM_20251204_MarthaReselection_Plate_4_G5	G	5	MRTH	77	RG5	0.1	C:\Xcalibur\methods\method1	C:\data\yourdir	PRM_20251204_MarthaReselection_Plate_4_G5	Homo sapiens	Plasma	Plate_4	MarthaReselection	not available	not available	not available	not available	not available	not available	not available	not available	1	AC=EFO:0009656;NT=plasma	run 77	proteomics profiling by mass spectrometry	PRM_20251204_MarthaReselection_Plate_4_G5.RAW	PRM_20251204_MarthaReselection_Plate_4_G5.RAW	NT=Parallel Reaction Monitoring;AC=MS:1002956	AC=MS:1002038;NT=label free sample	1	NT=High-performance liquid chromatography;AC=PRIDE:0000565	1	AC=MS:1001251;NT=Trypsin	not available	NT=Stellar;AC=MS:1003409	NT=Carbamidomethyl;AC=UNIMOD:4;TA=C;MT=Fixed	NT=Higher-energy Collisional Dissociation;AC=MS:1000422	27 NCE	40 ppm	0.05 Da	G
PRM_20251204_MarthaReselection_Plate_4_G6	G	6	MRTH	78	RG6	0.1	C:\Xcalibur\methods\method1	C:\data\yourdir	PRM_20251204_MarthaReselection_Plate_4_G6	Homo sapiens	Plasma	Plate_4	MarthaReselection	not available	not available	not available	not available	not available	not available	not available	not available	1	AC=EFO:0009656;NT=plasma	run 78	proteomics profiling by mass spectrometry	PRM_20251204_MarthaReselection_Plate_4_G6.RAW	PRM_20251204_MarthaReselection_Plate_4_G6.RAW	NT=Parallel Reaction Monitoring;AC=MS:1002956	AC=MS:1002038;NT=label free sample	1	NT=High-performance liquid chromatography;AC=PRIDE:0000565	1	AC=MS:1001251;NT=Trypsin	not available	NT=Stellar;AC=MS:1003409	NT=Carbamidomethyl;AC=UNIMOD:4;TA=C;MT=Fixed	NT=Higher-energy Collisional Dissociation;AC=MS:1000422	27 NCE	40 ppm	0.05 Da	G
PRM_20251204_MarthaReselection_Plate_4_G7	G	7	MRTH	79	RG7	0.1	C:\Xcalibur\methods\method1	C:\data\yourdir	PRM_20251204_MarthaReselection_Plate_4_G7	Homo sapiens	Plasma	Plate_4	MarthaReselection	not available	not available	not available	not available	not available	not available	not available	not available	1	AC=EFO:0009656;NT=plasma	run 79	proteomics profiling by mass spectrometry	PRM_20251204_MarthaReselection_Plate_4_G7.RAW	PRM_20251204_MarthaReselection_Plate_4_G7.RAW	NT=Parallel Reaction Monitoring;AC=MS:1002956	AC=MS:1002038;NT=label free sample	1	NT=High-performance liquid chromatography;AC=PRIDE:0000565	1	AC=MS:1001251;NT=Trypsin	not available	NT=Stellar;AC=MS:1003409	NT=Carbamidomethyl;AC=UNIMOD:4;TA=C;MT=Fixed	NT=Higher-energy Collisional Dissociation;AC=MS:1000422	27 NCE	40 ppm	0.05 Da	G
PRM_20251204_MarthaReselection_Plate_4_G8	G	8	MRTH	80	RG8	0.1	C:\Xcalibur\methods\method1	C:\data\yourdir	PRM_20251204_MarthaReselection_Plate_4_G8	Homo sapiens	Plasma	Plate_4	MarthaReselection	not available	not available	not available	not available	not available	not available	not available	not available	1	AC=EFO:0009656;NT=plasma	run 80	proteomics profiling by mass spectrometry	PRM_20251204_MarthaReselection_Plate_4_G8.RAW	PRM_20251204_MarthaReselection_Plate_4_G8.RAW	NT=Parallel Reaction Monitoring;AC=MS:1002956	AC=MS:1002038;NT=label free sample	1	NT=High-performance liquid chromatography;AC=PRIDE:0000565	1	AC=MS:1001251;NT=Trypsin	not available	NT=Stellar;AC=MS:1003409	NT=Carbamidomethyl;AC=UNIMOD:4;TA=C;MT=Fixed	NT=Higher-energy Collisional Dissociation;AC=MS:1000422	27 NCE	40 ppm	0.05 Da	G
PRM_20251204_MarthaReselection_Plate_4_G9	G	9	MRTH	81	RG9	0.1	C:\Xcalibur\methods\method1	C:\data\yourdir	PRM_20251204_MarthaReselection_Plate_4_G9	Homo sapiens	Plasma	Plate_4	MarthaReselection	not available	not available	not available	not available	not available	not available	not available	not available	1	AC=EFO:0009656;NT=plasma	run 81	proteomics profiling by mass spectrometry	PRM_20251204_MarthaReselection_Plate_4_G9.RAW	PRM_20251204_MarthaReselection_Plate_4_G9.RAW	NT=Parallel Reaction Monitoring;AC=MS:1002956	AC=MS:1002038;NT=label free sample	1	NT=High-performance liquid chromatography;AC=PRIDE:0000565	1	AC=MS:1001251;NT=Trypsin	not available	NT=Stellar;AC=MS:1003409	NT=Carbamidomethyl;AC=UNIMOD:4;TA=C;MT=Fixed	NT=Higher-energy Collisional Dissociation;AC=MS:1000422	27 NCE	40 ppm	0.05 Da	G
PRM_20251204_MarthaReselection_Plate_4_G10	G	10	Pool	82	RG10	0.1	C:\Xcalibur\methods\method1	C:\data\yourdir	PRM_20251204_MarthaReselection_Plate_4_G10	Homo sapiens	Plasma	Plate_4	MarthaReselection	not available	not available	not available	not available	not available	not available	not available	not available	1	AC=EFO:0009656;NT=plasma	run 82	proteomics profiling by mass spectrometry	PRM_20251204_MarthaReselection_Plate_4_G10.RAW	PRM_20251204_MarthaReselection_Plate_4_G10.RAW	NT=Parallel Reaction Monitoring;AC=MS:1002956	AC=MS:1002038;NT=label free sample	1	NT=High-performance liquid chromatography;AC=PRIDE:0000565	1	AC=MS:1001251;NT=Trypsin	not available	NT=Stellar;AC=MS:1003409	NT=Carbamidomethyl;AC=UNIMOD:4;TA=C;MT=Fixed	NT=Higher-energy Collisional Dissociation;AC=MS:1000422	27 NCE	40 ppm	0.05 Da	G
PRM_20251204_MarthaReselection_Plate_4_G11	G	11	MRTH	83	RG11	0.1	C:\Xcalibur\methods\method1	C:\data\yourdir	PRM_20251204_MarthaReselection_Plate_4_G11	Homo sapiens	Plasma	Plate_4	MarthaReselection	not available	not available	not available	not available	not available	not available	not available	not available	1	AC=EFO:0009656;NT=plasma	run 83	proteomics profiling by mass spectrometry	PRM_20251204_MarthaReselection_Plate_4_G11.RAW	PRM_20251204_MarthaReselection_Plate_4_G11.RAW	NT=Parallel Reaction Monitoring;AC=MS:1002956	AC=MS:1002038;NT=label free sample	1	NT=High-performance liquid chromatography;AC=PRIDE:0000565	1	AC=MS:1001251;NT=Trypsin	not available	NT=Stellar;AC=MS:1003409	NT=Carbamidomethyl;AC=UNIMOD:4;TA=C;MT=Fixed	NT=Higher-energy Collisional Dissociation;AC=MS:1000422	27 NCE	40 ppm	0.05 Da	G
PRM_20251204_MarthaReselection_Plate_4_G12	G	12	Pool	84	RG12	0.1	C:\Xcalibur\methods\method1	C:\data\yourdir	PRM_20251204_MarthaReselection_Plate_4_G12	Homo sapiens	Plasma	Plate_4	MarthaReselection	not available	not available	not available	not available	not available	not available	not available	not available	1	AC=EFO:0009656;NT=plasma	run 84	proteomics profiling by mass spectrometry	PRM_20251204_MarthaReselection_Plate_4_G12.RAW	PRM_20251204_MarthaReselection_Plate_4_G12.RAW	NT=Parallel Reaction Monitoring;AC=MS:1002956	AC=MS:1002038;NT=label free sample	1	NT=High-performance liquid chromatography;AC=PRIDE:0000565	1	AC=MS:1001251;NT=Trypsin	not available	NT=Stellar;AC=MS:1003409	NT=Carbamidomethyl;AC=UNIMOD:4;TA=C;MT=Fixed	NT=Higher-energy Collisional Dissociation;AC=MS:1000422	27 NCE	40 ppm	0.05 Da	G
PRM_20251204_MarthaReselection_Plate_4_H1	H	1	MRTH	85	RH1	0.1	C:\Xcalibur\methods\method1	C:\data\yourdir	PRM_20251204_MarthaReselection_Plate_4_H1	Homo sapiens	Plasma	Plate_4	MarthaReselection	not available	not available	not available	not available	not available	not available	not available	not available	1	AC=EFO:0009656;NT=plasma	run 85	proteomics profiling by mass spectrometry	PRM_20251204_MarthaReselection_Plate_4_H1.RAW	PRM_20251204_MarthaReselection_Plate_4_H1.RAW	NT=Parallel Reaction Monitoring;AC=MS:1002956	AC=MS:1002038;NT=label free sample	1	NT=High-performance liquid chromatography;AC=PRIDE:0000565	1	AC=MS:1001251;NT=Trypsin	not available	NT=Stellar;AC=MS:1003409	NT=Carbamidomethyl;AC=UNIMOD:4;TA=C;MT=Fixed	NT=Higher-energy Collisional Dissociation;AC=MS:1000422	27 NCE	40 ppm	0.05 Da	H
PRM_20251204_MarthaReselection_Plate_4_H2	H	2	MRTH	86	RH2	0.1	C:\Xcalibur\methods\method1	C:\data\yourdir	PRM_20251204_MarthaReselection_Plate_4_H2	Homo sapiens	Plasma	Plate_4	MarthaReselection	not available	not available	not available	not available	not available	not available	not available	not available	1	AC=EFO:0009656;NT=plasma	run 86	proteomics profiling by mass spectrometry	PRM_20251204_MarthaReselection_Plate_4_H2.RAW	PRM_20251204_MarthaReselection_Plate_4_H2.RAW	NT=Parallel Reaction Monitoring;AC=MS:1002956	AC=MS:1002038;NT=label free sample	1	NT=High-performance liquid chromatography;AC=PRIDE:0000565	1	AC=MS:1001251;NT=Trypsin	not available	NT=Stellar;AC=MS:1003409	NT=Carbamidomethyl;AC=UNIMOD:4;TA=C;MT=Fixed	NT=Higher-energy Collisional Dissociation;AC=MS:1000422	27 NCE	40 ppm	0.05 Da	H
PRM_20251204_MarthaReselection_Plate_4_H3	H	3	MRTH	87	RH3	0.1	C:\Xcalibur\methods\method1	C:\data\yourdir	PRM_20251204_MarthaReselection_Plate_4_H3	Homo sapiens	Plasma	Plate_4	MarthaReselection	not available	not available	not available	not available	not available	not available	not available	not available	1	AC=EFO:0009656;NT=plasma	run 87	proteomics profiling by mass spectrometry	PRM_20251204_MarthaReselection_Plate_4_H3.RAW	PRM_20251204_MarthaReselection_Plate_4_H3.RAW	NT=Parallel Reaction Monitoring;AC=MS:1002956	AC=MS:1002038;NT=label free sample	1	NT=High-performance liquid chromatography;AC=PRIDE:0000565	1	AC=MS:1001251;NT=Trypsin	not available	NT=Stellar;AC=MS:1003409	NT=Carbamidomethyl;AC=UNIMOD:4;TA=C;MT=Fixed	NT=Higher-energy Collisional Dissociation;AC=MS:1000422	27 NCE	40 ppm	0.05 Da	H
PRM_20251204_MarthaReselection_Plate_4_H4	H	4	MRTH	88	RH4	0.1	C:\Xcalibur\methods\method1	C:\data\yourdir	PRM_20251204_MarthaReselection_Plate_4_H4	Homo sapiens	Plasma	Plate_4	MarthaReselection	not available	not available	not available	not available	not available	not available	not available	not available	1	AC=EFO:0009656;NT=plasma	run 88	proteomics profiling by mass spectrometry	PRM_20251204_MarthaReselection_Plate_4_H4.RAW	PRM_20251204_MarthaReselection_Plate_4_H4.RAW	NT=Parallel Reaction Monitoring;AC=MS:1002956	AC=MS:1002038;NT=label free sample	1	NT=High-performance liquid chromatography;AC=PRIDE:0000565	1	AC=MS:1001251;NT=Trypsin	not available	NT=Stellar;AC=MS:1003409	NT=Carbamidomethyl;AC=UNIMOD:4;TA=C;MT=Fixed	NT=Higher-energy Collisional Dissociation;AC=MS:1000422	27 NCE	40 ppm	0.05 Da	H
PRM_20251204_MarthaReselection_Plate_4_H5	H	5	MRTH	89	RH5	0.1	C:\Xcalibur\methods\method1	C:\data\yourdir	PRM_20251204_MarthaReselection_Plate_4_H5	Homo sapiens	Plasma	Plate_4	MarthaReselection	not available	not available	not available	not available	not available	not available	not available	not available	1	AC=EFO:0009656;NT=plasma	run 89	proteomics profiling by mass spectrometry	PRM_20251204_MarthaReselection_Plate_4_H5.RAW	PRM_20251204_MarthaReselection_Plate_4_H5.RAW	NT=Parallel Reaction Monitoring;AC=MS:1002956	AC=MS:1002038;NT=label free sample	1	NT=High-performance liquid chromatography;AC=PRIDE:0000565	1	AC=MS:1001251;NT=Trypsin	not available	NT=Stellar;AC=MS:1003409	NT=Carbamidomethyl;AC=UNIMOD:4;TA=C;MT=Fixed	NT=Higher-energy Collisional Dissociation;AC=MS:1000422	27 NCE	40 ppm	0.05 Da	H
PRM_20251204_MarthaReselection_Plate_4_H6	H	6	MRTH	90	RH6	0.1	C:\Xcalibur\methods\method1	C:\data\yourdir	PRM_20251204_MarthaReselection_Plate_4_H6	Homo sapiens	Plasma	Plate_4	MarthaReselection	not available	not available	not available	not available	not available	not available	not available	not available	1	AC=EFO:0009656;NT=plasma	run 90	proteomics profiling by mass spectrometry	PRM_20251204_MarthaReselection_Plate_4_H6.RAW	PRM_20251204_MarthaReselection_Plate_4_H6.RAW	NT=Parallel Reaction Monitoring;AC=MS:1002956	AC=MS:1002038;NT=label free sample	1	NT=High-performance liquid chromatography;AC=PRIDE:0000565	1	AC=MS:1001251;NT=Trypsin	not available	NT=Stellar;AC=MS:1003409	NT=Carbamidomethyl;AC=UNIMOD:4;TA=C;MT=Fixed	NT=Higher-energy Collisional Dissociation;AC=MS:1000422	27 NCE	40 ppm	0.05 Da	H
PRM_20251204_MarthaReselection_Plate_4_H7	H	7	MRTH	91	RH7	0.1	C:\Xcalibur\methods\method1	C:\data\yourdir	PRM_20251204_MarthaReselection_Plate_4_H7	Homo sapiens	Plasma	Plate_4	MarthaReselection	not available	not available	not available	not available	not available	not available	not available	not available	1	AC=EFO:0009656;NT=plasma	run 91	proteomics profiling by mass spectrometry	PRM_20251204_MarthaReselection_Plate_4_H7.RAW	PRM_20251204_MarthaReselection_Plate_4_H7.RAW	NT=Parallel Reaction Monitoring;AC=MS:1002956	AC=MS:1002038;NT=label free sample	1	NT=High-performance liquid chromatography;AC=PRIDE:0000565	1	AC=MS:1001251;NT=Trypsin	not available	NT=Stellar;AC=MS:1003409	NT=Carbamidomethyl;AC=UNIMOD:4;TA=C;MT=Fixed	NT=Higher-energy Collisional Dissociation;AC=MS:1000422	27 NCE	40 ppm	0.05 Da	H
PRM_20251204_MarthaReselection_Plate_4_H8	H	8	MRTH	92	RH8	0.1	C:\Xcalibur\methods\method1	C:\data\yourdir	PRM_20251204_MarthaReselection_Plate_4_H8	Homo sapiens	Plasma	Plate_4	MarthaReselection	not available	not available	not available	not available	not available	not available	not available	not available	1	AC=EFO:0009656;NT=plasma	run 92	proteomics profiling by mass spectrometry	PRM_20251204_MarthaReselection_Plate_4_H8.RAW	PRM_20251204_MarthaReselection_Plate_4_H8.RAW	NT=Parallel Reaction Monitoring;AC=MS:1002956	AC=MS:1002038;NT=label free sample	1	NT=High-performance liquid chromatography;AC=PRIDE:0000565	1	AC=MS:1001251;NT=Trypsin	not available	NT=Stellar;AC=MS:1003409	NT=Carbamidomethyl;AC=UNIMOD:4;TA=C;MT=Fixed	NT=Higher-energy Collisional Dissociation;AC=MS:1000422	27 NCE	40 ppm	0.05 Da	H
PRM_20251204_MarthaReselection_Plate_4_H9	H	9	MRTH	93	RH9	0.1	C:\Xcalibur\methods\method1	C:\data\yourdir	PRM_20251204_MarthaReselection_Plate_4_H9	Homo sapiens	Plasma	Plate_4	MarthaReselection	not available	not available	not available	not available	not available	not available	not available	not available	1	AC=EFO:0009656;NT=plasma	run 93	proteomics profiling by mass spectrometry	PRM_20251204_MarthaReselection_Plate_4_H9.RAW	PRM_20251204_MarthaReselection_Plate_4_H9.RAW	NT=Parallel Reaction Monitoring;AC=MS:1002956	AC=MS:1002038;NT=label free sample	1	NT=High-performance liquid chromatography;AC=PRIDE:0000565	1	AC=MS:1001251;NT=Trypsin	not available	NT=Stellar;AC=MS:1003409	NT=Carbamidomethyl;AC=UNIMOD:4;TA=C;MT=Fixed	NT=Higher-energy Collisional Dissociation;AC=MS:1000422	27 NCE	40 ppm	0.05 Da	H
PRM_20251204_MarthaReselection_Plate_4_H10	H	10	MRTH	94	RH10	0.1	C:\Xcalibur\methods\method1	C:\data\yourdir	PRM_20251204_MarthaReselection_Plate_4_H10	Homo sapiens	Plasma	Plate_4	MarthaReselection	not available	not available	not available	not available	not available	not available	not available	not available	1	AC=EFO:0009656;NT=plasma	run 94	proteomics profiling by mass spectrometry	PRM_20251204_MarthaReselection_Plate_4_H10.RAW	PRM_20251204_MarthaReselection_Plate_4_H10.RAW	NT=Parallel Reaction Monitoring;AC=MS:1002956	AC=MS:1002038;NT=label free sample	1	NT=High-performance liquid chromatography;AC=PRIDE:0000565	1	AC=MS:1001251;NT=Trypsin	not available	NT=Stellar;AC=MS:1003409	NT=Carbamidomethyl;AC=UNIMOD:4;TA=C;MT=Fixed	NT=Higher-energy Collisional Dissociation;AC=MS:1000422	27 NCE	40 ppm	0.05 Da	H
PRM_20251204_MarthaReselection_Plate_4_H11	H	11	MRTH	95	RH11	0.1	C:\Xcalibur\methods\method1	C:\data\yourdir	PRM_20251204_MarthaReselection_Plate_4_H11	Homo sapiens	Plasma	Plate_4	MarthaReselection	not available	not available	not available	not available	not available	not available	not available	not available	1	AC=EFO:0009656;NT=plasma	run 95	proteomics profiling by mass spectrometry	PRM_20251204_MarthaReselection_Plate_4_H11.RAW	PRM_20251204_MarthaReselection_Plate_4_H11.RAW	NT=Parallel Reaction Monitoring;AC=MS:1002956	AC=MS:1002038;NT=label free sample	1	NT=High-performance liquid chromatography;AC=PRIDE:0000565	1	AC=MS:1001251;NT=Trypsin	not available	NT=Stellar;AC=MS:1003409	NT=Carbamidomethyl;AC=UNIMOD:4;TA=C;MT=Fixed	NT=Higher-energy Collisional Dissociation;AC=MS:1000422	27 NCE	40 ppm	0.05 Da	H
PRM_20251204_MarthaReselection_Plate_4_H12	H	12	Pool	96	RH12	0.1	C:\Xcalibur\methods\method1	C:\data\yourdir	PRM_20251204_MarthaReselection_Plate_4_H12	Homo sapiens	Plasma	Plate_4	MarthaReselection	not available	not available	not available	not available	not available	not available	not available	not available	1	AC=EFO:0009656;NT=plasma	run 96	proteomics profiling by mass spectrometry	PRM_20251204_MarthaReselection_Plate_4_H12.RAW	PRM_20251204_MarthaReselection_Plate_4_H12.RAW	NT=Parallel Reaction Monitoring;AC=MS:1002956	AC=MS:1002038;NT=label free sample	1	NT=High-performance liquid chromatography;AC=PRIDE:0000565	1	AC=MS:1001251;NT=Trypsin	not available	NT=Stellar;AC=MS:1003409	NT=Carbamidomethyl;AC=UNIMOD:4;TA=C;MT=Fixed	NT=Higher-energy Collisional Dissociation;AC=MS:1000422	27 NCE	40 ppm	0.05 Da	H
PRM_20251207_MarthaReselection_Plate_5_A1	A	1	MRTH	1	RA1	0.1	C:\Xcalibur\methods\method1	C:\data\yourdir	PRM_20251207_MarthaReselection_Plate_5_A1	Homo sapiens	Plasma	Plate_5	MarthaReselection	not available	not available	not available	not available	not available	not available	not available	not available	1	AC=EFO:0009656;NT=plasma	run 1	proteomics profiling by mass spectrometry	PRM_20251207_MarthaReselection_Plate_5_A1.RAW	PRM_20251207_MarthaReselection_Plate_5_A1.RAW	NT=Parallel Reaction Monitoring;AC=MS:1002956	AC=MS:1002038;NT=label free sample	1	NT=High-performance liquid chromatography;AC=PRIDE:0000565	1	AC=MS:1001251;NT=Trypsin	not available	NT=Stellar;AC=MS:1003409	NT=Carbamidomethyl;AC=UNIMOD:4;TA=C;MT=Fixed	NT=Higher-energy Collisional Dissociation;AC=MS:1000422	27 NCE	40 ppm	0.05 Da	A
PRM_20251207_MarthaReselection_Plate_5_A2	A	2	MRTH	2	RA2	0.1	C:\Xcalibur\methods\method1	C:\data\yourdir	PRM_20251207_MarthaReselection_Plate_5_A2	Homo sapiens	Plasma	Plate_5	MarthaReselection	not available	not available	not available	not available	not available	not available	not available	not available	1	AC=EFO:0009656;NT=plasma	run 2	proteomics profiling by mass spectrometry	PRM_20251207_MarthaReselection_Plate_5_A2.RAW	PRM_20251207_MarthaReselection_Plate_5_A2.RAW	NT=Parallel Reaction Monitoring;AC=MS:1002956	AC=MS:1002038;NT=label free sample	1	NT=High-performance liquid chromatography;AC=PRIDE:0000565	1	AC=MS:1001251;NT=Trypsin	not available	NT=Stellar;AC=MS:1003409	NT=Carbamidomethyl;AC=UNIMOD:4;TA=C;MT=Fixed	NT=Higher-energy Collisional Dissociation;AC=MS:1000422	27 NCE	40 ppm	0.05 Da	A
PRM_20251207_MarthaReselection_Plate_5_A3	A	3	MRTH	3	RA3	0.1	C:\Xcalibur\methods\method1	C:\data\yourdir	PRM_20251207_MarthaReselection_Plate_5_A3	Homo sapiens	Plasma	Plate_5	MarthaReselection	not available	not available	not available	not available	not available	not available	not available	not available	1	AC=EFO:0009656;NT=plasma	run 3	proteomics profiling by mass spectrometry	PRM_20251207_MarthaReselection_Plate_5_A3.RAW	PRM_20251207_MarthaReselection_Plate_5_A3.RAW	NT=Parallel Reaction Monitoring;AC=MS:1002956	AC=MS:1002038;NT=label free sample	1	NT=High-performance liquid chromatography;AC=PRIDE:0000565	1	AC=MS:1001251;NT=Trypsin	not available	NT=Stellar;AC=MS:1003409	NT=Carbamidomethyl;AC=UNIMOD:4;TA=C;MT=Fixed	NT=Higher-energy Collisional Dissociation;AC=MS:1000422	27 NCE	40 ppm	0.05 Da	A
PRM_20251207_MarthaReselection_Plate_5_A4	A	4	MRTH	4	RA4	0.1	C:\Xcalibur\methods\method1	C:\data\yourdir	PRM_20251207_MarthaReselection_Plate_5_A4	Homo sapiens	Plasma	Plate_5	MarthaReselection	not available	not available	not available	not available	not available	not available	not available	not available	1	AC=EFO:0009656;NT=plasma	run 4	proteomics profiling by mass spectrometry	PRM_20251207_MarthaReselection_Plate_5_A4.RAW	PRM_20251207_MarthaReselection_Plate_5_A4.RAW	NT=Parallel Reaction Monitoring;AC=MS:1002956	AC=MS:1002038;NT=label free sample	1	NT=High-performance liquid chromatography;AC=PRIDE:0000565	1	AC=MS:1001251;NT=Trypsin	not available	NT=Stellar;AC=MS:1003409	NT=Carbamidomethyl;AC=UNIMOD:4;TA=C;MT=Fixed	NT=Higher-energy Collisional Dissociation;AC=MS:1000422	27 NCE	40 ppm	0.05 Da	A
PRM_20251207_MarthaReselection_Plate_5_A5	A	5	MRTH	5	RA5	0.1	C:\Xcalibur\methods\method1	C:\data\yourdir	PRM_20251207_MarthaReselection_Plate_5_A5	Homo sapiens	Plasma	Plate_5	MarthaReselection	not available	not available	not available	not available	not available	not available	not available	not available	1	AC=EFO:0009656;NT=plasma	run 5	proteomics profiling by mass spectrometry	PRM_20251207_MarthaReselection_Plate_5_A5.RAW	PRM_20251207_MarthaReselection_Plate_5_A5.RAW	NT=Parallel Reaction Monitoring;AC=MS:1002956	AC=MS:1002038;NT=label free sample	1	NT=High-performance liquid chromatography;AC=PRIDE:0000565	1	AC=MS:1001251;NT=Trypsin	not available	NT=Stellar;AC=MS:1003409	NT=Carbamidomethyl;AC=UNIMOD:4;TA=C;MT=Fixed	NT=Higher-energy Collisional Dissociation;AC=MS:1000422	27 NCE	40 ppm	0.05 Da	A
PRM_20251207_MarthaReselection_Plate_5_A6	A	6	MRTH	6	RA6	0.1	C:\Xcalibur\methods\method1	C:\data\yourdir	PRM_20251207_MarthaReselection_Plate_5_A6	Homo sapiens	Plasma	Plate_5	MarthaReselection	not available	not available	not available	not available	not available	not available	not available	not available	1	AC=EFO:0009656;NT=plasma	run 6	proteomics profiling by mass spectrometry	PRM_20251207_MarthaReselection_Plate_5_A6.RAW	PRM_20251207_MarthaReselection_Plate_5_A6.RAW	NT=Parallel Reaction Monitoring;AC=MS:1002956	AC=MS:1002038;NT=label free sample	1	NT=High-performance liquid chromatography;AC=PRIDE:0000565	1	AC=MS:1001251;NT=Trypsin	not available	NT=Stellar;AC=MS:1003409	NT=Carbamidomethyl;AC=UNIMOD:4;TA=C;MT=Fixed	NT=Higher-energy Collisional Dissociation;AC=MS:1000422	27 NCE	40 ppm	0.05 Da	A
PRM_20251207_MarthaReselection_Plate_5_A7	A	7	MRTH	7	RA7	0.1	C:\Xcalibur\methods\method1	C:\data\yourdir	PRM_20251207_MarthaReselection_Plate_5_A7	Homo sapiens	Plasma	Plate_5	MarthaReselection	not available	not available	not available	not available	not available	not available	not available	not available	1	AC=EFO:0009656;NT=plasma	run 7	proteomics profiling by mass spectrometry	PRM_20251207_MarthaReselection_Plate_5_A7.RAW	PRM_20251207_MarthaReselection_Plate_5_A7.RAW	NT=Parallel Reaction Monitoring;AC=MS:1002956	AC=MS:1002038;NT=label free sample	1	NT=High-performance liquid chromatography;AC=PRIDE:0000565	1	AC=MS:1001251;NT=Trypsin	not available	NT=Stellar;AC=MS:1003409	NT=Carbamidomethyl;AC=UNIMOD:4;TA=C;MT=Fixed	NT=Higher-energy Collisional Dissociation;AC=MS:1000422	27 NCE	40 ppm	0.05 Da	A
PRM_20251207_MarthaReselection_Plate_5_A8	A	8	MRTH	8	RA8	0.1	C:\Xcalibur\methods\method1	C:\data\yourdir	PRM_20251207_MarthaReselection_Plate_5_A8	Homo sapiens	Plasma	Plate_5	MarthaReselection	not available	not available	not available	not available	not available	not available	not available	not available	1	AC=EFO:0009656;NT=plasma	run 8	proteomics profiling by mass spectrometry	PRM_20251207_MarthaReselection_Plate_5_A8.RAW	PRM_20251207_MarthaReselection_Plate_5_A8.RAW	NT=Parallel Reaction Monitoring;AC=MS:1002956	AC=MS:1002038;NT=label free sample	1	NT=High-performance liquid chromatography;AC=PRIDE:0000565	1	AC=MS:1001251;NT=Trypsin	not available	NT=Stellar;AC=MS:1003409	NT=Carbamidomethyl;AC=UNIMOD:4;TA=C;MT=Fixed	NT=Higher-energy Collisional Dissociation;AC=MS:1000422	27 NCE	40 ppm	0.05 Da	A
PRM_20251207_MarthaReselection_Plate_5_A9	A	9	MRTH	9	RA9	0.1	C:\Xcalibur\methods\method1	C:\data\yourdir	PRM_20251207_MarthaReselection_Plate_5_A9	Homo sapiens	Plasma	Plate_5	MarthaReselection	not available	not available	not available	not available	not available	not available	not available	not available	1	AC=EFO:0009656;NT=plasma	run 9	proteomics profiling by mass spectrometry	PRM_20251207_MarthaReselection_Plate_5_A9.RAW	PRM_20251207_MarthaReselection_Plate_5_A9.RAW	NT=Parallel Reaction Monitoring;AC=MS:1002956	AC=MS:1002038;NT=label free sample	1	NT=High-performance liquid chromatography;AC=PRIDE:0000565	1	AC=MS:1001251;NT=Trypsin	not available	NT=Stellar;AC=MS:1003409	NT=Carbamidomethyl;AC=UNIMOD:4;TA=C;MT=Fixed	NT=Higher-energy Collisional Dissociation;AC=MS:1000422	27 NCE	40 ppm	0.05 Da	A
PRM_20251207_MarthaReselection_Plate_5_A10	A	10	MRTH	10	RA10	0.1	C:\Xcalibur\methods\method1	C:\data\yourdir	PRM_20251207_MarthaReselection_Plate_5_A10	Homo sapiens	Plasma	Plate_5	MarthaReselection	not available	not available	not available	not available	not available	not available	not available	not available	1	AC=EFO:0009656;NT=plasma	run 10	proteomics profiling by mass spectrometry	PRM_20251207_MarthaReselection_Plate_5_A10.RAW	PRM_20251207_MarthaReselection_Plate_5_A10.RAW	NT=Parallel Reaction Monitoring;AC=MS:1002956	AC=MS:1002038;NT=label free sample	1	NT=High-performance liquid chromatography;AC=PRIDE:0000565	1	AC=MS:1001251;NT=Trypsin	not available	NT=Stellar;AC=MS:1003409	NT=Carbamidomethyl;AC=UNIMOD:4;TA=C;MT=Fixed	NT=Higher-energy Collisional Dissociation;AC=MS:1000422	27 NCE	40 ppm	0.05 Da	A
PRM_20251207_MarthaReselection_Plate_5_A11	A	11	MRTH	11	RA11	0.1	C:\Xcalibur\methods\method1	C:\data\yourdir	PRM_20251207_MarthaReselection_Plate_5_A11	Homo sapiens	Plasma	Plate_5	MarthaReselection	not available	not available	not available	not available	not available	not available	not available	not available	1	AC=EFO:0009656;NT=plasma	run 11	proteomics profiling by mass spectrometry	PRM_20251207_MarthaReselection_Plate_5_A11.RAW	PRM_20251207_MarthaReselection_Plate_5_A11.RAW	NT=Parallel Reaction Monitoring;AC=MS:1002956	AC=MS:1002038;NT=label free sample	1	NT=High-performance liquid chromatography;AC=PRIDE:0000565	1	AC=MS:1001251;NT=Trypsin	not available	NT=Stellar;AC=MS:1003409	NT=Carbamidomethyl;AC=UNIMOD:4;TA=C;MT=Fixed	NT=Higher-energy Collisional Dissociation;AC=MS:1000422	27 NCE	40 ppm	0.05 Da	A
PRM_20251207_MarthaReselection_Plate_5_A12	A	12	MRTH	12	RA12	0.1	C:\Xcalibur\methods\method1	C:\data\yourdir	PRM_20251207_MarthaReselection_Plate_5_A12	Homo sapiens	Plasma	Plate_5	MarthaReselection	not available	not available	not available	not available	not available	not available	not available	not available	1	AC=EFO:0009656;NT=plasma	run 12	proteomics profiling by mass spectrometry	PRM_20251207_MarthaReselection_Plate_5_A12.RAW	PRM_20251207_MarthaReselection_Plate_5_A12.RAW	NT=Parallel Reaction Monitoring;AC=MS:1002956	AC=MS:1002038;NT=label free sample	1	NT=High-performance liquid chromatography;AC=PRIDE:0000565	1	AC=MS:1001251;NT=Trypsin	not available	NT=Stellar;AC=MS:1003409	NT=Carbamidomethyl;AC=UNIMOD:4;TA=C;MT=Fixed	NT=Higher-energy Collisional Dissociation;AC=MS:1000422	27 NCE	40 ppm	0.05 Da	A
PRM_20251207_MarthaReselection_Plate_5_B1	B	1	MRTH	13	RB1	0.1	C:\Xcalibur\methods\method1	C:\data\yourdir	PRM_20251207_MarthaReselection_Plate_5_B1	Homo sapiens	Plasma	Plate_5	MarthaReselection	not available	not available	not available	not available	not available	not available	not available	not available	1	AC=EFO:0009656;NT=plasma	run 13	proteomics profiling by mass spectrometry	PRM_20251207_MarthaReselection_Plate_5_B1.RAW	PRM_20251207_MarthaReselection_Plate_5_B1.RAW	NT=Parallel Reaction Monitoring;AC=MS:1002956	AC=MS:1002038;NT=label free sample	1	NT=High-performance liquid chromatography;AC=PRIDE:0000565	1	AC=MS:1001251;NT=Trypsin	not available	NT=Stellar;AC=MS:1003409	NT=Carbamidomethyl;AC=UNIMOD:4;TA=C;MT=Fixed	NT=Higher-energy Collisional Dissociation;AC=MS:1000422	27 NCE	40 ppm	0.05 Da	B
PRM_20251207_MarthaReselection_Plate_5_B2	B	2	MRTH	14	RB2	0.1	C:\Xcalibur\methods\method1	C:\data\yourdir	PRM_20251207_MarthaReselection_Plate_5_B2	Homo sapiens	Plasma	Plate_5	MarthaReselection	not available	not available	not available	not available	not available	not available	not available	not available	1	AC=EFO:0009656;NT=plasma	run 14	proteomics profiling by mass spectrometry	PRM_20251207_MarthaReselection_Plate_5_B2.RAW	PRM_20251207_MarthaReselection_Plate_5_B2.RAW	NT=Parallel Reaction Monitoring;AC=MS:1002956	AC=MS:1002038;NT=label free sample	1	NT=High-performance liquid chromatography;AC=PRIDE:0000565	1	AC=MS:1001251;NT=Trypsin	not available	NT=Stellar;AC=MS:1003409	NT=Carbamidomethyl;AC=UNIMOD:4;TA=C;MT=Fixed	NT=Higher-energy Collisional Dissociation;AC=MS:1000422	27 NCE	40 ppm	0.05 Da	B
PRM_20251207_MarthaReselection_Plate_5_B3	B	3	MRTH	15	RB3	0.1	C:\Xcalibur\methods\method1	C:\data\yourdir	PRM_20251207_MarthaReselection_Plate_5_B3	Homo sapiens	Plasma	Plate_5	MarthaReselection	not available	not available	not available	not available	not available	not available	not available	not available	1	AC=EFO:0009656;NT=plasma	run 15	proteomics profiling by mass spectrometry	PRM_20251207_MarthaReselection_Plate_5_B3.RAW	PRM_20251207_MarthaReselection_Plate_5_B3.RAW	NT=Parallel Reaction Monitoring;AC=MS:1002956	AC=MS:1002038;NT=label free sample	1	NT=High-performance liquid chromatography;AC=PRIDE:0000565	1	AC=MS:1001251;NT=Trypsin	not available	NT=Stellar;AC=MS:1003409	NT=Carbamidomethyl;AC=UNIMOD:4;TA=C;MT=Fixed	NT=Higher-energy Collisional Dissociation;AC=MS:1000422	27 NCE	40 ppm	0.05 Da	B
PRM_20251207_MarthaReselection_Plate_5_B4	B	4	MRTH	16	RB4	0.1	C:\Xcalibur\methods\method1	C:\data\yourdir	PRM_20251207_MarthaReselection_Plate_5_B4	Homo sapiens	Plasma	Plate_5	MarthaReselection	not available	not available	not available	not available	not available	not available	not available	not available	1	AC=EFO:0009656;NT=plasma	run 16	proteomics profiling by mass spectrometry	PRM_20251207_MarthaReselection_Plate_5_B4.RAW	PRM_20251207_MarthaReselection_Plate_5_B4.RAW	NT=Parallel Reaction Monitoring;AC=MS:1002956	AC=MS:1002038;NT=label free sample	1	NT=High-performance liquid chromatography;AC=PRIDE:0000565	1	AC=MS:1001251;NT=Trypsin	not available	NT=Stellar;AC=MS:1003409	NT=Carbamidomethyl;AC=UNIMOD:4;TA=C;MT=Fixed	NT=Higher-energy Collisional Dissociation;AC=MS:1000422	27 NCE	40 ppm	0.05 Da	B
PRM_20251207_MarthaReselection_Plate_5_B5	B	5	MRTH	17	RB5	0.1	C:\Xcalibur\methods\method1	C:\data\yourdir	PRM_20251207_MarthaReselection_Plate_5_B5	Homo sapiens	Plasma	Plate_5	MarthaReselection	not available	not available	not available	not available	not available	not available	not available	not available	1	AC=EFO:0009656;NT=plasma	run 17	proteomics profiling by mass spectrometry	PRM_20251207_MarthaReselection_Plate_5_B5.RAW	PRM_20251207_MarthaReselection_Plate_5_B5.RAW	NT=Parallel Reaction Monitoring;AC=MS:1002956	AC=MS:1002038;NT=label free sample	1	NT=High-performance liquid chromatography;AC=PRIDE:0000565	1	AC=MS:1001251;NT=Trypsin	not available	NT=Stellar;AC=MS:1003409	NT=Carbamidomethyl;AC=UNIMOD:4;TA=C;MT=Fixed	NT=Higher-energy Collisional Dissociation;AC=MS:1000422	27 NCE	40 ppm	0.05 Da	B
PRM_20251207_MarthaReselection_Plate_5_B6	B	6	MRTH	18	RB6	0.1	C:\Xcalibur\methods\method1	C:\data\yourdir	PRM_20251207_MarthaReselection_Plate_5_B6	Homo sapiens	Plasma	Plate_5	MarthaReselection	not available	not available	not available	not available	not available	not available	not available	not available	1	AC=EFO:0009656;NT=plasma	run 18	proteomics profiling by mass spectrometry	PRM_20251207_MarthaReselection_Plate_5_B6.RAW	PRM_20251207_MarthaReselection_Plate_5_B6.RAW	NT=Parallel Reaction Monitoring;AC=MS:1002956	AC=MS:1002038;NT=label free sample	1	NT=High-performance liquid chromatography;AC=PRIDE:0000565	1	AC=MS:1001251;NT=Trypsin	not available	NT=Stellar;AC=MS:1003409	NT=Carbamidomethyl;AC=UNIMOD:4;TA=C;MT=Fixed	NT=Higher-energy Collisional Dissociation;AC=MS:1000422	27 NCE	40 ppm	0.05 Da	B
PRM_20251207_MarthaReselection_Plate_5_B7	B	7	MRTH	19	RB7	0.1	C:\Xcalibur\methods\method1	C:\data\yourdir	PRM_20251207_MarthaReselection_Plate_5_B7	Homo sapiens	Plasma	Plate_5	MarthaReselection	not available	not available	not available	not available	not available	not available	not available	not available	1	AC=EFO:0009656;NT=plasma	run 19	proteomics profiling by mass spectrometry	PRM_20251207_MarthaReselection_Plate_5_B7.RAW	PRM_20251207_MarthaReselection_Plate_5_B7.RAW	NT=Parallel Reaction Monitoring;AC=MS:1002956	AC=MS:1002038;NT=label free sample	1	NT=High-performance liquid chromatography;AC=PRIDE:0000565	1	AC=MS:1001251;NT=Trypsin	not available	NT=Stellar;AC=MS:1003409	NT=Carbamidomethyl;AC=UNIMOD:4;TA=C;MT=Fixed	NT=Higher-energy Collisional Dissociation;AC=MS:1000422	27 NCE	40 ppm	0.05 Da	B
PRM_20251207_MarthaReselection_Plate_5_B8	B	8	MRTH	20	RB8	0.1	C:\Xcalibur\methods\method1	C:\data\yourdir	PRM_20251207_MarthaReselection_Plate_5_B8	Homo sapiens	Plasma	Plate_5	MarthaReselection	not available	not available	not available	not available	not available	not available	not available	not available	1	AC=EFO:0009656;NT=plasma	run 20	proteomics profiling by mass spectrometry	PRM_20251207_MarthaReselection_Plate_5_B8.RAW	PRM_20251207_MarthaReselection_Plate_5_B8.RAW	NT=Parallel Reaction Monitoring;AC=MS:1002956	AC=MS:1002038;NT=label free sample	1	NT=High-performance liquid chromatography;AC=PRIDE:0000565	1	AC=MS:1001251;NT=Trypsin	not available	NT=Stellar;AC=MS:1003409	NT=Carbamidomethyl;AC=UNIMOD:4;TA=C;MT=Fixed	NT=Higher-energy Collisional Dissociation;AC=MS:1000422	27 NCE	40 ppm	0.05 Da	B
PRM_20251207_MarthaReselection_Plate_5_B9	B	9	MRTH	21	RB9	0.1	C:\Xcalibur\methods\method1	C:\data\yourdir	PRM_20251207_MarthaReselection_Plate_5_B9	Homo sapiens	Plasma	Plate_5	MarthaReselection	not available	not available	not available	not available	not available	not available	not available	not available	1	AC=EFO:0009656;NT=plasma	run 21	proteomics profiling by mass spectrometry	PRM_20251207_MarthaReselection_Plate_5_B9.RAW	PRM_20251207_MarthaReselection_Plate_5_B9.RAW	NT=Parallel Reaction Monitoring;AC=MS:1002956	AC=MS:1002038;NT=label free sample	1	NT=High-performance liquid chromatography;AC=PRIDE:0000565	1	AC=MS:1001251;NT=Trypsin	not available	NT=Stellar;AC=MS:1003409	NT=Carbamidomethyl;AC=UNIMOD:4;TA=C;MT=Fixed	NT=Higher-energy Collisional Dissociation;AC=MS:1000422	27 NCE	40 ppm	0.05 Da	B
PRM_20251207_MarthaReselection_Plate_5_B10	B	10	MRTH	22	RB10	0.1	C:\Xcalibur\methods\method1	C:\data\yourdir	PRM_20251207_MarthaReselection_Plate_5_B10	Homo sapiens	Plasma	Plate_5	MarthaReselection	not available	not available	not available	not available	not available	not available	not available	not available	1	AC=EFO:0009656;NT=plasma	run 22	proteomics profiling by mass spectrometry	PRM_20251207_MarthaReselection_Plate_5_B10.RAW	PRM_20251207_MarthaReselection_Plate_5_B10.RAW	NT=Parallel Reaction Monitoring;AC=MS:1002956	AC=MS:1002038;NT=label free sample	1	NT=High-performance liquid chromatography;AC=PRIDE:0000565	1	AC=MS:1001251;NT=Trypsin	not available	NT=Stellar;AC=MS:1003409	NT=Carbamidomethyl;AC=UNIMOD:4;TA=C;MT=Fixed	NT=Higher-energy Collisional Dissociation;AC=MS:1000422	27 NCE	40 ppm	0.05 Da	B
PRM_20251207_MarthaReselection_Plate_5_B11	B	11	MRTH	23	RB11	0.1	C:\Xcalibur\methods\method1	C:\data\yourdir	PRM_20251207_MarthaReselection_Plate_5_B11	Homo sapiens	Plasma	Plate_5	MarthaReselection	not available	not available	not available	not available	not available	not available	not available	not available	1	AC=EFO:0009656;NT=plasma	run 23	proteomics profiling by mass spectrometry	PRM_20251207_MarthaReselection_Plate_5_B11.RAW	PRM_20251207_MarthaReselection_Plate_5_B11.RAW	NT=Parallel Reaction Monitoring;AC=MS:1002956	AC=MS:1002038;NT=label free sample	1	NT=High-performance liquid chromatography;AC=PRIDE:0000565	1	AC=MS:1001251;NT=Trypsin	not available	NT=Stellar;AC=MS:1003409	NT=Carbamidomethyl;AC=UNIMOD:4;TA=C;MT=Fixed	NT=Higher-energy Collisional Dissociation;AC=MS:1000422	27 NCE	40 ppm	0.05 Da	B
PRM_20251207_MarthaReselection_Plate_5_B12	B	12	MRTH	24	RB12	0.1	C:\Xcalibur\methods\method1	C:\data\yourdir	PRM_20251207_MarthaReselection_Plate_5_B12	Homo sapiens	Plasma	Plate_5	MarthaReselection	not available	not available	not available	not available	not available	not available	not available	not available	1	AC=EFO:0009656;NT=plasma	run 24	proteomics profiling by mass spectrometry	PRM_20251207_MarthaReselection_Plate_5_B12.RAW	PRM_20251207_MarthaReselection_Plate_5_B12.RAW	NT=Parallel Reaction Monitoring;AC=MS:1002956	AC=MS:1002038;NT=label free sample	1	NT=High-performance liquid chromatography;AC=PRIDE:0000565	1	AC=MS:1001251;NT=Trypsin	not available	NT=Stellar;AC=MS:1003409	NT=Carbamidomethyl;AC=UNIMOD:4;TA=C;MT=Fixed	NT=Higher-energy Collisional Dissociation;AC=MS:1000422	27 NCE	40 ppm	0.05 Da	B
PRM_20251207_MarthaReselection_Plate_5_C1	C	1	MRTH	25	RC1	0.1	C:\Xcalibur\methods\method1	C:\data\yourdir	PRM_20251207_MarthaReselection_Plate_5_C1	Homo sapiens	Plasma	Plate_5	MarthaReselection	not available	not available	not available	not available	not available	not available	not available	not available	1	AC=EFO:0009656;NT=plasma	run 25	proteomics profiling by mass spectrometry	PRM_20251207_MarthaReselection_Plate_5_C1.RAW	PRM_20251207_MarthaReselection_Plate_5_C1.RAW	NT=Parallel Reaction Monitoring;AC=MS:1002956	AC=MS:1002038;NT=label free sample	1	NT=High-performance liquid chromatography;AC=PRIDE:0000565	1	AC=MS:1001251;NT=Trypsin	not available	NT=Stellar;AC=MS:1003409	NT=Carbamidomethyl;AC=UNIMOD:4;TA=C;MT=Fixed	NT=Higher-energy Collisional Dissociation;AC=MS:1000422	27 NCE	40 ppm	0.05 Da	C
PRM_20251207_MarthaReselection_Plate_5_C2	C	2	MRTH	26	RC2	0.1	C:\Xcalibur\methods\method1	C:\data\yourdir	PRM_20251207_MarthaReselection_Plate_5_C2	Homo sapiens	Plasma	Plate_5	MarthaReselection	not available	not available	not available	not available	not available	not available	not available	not available	1	AC=EFO:0009656;NT=plasma	run 26	proteomics profiling by mass spectrometry	PRM_20251207_MarthaReselection_Plate_5_C2.RAW	PRM_20251207_MarthaReselection_Plate_5_C2.RAW	NT=Parallel Reaction Monitoring;AC=MS:1002956	AC=MS:1002038;NT=label free sample	1	NT=High-performance liquid chromatography;AC=PRIDE:0000565	1	AC=MS:1001251;NT=Trypsin	not available	NT=Stellar;AC=MS:1003409	NT=Carbamidomethyl;AC=UNIMOD:4;TA=C;MT=Fixed	NT=Higher-energy Collisional Dissociation;AC=MS:1000422	27 NCE	40 ppm	0.05 Da	C
PRM_20251207_MarthaReselection_Plate_5_C3	C	3	MRTH	27	RC3	0.1	C:\Xcalibur\methods\method1	C:\data\yourdir	PRM_20251207_MarthaReselection_Plate_5_C3	Homo sapiens	Plasma	Plate_5	MarthaReselection	not available	not available	not available	not available	not available	not available	not available	not available	1	AC=EFO:0009656;NT=plasma	run 27	proteomics profiling by mass spectrometry	PRM_20251207_MarthaReselection_Plate_5_C3.RAW	PRM_20251207_MarthaReselection_Plate_5_C3.RAW	NT=Parallel Reaction Monitoring;AC=MS:1002956	AC=MS:1002038;NT=label free sample	1	NT=High-performance liquid chromatography;AC=PRIDE:0000565	1	AC=MS:1001251;NT=Trypsin	not available	NT=Stellar;AC=MS:1003409	NT=Carbamidomethyl;AC=UNIMOD:4;TA=C;MT=Fixed	NT=Higher-energy Collisional Dissociation;AC=MS:1000422	27 NCE	40 ppm	0.05 Da	C
PRM_20251207_MarthaReselection_Plate_5_C4	C	4	MRTH	28	RC4	0.1	C:\Xcalibur\methods\method1	C:\data\yourdir	PRM_20251207_MarthaReselection_Plate_5_C4	Homo sapiens	Plasma	Plate_5	MarthaReselection	not available	not available	not available	not available	not available	not available	not available	not available	1	AC=EFO:0009656;NT=plasma	run 28	proteomics profiling by mass spectrometry	PRM_20251207_MarthaReselection_Plate_5_C4.RAW	PRM_20251207_MarthaReselection_Plate_5_C4.RAW	NT=Parallel Reaction Monitoring;AC=MS:1002956	AC=MS:1002038;NT=label free sample	1	NT=High-performance liquid chromatography;AC=PRIDE:0000565	1	AC=MS:1001251;NT=Trypsin	not available	NT=Stellar;AC=MS:1003409	NT=Carbamidomethyl;AC=UNIMOD:4;TA=C;MT=Fixed	NT=Higher-energy Collisional Dissociation;AC=MS:1000422	27 NCE	40 ppm	0.05 Da	C
PRM_20251207_MarthaReselection_Plate_5_C5	C	5	MRTH	29	RC5	0.1	C:\Xcalibur\methods\method1	C:\data\yourdir	PRM_20251207_MarthaReselection_Plate_5_C5	Homo sapiens	Plasma	Plate_5	MarthaReselection	not available	not available	not available	not available	not available	not available	not available	not available	1	AC=EFO:0009656;NT=plasma	run 29	proteomics profiling by mass spectrometry	PRM_20251207_MarthaReselection_Plate_5_C5.RAW	PRM_20251207_MarthaReselection_Plate_5_C5.RAW	NT=Parallel Reaction Monitoring;AC=MS:1002956	AC=MS:1002038;NT=label free sample	1	NT=High-performance liquid chromatography;AC=PRIDE:0000565	1	AC=MS:1001251;NT=Trypsin	not available	NT=Stellar;AC=MS:1003409	NT=Carbamidomethyl;AC=UNIMOD:4;TA=C;MT=Fixed	NT=Higher-energy Collisional Dissociation;AC=MS:1000422	27 NCE	40 ppm	0.05 Da	C
PRM_20251207_MarthaReselection_Plate_5_C6	C	6	MRTH	30	RC6	0.1	C:\Xcalibur\methods\method1	C:\data\yourdir	PRM_20251207_MarthaReselection_Plate_5_C6	Homo sapiens	Plasma	Plate_5	MarthaReselection	not available	not available	not available	not available	not available	not available	not available	not available	1	AC=EFO:0009656;NT=plasma	run 30	proteomics profiling by mass spectrometry	PRM_20251207_MarthaReselection_Plate_5_C6.RAW	PRM_20251207_MarthaReselection_Plate_5_C6.RAW	NT=Parallel Reaction Monitoring;AC=MS:1002956	AC=MS:1002038;NT=label free sample	1	NT=High-performance liquid chromatography;AC=PRIDE:0000565	1	AC=MS:1001251;NT=Trypsin	not available	NT=Stellar;AC=MS:1003409	NT=Carbamidomethyl;AC=UNIMOD:4;TA=C;MT=Fixed	NT=Higher-energy Collisional Dissociation;AC=MS:1000422	27 NCE	40 ppm	0.05 Da	C
PRM_20251207_MarthaReselection_Plate_5_C7	C	7	MRTH	31	RC7	0.1	C:\Xcalibur\methods\method1	C:\data\yourdir	PRM_20251207_MarthaReselection_Plate_5_C7	Homo sapiens	Plasma	Plate_5	MarthaReselection	not available	not available	not available	not available	not available	not available	not available	not available	1	AC=EFO:0009656;NT=plasma	run 31	proteomics profiling by mass spectrometry	PRM_20251207_MarthaReselection_Plate_5_C7.RAW	PRM_20251207_MarthaReselection_Plate_5_C7.RAW	NT=Parallel Reaction Monitoring;AC=MS:1002956	AC=MS:1002038;NT=label free sample	1	NT=High-performance liquid chromatography;AC=PRIDE:0000565	1	AC=MS:1001251;NT=Trypsin	not available	NT=Stellar;AC=MS:1003409	NT=Carbamidomethyl;AC=UNIMOD:4;TA=C;MT=Fixed	NT=Higher-energy Collisional Dissociation;AC=MS:1000422	27 NCE	40 ppm	0.05 Da	C
PRM_20251207_MarthaReselection_Plate_5_C8	C	8	MRTH	32	RC8	0.1	C:\Xcalibur\methods\method1	C:\data\yourdir	PRM_20251207_MarthaReselection_Plate_5_C8	Homo sapiens	Plasma	Plate_5	MarthaReselection	not available	not available	not available	not available	not available	not available	not available	not available	1	AC=EFO:0009656;NT=plasma	run 32	proteomics profiling by mass spectrometry	PRM_20251207_MarthaReselection_Plate_5_C8.RAW	PRM_20251207_MarthaReselection_Plate_5_C8.RAW	NT=Parallel Reaction Monitoring;AC=MS:1002956	AC=MS:1002038;NT=label free sample	1	NT=High-performance liquid chromatography;AC=PRIDE:0000565	1	AC=MS:1001251;NT=Trypsin	not available	NT=Stellar;AC=MS:1003409	NT=Carbamidomethyl;AC=UNIMOD:4;TA=C;MT=Fixed	NT=Higher-energy Collisional Dissociation;AC=MS:1000422	27 NCE	40 ppm	0.05 Da	C
PRM_20251207_MarthaReselection_Plate_5_C9	C	9	MRTH	33	RC9	0.1	C:\Xcalibur\methods\method1	C:\data\yourdir	PRM_20251207_MarthaReselection_Plate_5_C9	Homo sapiens	Plasma	Plate_5	MarthaReselection	not available	not available	not available	not available	not available	not available	not available	not available	1	AC=EFO:0009656;NT=plasma	run 33	proteomics profiling by mass spectrometry	PRM_20251207_MarthaReselection_Plate_5_C9.RAW	PRM_20251207_MarthaReselection_Plate_5_C9.RAW	NT=Parallel Reaction Monitoring;AC=MS:1002956	AC=MS:1002038;NT=label free sample	1	NT=High-performance liquid chromatography;AC=PRIDE:0000565	1	AC=MS:1001251;NT=Trypsin	not available	NT=Stellar;AC=MS:1003409	NT=Carbamidomethyl;AC=UNIMOD:4;TA=C;MT=Fixed	NT=Higher-energy Collisional Dissociation;AC=MS:1000422	27 NCE	40 ppm	0.05 Da	C
PRM_20251207_MarthaReselection_Plate_5_C10	C	10	MRTH	34	RC10	0.1	C:\Xcalibur\methods\method1	C:\data\yourdir	PRM_20251207_MarthaReselection_Plate_5_C10	Homo sapiens	Plasma	Plate_5	MarthaReselection	not available	not available	not available	not available	not available	not available	not available	not available	1	AC=EFO:0009656;NT=plasma	run 34	proteomics profiling by mass spectrometry	PRM_20251207_MarthaReselection_Plate_5_C10.RAW	PRM_20251207_MarthaReselection_Plate_5_C10.RAW	NT=Parallel Reaction Monitoring;AC=MS:1002956	AC=MS:1002038;NT=label free sample	1	NT=High-performance liquid chromatography;AC=PRIDE:0000565	1	AC=MS:1001251;NT=Trypsin	not available	NT=Stellar;AC=MS:1003409	NT=Carbamidomethyl;AC=UNIMOD:4;TA=C;MT=Fixed	NT=Higher-energy Collisional Dissociation;AC=MS:1000422	27 NCE	40 ppm	0.05 Da	C
PRM_20251207_MarthaReselection_Plate_5_C11	C	11	MRTH	35	RC11	0.1	C:\Xcalibur\methods\method1	C:\data\yourdir	PRM_20251207_MarthaReselection_Plate_5_C11	Homo sapiens	Plasma	Plate_5	MarthaReselection	not available	not available	not available	not available	not available	not available	not available	not available	1	AC=EFO:0009656;NT=plasma	run 35	proteomics profiling by mass spectrometry	PRM_20251207_MarthaReselection_Plate_5_C11.RAW	PRM_20251207_MarthaReselection_Plate_5_C11.RAW	NT=Parallel Reaction Monitoring;AC=MS:1002956	AC=MS:1002038;NT=label free sample	1	NT=High-performance liquid chromatography;AC=PRIDE:0000565	1	AC=MS:1001251;NT=Trypsin	not available	NT=Stellar;AC=MS:1003409	NT=Carbamidomethyl;AC=UNIMOD:4;TA=C;MT=Fixed	NT=Higher-energy Collisional Dissociation;AC=MS:1000422	27 NCE	40 ppm	0.05 Da	C
PRM_20251207_MarthaReselection_Plate_5_C12	C	12	MRTH	36	RC12	0.1	C:\Xcalibur\methods\method1	C:\data\yourdir	PRM_20251207_MarthaReselection_Plate_5_C12	Homo sapiens	Plasma	Plate_5	MarthaReselection	not available	not available	not available	not available	not available	not available	not available	not available	1	AC=EFO:0009656;NT=plasma	run 36	proteomics profiling by mass spectrometry	PRM_20251207_MarthaReselection_Plate_5_C12.RAW	PRM_20251207_MarthaReselection_Plate_5_C12.RAW	NT=Parallel Reaction Monitoring;AC=MS:1002956	AC=MS:1002038;NT=label free sample	1	NT=High-performance liquid chromatography;AC=PRIDE:0000565	1	AC=MS:1001251;NT=Trypsin	not available	NT=Stellar;AC=MS:1003409	NT=Carbamidomethyl;AC=UNIMOD:4;TA=C;MT=Fixed	NT=Higher-energy Collisional Dissociation;AC=MS:1000422	27 NCE	40 ppm	0.05 Da	C
PRM_20251207_MarthaReselection_Plate_5_D1	D	1	MRTH	37	RD1	0.1	C:\Xcalibur\methods\method1	C:\data\yourdir	PRM_20251207_MarthaReselection_Plate_5_D1	Homo sapiens	Plasma	Plate_5	MarthaReselection	not available	not available	not available	not available	not available	not available	not available	not available	1	AC=EFO:0009656;NT=plasma	run 37	proteomics profiling by mass spectrometry	PRM_20251207_MarthaReselection_Plate_5_D1.RAW	PRM_20251207_MarthaReselection_Plate_5_D1.RAW	NT=Parallel Reaction Monitoring;AC=MS:1002956	AC=MS:1002038;NT=label free sample	1	NT=High-performance liquid chromatography;AC=PRIDE:0000565	1	AC=MS:1001251;NT=Trypsin	not available	NT=Stellar;AC=MS:1003409	NT=Carbamidomethyl;AC=UNIMOD:4;TA=C;MT=Fixed	NT=Higher-energy Collisional Dissociation;AC=MS:1000422	27 NCE	40 ppm	0.05 Da	D
PRM_20251207_MarthaReselection_Plate_5_D2	D	2	MRTH	38	RD2	0.1	C:\Xcalibur\methods\method1	C:\data\yourdir	PRM_20251207_MarthaReselection_Plate_5_D2	Homo sapiens	Plasma	Plate_5	MarthaReselection	not available	not available	not available	not available	not available	not available	not available	not available	1	AC=EFO:0009656;NT=plasma	run 38	proteomics profiling by mass spectrometry	PRM_20251207_MarthaReselection_Plate_5_D2.RAW	PRM_20251207_MarthaReselection_Plate_5_D2.RAW	NT=Parallel Reaction Monitoring;AC=MS:1002956	AC=MS:1002038;NT=label free sample	1	NT=High-performance liquid chromatography;AC=PRIDE:0000565	1	AC=MS:1001251;NT=Trypsin	not available	NT=Stellar;AC=MS:1003409	NT=Carbamidomethyl;AC=UNIMOD:4;TA=C;MT=Fixed	NT=Higher-energy Collisional Dissociation;AC=MS:1000422	27 NCE	40 ppm	0.05 Da	D
PRM_20251207_MarthaReselection_Plate_5_D3	D	3	MRTH	39	RD3	0.1	C:\Xcalibur\methods\method1	C:\data\yourdir	PRM_20251207_MarthaReselection_Plate_5_D3	Homo sapiens	Plasma	Plate_5	MarthaReselection	not available	not available	not available	not available	not available	not available	not available	not available	1	AC=EFO:0009656;NT=plasma	run 39	proteomics profiling by mass spectrometry	PRM_20251207_MarthaReselection_Plate_5_D3.RAW	PRM_20251207_MarthaReselection_Plate_5_D3.RAW	NT=Parallel Reaction Monitoring;AC=MS:1002956	AC=MS:1002038;NT=label free sample	1	NT=High-performance liquid chromatography;AC=PRIDE:0000565	1	AC=MS:1001251;NT=Trypsin	not available	NT=Stellar;AC=MS:1003409	NT=Carbamidomethyl;AC=UNIMOD:4;TA=C;MT=Fixed	NT=Higher-energy Collisional Dissociation;AC=MS:1000422	27 NCE	40 ppm	0.05 Da	D
PRM_20251207_MarthaReselection_Plate_5_D4	D	4	MRTH	40	RD4	0.1	C:\Xcalibur\methods\method1	C:\data\yourdir	PRM_20251207_MarthaReselection_Plate_5_D4	Homo sapiens	Plasma	Plate_5	MarthaReselection	not available	not available	not available	not available	not available	not available	not available	not available	1	AC=EFO:0009656;NT=plasma	run 40	proteomics profiling by mass spectrometry	PRM_20251207_MarthaReselection_Plate_5_D4.RAW	PRM_20251207_MarthaReselection_Plate_5_D4.RAW	NT=Parallel Reaction Monitoring;AC=MS:1002956	AC=MS:1002038;NT=label free sample	1	NT=High-performance liquid chromatography;AC=PRIDE:0000565	1	AC=MS:1001251;NT=Trypsin	not available	NT=Stellar;AC=MS:1003409	NT=Carbamidomethyl;AC=UNIMOD:4;TA=C;MT=Fixed	NT=Higher-energy Collisional Dissociation;AC=MS:1000422	27 NCE	40 ppm	0.05 Da	D
PRM_20251207_MarthaReselection_Plate_5_D5	D	5	MRTH	41	RD5	0.1	C:\Xcalibur\methods\method1	C:\data\yourdir	PRM_20251207_MarthaReselection_Plate_5_D5	Homo sapiens	Plasma	Plate_5	MarthaReselection	not available	not available	not available	not available	not available	not available	not available	not available	1	AC=EFO:0009656;NT=plasma	run 41	proteomics profiling by mass spectrometry	PRM_20251207_MarthaReselection_Plate_5_D5.RAW	PRM_20251207_MarthaReselection_Plate_5_D5.RAW	NT=Parallel Reaction Monitoring;AC=MS:1002956	AC=MS:1002038;NT=label free sample	1	NT=High-performance liquid chromatography;AC=PRIDE:0000565	1	AC=MS:1001251;NT=Trypsin	not available	NT=Stellar;AC=MS:1003409	NT=Carbamidomethyl;AC=UNIMOD:4;TA=C;MT=Fixed	NT=Higher-energy Collisional Dissociation;AC=MS:1000422	27 NCE	40 ppm	0.05 Da	D
PRM_20251207_MarthaReselection_Plate_5_D6	D	6	MRTH	42	RD6	0.1	C:\Xcalibur\methods\method1	C:\data\yourdir	PRM_20251207_MarthaReselection_Plate_5_D6	Homo sapiens	Plasma	Plate_5	MarthaReselection	not available	not available	not available	not available	not available	not available	not available	not available	1	AC=EFO:0009656;NT=plasma	run 42	proteomics profiling by mass spectrometry	PRM_20251207_MarthaReselection_Plate_5_D6.RAW	PRM_20251207_MarthaReselection_Plate_5_D6.RAW	NT=Parallel Reaction Monitoring;AC=MS:1002956	AC=MS:1002038;NT=label free sample	1	NT=High-performance liquid chromatography;AC=PRIDE:0000565	1	AC=MS:1001251;NT=Trypsin	not available	NT=Stellar;AC=MS:1003409	NT=Carbamidomethyl;AC=UNIMOD:4;TA=C;MT=Fixed	NT=Higher-energy Collisional Dissociation;AC=MS:1000422	27 NCE	40 ppm	0.05 Da	D
PRM_20251207_MarthaReselection_Plate_5_D7	D	7	MRTH	43	RD7	0.1	C:\Xcalibur\methods\method1	C:\data\yourdir	PRM_20251207_MarthaReselection_Plate_5_D7	Homo sapiens	Plasma	Plate_5	MarthaReselection	not available	not available	not available	not available	not available	not available	not available	not available	1	AC=EFO:0009656;NT=plasma	run 43	proteomics profiling by mass spectrometry	PRM_20251207_MarthaReselection_Plate_5_D7.RAW	PRM_20251207_MarthaReselection_Plate_5_D7.RAW	NT=Parallel Reaction Monitoring;AC=MS:1002956	AC=MS:1002038;NT=label free sample	1	NT=High-performance liquid chromatography;AC=PRIDE:0000565	1	AC=MS:1001251;NT=Trypsin	not available	NT=Stellar;AC=MS:1003409	NT=Carbamidomethyl;AC=UNIMOD:4;TA=C;MT=Fixed	NT=Higher-energy Collisional Dissociation;AC=MS:1000422	27 NCE	40 ppm	0.05 Da	D
PRM_20251207_MarthaReselection_Plate_5_D8	D	8	MRTH	44	RD8	0.1	C:\Xcalibur\methods\method1	C:\data\yourdir	PRM_20251207_MarthaReselection_Plate_5_D8	Homo sapiens	Plasma	Plate_5	MarthaReselection	not available	not available	not available	not available	not available	not available	not available	not available	1	AC=EFO:0009656;NT=plasma	run 44	proteomics profiling by mass spectrometry	PRM_20251207_MarthaReselection_Plate_5_D8.RAW	PRM_20251207_MarthaReselection_Plate_5_D8.RAW	NT=Parallel Reaction Monitoring;AC=MS:1002956	AC=MS:1002038;NT=label free sample	1	NT=High-performance liquid chromatography;AC=PRIDE:0000565	1	AC=MS:1001251;NT=Trypsin	not available	NT=Stellar;AC=MS:1003409	NT=Carbamidomethyl;AC=UNIMOD:4;TA=C;MT=Fixed	NT=Higher-energy Collisional Dissociation;AC=MS:1000422	27 NCE	40 ppm	0.05 Da	D
PRM_20251207_MarthaReselection_Plate_5_D9	D	9	MRTH	45	RD9	0.1	C:\Xcalibur\methods\method1	C:\data\yourdir	PRM_20251207_MarthaReselection_Plate_5_D9	Homo sapiens	Plasma	Plate_5	MarthaReselection	not available	not available	not available	not available	not available	not available	not available	not available	1	AC=EFO:0009656;NT=plasma	run 45	proteomics profiling by mass spectrometry	PRM_20251207_MarthaReselection_Plate_5_D9.RAW	PRM_20251207_MarthaReselection_Plate_5_D9.RAW	NT=Parallel Reaction Monitoring;AC=MS:1002956	AC=MS:1002038;NT=label free sample	1	NT=High-performance liquid chromatography;AC=PRIDE:0000565	1	AC=MS:1001251;NT=Trypsin	not available	NT=Stellar;AC=MS:1003409	NT=Carbamidomethyl;AC=UNIMOD:4;TA=C;MT=Fixed	NT=Higher-energy Collisional Dissociation;AC=MS:1000422	27 NCE	40 ppm	0.05 Da	D
PRM_20251207_MarthaReselection_Plate_5_D10	D	10	MRTH	46	RD10	0.1	C:\Xcalibur\methods\method1	C:\data\yourdir	PRM_20251207_MarthaReselection_Plate_5_D10	Homo sapiens	Plasma	Plate_5	MarthaReselection	not available	not available	not available	not available	not available	not available	not available	not available	1	AC=EFO:0009656;NT=plasma	run 46	proteomics profiling by mass spectrometry	PRM_20251207_MarthaReselection_Plate_5_D10.RAW	PRM_20251207_MarthaReselection_Plate_5_D10.RAW	NT=Parallel Reaction Monitoring;AC=MS:1002956	AC=MS:1002038;NT=label free sample	1	NT=High-performance liquid chromatography;AC=PRIDE:0000565	1	AC=MS:1001251;NT=Trypsin	not available	NT=Stellar;AC=MS:1003409	NT=Carbamidomethyl;AC=UNIMOD:4;TA=C;MT=Fixed	NT=Higher-energy Collisional Dissociation;AC=MS:1000422	27 NCE	40 ppm	0.05 Da	D
PRM_20251207_MarthaReselection_Plate_5_D11	D	11	Pool	47	RD11	0.1	C:\Xcalibur\methods\method1	C:\data\yourdir	PRM_20251207_MarthaReselection_Plate_5_D11	Homo sapiens	Plasma	Plate_5	MarthaReselection	not available	not available	not available	not available	not available	not available	not available	not available	1	AC=EFO:0009656;NT=plasma	run 47	proteomics profiling by mass spectrometry	PRM_20251207_MarthaReselection_Plate_5_D11.RAW	PRM_20251207_MarthaReselection_Plate_5_D11.RAW	NT=Parallel Reaction Monitoring;AC=MS:1002956	AC=MS:1002038;NT=label free sample	1	NT=High-performance liquid chromatography;AC=PRIDE:0000565	1	AC=MS:1001251;NT=Trypsin	not available	NT=Stellar;AC=MS:1003409	NT=Carbamidomethyl;AC=UNIMOD:4;TA=C;MT=Fixed	NT=Higher-energy Collisional Dissociation;AC=MS:1000422	27 NCE	40 ppm	0.05 Da	D
PRM_20251207_MarthaReselection_Plate_5_D12	D	12	MRTH	48	RD12	0.1	C:\Xcalibur\methods\method1	C:\data\yourdir	PRM_20251207_MarthaReselection_Plate_5_D12	Homo sapiens	Plasma	Plate_5	MarthaReselection	not available	not available	not available	not available	not available	not available	not available	not available	1	AC=EFO:0009656;NT=plasma	run 48	proteomics profiling by mass spectrometry	PRM_20251207_MarthaReselection_Plate_5_D12.RAW	PRM_20251207_MarthaReselection_Plate_5_D12.RAW	NT=Parallel Reaction Monitoring;AC=MS:1002956	AC=MS:1002038;NT=label free sample	1	NT=High-performance liquid chromatography;AC=PRIDE:0000565	1	AC=MS:1001251;NT=Trypsin	not available	NT=Stellar;AC=MS:1003409	NT=Carbamidomethyl;AC=UNIMOD:4;TA=C;MT=Fixed	NT=Higher-energy Collisional Dissociation;AC=MS:1000422	27 NCE	40 ppm	0.05 Da	D
PRM_20251207_MarthaReselection_Plate_5_E1	E	1	MRTH	49	RE1	0.1	C:\Xcalibur\methods\method1	C:\data\yourdir	PRM_20251207_MarthaReselection_Plate_5_E1	Homo sapiens	Plasma	Plate_5	MarthaReselection	not available	not available	not available	not available	not available	not available	not available	not available	1	AC=EFO:0009656;NT=plasma	run 49	proteomics profiling by mass spectrometry	PRM_20251207_MarthaReselection_Plate_5_E1.RAW	PRM_20251207_MarthaReselection_Plate_5_E1.RAW	NT=Parallel Reaction Monitoring;AC=MS:1002956	AC=MS:1002038;NT=label free sample	1	NT=High-performance liquid chromatography;AC=PRIDE:0000565	1	AC=MS:1001251;NT=Trypsin	not available	NT=Stellar;AC=MS:1003409	NT=Carbamidomethyl;AC=UNIMOD:4;TA=C;MT=Fixed	NT=Higher-energy Collisional Dissociation;AC=MS:1000422	27 NCE	40 ppm	0.05 Da	E
PRM_20251207_MarthaReselection_Plate_5_E2	E	2	MRTH	50	RE2	0.1	C:\Xcalibur\methods\method1	C:\data\yourdir	PRM_20251207_MarthaReselection_Plate_5_E2	Homo sapiens	Plasma	Plate_5	MarthaReselection	not available	not available	not available	not available	not available	not available	not available	not available	1	AC=EFO:0009656;NT=plasma	run 50	proteomics profiling by mass spectrometry	PRM_20251207_MarthaReselection_Plate_5_E2.RAW	PRM_20251207_MarthaReselection_Plate_5_E2.RAW	NT=Parallel Reaction Monitoring;AC=MS:1002956	AC=MS:1002038;NT=label free sample	1	NT=High-performance liquid chromatography;AC=PRIDE:0000565	1	AC=MS:1001251;NT=Trypsin	not available	NT=Stellar;AC=MS:1003409	NT=Carbamidomethyl;AC=UNIMOD:4;TA=C;MT=Fixed	NT=Higher-energy Collisional Dissociation;AC=MS:1000422	27 NCE	40 ppm	0.05 Da	E
PRM_20251207_MarthaReselection_Plate_5_E3	E	3	MRTH	51	RE3	0.1	C:\Xcalibur\methods\method1	C:\data\yourdir	PRM_20251207_MarthaReselection_Plate_5_E3	Homo sapiens	Plasma	Plate_5	MarthaReselection	not available	not available	not available	not available	not available	not available	not available	not available	1	AC=EFO:0009656;NT=plasma	run 51	proteomics profiling by mass spectrometry	PRM_20251207_MarthaReselection_Plate_5_E3.RAW	PRM_20251207_MarthaReselection_Plate_5_E3.RAW	NT=Parallel Reaction Monitoring;AC=MS:1002956	AC=MS:1002038;NT=label free sample	1	NT=High-performance liquid chromatography;AC=PRIDE:0000565	1	AC=MS:1001251;NT=Trypsin	not available	NT=Stellar;AC=MS:1003409	NT=Carbamidomethyl;AC=UNIMOD:4;TA=C;MT=Fixed	NT=Higher-energy Collisional Dissociation;AC=MS:1000422	27 NCE	40 ppm	0.05 Da	E
PRM_20251207_MarthaReselection_Plate_5_E4	E	4	MRTH	52	RE4	0.1	C:\Xcalibur\methods\method1	C:\data\yourdir	PRM_20251207_MarthaReselection_Plate_5_E4	Homo sapiens	Plasma	Plate_5	MarthaReselection	not available	not available	not available	not available	not available	not available	not available	not available	1	AC=EFO:0009656;NT=plasma	run 52	proteomics profiling by mass spectrometry	PRM_20251207_MarthaReselection_Plate_5_E4.RAW	PRM_20251207_MarthaReselection_Plate_5_E4.RAW	NT=Parallel Reaction Monitoring;AC=MS:1002956	AC=MS:1002038;NT=label free sample	1	NT=High-performance liquid chromatography;AC=PRIDE:0000565	1	AC=MS:1001251;NT=Trypsin	not available	NT=Stellar;AC=MS:1003409	NT=Carbamidomethyl;AC=UNIMOD:4;TA=C;MT=Fixed	NT=Higher-energy Collisional Dissociation;AC=MS:1000422	27 NCE	40 ppm	0.05 Da	E
PRM_20251207_MarthaReselection_Plate_5_E5	E	5	MRTH	53	RE5	0.1	C:\Xcalibur\methods\method1	C:\data\yourdir	PRM_20251207_MarthaReselection_Plate_5_E5	Homo sapiens	Plasma	Plate_5	MarthaReselection	not available	not available	not available	not available	not available	not available	not available	not available	1	AC=EFO:0009656;NT=plasma	run 53	proteomics profiling by mass spectrometry	PRM_20251207_MarthaReselection_Plate_5_E5.RAW	PRM_20251207_MarthaReselection_Plate_5_E5.RAW	NT=Parallel Reaction Monitoring;AC=MS:1002956	AC=MS:1002038;NT=label free sample	1	NT=High-performance liquid chromatography;AC=PRIDE:0000565	1	AC=MS:1001251;NT=Trypsin	not available	NT=Stellar;AC=MS:1003409	NT=Carbamidomethyl;AC=UNIMOD:4;TA=C;MT=Fixed	NT=Higher-energy Collisional Dissociation;AC=MS:1000422	27 NCE	40 ppm	0.05 Da	E
PRM_20251207_MarthaReselection_Plate_5_E6	E	6	MRTH	54	RE6	0.1	C:\Xcalibur\methods\method1	C:\data\yourdir	PRM_20251207_MarthaReselection_Plate_5_E6	Homo sapiens	Plasma	Plate_5	MarthaReselection	not available	not available	not available	not available	not available	not available	not available	not available	1	AC=EFO:0009656;NT=plasma	run 54	proteomics profiling by mass spectrometry	PRM_20251207_MarthaReselection_Plate_5_E6.RAW	PRM_20251207_MarthaReselection_Plate_5_E6.RAW	NT=Parallel Reaction Monitoring;AC=MS:1002956	AC=MS:1002038;NT=label free sample	1	NT=High-performance liquid chromatography;AC=PRIDE:0000565	1	AC=MS:1001251;NT=Trypsin	not available	NT=Stellar;AC=MS:1003409	NT=Carbamidomethyl;AC=UNIMOD:4;TA=C;MT=Fixed	NT=Higher-energy Collisional Dissociation;AC=MS:1000422	27 NCE	40 ppm	0.05 Da	E
PRM_20251207_MarthaReselection_Plate_5_E7	E	7	MRTH	55	RE7	0.1	C:\Xcalibur\methods\method1	C:\data\yourdir	PRM_20251207_MarthaReselection_Plate_5_E7	Homo sapiens	Plasma	Plate_5	MarthaReselection	not available	not available	not available	not available	not available	not available	not available	not available	1	AC=EFO:0009656;NT=plasma	run 55	proteomics profiling by mass spectrometry	PRM_20251207_MarthaReselection_Plate_5_E7.RAW	PRM_20251207_MarthaReselection_Plate_5_E7.RAW	NT=Parallel Reaction Monitoring;AC=MS:1002956	AC=MS:1002038;NT=label free sample	1	NT=High-performance liquid chromatography;AC=PRIDE:0000565	1	AC=MS:1001251;NT=Trypsin	not available	NT=Stellar;AC=MS:1003409	NT=Carbamidomethyl;AC=UNIMOD:4;TA=C;MT=Fixed	NT=Higher-energy Collisional Dissociation;AC=MS:1000422	27 NCE	40 ppm	0.05 Da	E
PRM_20251207_MarthaReselection_Plate_5_E8	E	8	MRTH	56	RE8	0.1	C:\Xcalibur\methods\method1	C:\data\yourdir	PRM_20251207_MarthaReselection_Plate_5_E8	Homo sapiens	Plasma	Plate_5	MarthaReselection	not available	not available	not available	not available	not available	not available	not available	not available	1	AC=EFO:0009656;NT=plasma	run 56	proteomics profiling by mass spectrometry	PRM_20251207_MarthaReselection_Plate_5_E8.RAW	PRM_20251207_MarthaReselection_Plate_5_E8.RAW	NT=Parallel Reaction Monitoring;AC=MS:1002956	AC=MS:1002038;NT=label free sample	1	NT=High-performance liquid chromatography;AC=PRIDE:0000565	1	AC=MS:1001251;NT=Trypsin	not available	NT=Stellar;AC=MS:1003409	NT=Carbamidomethyl;AC=UNIMOD:4;TA=C;MT=Fixed	NT=Higher-energy Collisional Dissociation;AC=MS:1000422	27 NCE	40 ppm	0.05 Da	E
PRM_20251207_MarthaReselection_Plate_5_E9	E	9	MRTH	57	RE9	0.1	C:\Xcalibur\methods\method1	C:\data\yourdir	PRM_20251207_MarthaReselection_Plate_5_E9	Homo sapiens	Plasma	Plate_5	MarthaReselection	not available	not available	not available	not available	not available	not available	not available	not available	1	AC=EFO:0009656;NT=plasma	run 57	proteomics profiling by mass spectrometry	PRM_20251207_MarthaReselection_Plate_5_E9.RAW	PRM_20251207_MarthaReselection_Plate_5_E9.RAW	NT=Parallel Reaction Monitoring;AC=MS:1002956	AC=MS:1002038;NT=label free sample	1	NT=High-performance liquid chromatography;AC=PRIDE:0000565	1	AC=MS:1001251;NT=Trypsin	not available	NT=Stellar;AC=MS:1003409	NT=Carbamidomethyl;AC=UNIMOD:4;TA=C;MT=Fixed	NT=Higher-energy Collisional Dissociation;AC=MS:1000422	27 NCE	40 ppm	0.05 Da	E
PRM_20251207_MarthaReselection_Plate_5_E10	E	10	MRTH	58	RE10	0.1	C:\Xcalibur\methods\method1	C:\data\yourdir	PRM_20251207_MarthaReselection_Plate_5_E10	Homo sapiens	Plasma	Plate_5	MarthaReselection	not available	not available	not available	not available	not available	not available	not available	not available	1	AC=EFO:0009656;NT=plasma	run 58	proteomics profiling by mass spectrometry	PRM_20251207_MarthaReselection_Plate_5_E10.RAW	PRM_20251207_MarthaReselection_Plate_5_E10.RAW	NT=Parallel Reaction Monitoring;AC=MS:1002956	AC=MS:1002038;NT=label free sample	1	NT=High-performance liquid chromatography;AC=PRIDE:0000565	1	AC=MS:1001251;NT=Trypsin	not available	NT=Stellar;AC=MS:1003409	NT=Carbamidomethyl;AC=UNIMOD:4;TA=C;MT=Fixed	NT=Higher-energy Collisional Dissociation;AC=MS:1000422	27 NCE	40 ppm	0.05 Da	E
PRM_20251207_MarthaReselection_Plate_5_E11	E	11	MRTH	59	RE11	0.1	C:\Xcalibur\methods\method1	C:\data\yourdir	PRM_20251207_MarthaReselection_Plate_5_E11	Homo sapiens	Plasma	Plate_5	MarthaReselection	not available	not available	not available	not available	not available	not available	not available	not available	1	AC=EFO:0009656;NT=plasma	run 59	proteomics profiling by mass spectrometry	PRM_20251207_MarthaReselection_Plate_5_E11.RAW	PRM_20251207_MarthaReselection_Plate_5_E11.RAW	NT=Parallel Reaction Monitoring;AC=MS:1002956	AC=MS:1002038;NT=label free sample	1	NT=High-performance liquid chromatography;AC=PRIDE:0000565	1	AC=MS:1001251;NT=Trypsin	not available	NT=Stellar;AC=MS:1003409	NT=Carbamidomethyl;AC=UNIMOD:4;TA=C;MT=Fixed	NT=Higher-energy Collisional Dissociation;AC=MS:1000422	27 NCE	40 ppm	0.05 Da	E
PRM_20251207_MarthaReselection_Plate_5_E12	E	12	MRTH	60	RE12	0.1	C:\Xcalibur\methods\method1	C:\data\yourdir	PRM_20251207_MarthaReselection_Plate_5_E12	Homo sapiens	Plasma	Plate_5	MarthaReselection	not available	not available	not available	not available	not available	not available	not available	not available	1	AC=EFO:0009656;NT=plasma	run 60	proteomics profiling by mass spectrometry	PRM_20251207_MarthaReselection_Plate_5_E12.RAW	PRM_20251207_MarthaReselection_Plate_5_E12.RAW	NT=Parallel Reaction Monitoring;AC=MS:1002956	AC=MS:1002038;NT=label free sample	1	NT=High-performance liquid chromatography;AC=PRIDE:0000565	1	AC=MS:1001251;NT=Trypsin	not available	NT=Stellar;AC=MS:1003409	NT=Carbamidomethyl;AC=UNIMOD:4;TA=C;MT=Fixed	NT=Higher-energy Collisional Dissociation;AC=MS:1000422	27 NCE	40 ppm	0.05 Da	E
PRM_20251207_MarthaReselection_Plate_5_F1	F	1	MRTH	61	RF1	0.1	C:\Xcalibur\methods\method1	C:\data\yourdir	PRM_20251207_MarthaReselection_Plate_5_F1	Homo sapiens	Plasma	Plate_5	MarthaReselection	not available	not available	not available	not available	not available	not available	not available	not available	1	AC=EFO:0009656;NT=plasma	run 61	proteomics profiling by mass spectrometry	PRM_20251207_MarthaReselection_Plate_5_F1.RAW	PRM_20251207_MarthaReselection_Plate_5_F1.RAW	NT=Parallel Reaction Monitoring;AC=MS:1002956	AC=MS:1002038;NT=label free sample	1	NT=High-performance liquid chromatography;AC=PRIDE:0000565	1	AC=MS:1001251;NT=Trypsin	not available	NT=Stellar;AC=MS:1003409	NT=Carbamidomethyl;AC=UNIMOD:4;TA=C;MT=Fixed	NT=Higher-energy Collisional Dissociation;AC=MS:1000422	27 NCE	40 ppm	0.05 Da	F
PRM_20251207_MarthaReselection_Plate_5_F2	F	2	Pool	62	RF2	0.1	C:\Xcalibur\methods\method1	C:\data\yourdir	PRM_20251207_MarthaReselection_Plate_5_F2	Homo sapiens	Plasma	Plate_5	MarthaReselection	not available	not available	not available	not available	not available	not available	not available	not available	1	AC=EFO:0009656;NT=plasma	run 62	proteomics profiling by mass spectrometry	PRM_20251207_MarthaReselection_Plate_5_F2.RAW	PRM_20251207_MarthaReselection_Plate_5_F2.RAW	NT=Parallel Reaction Monitoring;AC=MS:1002956	AC=MS:1002038;NT=label free sample	1	NT=High-performance liquid chromatography;AC=PRIDE:0000565	1	AC=MS:1001251;NT=Trypsin	not available	NT=Stellar;AC=MS:1003409	NT=Carbamidomethyl;AC=UNIMOD:4;TA=C;MT=Fixed	NT=Higher-energy Collisional Dissociation;AC=MS:1000422	27 NCE	40 ppm	0.05 Da	F
PRM_20251207_MarthaReselection_Plate_5_F3	F	3	MRTH	63	RF3	0.1	C:\Xcalibur\methods\method1	C:\data\yourdir	PRM_20251207_MarthaReselection_Plate_5_F3	Homo sapiens	Plasma	Plate_5	MarthaReselection	not available	not available	not available	not available	not available	not available	not available	not available	1	AC=EFO:0009656;NT=plasma	run 63	proteomics profiling by mass spectrometry	PRM_20251207_MarthaReselection_Plate_5_F3.RAW	PRM_20251207_MarthaReselection_Plate_5_F3.RAW	NT=Parallel Reaction Monitoring;AC=MS:1002956	AC=MS:1002038;NT=label free sample	1	NT=High-performance liquid chromatography;AC=PRIDE:0000565	1	AC=MS:1001251;NT=Trypsin	not available	NT=Stellar;AC=MS:1003409	NT=Carbamidomethyl;AC=UNIMOD:4;TA=C;MT=Fixed	NT=Higher-energy Collisional Dissociation;AC=MS:1000422	27 NCE	40 ppm	0.05 Da	F
PRM_20251207_MarthaReselection_Plate_5_F4	F	4	MRTH	64	RF4	0.1	C:\Xcalibur\methods\method1	C:\data\yourdir	PRM_20251207_MarthaReselection_Plate_5_F4	Homo sapiens	Plasma	Plate_5	MarthaReselection	not available	not available	not available	not available	not available	not available	not available	not available	1	AC=EFO:0009656;NT=plasma	run 64	proteomics profiling by mass spectrometry	PRM_20251207_MarthaReselection_Plate_5_F4.RAW	PRM_20251207_MarthaReselection_Plate_5_F4.RAW	NT=Parallel Reaction Monitoring;AC=MS:1002956	AC=MS:1002038;NT=label free sample	1	NT=High-performance liquid chromatography;AC=PRIDE:0000565	1	AC=MS:1001251;NT=Trypsin	not available	NT=Stellar;AC=MS:1003409	NT=Carbamidomethyl;AC=UNIMOD:4;TA=C;MT=Fixed	NT=Higher-energy Collisional Dissociation;AC=MS:1000422	27 NCE	40 ppm	0.05 Da	F
PRM_20251207_MarthaReselection_Plate_5_F5	F	5	MRTH	65	RF5	0.1	C:\Xcalibur\methods\method1	C:\data\yourdir	PRM_20251207_MarthaReselection_Plate_5_F5	Homo sapiens	Plasma	Plate_5	MarthaReselection	not available	not available	not available	not available	not available	not available	not available	not available	1	AC=EFO:0009656;NT=plasma	run 65	proteomics profiling by mass spectrometry	PRM_20251207_MarthaReselection_Plate_5_F5.RAW	PRM_20251207_MarthaReselection_Plate_5_F5.RAW	NT=Parallel Reaction Monitoring;AC=MS:1002956	AC=MS:1002038;NT=label free sample	1	NT=High-performance liquid chromatography;AC=PRIDE:0000565	1	AC=MS:1001251;NT=Trypsin	not available	NT=Stellar;AC=MS:1003409	NT=Carbamidomethyl;AC=UNIMOD:4;TA=C;MT=Fixed	NT=Higher-energy Collisional Dissociation;AC=MS:1000422	27 NCE	40 ppm	0.05 Da	F
PRM_20251207_MarthaReselection_Plate_5_F6	F	6	MRTH	66	RF6	0.1	C:\Xcalibur\methods\method1	C:\data\yourdir	PRM_20251207_MarthaReselection_Plate_5_F6	Homo sapiens	Plasma	Plate_5	MarthaReselection	not available	not available	not available	not available	not available	not available	not available	not available	1	AC=EFO:0009656;NT=plasma	run 66	proteomics profiling by mass spectrometry	PRM_20251207_MarthaReselection_Plate_5_F6.RAW	PRM_20251207_MarthaReselection_Plate_5_F6.RAW	NT=Parallel Reaction Monitoring;AC=MS:1002956	AC=MS:1002038;NT=label free sample	1	NT=High-performance liquid chromatography;AC=PRIDE:0000565	1	AC=MS:1001251;NT=Trypsin	not available	NT=Stellar;AC=MS:1003409	NT=Carbamidomethyl;AC=UNIMOD:4;TA=C;MT=Fixed	NT=Higher-energy Collisional Dissociation;AC=MS:1000422	27 NCE	40 ppm	0.05 Da	F
PRM_20251207_MarthaReselection_Plate_5_F7	F	7	MRTH	67	RF7	0.1	C:\Xcalibur\methods\method1	C:\data\yourdir	PRM_20251207_MarthaReselection_Plate_5_F7	Homo sapiens	Plasma	Plate_5	MarthaReselection	not available	not available	not available	not available	not available	not available	not available	not available	1	AC=EFO:0009656;NT=plasma	run 67	proteomics profiling by mass spectrometry	PRM_20251207_MarthaReselection_Plate_5_F7.RAW	PRM_20251207_MarthaReselection_Plate_5_F7.RAW	NT=Parallel Reaction Monitoring;AC=MS:1002956	AC=MS:1002038;NT=label free sample	1	NT=High-performance liquid chromatography;AC=PRIDE:0000565	1	AC=MS:1001251;NT=Trypsin	not available	NT=Stellar;AC=MS:1003409	NT=Carbamidomethyl;AC=UNIMOD:4;TA=C;MT=Fixed	NT=Higher-energy Collisional Dissociation;AC=MS:1000422	27 NCE	40 ppm	0.05 Da	F
PRM_20251207_MarthaReselection_Plate_5_F8	F	8	MRTH	68	RF8	0.1	C:\Xcalibur\methods\method1	C:\data\yourdir	PRM_20251207_MarthaReselection_Plate_5_F8	Homo sapiens	Plasma	Plate_5	MarthaReselection	not available	not available	not available	not available	not available	not available	not available	not available	1	AC=EFO:0009656;NT=plasma	run 68	proteomics profiling by mass spectrometry	PRM_20251207_MarthaReselection_Plate_5_F8.RAW	PRM_20251207_MarthaReselection_Plate_5_F8.RAW	NT=Parallel Reaction Monitoring;AC=MS:1002956	AC=MS:1002038;NT=label free sample	1	NT=High-performance liquid chromatography;AC=PRIDE:0000565	1	AC=MS:1001251;NT=Trypsin	not available	NT=Stellar;AC=MS:1003409	NT=Carbamidomethyl;AC=UNIMOD:4;TA=C;MT=Fixed	NT=Higher-energy Collisional Dissociation;AC=MS:1000422	27 NCE	40 ppm	0.05 Da	F
PRM_20251207_MarthaReselection_Plate_5_F9	F	9	MRTH	69	RF9	0.1	C:\Xcalibur\methods\method1	C:\data\yourdir	PRM_20251207_MarthaReselection_Plate_5_F9	Homo sapiens	Plasma	Plate_5	MarthaReselection	not available	not available	not available	not available	not available	not available	not available	not available	1	AC=EFO:0009656;NT=plasma	run 69	proteomics profiling by mass spectrometry	PRM_20251207_MarthaReselection_Plate_5_F9.RAW	PRM_20251207_MarthaReselection_Plate_5_F9.RAW	NT=Parallel Reaction Monitoring;AC=MS:1002956	AC=MS:1002038;NT=label free sample	1	NT=High-performance liquid chromatography;AC=PRIDE:0000565	1	AC=MS:1001251;NT=Trypsin	not available	NT=Stellar;AC=MS:1003409	NT=Carbamidomethyl;AC=UNIMOD:4;TA=C;MT=Fixed	NT=Higher-energy Collisional Dissociation;AC=MS:1000422	27 NCE	40 ppm	0.05 Da	F
PRM_20251207_MarthaReselection_Plate_5_F10	F	10	MRTH	70	RF10	0.1	C:\Xcalibur\methods\method1	C:\data\yourdir	PRM_20251207_MarthaReselection_Plate_5_F10	Homo sapiens	Plasma	Plate_5	MarthaReselection	not available	not available	not available	not available	not available	not available	not available	not available	1	AC=EFO:0009656;NT=plasma	run 70	proteomics profiling by mass spectrometry	PRM_20251207_MarthaReselection_Plate_5_F10.RAW	PRM_20251207_MarthaReselection_Plate_5_F10.RAW	NT=Parallel Reaction Monitoring;AC=MS:1002956	AC=MS:1002038;NT=label free sample	1	NT=High-performance liquid chromatography;AC=PRIDE:0000565	1	AC=MS:1001251;NT=Trypsin	not available	NT=Stellar;AC=MS:1003409	NT=Carbamidomethyl;AC=UNIMOD:4;TA=C;MT=Fixed	NT=Higher-energy Collisional Dissociation;AC=MS:1000422	27 NCE	40 ppm	0.05 Da	F
PRM_20251207_MarthaReselection_Plate_5_F11	F	11	MRTH	71	RF11	0.1	C:\Xcalibur\methods\method1	C:\data\yourdir	PRM_20251207_MarthaReselection_Plate_5_F11	Homo sapiens	Plasma	Plate_5	MarthaReselection	not available	not available	not available	not available	not available	not available	not available	not available	1	AC=EFO:0009656;NT=plasma	run 71	proteomics profiling by mass spectrometry	PRM_20251207_MarthaReselection_Plate_5_F11.RAW	PRM_20251207_MarthaReselection_Plate_5_F11.RAW	NT=Parallel Reaction Monitoring;AC=MS:1002956	AC=MS:1002038;NT=label free sample	1	NT=High-performance liquid chromatography;AC=PRIDE:0000565	1	AC=MS:1001251;NT=Trypsin	not available	NT=Stellar;AC=MS:1003409	NT=Carbamidomethyl;AC=UNIMOD:4;TA=C;MT=Fixed	NT=Higher-energy Collisional Dissociation;AC=MS:1000422	27 NCE	40 ppm	0.05 Da	F
PRM_20251207_MarthaReselection_Plate_5_F12	F	12	Pool	72	RF12	0.1	C:\Xcalibur\methods\method1	C:\data\yourdir	PRM_20251207_MarthaReselection_Plate_5_F12	Homo sapiens	Plasma	Plate_5	MarthaReselection	not available	not available	not available	not available	not available	not available	not available	not available	1	AC=EFO:0009656;NT=plasma	run 72	proteomics profiling by mass spectrometry	PRM_20251207_MarthaReselection_Plate_5_F12.RAW	PRM_20251207_MarthaReselection_Plate_5_F12.RAW	NT=Parallel Reaction Monitoring;AC=MS:1002956	AC=MS:1002038;NT=label free sample	1	NT=High-performance liquid chromatography;AC=PRIDE:0000565	1	AC=MS:1001251;NT=Trypsin	not available	NT=Stellar;AC=MS:1003409	NT=Carbamidomethyl;AC=UNIMOD:4;TA=C;MT=Fixed	NT=Higher-energy Collisional Dissociation;AC=MS:1000422	27 NCE	40 ppm	0.05 Da	F
PRM_20251207_MarthaReselection_Plate_5_G1	G	1	MRTH	73	RG1	0.1	C:\Xcalibur\methods\method1	C:\data\yourdir	PRM_20251207_MarthaReselection_Plate_5_G1	Homo sapiens	Plasma	Plate_5	MarthaReselection	not available	not available	not available	not available	not available	not available	not available	not available	1	AC=EFO:0009656;NT=plasma	run 73	proteomics profiling by mass spectrometry	PRM_20251207_MarthaReselection_Plate_5_G1.RAW	PRM_20251207_MarthaReselection_Plate_5_G1.RAW	NT=Parallel Reaction Monitoring;AC=MS:1002956	AC=MS:1002038;NT=label free sample	1	NT=High-performance liquid chromatography;AC=PRIDE:0000565	1	AC=MS:1001251;NT=Trypsin	not available	NT=Stellar;AC=MS:1003409	NT=Carbamidomethyl;AC=UNIMOD:4;TA=C;MT=Fixed	NT=Higher-energy Collisional Dissociation;AC=MS:1000422	27 NCE	40 ppm	0.05 Da	G
PRM_20251207_MarthaReselection_Plate_5_G2	G	2	MRTH	74	RG2	0.1	C:\Xcalibur\methods\method1	C:\data\yourdir	PRM_20251207_MarthaReselection_Plate_5_G2	Homo sapiens	Plasma	Plate_5	MarthaReselection	not available	not available	not available	not available	not available	not available	not available	not available	1	AC=EFO:0009656;NT=plasma	run 74	proteomics profiling by mass spectrometry	PRM_20251207_MarthaReselection_Plate_5_G2.RAW	PRM_20251207_MarthaReselection_Plate_5_G2.RAW	NT=Parallel Reaction Monitoring;AC=MS:1002956	AC=MS:1002038;NT=label free sample	1	NT=High-performance liquid chromatography;AC=PRIDE:0000565	1	AC=MS:1001251;NT=Trypsin	not available	NT=Stellar;AC=MS:1003409	NT=Carbamidomethyl;AC=UNIMOD:4;TA=C;MT=Fixed	NT=Higher-energy Collisional Dissociation;AC=MS:1000422	27 NCE	40 ppm	0.05 Da	G
PRM_20251207_MarthaReselection_Plate_5_G3	G	3	MRTH	75	RG3	0.1	C:\Xcalibur\methods\method1	C:\data\yourdir	PRM_20251207_MarthaReselection_Plate_5_G3	Homo sapiens	Plasma	Plate_5	MarthaReselection	not available	not available	not available	not available	not available	not available	not available	not available	1	AC=EFO:0009656;NT=plasma	run 75	proteomics profiling by mass spectrometry	PRM_20251207_MarthaReselection_Plate_5_G3.RAW	PRM_20251207_MarthaReselection_Plate_5_G3.RAW	NT=Parallel Reaction Monitoring;AC=MS:1002956	AC=MS:1002038;NT=label free sample	1	NT=High-performance liquid chromatography;AC=PRIDE:0000565	1	AC=MS:1001251;NT=Trypsin	not available	NT=Stellar;AC=MS:1003409	NT=Carbamidomethyl;AC=UNIMOD:4;TA=C;MT=Fixed	NT=Higher-energy Collisional Dissociation;AC=MS:1000422	27 NCE	40 ppm	0.05 Da	G
PRM_20251207_MarthaReselection_Plate_5_G4	G	4	MRTH	76	RG4	0.1	C:\Xcalibur\methods\method1	C:\data\yourdir	PRM_20251207_MarthaReselection_Plate_5_G4	Homo sapiens	Plasma	Plate_5	MarthaReselection	not available	not available	not available	not available	not available	not available	not available	not available	1	AC=EFO:0009656;NT=plasma	run 76	proteomics profiling by mass spectrometry	PRM_20251207_MarthaReselection_Plate_5_G4.RAW	PRM_20251207_MarthaReselection_Plate_5_G4.RAW	NT=Parallel Reaction Monitoring;AC=MS:1002956	AC=MS:1002038;NT=label free sample	1	NT=High-performance liquid chromatography;AC=PRIDE:0000565	1	AC=MS:1001251;NT=Trypsin	not available	NT=Stellar;AC=MS:1003409	NT=Carbamidomethyl;AC=UNIMOD:4;TA=C;MT=Fixed	NT=Higher-energy Collisional Dissociation;AC=MS:1000422	27 NCE	40 ppm	0.05 Da	G
PRM_20251207_MarthaReselection_Plate_5_G5	G	5	MRTH	77	RG5	0.1	C:\Xcalibur\methods\method1	C:\data\yourdir	PRM_20251207_MarthaReselection_Plate_5_G5	Homo sapiens	Plasma	Plate_5	MarthaReselection	not available	not available	not available	not available	not available	not available	not available	not available	1	AC=EFO:0009656;NT=plasma	run 77	proteomics profiling by mass spectrometry	PRM_20251207_MarthaReselection_Plate_5_G5.RAW	PRM_20251207_MarthaReselection_Plate_5_G5.RAW	NT=Parallel Reaction Monitoring;AC=MS:1002956	AC=MS:1002038;NT=label free sample	1	NT=High-performance liquid chromatography;AC=PRIDE:0000565	1	AC=MS:1001251;NT=Trypsin	not available	NT=Stellar;AC=MS:1003409	NT=Carbamidomethyl;AC=UNIMOD:4;TA=C;MT=Fixed	NT=Higher-energy Collisional Dissociation;AC=MS:1000422	27 NCE	40 ppm	0.05 Da	G
PRM_20251207_MarthaReselection_Plate_5_G6	G	6	MRTH	78	RG6	0.1	C:\Xcalibur\methods\method1	C:\data\yourdir	PRM_20251207_MarthaReselection_Plate_5_G6	Homo sapiens	Plasma	Plate_5	MarthaReselection	not available	not available	not available	not available	not available	not available	not available	not available	1	AC=EFO:0009656;NT=plasma	run 78	proteomics profiling by mass spectrometry	PRM_20251207_MarthaReselection_Plate_5_G6.RAW	PRM_20251207_MarthaReselection_Plate_5_G6.RAW	NT=Parallel Reaction Monitoring;AC=MS:1002956	AC=MS:1002038;NT=label free sample	1	NT=High-performance liquid chromatography;AC=PRIDE:0000565	1	AC=MS:1001251;NT=Trypsin	not available	NT=Stellar;AC=MS:1003409	NT=Carbamidomethyl;AC=UNIMOD:4;TA=C;MT=Fixed	NT=Higher-energy Collisional Dissociation;AC=MS:1000422	27 NCE	40 ppm	0.05 Da	G
PRM_20251207_MarthaReselection_Plate_5_G7	G	7	MRTH	79	RG7	0.1	C:\Xcalibur\methods\method1	C:\data\yourdir	PRM_20251207_MarthaReselection_Plate_5_G7	Homo sapiens	Plasma	Plate_5	MarthaReselection	not available	not available	not available	not available	not available	not available	not available	not available	1	AC=EFO:0009656;NT=plasma	run 79	proteomics profiling by mass spectrometry	PRM_20251207_MarthaReselection_Plate_5_G7.RAW	PRM_20251207_MarthaReselection_Plate_5_G7.RAW	NT=Parallel Reaction Monitoring;AC=MS:1002956	AC=MS:1002038;NT=label free sample	1	NT=High-performance liquid chromatography;AC=PRIDE:0000565	1	AC=MS:1001251;NT=Trypsin	not available	NT=Stellar;AC=MS:1003409	NT=Carbamidomethyl;AC=UNIMOD:4;TA=C;MT=Fixed	NT=Higher-energy Collisional Dissociation;AC=MS:1000422	27 NCE	40 ppm	0.05 Da	G
PRM_20251207_MarthaReselection_Plate_5_G8	G	8	MRTH	80	RG8	0.1	C:\Xcalibur\methods\method1	C:\data\yourdir	PRM_20251207_MarthaReselection_Plate_5_G8	Homo sapiens	Plasma	Plate_5	MarthaReselection	not available	not available	not available	not available	not available	not available	not available	not available	1	AC=EFO:0009656;NT=plasma	run 80	proteomics profiling by mass spectrometry	PRM_20251207_MarthaReselection_Plate_5_G8.RAW	PRM_20251207_MarthaReselection_Plate_5_G8.RAW	NT=Parallel Reaction Monitoring;AC=MS:1002956	AC=MS:1002038;NT=label free sample	1	NT=High-performance liquid chromatography;AC=PRIDE:0000565	1	AC=MS:1001251;NT=Trypsin	not available	NT=Stellar;AC=MS:1003409	NT=Carbamidomethyl;AC=UNIMOD:4;TA=C;MT=Fixed	NT=Higher-energy Collisional Dissociation;AC=MS:1000422	27 NCE	40 ppm	0.05 Da	G
PRM_20251207_MarthaReselection_Plate_5_G9	G	9	MRTH	81	RG9	0.1	C:\Xcalibur\methods\method1	C:\data\yourdir	PRM_20251207_MarthaReselection_Plate_5_G9	Homo sapiens	Plasma	Plate_5	MarthaReselection	not available	not available	not available	not available	not available	not available	not available	not available	1	AC=EFO:0009656;NT=plasma	run 81	proteomics profiling by mass spectrometry	PRM_20251207_MarthaReselection_Plate_5_G9.RAW	PRM_20251207_MarthaReselection_Plate_5_G9.RAW	NT=Parallel Reaction Monitoring;AC=MS:1002956	AC=MS:1002038;NT=label free sample	1	NT=High-performance liquid chromatography;AC=PRIDE:0000565	1	AC=MS:1001251;NT=Trypsin	not available	NT=Stellar;AC=MS:1003409	NT=Carbamidomethyl;AC=UNIMOD:4;TA=C;MT=Fixed	NT=Higher-energy Collisional Dissociation;AC=MS:1000422	27 NCE	40 ppm	0.05 Da	G
PRM_20251207_MarthaReselection_Plate_5_G10	G	10	MRTH	82	RG10	0.1	C:\Xcalibur\methods\method1	C:\data\yourdir	PRM_20251207_MarthaReselection_Plate_5_G10	Homo sapiens	Plasma	Plate_5	MarthaReselection	not available	not available	not available	not available	not available	not available	not available	not available	1	AC=EFO:0009656;NT=plasma	run 82	proteomics profiling by mass spectrometry	PRM_20251207_MarthaReselection_Plate_5_G10.RAW	PRM_20251207_MarthaReselection_Plate_5_G10.RAW	NT=Parallel Reaction Monitoring;AC=MS:1002956	AC=MS:1002038;NT=label free sample	1	NT=High-performance liquid chromatography;AC=PRIDE:0000565	1	AC=MS:1001251;NT=Trypsin	not available	NT=Stellar;AC=MS:1003409	NT=Carbamidomethyl;AC=UNIMOD:4;TA=C;MT=Fixed	NT=Higher-energy Collisional Dissociation;AC=MS:1000422	27 NCE	40 ppm	0.05 Da	G
PRM_20251207_MarthaReselection_Plate_5_G11	G	11	MRTH	83	RG11	0.1	C:\Xcalibur\methods\method1	C:\data\yourdir	PRM_20251207_MarthaReselection_Plate_5_G11	Homo sapiens	Plasma	Plate_5	MarthaReselection	not available	not available	not available	not available	not available	not available	not available	not available	1	AC=EFO:0009656;NT=plasma	run 83	proteomics profiling by mass spectrometry	PRM_20251207_MarthaReselection_Plate_5_G11.RAW	PRM_20251207_MarthaReselection_Plate_5_G11.RAW	NT=Parallel Reaction Monitoring;AC=MS:1002956	AC=MS:1002038;NT=label free sample	1	NT=High-performance liquid chromatography;AC=PRIDE:0000565	1	AC=MS:1001251;NT=Trypsin	not available	NT=Stellar;AC=MS:1003409	NT=Carbamidomethyl;AC=UNIMOD:4;TA=C;MT=Fixed	NT=Higher-energy Collisional Dissociation;AC=MS:1000422	27 NCE	40 ppm	0.05 Da	G
PRM_20251207_MarthaReselection_Plate_5_G12	G	12	Pool	84	RG12	0.1	C:\Xcalibur\methods\method1	C:\data\yourdir	PRM_20251207_MarthaReselection_Plate_5_G12	Homo sapiens	Plasma	Plate_5	MarthaReselection	not available	not available	not available	not available	not available	not available	not available	not available	1	AC=EFO:0009656;NT=plasma	run 84	proteomics profiling by mass spectrometry	PRM_20251207_MarthaReselection_Plate_5_G12.RAW	PRM_20251207_MarthaReselection_Plate_5_G12.RAW	NT=Parallel Reaction Monitoring;AC=MS:1002956	AC=MS:1002038;NT=label free sample	1	NT=High-performance liquid chromatography;AC=PRIDE:0000565	1	AC=MS:1001251;NT=Trypsin	not available	NT=Stellar;AC=MS:1003409	NT=Carbamidomethyl;AC=UNIMOD:4;TA=C;MT=Fixed	NT=Higher-energy Collisional Dissociation;AC=MS:1000422	27 NCE	40 ppm	0.05 Da	G
PRM_20251207_MarthaReselection_Plate_5_H1	H	1	MRTH	85	RH1	0.1	C:\Xcalibur\methods\method1	C:\data\yourdir	PRM_20251207_MarthaReselection_Plate_5_H1	Homo sapiens	Plasma	Plate_5	MarthaReselection	not available	not available	not available	not available	not available	not available	not available	not available	1	AC=EFO:0009656;NT=plasma	run 85	proteomics profiling by mass spectrometry	PRM_20251207_MarthaReselection_Plate_5_H1.RAW	PRM_20251207_MarthaReselection_Plate_5_H1.RAW	NT=Parallel Reaction Monitoring;AC=MS:1002956	AC=MS:1002038;NT=label free sample	1	NT=High-performance liquid chromatography;AC=PRIDE:0000565	1	AC=MS:1001251;NT=Trypsin	not available	NT=Stellar;AC=MS:1003409	NT=Carbamidomethyl;AC=UNIMOD:4;TA=C;MT=Fixed	NT=Higher-energy Collisional Dissociation;AC=MS:1000422	27 NCE	40 ppm	0.05 Da	H
PRM_20251207_MarthaReselection_Plate_5_H2	H	2	MRTH	86	RH2	0.1	C:\Xcalibur\methods\method1	C:\data\yourdir	PRM_20251207_MarthaReselection_Plate_5_H2	Homo sapiens	Plasma	Plate_5	MarthaReselection	not available	not available	not available	not available	not available	not available	not available	not available	1	AC=EFO:0009656;NT=plasma	run 86	proteomics profiling by mass spectrometry	PRM_20251207_MarthaReselection_Plate_5_H2.RAW	PRM_20251207_MarthaReselection_Plate_5_H2.RAW	NT=Parallel Reaction Monitoring;AC=MS:1002956	AC=MS:1002038;NT=label free sample	1	NT=High-performance liquid chromatography;AC=PRIDE:0000565	1	AC=MS:1001251;NT=Trypsin	not available	NT=Stellar;AC=MS:1003409	NT=Carbamidomethyl;AC=UNIMOD:4;TA=C;MT=Fixed	NT=Higher-energy Collisional Dissociation;AC=MS:1000422	27 NCE	40 ppm	0.05 Da	H
PRM_20251207_MarthaReselection_Plate_5_H3	H	3	MRTH	87	RH3	0.1	C:\Xcalibur\methods\method1	C:\data\yourdir	PRM_20251207_MarthaReselection_Plate_5_H3	Homo sapiens	Plasma	Plate_5	MarthaReselection	not available	not available	not available	not available	not available	not available	not available	not available	1	AC=EFO:0009656;NT=plasma	run 87	proteomics profiling by mass spectrometry	PRM_20251207_MarthaReselection_Plate_5_H3.RAW	PRM_20251207_MarthaReselection_Plate_5_H3.RAW	NT=Parallel Reaction Monitoring;AC=MS:1002956	AC=MS:1002038;NT=label free sample	1	NT=High-performance liquid chromatography;AC=PRIDE:0000565	1	AC=MS:1001251;NT=Trypsin	not available	NT=Stellar;AC=MS:1003409	NT=Carbamidomethyl;AC=UNIMOD:4;TA=C;MT=Fixed	NT=Higher-energy Collisional Dissociation;AC=MS:1000422	27 NCE	40 ppm	0.05 Da	H
PRM_20251207_MarthaReselection_Plate_5_H4	H	4	MRTH	88	RH4	0.1	C:\Xcalibur\methods\method1	C:\data\yourdir	PRM_20251207_MarthaReselection_Plate_5_H4	Homo sapiens	Plasma	Plate_5	MarthaReselection	not available	not available	not available	not available	not available	not available	not available	not available	1	AC=EFO:0009656;NT=plasma	run 88	proteomics profiling by mass spectrometry	PRM_20251207_MarthaReselection_Plate_5_H4.RAW	PRM_20251207_MarthaReselection_Plate_5_H4.RAW	NT=Parallel Reaction Monitoring;AC=MS:1002956	AC=MS:1002038;NT=label free sample	1	NT=High-performance liquid chromatography;AC=PRIDE:0000565	1	AC=MS:1001251;NT=Trypsin	not available	NT=Stellar;AC=MS:1003409	NT=Carbamidomethyl;AC=UNIMOD:4;TA=C;MT=Fixed	NT=Higher-energy Collisional Dissociation;AC=MS:1000422	27 NCE	40 ppm	0.05 Da	H
PRM_20251207_MarthaReselection_Plate_5_H5	H	5	MRTH	89	RH5	0.1	C:\Xcalibur\methods\method1	C:\data\yourdir	PRM_20251207_MarthaReselection_Plate_5_H5	Homo sapiens	Plasma	Plate_5	MarthaReselection	not available	not available	not available	not available	not available	not available	not available	not available	1	AC=EFO:0009656;NT=plasma	run 89	proteomics profiling by mass spectrometry	PRM_20251207_MarthaReselection_Plate_5_H5.RAW	PRM_20251207_MarthaReselection_Plate_5_H5.RAW	NT=Parallel Reaction Monitoring;AC=MS:1002956	AC=MS:1002038;NT=label free sample	1	NT=High-performance liquid chromatography;AC=PRIDE:0000565	1	AC=MS:1001251;NT=Trypsin	not available	NT=Stellar;AC=MS:1003409	NT=Carbamidomethyl;AC=UNIMOD:4;TA=C;MT=Fixed	NT=Higher-energy Collisional Dissociation;AC=MS:1000422	27 NCE	40 ppm	0.05 Da	H
PRM_20251207_MarthaReselection_Plate_5_H6	H	6	MRTH	90	RH6	0.1	C:\Xcalibur\methods\method1	C:\data\yourdir	PRM_20251207_MarthaReselection_Plate_5_H6	Homo sapiens	Plasma	Plate_5	MarthaReselection	not available	not available	not available	not available	not available	not available	not available	not available	1	AC=EFO:0009656;NT=plasma	run 90	proteomics profiling by mass spectrometry	PRM_20251207_MarthaReselection_Plate_5_H6.RAW	PRM_20251207_MarthaReselection_Plate_5_H6.RAW	NT=Parallel Reaction Monitoring;AC=MS:1002956	AC=MS:1002038;NT=label free sample	1	NT=High-performance liquid chromatography;AC=PRIDE:0000565	1	AC=MS:1001251;NT=Trypsin	not available	NT=Stellar;AC=MS:1003409	NT=Carbamidomethyl;AC=UNIMOD:4;TA=C;MT=Fixed	NT=Higher-energy Collisional Dissociation;AC=MS:1000422	27 NCE	40 ppm	0.05 Da	H
PRM_20251207_MarthaReselection_Plate_5_H7	H	7	MRTH	91	RH7	0.1	C:\Xcalibur\methods\method1	C:\data\yourdir	PRM_20251207_MarthaReselection_Plate_5_H7	Homo sapiens	Plasma	Plate_5	MarthaReselection	not available	not available	not available	not available	not available	not available	not available	not available	1	AC=EFO:0009656;NT=plasma	run 91	proteomics profiling by mass spectrometry	PRM_20251207_MarthaReselection_Plate_5_H7.RAW	PRM_20251207_MarthaReselection_Plate_5_H7.RAW	NT=Parallel Reaction Monitoring;AC=MS:1002956	AC=MS:1002038;NT=label free sample	1	NT=High-performance liquid chromatography;AC=PRIDE:0000565	1	AC=MS:1001251;NT=Trypsin	not available	NT=Stellar;AC=MS:1003409	NT=Carbamidomethyl;AC=UNIMOD:4;TA=C;MT=Fixed	NT=Higher-energy Collisional Dissociation;AC=MS:1000422	27 NCE	40 ppm	0.05 Da	H
PRM_20251207_MarthaReselection_Plate_5_H8	H	8	MRTH	92	RH8	0.1	C:\Xcalibur\methods\method1	C:\data\yourdir	PRM_20251207_MarthaReselection_Plate_5_H8	Homo sapiens	Plasma	Plate_5	MarthaReselection	not available	not available	not available	not available	not available	not available	not available	not available	1	AC=EFO:0009656;NT=plasma	run 92	proteomics profiling by mass spectrometry	PRM_20251207_MarthaReselection_Plate_5_H8.RAW	PRM_20251207_MarthaReselection_Plate_5_H8.RAW	NT=Parallel Reaction Monitoring;AC=MS:1002956	AC=MS:1002038;NT=label free sample	1	NT=High-performance liquid chromatography;AC=PRIDE:0000565	1	AC=MS:1001251;NT=Trypsin	not available	NT=Stellar;AC=MS:1003409	NT=Carbamidomethyl;AC=UNIMOD:4;TA=C;MT=Fixed	NT=Higher-energy Collisional Dissociation;AC=MS:1000422	27 NCE	40 ppm	0.05 Da	H
PRM_20251207_MarthaReselection_Plate_5_H9	H	9	MRTH	93	RH9	0.1	C:\Xcalibur\methods\method1	C:\data\yourdir	PRM_20251207_MarthaReselection_Plate_5_H9	Homo sapiens	Plasma	Plate_5	MarthaReselection	not available	not available	not available	not available	not available	not available	not available	not available	1	AC=EFO:0009656;NT=plasma	run 93	proteomics profiling by mass spectrometry	PRM_20251207_MarthaReselection_Plate_5_H9.RAW	PRM_20251207_MarthaReselection_Plate_5_H9.RAW	NT=Parallel Reaction Monitoring;AC=MS:1002956	AC=MS:1002038;NT=label free sample	1	NT=High-performance liquid chromatography;AC=PRIDE:0000565	1	AC=MS:1001251;NT=Trypsin	not available	NT=Stellar;AC=MS:1003409	NT=Carbamidomethyl;AC=UNIMOD:4;TA=C;MT=Fixed	NT=Higher-energy Collisional Dissociation;AC=MS:1000422	27 NCE	40 ppm	0.05 Da	H
PRM_20251207_MarthaReselection_Plate_5_H10	H	10	MRTH	94	RH10	0.1	C:\Xcalibur\methods\method1	C:\data\yourdir	PRM_20251207_MarthaReselection_Plate_5_H10	Homo sapiens	Plasma	Plate_5	MarthaReselection	not available	not available	not available	not available	not available	not available	not available	not available	1	AC=EFO:0009656;NT=plasma	run 94	proteomics profiling by mass spectrometry	PRM_20251207_MarthaReselection_Plate_5_H10.RAW	PRM_20251207_MarthaReselection_Plate_5_H10.RAW	NT=Parallel Reaction Monitoring;AC=MS:1002956	AC=MS:1002038;NT=label free sample	1	NT=High-performance liquid chromatography;AC=PRIDE:0000565	1	AC=MS:1001251;NT=Trypsin	not available	NT=Stellar;AC=MS:1003409	NT=Carbamidomethyl;AC=UNIMOD:4;TA=C;MT=Fixed	NT=Higher-energy Collisional Dissociation;AC=MS:1000422	27 NCE	40 ppm	0.05 Da	H
PRM_20251207_MarthaReselection_Plate_5_H11	H	11	MRTH	95	RH11	0.1	C:\Xcalibur\methods\method1	C:\data\yourdir	PRM_20251207_MarthaReselection_Plate_5_H11	Homo sapiens	Plasma	Plate_5	MarthaReselection	not available	not available	not available	not available	not available	not available	not available	not available	1	AC=EFO:0009656;NT=plasma	run 95	proteomics profiling by mass spectrometry	PRM_20251207_MarthaReselection_Plate_5_H11.RAW	PRM_20251207_MarthaReselection_Plate_5_H11.RAW	NT=Parallel Reaction Monitoring;AC=MS:1002956	AC=MS:1002038;NT=label free sample	1	NT=High-performance liquid chromatography;AC=PRIDE:0000565	1	AC=MS:1001251;NT=Trypsin	not available	NT=Stellar;AC=MS:1003409	NT=Carbamidomethyl;AC=UNIMOD:4;TA=C;MT=Fixed	NT=Higher-energy Collisional Dissociation;AC=MS:1000422	27 NCE	40 ppm	0.05 Da	H
PRM_20251207_MarthaReselection_Plate_5_H12	H	12	Pool	96	RH12	0.1	C:\Xcalibur\methods\method1	C:\data\yourdir	PRM_20251207_MarthaReselection_Plate_5_H12	Homo sapiens	Plasma	Plate_5	MarthaReselection	not available	not available	not available	not available	not available	not available	not available	not available	1	AC=EFO:0009656;NT=plasma	run 96	proteomics profiling by mass spectrometry	PRM_20251207_MarthaReselection_Plate_5_H12.RAW	PRM_20251207_MarthaReselection_Plate_5_H12.RAW	NT=Parallel Reaction Monitoring;AC=MS:1002956	AC=MS:1002038;NT=label free sample	1	NT=High-performance liquid chromatography;AC=PRIDE:0000565	1	AC=MS:1001251;NT=Trypsin	not available	NT=Stellar;AC=MS:1003409	NT=Carbamidomethyl;AC=UNIMOD:4;TA=C;MT=Fixed	NT=Higher-energy Collisional Dissociation;AC=MS:1000422	27 NCE	40 ppm	0.05 Da	H
PRM_20251207_MarthaReselection_Plate_6_A1	A	1	MRTH	1	RA1	0.1	C:\Xcalibur\methods\method1	C:\data\yourdir	PRM_20251207_MarthaReselection_Plate_6_A1	Homo sapiens	Plasma	Plate_6	MarthaReselection	not available	not available	not available	not available	not available	not available	not available	not available	1	AC=EFO:0009656;NT=plasma	run 1	proteomics profiling by mass spectrometry	PRM_20251207_MarthaReselection_Plate_6_A1.RAW	PRM_20251207_MarthaReselection_Plate_6_A1.RAW	NT=Parallel Reaction Monitoring;AC=MS:1002956	AC=MS:1002038;NT=label free sample	1	NT=High-performance liquid chromatography;AC=PRIDE:0000565	1	AC=MS:1001251;NT=Trypsin	not available	NT=Stellar;AC=MS:1003409	NT=Carbamidomethyl;AC=UNIMOD:4;TA=C;MT=Fixed	NT=Higher-energy Collisional Dissociation;AC=MS:1000422	27 NCE	40 ppm	0.05 Da	A
PRM_20251207_MarthaReselection_Plate_6_A2	A	2	MRTH	2	RA2	0.1	C:\Xcalibur\methods\method1	C:\data\yourdir	PRM_20251207_MarthaReselection_Plate_6_A2	Homo sapiens	Plasma	Plate_6	MarthaReselection	not available	not available	not available	not available	not available	not available	not available	not available	1	AC=EFO:0009656;NT=plasma	run 2	proteomics profiling by mass spectrometry	PRM_20251207_MarthaReselection_Plate_6_A2.RAW	PRM_20251207_MarthaReselection_Plate_6_A2.RAW	NT=Parallel Reaction Monitoring;AC=MS:1002956	AC=MS:1002038;NT=label free sample	1	NT=High-performance liquid chromatography;AC=PRIDE:0000565	1	AC=MS:1001251;NT=Trypsin	not available	NT=Stellar;AC=MS:1003409	NT=Carbamidomethyl;AC=UNIMOD:4;TA=C;MT=Fixed	NT=Higher-energy Collisional Dissociation;AC=MS:1000422	27 NCE	40 ppm	0.05 Da	A
PRM_20251207_MarthaReselection_Plate_6_A3	A	3	MRTH	3	RA3	0.1	C:\Xcalibur\methods\method1	C:\data\yourdir	PRM_20251207_MarthaReselection_Plate_6_A3	Homo sapiens	Plasma	Plate_6	MarthaReselection	not available	not available	not available	not available	not available	not available	not available	not available	1	AC=EFO:0009656;NT=plasma	run 3	proteomics profiling by mass spectrometry	PRM_20251207_MarthaReselection_Plate_6_A3.RAW	PRM_20251207_MarthaReselection_Plate_6_A3.RAW	NT=Parallel Reaction Monitoring;AC=MS:1002956	AC=MS:1002038;NT=label free sample	1	NT=High-performance liquid chromatography;AC=PRIDE:0000565	1	AC=MS:1001251;NT=Trypsin	not available	NT=Stellar;AC=MS:1003409	NT=Carbamidomethyl;AC=UNIMOD:4;TA=C;MT=Fixed	NT=Higher-energy Collisional Dissociation;AC=MS:1000422	27 NCE	40 ppm	0.05 Da	A
PRM_20251207_MarthaReselection_Plate_6_A4	A	4	MRTH	4	RA4	0.1	C:\Xcalibur\methods\method1	C:\data\yourdir	PRM_20251207_MarthaReselection_Plate_6_A4	Homo sapiens	Plasma	Plate_6	MarthaReselection	not available	not available	not available	not available	not available	not available	not available	not available	1	AC=EFO:0009656;NT=plasma	run 4	proteomics profiling by mass spectrometry	PRM_20251207_MarthaReselection_Plate_6_A4.RAW	PRM_20251207_MarthaReselection_Plate_6_A4.RAW	NT=Parallel Reaction Monitoring;AC=MS:1002956	AC=MS:1002038;NT=label free sample	1	NT=High-performance liquid chromatography;AC=PRIDE:0000565	1	AC=MS:1001251;NT=Trypsin	not available	NT=Stellar;AC=MS:1003409	NT=Carbamidomethyl;AC=UNIMOD:4;TA=C;MT=Fixed	NT=Higher-energy Collisional Dissociation;AC=MS:1000422	27 NCE	40 ppm	0.05 Da	A
PRM_20251207_MarthaReselection_Plate_6_A5	A	5	MRTH	5	RA5	0.1	C:\Xcalibur\methods\method1	C:\data\yourdir	PRM_20251207_MarthaReselection_Plate_6_A5	Homo sapiens	Plasma	Plate_6	MarthaReselection	not available	not available	not available	not available	not available	not available	not available	not available	1	AC=EFO:0009656;NT=plasma	run 5	proteomics profiling by mass spectrometry	PRM_20251207_MarthaReselection_Plate_6_A5.RAW	PRM_20251207_MarthaReselection_Plate_6_A5.RAW	NT=Parallel Reaction Monitoring;AC=MS:1002956	AC=MS:1002038;NT=label free sample	1	NT=High-performance liquid chromatography;AC=PRIDE:0000565	1	AC=MS:1001251;NT=Trypsin	not available	NT=Stellar;AC=MS:1003409	NT=Carbamidomethyl;AC=UNIMOD:4;TA=C;MT=Fixed	NT=Higher-energy Collisional Dissociation;AC=MS:1000422	27 NCE	40 ppm	0.05 Da	A
PRM_20251207_MarthaReselection_Plate_6_A6	A	6	MRTH	6	RA6	0.1	C:\Xcalibur\methods\method1	C:\data\yourdir	PRM_20251207_MarthaReselection_Plate_6_A6	Homo sapiens	Plasma	Plate_6	MarthaReselection	not available	not available	not available	not available	not available	not available	not available	not available	1	AC=EFO:0009656;NT=plasma	run 6	proteomics profiling by mass spectrometry	PRM_20251207_MarthaReselection_Plate_6_A6.RAW	PRM_20251207_MarthaReselection_Plate_6_A6.RAW	NT=Parallel Reaction Monitoring;AC=MS:1002956	AC=MS:1002038;NT=label free sample	1	NT=High-performance liquid chromatography;AC=PRIDE:0000565	1	AC=MS:1001251;NT=Trypsin	not available	NT=Stellar;AC=MS:1003409	NT=Carbamidomethyl;AC=UNIMOD:4;TA=C;MT=Fixed	NT=Higher-energy Collisional Dissociation;AC=MS:1000422	27 NCE	40 ppm	0.05 Da	A
PRM_20251207_MarthaReselection_Plate_6_A7	A	7	MRTH	7	RA7	0.1	C:\Xcalibur\methods\method1	C:\data\yourdir	PRM_20251207_MarthaReselection_Plate_6_A7	Homo sapiens	Plasma	Plate_6	MarthaReselection	not available	not available	not available	not available	not available	not available	not available	not available	1	AC=EFO:0009656;NT=plasma	run 7	proteomics profiling by mass spectrometry	PRM_20251207_MarthaReselection_Plate_6_A7.RAW	PRM_20251207_MarthaReselection_Plate_6_A7.RAW	NT=Parallel Reaction Monitoring;AC=MS:1002956	AC=MS:1002038;NT=label free sample	1	NT=High-performance liquid chromatography;AC=PRIDE:0000565	1	AC=MS:1001251;NT=Trypsin	not available	NT=Stellar;AC=MS:1003409	NT=Carbamidomethyl;AC=UNIMOD:4;TA=C;MT=Fixed	NT=Higher-energy Collisional Dissociation;AC=MS:1000422	27 NCE	40 ppm	0.05 Da	A
PRM_20251207_MarthaReselection_Plate_6_A8	A	8	MRTH	8	RA8	0.1	C:\Xcalibur\methods\method1	C:\data\yourdir	PRM_20251207_MarthaReselection_Plate_6_A8	Homo sapiens	Plasma	Plate_6	MarthaReselection	not available	not available	not available	not available	not available	not available	not available	not available	1	AC=EFO:0009656;NT=plasma	run 8	proteomics profiling by mass spectrometry	PRM_20251207_MarthaReselection_Plate_6_A8.RAW	PRM_20251207_MarthaReselection_Plate_6_A8.RAW	NT=Parallel Reaction Monitoring;AC=MS:1002956	AC=MS:1002038;NT=label free sample	1	NT=High-performance liquid chromatography;AC=PRIDE:0000565	1	AC=MS:1001251;NT=Trypsin	not available	NT=Stellar;AC=MS:1003409	NT=Carbamidomethyl;AC=UNIMOD:4;TA=C;MT=Fixed	NT=Higher-energy Collisional Dissociation;AC=MS:1000422	27 NCE	40 ppm	0.05 Da	A
PRM_20251207_MarthaReselection_Plate_6_A9	A	9	MRTH	9	RA9	0.1	C:\Xcalibur\methods\method1	C:\data\yourdir	PRM_20251207_MarthaReselection_Plate_6_A9	Homo sapiens	Plasma	Plate_6	MarthaReselection	not available	not available	not available	not available	not available	not available	not available	not available	1	AC=EFO:0009656;NT=plasma	run 9	proteomics profiling by mass spectrometry	PRM_20251207_MarthaReselection_Plate_6_A9.RAW	PRM_20251207_MarthaReselection_Plate_6_A9.RAW	NT=Parallel Reaction Monitoring;AC=MS:1002956	AC=MS:1002038;NT=label free sample	1	NT=High-performance liquid chromatography;AC=PRIDE:0000565	1	AC=MS:1001251;NT=Trypsin	not available	NT=Stellar;AC=MS:1003409	NT=Carbamidomethyl;AC=UNIMOD:4;TA=C;MT=Fixed	NT=Higher-energy Collisional Dissociation;AC=MS:1000422	27 NCE	40 ppm	0.05 Da	A
PRM_20251207_MarthaReselection_Plate_6_A10	A	10	MRTH	10	RA10	0.1	C:\Xcalibur\methods\method1	C:\data\yourdir	PRM_20251207_MarthaReselection_Plate_6_A10	Homo sapiens	Plasma	Plate_6	MarthaReselection	not available	not available	not available	not available	not available	not available	not available	not available	1	AC=EFO:0009656;NT=plasma	run 10	proteomics profiling by mass spectrometry	PRM_20251207_MarthaReselection_Plate_6_A10.RAW	PRM_20251207_MarthaReselection_Plate_6_A10.RAW	NT=Parallel Reaction Monitoring;AC=MS:1002956	AC=MS:1002038;NT=label free sample	1	NT=High-performance liquid chromatography;AC=PRIDE:0000565	1	AC=MS:1001251;NT=Trypsin	not available	NT=Stellar;AC=MS:1003409	NT=Carbamidomethyl;AC=UNIMOD:4;TA=C;MT=Fixed	NT=Higher-energy Collisional Dissociation;AC=MS:1000422	27 NCE	40 ppm	0.05 Da	A
PRM_20251207_MarthaReselection_Plate_6_A11	A	11	MRTH	11	RA11	0.1	C:\Xcalibur\methods\method1	C:\data\yourdir	PRM_20251207_MarthaReselection_Plate_6_A11	Homo sapiens	Plasma	Plate_6	MarthaReselection	not available	not available	not available	not available	not available	not available	not available	not available	1	AC=EFO:0009656;NT=plasma	run 11	proteomics profiling by mass spectrometry	PRM_20251207_MarthaReselection_Plate_6_A11.RAW	PRM_20251207_MarthaReselection_Plate_6_A11.RAW	NT=Parallel Reaction Monitoring;AC=MS:1002956	AC=MS:1002038;NT=label free sample	1	NT=High-performance liquid chromatography;AC=PRIDE:0000565	1	AC=MS:1001251;NT=Trypsin	not available	NT=Stellar;AC=MS:1003409	NT=Carbamidomethyl;AC=UNIMOD:4;TA=C;MT=Fixed	NT=Higher-energy Collisional Dissociation;AC=MS:1000422	27 NCE	40 ppm	0.05 Da	A
PRM_20251207_MarthaReselection_Plate_6_A12	A	12	MRTH	12	RA12	0.1	C:\Xcalibur\methods\method1	C:\data\yourdir	PRM_20251207_MarthaReselection_Plate_6_A12	Homo sapiens	Plasma	Plate_6	MarthaReselection	not available	not available	not available	not available	not available	not available	not available	not available	1	AC=EFO:0009656;NT=plasma	run 12	proteomics profiling by mass spectrometry	PRM_20251207_MarthaReselection_Plate_6_A12.RAW	PRM_20251207_MarthaReselection_Plate_6_A12.RAW	NT=Parallel Reaction Monitoring;AC=MS:1002956	AC=MS:1002038;NT=label free sample	1	NT=High-performance liquid chromatography;AC=PRIDE:0000565	1	AC=MS:1001251;NT=Trypsin	not available	NT=Stellar;AC=MS:1003409	NT=Carbamidomethyl;AC=UNIMOD:4;TA=C;MT=Fixed	NT=Higher-energy Collisional Dissociation;AC=MS:1000422	27 NCE	40 ppm	0.05 Da	A
PRM_20251207_MarthaReselection_Plate_6_B1	B	1	MRTH	13	RB1	0.1	C:\Xcalibur\methods\method1	C:\data\yourdir	PRM_20251207_MarthaReselection_Plate_6_B1	Homo sapiens	Plasma	Plate_6	MarthaReselection	not available	not available	not available	not available	not available	not available	not available	not available	1	AC=EFO:0009656;NT=plasma	run 13	proteomics profiling by mass spectrometry	PRM_20251207_MarthaReselection_Plate_6_B1.RAW	PRM_20251207_MarthaReselection_Plate_6_B1.RAW	NT=Parallel Reaction Monitoring;AC=MS:1002956	AC=MS:1002038;NT=label free sample	1	NT=High-performance liquid chromatography;AC=PRIDE:0000565	1	AC=MS:1001251;NT=Trypsin	not available	NT=Stellar;AC=MS:1003409	NT=Carbamidomethyl;AC=UNIMOD:4;TA=C;MT=Fixed	NT=Higher-energy Collisional Dissociation;AC=MS:1000422	27 NCE	40 ppm	0.05 Da	B
PRM_20251207_MarthaReselection_Plate_6_B2	B	2	MRTH	14	RB2	0.1	C:\Xcalibur\methods\method1	C:\data\yourdir	PRM_20251207_MarthaReselection_Plate_6_B2	Homo sapiens	Plasma	Plate_6	MarthaReselection	not available	not available	not available	not available	not available	not available	not available	not available	1	AC=EFO:0009656;NT=plasma	run 14	proteomics profiling by mass spectrometry	PRM_20251207_MarthaReselection_Plate_6_B2.RAW	PRM_20251207_MarthaReselection_Plate_6_B2.RAW	NT=Parallel Reaction Monitoring;AC=MS:1002956	AC=MS:1002038;NT=label free sample	1	NT=High-performance liquid chromatography;AC=PRIDE:0000565	1	AC=MS:1001251;NT=Trypsin	not available	NT=Stellar;AC=MS:1003409	NT=Carbamidomethyl;AC=UNIMOD:4;TA=C;MT=Fixed	NT=Higher-energy Collisional Dissociation;AC=MS:1000422	27 NCE	40 ppm	0.05 Da	B
PRM_20251207_MarthaReselection_Plate_6_B3	B	3	MRTH	15	RB3	0.1	C:\Xcalibur\methods\method1	C:\data\yourdir	PRM_20251207_MarthaReselection_Plate_6_B3	Homo sapiens	Plasma	Plate_6	MarthaReselection	not available	not available	not available	not available	not available	not available	not available	not available	1	AC=EFO:0009656;NT=plasma	run 15	proteomics profiling by mass spectrometry	PRM_20251207_MarthaReselection_Plate_6_B3.RAW	PRM_20251207_MarthaReselection_Plate_6_B3.RAW	NT=Parallel Reaction Monitoring;AC=MS:1002956	AC=MS:1002038;NT=label free sample	1	NT=High-performance liquid chromatography;AC=PRIDE:0000565	1	AC=MS:1001251;NT=Trypsin	not available	NT=Stellar;AC=MS:1003409	NT=Carbamidomethyl;AC=UNIMOD:4;TA=C;MT=Fixed	NT=Higher-energy Collisional Dissociation;AC=MS:1000422	27 NCE	40 ppm	0.05 Da	B
PRM_20251207_MarthaReselection_Plate_6_B4	B	4	MRTH	16	RB4	0.1	C:\Xcalibur\methods\method1	C:\data\yourdir	PRM_20251207_MarthaReselection_Plate_6_B4	Homo sapiens	Plasma	Plate_6	MarthaReselection	not available	not available	not available	not available	not available	not available	not available	not available	1	AC=EFO:0009656;NT=plasma	run 16	proteomics profiling by mass spectrometry	PRM_20251207_MarthaReselection_Plate_6_B4.RAW	PRM_20251207_MarthaReselection_Plate_6_B4.RAW	NT=Parallel Reaction Monitoring;AC=MS:1002956	AC=MS:1002038;NT=label free sample	1	NT=High-performance liquid chromatography;AC=PRIDE:0000565	1	AC=MS:1001251;NT=Trypsin	not available	NT=Stellar;AC=MS:1003409	NT=Carbamidomethyl;AC=UNIMOD:4;TA=C;MT=Fixed	NT=Higher-energy Collisional Dissociation;AC=MS:1000422	27 NCE	40 ppm	0.05 Da	B
PRM_20251207_MarthaReselection_Plate_6_B5	B	5	MRTH	17	RB5	0.1	C:\Xcalibur\methods\method1	C:\data\yourdir	PRM_20251207_MarthaReselection_Plate_6_B5	Homo sapiens	Plasma	Plate_6	MarthaReselection	not available	not available	not available	not available	not available	not available	not available	not available	1	AC=EFO:0009656;NT=plasma	run 17	proteomics profiling by mass spectrometry	PRM_20251207_MarthaReselection_Plate_6_B5.RAW	PRM_20251207_MarthaReselection_Plate_6_B5.RAW	NT=Parallel Reaction Monitoring;AC=MS:1002956	AC=MS:1002038;NT=label free sample	1	NT=High-performance liquid chromatography;AC=PRIDE:0000565	1	AC=MS:1001251;NT=Trypsin	not available	NT=Stellar;AC=MS:1003409	NT=Carbamidomethyl;AC=UNIMOD:4;TA=C;MT=Fixed	NT=Higher-energy Collisional Dissociation;AC=MS:1000422	27 NCE	40 ppm	0.05 Da	B
PRM_20251207_MarthaReselection_Plate_6_B6	B	6	MRTH	18	RB6	0.1	C:\Xcalibur\methods\method1	C:\data\yourdir	PRM_20251207_MarthaReselection_Plate_6_B6	Homo sapiens	Plasma	Plate_6	MarthaReselection	not available	not available	not available	not available	not available	not available	not available	not available	1	AC=EFO:0009656;NT=plasma	run 18	proteomics profiling by mass spectrometry	PRM_20251207_MarthaReselection_Plate_6_B6.RAW	PRM_20251207_MarthaReselection_Plate_6_B6.RAW	NT=Parallel Reaction Monitoring;AC=MS:1002956	AC=MS:1002038;NT=label free sample	1	NT=High-performance liquid chromatography;AC=PRIDE:0000565	1	AC=MS:1001251;NT=Trypsin	not available	NT=Stellar;AC=MS:1003409	NT=Carbamidomethyl;AC=UNIMOD:4;TA=C;MT=Fixed	NT=Higher-energy Collisional Dissociation;AC=MS:1000422	27 NCE	40 ppm	0.05 Da	B
PRM_20251207_MarthaReselection_Plate_6_B7	B	7	MRTH	19	RB7	0.1	C:\Xcalibur\methods\method1	C:\data\yourdir	PRM_20251207_MarthaReselection_Plate_6_B7	Homo sapiens	Plasma	Plate_6	MarthaReselection	not available	not available	not available	not available	not available	not available	not available	not available	1	AC=EFO:0009656;NT=plasma	run 19	proteomics profiling by mass spectrometry	PRM_20251207_MarthaReselection_Plate_6_B7.RAW	PRM_20251207_MarthaReselection_Plate_6_B7.RAW	NT=Parallel Reaction Monitoring;AC=MS:1002956	AC=MS:1002038;NT=label free sample	1	NT=High-performance liquid chromatography;AC=PRIDE:0000565	1	AC=MS:1001251;NT=Trypsin	not available	NT=Stellar;AC=MS:1003409	NT=Carbamidomethyl;AC=UNIMOD:4;TA=C;MT=Fixed	NT=Higher-energy Collisional Dissociation;AC=MS:1000422	27 NCE	40 ppm	0.05 Da	B
PRM_20251207_MarthaReselection_Plate_6_B8	B	8	MRTH	20	RB8	0.1	C:\Xcalibur\methods\method1	C:\data\yourdir	PRM_20251207_MarthaReselection_Plate_6_B8	Homo sapiens	Plasma	Plate_6	MarthaReselection	not available	not available	not available	not available	not available	not available	not available	not available	1	AC=EFO:0009656;NT=plasma	run 20	proteomics profiling by mass spectrometry	PRM_20251207_MarthaReselection_Plate_6_B8.RAW	PRM_20251207_MarthaReselection_Plate_6_B8.RAW	NT=Parallel Reaction Monitoring;AC=MS:1002956	AC=MS:1002038;NT=label free sample	1	NT=High-performance liquid chromatography;AC=PRIDE:0000565	1	AC=MS:1001251;NT=Trypsin	not available	NT=Stellar;AC=MS:1003409	NT=Carbamidomethyl;AC=UNIMOD:4;TA=C;MT=Fixed	NT=Higher-energy Collisional Dissociation;AC=MS:1000422	27 NCE	40 ppm	0.05 Da	B
PRM_20251207_MarthaReselection_Plate_6_B9	B	9	MRTH	21	RB9	0.1	C:\Xcalibur\methods\method1	C:\data\yourdir	PRM_20251207_MarthaReselection_Plate_6_B9	Homo sapiens	Plasma	Plate_6	MarthaReselection	not available	not available	not available	not available	not available	not available	not available	not available	1	AC=EFO:0009656;NT=plasma	run 21	proteomics profiling by mass spectrometry	PRM_20251207_MarthaReselection_Plate_6_B9.RAW	PRM_20251207_MarthaReselection_Plate_6_B9.RAW	NT=Parallel Reaction Monitoring;AC=MS:1002956	AC=MS:1002038;NT=label free sample	1	NT=High-performance liquid chromatography;AC=PRIDE:0000565	1	AC=MS:1001251;NT=Trypsin	not available	NT=Stellar;AC=MS:1003409	NT=Carbamidomethyl;AC=UNIMOD:4;TA=C;MT=Fixed	NT=Higher-energy Collisional Dissociation;AC=MS:1000422	27 NCE	40 ppm	0.05 Da	B
PRM_20251207_MarthaReselection_Plate_6_B10	B	10	MRTH	22	RB10	0.1	C:\Xcalibur\methods\method1	C:\data\yourdir	PRM_20251207_MarthaReselection_Plate_6_B10	Homo sapiens	Plasma	Plate_6	MarthaReselection	not available	not available	not available	not available	not available	not available	not available	not available	1	AC=EFO:0009656;NT=plasma	run 22	proteomics profiling by mass spectrometry	PRM_20251207_MarthaReselection_Plate_6_B10.RAW	PRM_20251207_MarthaReselection_Plate_6_B10.RAW	NT=Parallel Reaction Monitoring;AC=MS:1002956	AC=MS:1002038;NT=label free sample	1	NT=High-performance liquid chromatography;AC=PRIDE:0000565	1	AC=MS:1001251;NT=Trypsin	not available	NT=Stellar;AC=MS:1003409	NT=Carbamidomethyl;AC=UNIMOD:4;TA=C;MT=Fixed	NT=Higher-energy Collisional Dissociation;AC=MS:1000422	27 NCE	40 ppm	0.05 Da	B
PRM_20251207_MarthaReselection_Plate_6_B11	B	11	MRTH	23	RB11	0.1	C:\Xcalibur\methods\method1	C:\data\yourdir	PRM_20251207_MarthaReselection_Plate_6_B11	Homo sapiens	Plasma	Plate_6	MarthaReselection	not available	not available	not available	not available	not available	not available	not available	not available	1	AC=EFO:0009656;NT=plasma	run 23	proteomics profiling by mass spectrometry	PRM_20251207_MarthaReselection_Plate_6_B11.RAW	PRM_20251207_MarthaReselection_Plate_6_B11.RAW	NT=Parallel Reaction Monitoring;AC=MS:1002956	AC=MS:1002038;NT=label free sample	1	NT=High-performance liquid chromatography;AC=PRIDE:0000565	1	AC=MS:1001251;NT=Trypsin	not available	NT=Stellar;AC=MS:1003409	NT=Carbamidomethyl;AC=UNIMOD:4;TA=C;MT=Fixed	NT=Higher-energy Collisional Dissociation;AC=MS:1000422	27 NCE	40 ppm	0.05 Da	B
PRM_20251207_MarthaReselection_Plate_6_B12	B	12	MRTH	24	RB12	0.1	C:\Xcalibur\methods\method1	C:\data\yourdir	PRM_20251207_MarthaReselection_Plate_6_B12	Homo sapiens	Plasma	Plate_6	MarthaReselection	not available	not available	not available	not available	not available	not available	not available	not available	1	AC=EFO:0009656;NT=plasma	run 24	proteomics profiling by mass spectrometry	PRM_20251207_MarthaReselection_Plate_6_B12.RAW	PRM_20251207_MarthaReselection_Plate_6_B12.RAW	NT=Parallel Reaction Monitoring;AC=MS:1002956	AC=MS:1002038;NT=label free sample	1	NT=High-performance liquid chromatography;AC=PRIDE:0000565	1	AC=MS:1001251;NT=Trypsin	not available	NT=Stellar;AC=MS:1003409	NT=Carbamidomethyl;AC=UNIMOD:4;TA=C;MT=Fixed	NT=Higher-energy Collisional Dissociation;AC=MS:1000422	27 NCE	40 ppm	0.05 Da	B
PRM_20251207_MarthaReselection_Plate_6_C1	C	1	MRTH	25	RC1	0.1	C:\Xcalibur\methods\method1	C:\data\yourdir	PRM_20251207_MarthaReselection_Plate_6_C1	Homo sapiens	Plasma	Plate_6	MarthaReselection	not available	not available	not available	not available	not available	not available	not available	not available	1	AC=EFO:0009656;NT=plasma	run 25	proteomics profiling by mass spectrometry	PRM_20251207_MarthaReselection_Plate_6_C1.RAW	PRM_20251207_MarthaReselection_Plate_6_C1.RAW	NT=Parallel Reaction Monitoring;AC=MS:1002956	AC=MS:1002038;NT=label free sample	1	NT=High-performance liquid chromatography;AC=PRIDE:0000565	1	AC=MS:1001251;NT=Trypsin	not available	NT=Stellar;AC=MS:1003409	NT=Carbamidomethyl;AC=UNIMOD:4;TA=C;MT=Fixed	NT=Higher-energy Collisional Dissociation;AC=MS:1000422	27 NCE	40 ppm	0.05 Da	C
PRM_20251207_MarthaReselection_Plate_6_C2	C	2	MRTH	26	RC2	0.1	C:\Xcalibur\methods\method1	C:\data\yourdir	PRM_20251207_MarthaReselection_Plate_6_C2	Homo sapiens	Plasma	Plate_6	MarthaReselection	not available	not available	not available	not available	not available	not available	not available	not available	1	AC=EFO:0009656;NT=plasma	run 26	proteomics profiling by mass spectrometry	PRM_20251207_MarthaReselection_Plate_6_C2.RAW	PRM_20251207_MarthaReselection_Plate_6_C2.RAW	NT=Parallel Reaction Monitoring;AC=MS:1002956	AC=MS:1002038;NT=label free sample	1	NT=High-performance liquid chromatography;AC=PRIDE:0000565	1	AC=MS:1001251;NT=Trypsin	not available	NT=Stellar;AC=MS:1003409	NT=Carbamidomethyl;AC=UNIMOD:4;TA=C;MT=Fixed	NT=Higher-energy Collisional Dissociation;AC=MS:1000422	27 NCE	40 ppm	0.05 Da	C
PRM_20251207_MarthaReselection_Plate_6_C3	C	3	MRTH	27	RC3	0.1	C:\Xcalibur\methods\method1	C:\data\yourdir	PRM_20251207_MarthaReselection_Plate_6_C3	Homo sapiens	Plasma	Plate_6	MarthaReselection	not available	not available	not available	not available	not available	not available	not available	not available	1	AC=EFO:0009656;NT=plasma	run 27	proteomics profiling by mass spectrometry	PRM_20251207_MarthaReselection_Plate_6_C3.RAW	PRM_20251207_MarthaReselection_Plate_6_C3.RAW	NT=Parallel Reaction Monitoring;AC=MS:1002956	AC=MS:1002038;NT=label free sample	1	NT=High-performance liquid chromatography;AC=PRIDE:0000565	1	AC=MS:1001251;NT=Trypsin	not available	NT=Stellar;AC=MS:1003409	NT=Carbamidomethyl;AC=UNIMOD:4;TA=C;MT=Fixed	NT=Higher-energy Collisional Dissociation;AC=MS:1000422	27 NCE	40 ppm	0.05 Da	C
PRM_20251207_MarthaReselection_Plate_6_C4	C	4	MRTH	28	RC4	0.1	C:\Xcalibur\methods\method1	C:\data\yourdir	PRM_20251207_MarthaReselection_Plate_6_C4	Homo sapiens	Plasma	Plate_6	MarthaReselection	not available	not available	not available	not available	not available	not available	not available	not available	1	AC=EFO:0009656;NT=plasma	run 28	proteomics profiling by mass spectrometry	PRM_20251207_MarthaReselection_Plate_6_C4.RAW	PRM_20251207_MarthaReselection_Plate_6_C4.RAW	NT=Parallel Reaction Monitoring;AC=MS:1002956	AC=MS:1002038;NT=label free sample	1	NT=High-performance liquid chromatography;AC=PRIDE:0000565	1	AC=MS:1001251;NT=Trypsin	not available	NT=Stellar;AC=MS:1003409	NT=Carbamidomethyl;AC=UNIMOD:4;TA=C;MT=Fixed	NT=Higher-energy Collisional Dissociation;AC=MS:1000422	27 NCE	40 ppm	0.05 Da	C
PRM_20251207_MarthaReselection_Plate_6_C5	C	5	MRTH	29	RC5	0.1	C:\Xcalibur\methods\method1	C:\data\yourdir	PRM_20251207_MarthaReselection_Plate_6_C5	Homo sapiens	Plasma	Plate_6	MarthaReselection	not available	not available	not available	not available	not available	not available	not available	not available	1	AC=EFO:0009656;NT=plasma	run 29	proteomics profiling by mass spectrometry	PRM_20251207_MarthaReselection_Plate_6_C5.RAW	PRM_20251207_MarthaReselection_Plate_6_C5.RAW	NT=Parallel Reaction Monitoring;AC=MS:1002956	AC=MS:1002038;NT=label free sample	1	NT=High-performance liquid chromatography;AC=PRIDE:0000565	1	AC=MS:1001251;NT=Trypsin	not available	NT=Stellar;AC=MS:1003409	NT=Carbamidomethyl;AC=UNIMOD:4;TA=C;MT=Fixed	NT=Higher-energy Collisional Dissociation;AC=MS:1000422	27 NCE	40 ppm	0.05 Da	C
PRM_20251207_MarthaReselection_Plate_6_C6	C	6	MRTH	30	RC6	0.1	C:\Xcalibur\methods\method1	C:\data\yourdir	PRM_20251207_MarthaReselection_Plate_6_C6	Homo sapiens	Plasma	Plate_6	MarthaReselection	not available	not available	not available	not available	not available	not available	not available	not available	1	AC=EFO:0009656;NT=plasma	run 30	proteomics profiling by mass spectrometry	PRM_20251207_MarthaReselection_Plate_6_C6.RAW	PRM_20251207_MarthaReselection_Plate_6_C6.RAW	NT=Parallel Reaction Monitoring;AC=MS:1002956	AC=MS:1002038;NT=label free sample	1	NT=High-performance liquid chromatography;AC=PRIDE:0000565	1	AC=MS:1001251;NT=Trypsin	not available	NT=Stellar;AC=MS:1003409	NT=Carbamidomethyl;AC=UNIMOD:4;TA=C;MT=Fixed	NT=Higher-energy Collisional Dissociation;AC=MS:1000422	27 NCE	40 ppm	0.05 Da	C
PRM_20251207_MarthaReselection_Plate_6_C7	C	7	MRTH	31	RC7	0.1	C:\Xcalibur\methods\method1	C:\data\yourdir	PRM_20251207_MarthaReselection_Plate_6_C7	Homo sapiens	Plasma	Plate_6	MarthaReselection	not available	not available	not available	not available	not available	not available	not available	not available	1	AC=EFO:0009656;NT=plasma	run 31	proteomics profiling by mass spectrometry	PRM_20251207_MarthaReselection_Plate_6_C7.RAW	PRM_20251207_MarthaReselection_Plate_6_C7.RAW	NT=Parallel Reaction Monitoring;AC=MS:1002956	AC=MS:1002038;NT=label free sample	1	NT=High-performance liquid chromatography;AC=PRIDE:0000565	1	AC=MS:1001251;NT=Trypsin	not available	NT=Stellar;AC=MS:1003409	NT=Carbamidomethyl;AC=UNIMOD:4;TA=C;MT=Fixed	NT=Higher-energy Collisional Dissociation;AC=MS:1000422	27 NCE	40 ppm	0.05 Da	C
PRM_20251207_MarthaReselection_Plate_6_C8	C	8	MRTH	32	RC8	0.1	C:\Xcalibur\methods\method1	C:\data\yourdir	PRM_20251207_MarthaReselection_Plate_6_C8	Homo sapiens	Plasma	Plate_6	MarthaReselection	not available	not available	not available	not available	not available	not available	not available	not available	1	AC=EFO:0009656;NT=plasma	run 32	proteomics profiling by mass spectrometry	PRM_20251207_MarthaReselection_Plate_6_C8.RAW	PRM_20251207_MarthaReselection_Plate_6_C8.RAW	NT=Parallel Reaction Monitoring;AC=MS:1002956	AC=MS:1002038;NT=label free sample	1	NT=High-performance liquid chromatography;AC=PRIDE:0000565	1	AC=MS:1001251;NT=Trypsin	not available	NT=Stellar;AC=MS:1003409	NT=Carbamidomethyl;AC=UNIMOD:4;TA=C;MT=Fixed	NT=Higher-energy Collisional Dissociation;AC=MS:1000422	27 NCE	40 ppm	0.05 Da	C
PRM_20251207_MarthaReselection_Plate_6_C9	C	9	MRTH	33	RC9	0.1	C:\Xcalibur\methods\method1	C:\data\yourdir	PRM_20251207_MarthaReselection_Plate_6_C9	Homo sapiens	Plasma	Plate_6	MarthaReselection	not available	not available	not available	not available	not available	not available	not available	not available	1	AC=EFO:0009656;NT=plasma	run 33	proteomics profiling by mass spectrometry	PRM_20251207_MarthaReselection_Plate_6_C9.RAW	PRM_20251207_MarthaReselection_Plate_6_C9.RAW	NT=Parallel Reaction Monitoring;AC=MS:1002956	AC=MS:1002038;NT=label free sample	1	NT=High-performance liquid chromatography;AC=PRIDE:0000565	1	AC=MS:1001251;NT=Trypsin	not available	NT=Stellar;AC=MS:1003409	NT=Carbamidomethyl;AC=UNIMOD:4;TA=C;MT=Fixed	NT=Higher-energy Collisional Dissociation;AC=MS:1000422	27 NCE	40 ppm	0.05 Da	C
PRM_20251207_MarthaReselection_Plate_6_C10	C	10	MRTH	34	RC10	0.1	C:\Xcalibur\methods\method1	C:\data\yourdir	PRM_20251207_MarthaReselection_Plate_6_C10	Homo sapiens	Plasma	Plate_6	MarthaReselection	not available	not available	not available	not available	not available	not available	not available	not available	1	AC=EFO:0009656;NT=plasma	run 34	proteomics profiling by mass spectrometry	PRM_20251207_MarthaReselection_Plate_6_C10.RAW	PRM_20251207_MarthaReselection_Plate_6_C10.RAW	NT=Parallel Reaction Monitoring;AC=MS:1002956	AC=MS:1002038;NT=label free sample	1	NT=High-performance liquid chromatography;AC=PRIDE:0000565	1	AC=MS:1001251;NT=Trypsin	not available	NT=Stellar;AC=MS:1003409	NT=Carbamidomethyl;AC=UNIMOD:4;TA=C;MT=Fixed	NT=Higher-energy Collisional Dissociation;AC=MS:1000422	27 NCE	40 ppm	0.05 Da	C
PRM_20251207_MarthaReselection_Plate_6_C11	C	11	MRTH	35	RC11	0.1	C:\Xcalibur\methods\method1	C:\data\yourdir	PRM_20251207_MarthaReselection_Plate_6_C11	Homo sapiens	Plasma	Plate_6	MarthaReselection	not available	not available	not available	not available	not available	not available	not available	not available	1	AC=EFO:0009656;NT=plasma	run 35	proteomics profiling by mass spectrometry	PRM_20251207_MarthaReselection_Plate_6_C11.RAW	PRM_20251207_MarthaReselection_Plate_6_C11.RAW	NT=Parallel Reaction Monitoring;AC=MS:1002956	AC=MS:1002038;NT=label free sample	1	NT=High-performance liquid chromatography;AC=PRIDE:0000565	1	AC=MS:1001251;NT=Trypsin	not available	NT=Stellar;AC=MS:1003409	NT=Carbamidomethyl;AC=UNIMOD:4;TA=C;MT=Fixed	NT=Higher-energy Collisional Dissociation;AC=MS:1000422	27 NCE	40 ppm	0.05 Da	C
PRM_20251207_MarthaReselection_Plate_6_C12	C	12	MRTH	36	RC12	0.1	C:\Xcalibur\methods\method1	C:\data\yourdir	PRM_20251207_MarthaReselection_Plate_6_C12	Homo sapiens	Plasma	Plate_6	MarthaReselection	not available	not available	not available	not available	not available	not available	not available	not available	1	AC=EFO:0009656;NT=plasma	run 36	proteomics profiling by mass spectrometry	PRM_20251207_MarthaReselection_Plate_6_C12.RAW	PRM_20251207_MarthaReselection_Plate_6_C12.RAW	NT=Parallel Reaction Monitoring;AC=MS:1002956	AC=MS:1002038;NT=label free sample	1	NT=High-performance liquid chromatography;AC=PRIDE:0000565	1	AC=MS:1001251;NT=Trypsin	not available	NT=Stellar;AC=MS:1003409	NT=Carbamidomethyl;AC=UNIMOD:4;TA=C;MT=Fixed	NT=Higher-energy Collisional Dissociation;AC=MS:1000422	27 NCE	40 ppm	0.05 Da	C
PRM_20251207_MarthaReselection_Plate_6_D1	D	1	MRTH	37	RD1	0.1	C:\Xcalibur\methods\method1	C:\data\yourdir	PRM_20251207_MarthaReselection_Plate_6_D1	Homo sapiens	Plasma	Plate_6	MarthaReselection	not available	not available	not available	not available	not available	not available	not available	not available	1	AC=EFO:0009656;NT=plasma	run 37	proteomics profiling by mass spectrometry	PRM_20251207_MarthaReselection_Plate_6_D1.RAW	PRM_20251207_MarthaReselection_Plate_6_D1.RAW	NT=Parallel Reaction Monitoring;AC=MS:1002956	AC=MS:1002038;NT=label free sample	1	NT=High-performance liquid chromatography;AC=PRIDE:0000565	1	AC=MS:1001251;NT=Trypsin	not available	NT=Stellar;AC=MS:1003409	NT=Carbamidomethyl;AC=UNIMOD:4;TA=C;MT=Fixed	NT=Higher-energy Collisional Dissociation;AC=MS:1000422	27 NCE	40 ppm	0.05 Da	D
PRM_20251207_MarthaReselection_Plate_6_D2	D	2	MRTH	38	RD2	0.1	C:\Xcalibur\methods\method1	C:\data\yourdir	PRM_20251207_MarthaReselection_Plate_6_D2	Homo sapiens	Plasma	Plate_6	MarthaReselection	not available	not available	not available	not available	not available	not available	not available	not available	1	AC=EFO:0009656;NT=plasma	run 38	proteomics profiling by mass spectrometry	PRM_20251207_MarthaReselection_Plate_6_D2.RAW	PRM_20251207_MarthaReselection_Plate_6_D2.RAW	NT=Parallel Reaction Monitoring;AC=MS:1002956	AC=MS:1002038;NT=label free sample	1	NT=High-performance liquid chromatography;AC=PRIDE:0000565	1	AC=MS:1001251;NT=Trypsin	not available	NT=Stellar;AC=MS:1003409	NT=Carbamidomethyl;AC=UNIMOD:4;TA=C;MT=Fixed	NT=Higher-energy Collisional Dissociation;AC=MS:1000422	27 NCE	40 ppm	0.05 Da	D
PRM_20251207_MarthaReselection_Plate_6_D3	D	3	MRTH	39	RD3	0.1	C:\Xcalibur\methods\method1	C:\data\yourdir	PRM_20251207_MarthaReselection_Plate_6_D3	Homo sapiens	Plasma	Plate_6	MarthaReselection	not available	not available	not available	not available	not available	not available	not available	not available	1	AC=EFO:0009656;NT=plasma	run 39	proteomics profiling by mass spectrometry	PRM_20251207_MarthaReselection_Plate_6_D3.RAW	PRM_20251207_MarthaReselection_Plate_6_D3.RAW	NT=Parallel Reaction Monitoring;AC=MS:1002956	AC=MS:1002038;NT=label free sample	1	NT=High-performance liquid chromatography;AC=PRIDE:0000565	1	AC=MS:1001251;NT=Trypsin	not available	NT=Stellar;AC=MS:1003409	NT=Carbamidomethyl;AC=UNIMOD:4;TA=C;MT=Fixed	NT=Higher-energy Collisional Dissociation;AC=MS:1000422	27 NCE	40 ppm	0.05 Da	D
PRM_20251207_MarthaReselection_Plate_6_D4	D	4	MRTH	40	RD4	0.1	C:\Xcalibur\methods\method1	C:\data\yourdir	PRM_20251207_MarthaReselection_Plate_6_D4	Homo sapiens	Plasma	Plate_6	MarthaReselection	not available	not available	not available	not available	not available	not available	not available	not available	1	AC=EFO:0009656;NT=plasma	run 40	proteomics profiling by mass spectrometry	PRM_20251207_MarthaReselection_Plate_6_D4.RAW	PRM_20251207_MarthaReselection_Plate_6_D4.RAW	NT=Parallel Reaction Monitoring;AC=MS:1002956	AC=MS:1002038;NT=label free sample	1	NT=High-performance liquid chromatography;AC=PRIDE:0000565	1	AC=MS:1001251;NT=Trypsin	not available	NT=Stellar;AC=MS:1003409	NT=Carbamidomethyl;AC=UNIMOD:4;TA=C;MT=Fixed	NT=Higher-energy Collisional Dissociation;AC=MS:1000422	27 NCE	40 ppm	0.05 Da	D
PRM_20251207_MarthaReselection_Plate_6_D5	D	5	MRTH	41	RD5	0.1	C:\Xcalibur\methods\method1	C:\data\yourdir	PRM_20251207_MarthaReselection_Plate_6_D5	Homo sapiens	Plasma	Plate_6	MarthaReselection	not available	not available	not available	not available	not available	not available	not available	not available	1	AC=EFO:0009656;NT=plasma	run 41	proteomics profiling by mass spectrometry	PRM_20251207_MarthaReselection_Plate_6_D5.RAW	PRM_20251207_MarthaReselection_Plate_6_D5.RAW	NT=Parallel Reaction Monitoring;AC=MS:1002956	AC=MS:1002038;NT=label free sample	1	NT=High-performance liquid chromatography;AC=PRIDE:0000565	1	AC=MS:1001251;NT=Trypsin	not available	NT=Stellar;AC=MS:1003409	NT=Carbamidomethyl;AC=UNIMOD:4;TA=C;MT=Fixed	NT=Higher-energy Collisional Dissociation;AC=MS:1000422	27 NCE	40 ppm	0.05 Da	D
PRM_20251207_MarthaReselection_Plate_6_D6	D	6	MRTH	42	RD6	0.1	C:\Xcalibur\methods\method1	C:\data\yourdir	PRM_20251207_MarthaReselection_Plate_6_D6	Homo sapiens	Plasma	Plate_6	MarthaReselection	not available	not available	not available	not available	not available	not available	not available	not available	1	AC=EFO:0009656;NT=plasma	run 42	proteomics profiling by mass spectrometry	PRM_20251207_MarthaReselection_Plate_6_D6.RAW	PRM_20251207_MarthaReselection_Plate_6_D6.RAW	NT=Parallel Reaction Monitoring;AC=MS:1002956	AC=MS:1002038;NT=label free sample	1	NT=High-performance liquid chromatography;AC=PRIDE:0000565	1	AC=MS:1001251;NT=Trypsin	not available	NT=Stellar;AC=MS:1003409	NT=Carbamidomethyl;AC=UNIMOD:4;TA=C;MT=Fixed	NT=Higher-energy Collisional Dissociation;AC=MS:1000422	27 NCE	40 ppm	0.05 Da	D
PRM_20251207_MarthaReselection_Plate_6_D7	D	7	MRTH	43	RD7	0.1	C:\Xcalibur\methods\method1	C:\data\yourdir	PRM_20251207_MarthaReselection_Plate_6_D7	Homo sapiens	Plasma	Plate_6	MarthaReselection	not available	not available	not available	not available	not available	not available	not available	not available	1	AC=EFO:0009656;NT=plasma	run 43	proteomics profiling by mass spectrometry	PRM_20251207_MarthaReselection_Plate_6_D7.RAW	PRM_20251207_MarthaReselection_Plate_6_D7.RAW	NT=Parallel Reaction Monitoring;AC=MS:1002956	AC=MS:1002038;NT=label free sample	1	NT=High-performance liquid chromatography;AC=PRIDE:0000565	1	AC=MS:1001251;NT=Trypsin	not available	NT=Stellar;AC=MS:1003409	NT=Carbamidomethyl;AC=UNIMOD:4;TA=C;MT=Fixed	NT=Higher-energy Collisional Dissociation;AC=MS:1000422	27 NCE	40 ppm	0.05 Da	D
PRM_20251207_MarthaReselection_Plate_6_D8	D	8	MRTH	44	RD8	0.1	C:\Xcalibur\methods\method1	C:\data\yourdir	PRM_20251207_MarthaReselection_Plate_6_D8	Homo sapiens	Plasma	Plate_6	MarthaReselection	not available	not available	not available	not available	not available	not available	not available	not available	1	AC=EFO:0009656;NT=plasma	run 44	proteomics profiling by mass spectrometry	PRM_20251207_MarthaReselection_Plate_6_D8.RAW	PRM_20251207_MarthaReselection_Plate_6_D8.RAW	NT=Parallel Reaction Monitoring;AC=MS:1002956	AC=MS:1002038;NT=label free sample	1	NT=High-performance liquid chromatography;AC=PRIDE:0000565	1	AC=MS:1001251;NT=Trypsin	not available	NT=Stellar;AC=MS:1003409	NT=Carbamidomethyl;AC=UNIMOD:4;TA=C;MT=Fixed	NT=Higher-energy Collisional Dissociation;AC=MS:1000422	27 NCE	40 ppm	0.05 Da	D
PRM_20251207_MarthaReselection_Plate_6_D9	D	9	MRTH	45	RD9	0.1	C:\Xcalibur\methods\method1	C:\data\yourdir	PRM_20251207_MarthaReselection_Plate_6_D9	Homo sapiens	Plasma	Plate_6	MarthaReselection	not available	not available	not available	not available	not available	not available	not available	not available	1	AC=EFO:0009656;NT=plasma	run 45	proteomics profiling by mass spectrometry	PRM_20251207_MarthaReselection_Plate_6_D9.RAW	PRM_20251207_MarthaReselection_Plate_6_D9.RAW	NT=Parallel Reaction Monitoring;AC=MS:1002956	AC=MS:1002038;NT=label free sample	1	NT=High-performance liquid chromatography;AC=PRIDE:0000565	1	AC=MS:1001251;NT=Trypsin	not available	NT=Stellar;AC=MS:1003409	NT=Carbamidomethyl;AC=UNIMOD:4;TA=C;MT=Fixed	NT=Higher-energy Collisional Dissociation;AC=MS:1000422	27 NCE	40 ppm	0.05 Da	D
PRM_20251207_MarthaReselection_Plate_6_D10	D	10	MRTH	46	RD10	0.1	C:\Xcalibur\methods\method1	C:\data\yourdir	PRM_20251207_MarthaReselection_Plate_6_D10	Homo sapiens	Plasma	Plate_6	MarthaReselection	not available	not available	not available	not available	not available	not available	not available	not available	1	AC=EFO:0009656;NT=plasma	run 46	proteomics profiling by mass spectrometry	PRM_20251207_MarthaReselection_Plate_6_D10.RAW	PRM_20251207_MarthaReselection_Plate_6_D10.RAW	NT=Parallel Reaction Monitoring;AC=MS:1002956	AC=MS:1002038;NT=label free sample	1	NT=High-performance liquid chromatography;AC=PRIDE:0000565	1	AC=MS:1001251;NT=Trypsin	not available	NT=Stellar;AC=MS:1003409	NT=Carbamidomethyl;AC=UNIMOD:4;TA=C;MT=Fixed	NT=Higher-energy Collisional Dissociation;AC=MS:1000422	27 NCE	40 ppm	0.05 Da	D
PRM_20251207_MarthaReselection_Plate_6_D11	D	11	MRTH	47	RD11	0.1	C:\Xcalibur\methods\method1	C:\data\yourdir	PRM_20251207_MarthaReselection_Plate_6_D11	Homo sapiens	Plasma	Plate_6	MarthaReselection	not available	not available	not available	not available	not available	not available	not available	not available	1	AC=EFO:0009656;NT=plasma	run 47	proteomics profiling by mass spectrometry	PRM_20251207_MarthaReselection_Plate_6_D11.RAW	PRM_20251207_MarthaReselection_Plate_6_D11.RAW	NT=Parallel Reaction Monitoring;AC=MS:1002956	AC=MS:1002038;NT=label free sample	1	NT=High-performance liquid chromatography;AC=PRIDE:0000565	1	AC=MS:1001251;NT=Trypsin	not available	NT=Stellar;AC=MS:1003409	NT=Carbamidomethyl;AC=UNIMOD:4;TA=C;MT=Fixed	NT=Higher-energy Collisional Dissociation;AC=MS:1000422	27 NCE	40 ppm	0.05 Da	D
PRM_20251207_MarthaReselection_Plate_6_D12	D	12	MRTH	48	RD12	0.1	C:\Xcalibur\methods\method1	C:\data\yourdir	PRM_20251207_MarthaReselection_Plate_6_D12	Homo sapiens	Plasma	Plate_6	MarthaReselection	not available	not available	not available	not available	not available	not available	not available	not available	1	AC=EFO:0009656;NT=plasma	run 48	proteomics profiling by mass spectrometry	PRM_20251207_MarthaReselection_Plate_6_D12.RAW	PRM_20251207_MarthaReselection_Plate_6_D12.RAW	NT=Parallel Reaction Monitoring;AC=MS:1002956	AC=MS:1002038;NT=label free sample	1	NT=High-performance liquid chromatography;AC=PRIDE:0000565	1	AC=MS:1001251;NT=Trypsin	not available	NT=Stellar;AC=MS:1003409	NT=Carbamidomethyl;AC=UNIMOD:4;TA=C;MT=Fixed	NT=Higher-energy Collisional Dissociation;AC=MS:1000422	27 NCE	40 ppm	0.05 Da	D
PRM_20251207_MarthaReselection_Plate_6_E1	E	1	MRTH	49	RE1	0.1	C:\Xcalibur\methods\method1	C:\data\yourdir	PRM_20251207_MarthaReselection_Plate_6_E1	Homo sapiens	Plasma	Plate_6	MarthaReselection	not available	not available	not available	not available	not available	not available	not available	not available	1	AC=EFO:0009656;NT=plasma	run 49	proteomics profiling by mass spectrometry	PRM_20251207_MarthaReselection_Plate_6_E1.RAW	PRM_20251207_MarthaReselection_Plate_6_E1.RAW	NT=Parallel Reaction Monitoring;AC=MS:1002956	AC=MS:1002038;NT=label free sample	1	NT=High-performance liquid chromatography;AC=PRIDE:0000565	1	AC=MS:1001251;NT=Trypsin	not available	NT=Stellar;AC=MS:1003409	NT=Carbamidomethyl;AC=UNIMOD:4;TA=C;MT=Fixed	NT=Higher-energy Collisional Dissociation;AC=MS:1000422	27 NCE	40 ppm	0.05 Da	E
PRM_20251207_MarthaReselection_Plate_6_E2	E	2	MRTH	50	RE2	0.1	C:\Xcalibur\methods\method1	C:\data\yourdir	PRM_20251207_MarthaReselection_Plate_6_E2	Homo sapiens	Plasma	Plate_6	MarthaReselection	not available	not available	not available	not available	not available	not available	not available	not available	1	AC=EFO:0009656;NT=plasma	run 50	proteomics profiling by mass spectrometry	PRM_20251207_MarthaReselection_Plate_6_E2.RAW	PRM_20251207_MarthaReselection_Plate_6_E2.RAW	NT=Parallel Reaction Monitoring;AC=MS:1002956	AC=MS:1002038;NT=label free sample	1	NT=High-performance liquid chromatography;AC=PRIDE:0000565	1	AC=MS:1001251;NT=Trypsin	not available	NT=Stellar;AC=MS:1003409	NT=Carbamidomethyl;AC=UNIMOD:4;TA=C;MT=Fixed	NT=Higher-energy Collisional Dissociation;AC=MS:1000422	27 NCE	40 ppm	0.05 Da	E
PRM_20251207_MarthaReselection_Plate_6_E3	E	3	MRTH	51	RE3	0.1	C:\Xcalibur\methods\method1	C:\data\yourdir	PRM_20251207_MarthaReselection_Plate_6_E3	Homo sapiens	Plasma	Plate_6	MarthaReselection	not available	not available	not available	not available	not available	not available	not available	not available	1	AC=EFO:0009656;NT=plasma	run 51	proteomics profiling by mass spectrometry	PRM_20251207_MarthaReselection_Plate_6_E3.RAW	PRM_20251207_MarthaReselection_Plate_6_E3.RAW	NT=Parallel Reaction Monitoring;AC=MS:1002956	AC=MS:1002038;NT=label free sample	1	NT=High-performance liquid chromatography;AC=PRIDE:0000565	1	AC=MS:1001251;NT=Trypsin	not available	NT=Stellar;AC=MS:1003409	NT=Carbamidomethyl;AC=UNIMOD:4;TA=C;MT=Fixed	NT=Higher-energy Collisional Dissociation;AC=MS:1000422	27 NCE	40 ppm	0.05 Da	E
PRM_20251207_MarthaReselection_Plate_6_E4	E	4	MRTH	52	RE4	0.1	C:\Xcalibur\methods\method1	C:\data\yourdir	PRM_20251207_MarthaReselection_Plate_6_E4	Homo sapiens	Plasma	Plate_6	MarthaReselection	not available	not available	not available	not available	not available	not available	not available	not available	1	AC=EFO:0009656;NT=plasma	run 52	proteomics profiling by mass spectrometry	PRM_20251207_MarthaReselection_Plate_6_E4.RAW	PRM_20251207_MarthaReselection_Plate_6_E4.RAW	NT=Parallel Reaction Monitoring;AC=MS:1002956	AC=MS:1002038;NT=label free sample	1	NT=High-performance liquid chromatography;AC=PRIDE:0000565	1	AC=MS:1001251;NT=Trypsin	not available	NT=Stellar;AC=MS:1003409	NT=Carbamidomethyl;AC=UNIMOD:4;TA=C;MT=Fixed	NT=Higher-energy Collisional Dissociation;AC=MS:1000422	27 NCE	40 ppm	0.05 Da	E
PRM_20251207_MarthaReselection_Plate_6_E5	E	5	MRTH	53	RE5	0.1	C:\Xcalibur\methods\method1	C:\data\yourdir	PRM_20251207_MarthaReselection_Plate_6_E5	Homo sapiens	Plasma	Plate_6	MarthaReselection	not available	not available	not available	not available	not available	not available	not available	not available	1	AC=EFO:0009656;NT=plasma	run 53	proteomics profiling by mass spectrometry	PRM_20251207_MarthaReselection_Plate_6_E5.RAW	PRM_20251207_MarthaReselection_Plate_6_E5.RAW	NT=Parallel Reaction Monitoring;AC=MS:1002956	AC=MS:1002038;NT=label free sample	1	NT=High-performance liquid chromatography;AC=PRIDE:0000565	1	AC=MS:1001251;NT=Trypsin	not available	NT=Stellar;AC=MS:1003409	NT=Carbamidomethyl;AC=UNIMOD:4;TA=C;MT=Fixed	NT=Higher-energy Collisional Dissociation;AC=MS:1000422	27 NCE	40 ppm	0.05 Da	E
PRM_20251207_MarthaReselection_Plate_6_E6	E	6	MRTH	54	RE6	0.1	C:\Xcalibur\methods\method1	C:\data\yourdir	PRM_20251207_MarthaReselection_Plate_6_E6	Homo sapiens	Plasma	Plate_6	MarthaReselection	not available	not available	not available	not available	not available	not available	not available	not available	1	AC=EFO:0009656;NT=plasma	run 54	proteomics profiling by mass spectrometry	PRM_20251207_MarthaReselection_Plate_6_E6.RAW	PRM_20251207_MarthaReselection_Plate_6_E6.RAW	NT=Parallel Reaction Monitoring;AC=MS:1002956	AC=MS:1002038;NT=label free sample	1	NT=High-performance liquid chromatography;AC=PRIDE:0000565	1	AC=MS:1001251;NT=Trypsin	not available	NT=Stellar;AC=MS:1003409	NT=Carbamidomethyl;AC=UNIMOD:4;TA=C;MT=Fixed	NT=Higher-energy Collisional Dissociation;AC=MS:1000422	27 NCE	40 ppm	0.05 Da	E
PRM_20251207_MarthaReselection_Plate_6_E7	E	7	MRTH	55	RE7	0.1	C:\Xcalibur\methods\method1	C:\data\yourdir	PRM_20251207_MarthaReselection_Plate_6_E7	Homo sapiens	Plasma	Plate_6	MarthaReselection	not available	not available	not available	not available	not available	not available	not available	not available	1	AC=EFO:0009656;NT=plasma	run 55	proteomics profiling by mass spectrometry	PRM_20251207_MarthaReselection_Plate_6_E7.RAW	PRM_20251207_MarthaReselection_Plate_6_E7.RAW	NT=Parallel Reaction Monitoring;AC=MS:1002956	AC=MS:1002038;NT=label free sample	1	NT=High-performance liquid chromatography;AC=PRIDE:0000565	1	AC=MS:1001251;NT=Trypsin	not available	NT=Stellar;AC=MS:1003409	NT=Carbamidomethyl;AC=UNIMOD:4;TA=C;MT=Fixed	NT=Higher-energy Collisional Dissociation;AC=MS:1000422	27 NCE	40 ppm	0.05 Da	E
PRM_20251207_MarthaReselection_Plate_6_E8	E	8	MRTH	56	RE8	0.1	C:\Xcalibur\methods\method1	C:\data\yourdir	PRM_20251207_MarthaReselection_Plate_6_E8	Homo sapiens	Plasma	Plate_6	MarthaReselection	not available	not available	not available	not available	not available	not available	not available	not available	1	AC=EFO:0009656;NT=plasma	run 56	proteomics profiling by mass spectrometry	PRM_20251207_MarthaReselection_Plate_6_E8.RAW	PRM_20251207_MarthaReselection_Plate_6_E8.RAW	NT=Parallel Reaction Monitoring;AC=MS:1002956	AC=MS:1002038;NT=label free sample	1	NT=High-performance liquid chromatography;AC=PRIDE:0000565	1	AC=MS:1001251;NT=Trypsin	not available	NT=Stellar;AC=MS:1003409	NT=Carbamidomethyl;AC=UNIMOD:4;TA=C;MT=Fixed	NT=Higher-energy Collisional Dissociation;AC=MS:1000422	27 NCE	40 ppm	0.05 Da	E
PRM_20251207_MarthaReselection_Plate_6_E9	E	9	MRTH	57	RE9	0.1	C:\Xcalibur\methods\method1	C:\data\yourdir	PRM_20251207_MarthaReselection_Plate_6_E9	Homo sapiens	Plasma	Plate_6	MarthaReselection	not available	not available	not available	not available	not available	not available	not available	not available	1	AC=EFO:0009656;NT=plasma	run 57	proteomics profiling by mass spectrometry	PRM_20251207_MarthaReselection_Plate_6_E9.RAW	PRM_20251207_MarthaReselection_Plate_6_E9.RAW	NT=Parallel Reaction Monitoring;AC=MS:1002956	AC=MS:1002038;NT=label free sample	1	NT=High-performance liquid chromatography;AC=PRIDE:0000565	1	AC=MS:1001251;NT=Trypsin	not available	NT=Stellar;AC=MS:1003409	NT=Carbamidomethyl;AC=UNIMOD:4;TA=C;MT=Fixed	NT=Higher-energy Collisional Dissociation;AC=MS:1000422	27 NCE	40 ppm	0.05 Da	E
PRM_20251207_MarthaReselection_Plate_6_E10	E	10	MRTH	58	RE10	0.1	C:\Xcalibur\methods\method1	C:\data\yourdir	PRM_20251207_MarthaReselection_Plate_6_E10	Homo sapiens	Plasma	Plate_6	MarthaReselection	not available	not available	not available	not available	not available	not available	not available	not available	1	AC=EFO:0009656;NT=plasma	run 58	proteomics profiling by mass spectrometry	PRM_20251207_MarthaReselection_Plate_6_E10.RAW	PRM_20251207_MarthaReselection_Plate_6_E10.RAW	NT=Parallel Reaction Monitoring;AC=MS:1002956	AC=MS:1002038;NT=label free sample	1	NT=High-performance liquid chromatography;AC=PRIDE:0000565	1	AC=MS:1001251;NT=Trypsin	not available	NT=Stellar;AC=MS:1003409	NT=Carbamidomethyl;AC=UNIMOD:4;TA=C;MT=Fixed	NT=Higher-energy Collisional Dissociation;AC=MS:1000422	27 NCE	40 ppm	0.05 Da	E
PRM_20251207_MarthaReselection_Plate_6_E11	E	11	Pool	59	RE11	0.1	C:\Xcalibur\methods\method1	C:\data\yourdir	PRM_20251207_MarthaReselection_Plate_6_E11	Homo sapiens	Plasma	Plate_6	MarthaReselection	not available	not available	not available	not available	not available	not available	not available	not available	1	AC=EFO:0009656;NT=plasma	run 59	proteomics profiling by mass spectrometry	PRM_20251207_MarthaReselection_Plate_6_E11.RAW	PRM_20251207_MarthaReselection_Plate_6_E11.RAW	NT=Parallel Reaction Monitoring;AC=MS:1002956	AC=MS:1002038;NT=label free sample	1	NT=High-performance liquid chromatography;AC=PRIDE:0000565	1	AC=MS:1001251;NT=Trypsin	not available	NT=Stellar;AC=MS:1003409	NT=Carbamidomethyl;AC=UNIMOD:4;TA=C;MT=Fixed	NT=Higher-energy Collisional Dissociation;AC=MS:1000422	27 NCE	40 ppm	0.05 Da	E
PRM_20251207_MarthaReselection_Plate_6_E12	E	12	MRTH	60	RE12	0.1	C:\Xcalibur\methods\method1	C:\data\yourdir	PRM_20251207_MarthaReselection_Plate_6_E12	Homo sapiens	Plasma	Plate_6	MarthaReselection	not available	not available	not available	not available	not available	not available	not available	not available	1	AC=EFO:0009656;NT=plasma	run 60	proteomics profiling by mass spectrometry	PRM_20251207_MarthaReselection_Plate_6_E12.RAW	PRM_20251207_MarthaReselection_Plate_6_E12.RAW	NT=Parallel Reaction Monitoring;AC=MS:1002956	AC=MS:1002038;NT=label free sample	1	NT=High-performance liquid chromatography;AC=PRIDE:0000565	1	AC=MS:1001251;NT=Trypsin	not available	NT=Stellar;AC=MS:1003409	NT=Carbamidomethyl;AC=UNIMOD:4;TA=C;MT=Fixed	NT=Higher-energy Collisional Dissociation;AC=MS:1000422	27 NCE	40 ppm	0.05 Da	E
PRM_20251207_MarthaReselection_Plate_6_F1	F	1	MRTH	61	RF1	0.1	C:\Xcalibur\methods\method1	C:\data\yourdir	PRM_20251207_MarthaReselection_Plate_6_F1	Homo sapiens	Plasma	Plate_6	MarthaReselection	not available	not available	not available	not available	not available	not available	not available	not available	1	AC=EFO:0009656;NT=plasma	run 61	proteomics profiling by mass spectrometry	PRM_20251207_MarthaReselection_Plate_6_F1.RAW	PRM_20251207_MarthaReselection_Plate_6_F1.RAW	NT=Parallel Reaction Monitoring;AC=MS:1002956	AC=MS:1002038;NT=label free sample	1	NT=High-performance liquid chromatography;AC=PRIDE:0000565	1	AC=MS:1001251;NT=Trypsin	not available	NT=Stellar;AC=MS:1003409	NT=Carbamidomethyl;AC=UNIMOD:4;TA=C;MT=Fixed	NT=Higher-energy Collisional Dissociation;AC=MS:1000422	27 NCE	40 ppm	0.05 Da	F
PRM_20251207_MarthaReselection_Plate_6_F2	F	2	MRTH	62	RF2	0.1	C:\Xcalibur\methods\method1	C:\data\yourdir	PRM_20251207_MarthaReselection_Plate_6_F2	Homo sapiens	Plasma	Plate_6	MarthaReselection	not available	not available	not available	not available	not available	not available	not available	not available	1	AC=EFO:0009656;NT=plasma	run 62	proteomics profiling by mass spectrometry	PRM_20251207_MarthaReselection_Plate_6_F2.RAW	PRM_20251207_MarthaReselection_Plate_6_F2.RAW	NT=Parallel Reaction Monitoring;AC=MS:1002956	AC=MS:1002038;NT=label free sample	1	NT=High-performance liquid chromatography;AC=PRIDE:0000565	1	AC=MS:1001251;NT=Trypsin	not available	NT=Stellar;AC=MS:1003409	NT=Carbamidomethyl;AC=UNIMOD:4;TA=C;MT=Fixed	NT=Higher-energy Collisional Dissociation;AC=MS:1000422	27 NCE	40 ppm	0.05 Da	F
PRM_20251207_MarthaReselection_Plate_6_F3	F	3	MRTH	63	RF3	0.1	C:\Xcalibur\methods\method1	C:\data\yourdir	PRM_20251207_MarthaReselection_Plate_6_F3	Homo sapiens	Plasma	Plate_6	MarthaReselection	not available	not available	not available	not available	not available	not available	not available	not available	1	AC=EFO:0009656;NT=plasma	run 63	proteomics profiling by mass spectrometry	PRM_20251207_MarthaReselection_Plate_6_F3.RAW	PRM_20251207_MarthaReselection_Plate_6_F3.RAW	NT=Parallel Reaction Monitoring;AC=MS:1002956	AC=MS:1002038;NT=label free sample	1	NT=High-performance liquid chromatography;AC=PRIDE:0000565	1	AC=MS:1001251;NT=Trypsin	not available	NT=Stellar;AC=MS:1003409	NT=Carbamidomethyl;AC=UNIMOD:4;TA=C;MT=Fixed	NT=Higher-energy Collisional Dissociation;AC=MS:1000422	27 NCE	40 ppm	0.05 Da	F
PRM_20251207_MarthaReselection_Plate_6_F4	F	4	MRTH	64	RF4	0.1	C:\Xcalibur\methods\method1	C:\data\yourdir	PRM_20251207_MarthaReselection_Plate_6_F4	Homo sapiens	Plasma	Plate_6	MarthaReselection	not available	not available	not available	not available	not available	not available	not available	not available	1	AC=EFO:0009656;NT=plasma	run 64	proteomics profiling by mass spectrometry	PRM_20251207_MarthaReselection_Plate_6_F4.RAW	PRM_20251207_MarthaReselection_Plate_6_F4.RAW	NT=Parallel Reaction Monitoring;AC=MS:1002956	AC=MS:1002038;NT=label free sample	1	NT=High-performance liquid chromatography;AC=PRIDE:0000565	1	AC=MS:1001251;NT=Trypsin	not available	NT=Stellar;AC=MS:1003409	NT=Carbamidomethyl;AC=UNIMOD:4;TA=C;MT=Fixed	NT=Higher-energy Collisional Dissociation;AC=MS:1000422	27 NCE	40 ppm	0.05 Da	F
PRM_20251207_MarthaReselection_Plate_6_F5	F	5	MRTH	65	RF5	0.1	C:\Xcalibur\methods\method1	C:\data\yourdir	PRM_20251207_MarthaReselection_Plate_6_F5	Homo sapiens	Plasma	Plate_6	MarthaReselection	not available	not available	not available	not available	not available	not available	not available	not available	1	AC=EFO:0009656;NT=plasma	run 65	proteomics profiling by mass spectrometry	PRM_20251207_MarthaReselection_Plate_6_F5.RAW	PRM_20251207_MarthaReselection_Plate_6_F5.RAW	NT=Parallel Reaction Monitoring;AC=MS:1002956	AC=MS:1002038;NT=label free sample	1	NT=High-performance liquid chromatography;AC=PRIDE:0000565	1	AC=MS:1001251;NT=Trypsin	not available	NT=Stellar;AC=MS:1003409	NT=Carbamidomethyl;AC=UNIMOD:4;TA=C;MT=Fixed	NT=Higher-energy Collisional Dissociation;AC=MS:1000422	27 NCE	40 ppm	0.05 Da	F
PRM_20251207_MarthaReselection_Plate_6_F6	F	6	MRTH	66	RF6	0.1	C:\Xcalibur\methods\method1	C:\data\yourdir	PRM_20251207_MarthaReselection_Plate_6_F6	Homo sapiens	Plasma	Plate_6	MarthaReselection	not available	not available	not available	not available	not available	not available	not available	not available	1	AC=EFO:0009656;NT=plasma	run 66	proteomics profiling by mass spectrometry	PRM_20251207_MarthaReselection_Plate_6_F6.RAW	PRM_20251207_MarthaReselection_Plate_6_F6.RAW	NT=Parallel Reaction Monitoring;AC=MS:1002956	AC=MS:1002038;NT=label free sample	1	NT=High-performance liquid chromatography;AC=PRIDE:0000565	1	AC=MS:1001251;NT=Trypsin	not available	NT=Stellar;AC=MS:1003409	NT=Carbamidomethyl;AC=UNIMOD:4;TA=C;MT=Fixed	NT=Higher-energy Collisional Dissociation;AC=MS:1000422	27 NCE	40 ppm	0.05 Da	F
PRM_20251207_MarthaReselection_Plate_6_F7	F	7	MRTH	67	RF7	0.1	C:\Xcalibur\methods\method1	C:\data\yourdir	PRM_20251207_MarthaReselection_Plate_6_F7	Homo sapiens	Plasma	Plate_6	MarthaReselection	not available	not available	not available	not available	not available	not available	not available	not available	1	AC=EFO:0009656;NT=plasma	run 67	proteomics profiling by mass spectrometry	PRM_20251207_MarthaReselection_Plate_6_F7.RAW	PRM_20251207_MarthaReselection_Plate_6_F7.RAW	NT=Parallel Reaction Monitoring;AC=MS:1002956	AC=MS:1002038;NT=label free sample	1	NT=High-performance liquid chromatography;AC=PRIDE:0000565	1	AC=MS:1001251;NT=Trypsin	not available	NT=Stellar;AC=MS:1003409	NT=Carbamidomethyl;AC=UNIMOD:4;TA=C;MT=Fixed	NT=Higher-energy Collisional Dissociation;AC=MS:1000422	27 NCE	40 ppm	0.05 Da	F
PRM_20251207_MarthaReselection_Plate_6_F8	F	8	MRTH	68	RF8	0.1	C:\Xcalibur\methods\method1	C:\data\yourdir	PRM_20251207_MarthaReselection_Plate_6_F8	Homo sapiens	Plasma	Plate_6	MarthaReselection	not available	not available	not available	not available	not available	not available	not available	not available	1	AC=EFO:0009656;NT=plasma	run 68	proteomics profiling by mass spectrometry	PRM_20251207_MarthaReselection_Plate_6_F8.RAW	PRM_20251207_MarthaReselection_Plate_6_F8.RAW	NT=Parallel Reaction Monitoring;AC=MS:1002956	AC=MS:1002038;NT=label free sample	1	NT=High-performance liquid chromatography;AC=PRIDE:0000565	1	AC=MS:1001251;NT=Trypsin	not available	NT=Stellar;AC=MS:1003409	NT=Carbamidomethyl;AC=UNIMOD:4;TA=C;MT=Fixed	NT=Higher-energy Collisional Dissociation;AC=MS:1000422	27 NCE	40 ppm	0.05 Da	F
PRM_20251207_MarthaReselection_Plate_6_F9	F	9	MRTH	69	RF9	0.1	C:\Xcalibur\methods\method1	C:\data\yourdir	PRM_20251207_MarthaReselection_Plate_6_F9	Homo sapiens	Plasma	Plate_6	MarthaReselection	not available	not available	not available	not available	not available	not available	not available	not available	1	AC=EFO:0009656;NT=plasma	run 69	proteomics profiling by mass spectrometry	PRM_20251207_MarthaReselection_Plate_6_F9.RAW	PRM_20251207_MarthaReselection_Plate_6_F9.RAW	NT=Parallel Reaction Monitoring;AC=MS:1002956	AC=MS:1002038;NT=label free sample	1	NT=High-performance liquid chromatography;AC=PRIDE:0000565	1	AC=MS:1001251;NT=Trypsin	not available	NT=Stellar;AC=MS:1003409	NT=Carbamidomethyl;AC=UNIMOD:4;TA=C;MT=Fixed	NT=Higher-energy Collisional Dissociation;AC=MS:1000422	27 NCE	40 ppm	0.05 Da	F
PRM_20251207_MarthaReselection_Plate_6_F10	F	10	MRTH	70	RF10	0.1	C:\Xcalibur\methods\method1	C:\data\yourdir	PRM_20251207_MarthaReselection_Plate_6_F10	Homo sapiens	Plasma	Plate_6	MarthaReselection	not available	not available	not available	not available	not available	not available	not available	not available	1	AC=EFO:0009656;NT=plasma	run 70	proteomics profiling by mass spectrometry	PRM_20251207_MarthaReselection_Plate_6_F10.RAW	PRM_20251207_MarthaReselection_Plate_6_F10.RAW	NT=Parallel Reaction Monitoring;AC=MS:1002956	AC=MS:1002038;NT=label free sample	1	NT=High-performance liquid chromatography;AC=PRIDE:0000565	1	AC=MS:1001251;NT=Trypsin	not available	NT=Stellar;AC=MS:1003409	NT=Carbamidomethyl;AC=UNIMOD:4;TA=C;MT=Fixed	NT=Higher-energy Collisional Dissociation;AC=MS:1000422	27 NCE	40 ppm	0.05 Da	F
PRM_20251207_MarthaReselection_Plate_6_F11	F	11	MRTH	71	RF11	0.1	C:\Xcalibur\methods\method1	C:\data\yourdir	PRM_20251207_MarthaReselection_Plate_6_F11	Homo sapiens	Plasma	Plate_6	MarthaReselection	not available	not available	not available	not available	not available	not available	not available	not available	1	AC=EFO:0009656;NT=plasma	run 71	proteomics profiling by mass spectrometry	PRM_20251207_MarthaReselection_Plate_6_F11.RAW	PRM_20251207_MarthaReselection_Plate_6_F11.RAW	NT=Parallel Reaction Monitoring;AC=MS:1002956	AC=MS:1002038;NT=label free sample	1	NT=High-performance liquid chromatography;AC=PRIDE:0000565	1	AC=MS:1001251;NT=Trypsin	not available	NT=Stellar;AC=MS:1003409	NT=Carbamidomethyl;AC=UNIMOD:4;TA=C;MT=Fixed	NT=Higher-energy Collisional Dissociation;AC=MS:1000422	27 NCE	40 ppm	0.05 Da	F
PRM_20251207_MarthaReselection_Plate_6_F12	F	12	Pool	72	RF12	0.1	C:\Xcalibur\methods\method1	C:\data\yourdir	PRM_20251207_MarthaReselection_Plate_6_F12	Homo sapiens	Plasma	Plate_6	MarthaReselection	not available	not available	not available	not available	not available	not available	not available	not available	1	AC=EFO:0009656;NT=plasma	run 72	proteomics profiling by mass spectrometry	PRM_20251207_MarthaReselection_Plate_6_F12.RAW	PRM_20251207_MarthaReselection_Plate_6_F12.RAW	NT=Parallel Reaction Monitoring;AC=MS:1002956	AC=MS:1002038;NT=label free sample	1	NT=High-performance liquid chromatography;AC=PRIDE:0000565	1	AC=MS:1001251;NT=Trypsin	not available	NT=Stellar;AC=MS:1003409	NT=Carbamidomethyl;AC=UNIMOD:4;TA=C;MT=Fixed	NT=Higher-energy Collisional Dissociation;AC=MS:1000422	27 NCE	40 ppm	0.05 Da	F
PRM_20251207_MarthaReselection_Plate_6_G1	G	1	MRTH	73	RG1	0.1	C:\Xcalibur\methods\method1	C:\data\yourdir	PRM_20251207_MarthaReselection_Plate_6_G1	Homo sapiens	Plasma	Plate_6	MarthaReselection	not available	not available	not available	not available	not available	not available	not available	not available	1	AC=EFO:0009656;NT=plasma	run 73	proteomics profiling by mass spectrometry	PRM_20251207_MarthaReselection_Plate_6_G1.RAW	PRM_20251207_MarthaReselection_Plate_6_G1.RAW	NT=Parallel Reaction Monitoring;AC=MS:1002956	AC=MS:1002038;NT=label free sample	1	NT=High-performance liquid chromatography;AC=PRIDE:0000565	1	AC=MS:1001251;NT=Trypsin	not available	NT=Stellar;AC=MS:1003409	NT=Carbamidomethyl;AC=UNIMOD:4;TA=C;MT=Fixed	NT=Higher-energy Collisional Dissociation;AC=MS:1000422	27 NCE	40 ppm	0.05 Da	G
PRM_20251207_MarthaReselection_Plate_6_G2	G	2	Pool	74	RG2	0.1	C:\Xcalibur\methods\method1	C:\data\yourdir	PRM_20251207_MarthaReselection_Plate_6_G2	Homo sapiens	Plasma	Plate_6	MarthaReselection	not available	not available	not available	not available	not available	not available	not available	not available	1	AC=EFO:0009656;NT=plasma	run 74	proteomics profiling by mass spectrometry	PRM_20251207_MarthaReselection_Plate_6_G2.RAW	PRM_20251207_MarthaReselection_Plate_6_G2.RAW	NT=Parallel Reaction Monitoring;AC=MS:1002956	AC=MS:1002038;NT=label free sample	1	NT=High-performance liquid chromatography;AC=PRIDE:0000565	1	AC=MS:1001251;NT=Trypsin	not available	NT=Stellar;AC=MS:1003409	NT=Carbamidomethyl;AC=UNIMOD:4;TA=C;MT=Fixed	NT=Higher-energy Collisional Dissociation;AC=MS:1000422	27 NCE	40 ppm	0.05 Da	G
PRM_20251207_MarthaReselection_Plate_6_G3	G	3	MRTH	75	RG3	0.1	C:\Xcalibur\methods\method1	C:\data\yourdir	PRM_20251207_MarthaReselection_Plate_6_G3	Homo sapiens	Plasma	Plate_6	MarthaReselection	not available	not available	not available	not available	not available	not available	not available	not available	1	AC=EFO:0009656;NT=plasma	run 75	proteomics profiling by mass spectrometry	PRM_20251207_MarthaReselection_Plate_6_G3.RAW	PRM_20251207_MarthaReselection_Plate_6_G3.RAW	NT=Parallel Reaction Monitoring;AC=MS:1002956	AC=MS:1002038;NT=label free sample	1	NT=High-performance liquid chromatography;AC=PRIDE:0000565	1	AC=MS:1001251;NT=Trypsin	not available	NT=Stellar;AC=MS:1003409	NT=Carbamidomethyl;AC=UNIMOD:4;TA=C;MT=Fixed	NT=Higher-energy Collisional Dissociation;AC=MS:1000422	27 NCE	40 ppm	0.05 Da	G
PRM_20251207_MarthaReselection_Plate_6_G4	G	4	MRTH	76	RG4	0.1	C:\Xcalibur\methods\method1	C:\data\yourdir	PRM_20251207_MarthaReselection_Plate_6_G4	Homo sapiens	Plasma	Plate_6	MarthaReselection	not available	not available	not available	not available	not available	not available	not available	not available	1	AC=EFO:0009656;NT=plasma	run 76	proteomics profiling by mass spectrometry	PRM_20251207_MarthaReselection_Plate_6_G4.RAW	PRM_20251207_MarthaReselection_Plate_6_G4.RAW	NT=Parallel Reaction Monitoring;AC=MS:1002956	AC=MS:1002038;NT=label free sample	1	NT=High-performance liquid chromatography;AC=PRIDE:0000565	1	AC=MS:1001251;NT=Trypsin	not available	NT=Stellar;AC=MS:1003409	NT=Carbamidomethyl;AC=UNIMOD:4;TA=C;MT=Fixed	NT=Higher-energy Collisional Dissociation;AC=MS:1000422	27 NCE	40 ppm	0.05 Da	G
PRM_20251207_MarthaReselection_Plate_6_G5	G	5	MRTH	77	RG5	0.1	C:\Xcalibur\methods\method1	C:\data\yourdir	PRM_20251207_MarthaReselection_Plate_6_G5	Homo sapiens	Plasma	Plate_6	MarthaReselection	not available	not available	not available	not available	not available	not available	not available	not available	1	AC=EFO:0009656;NT=plasma	run 77	proteomics profiling by mass spectrometry	PRM_20251207_MarthaReselection_Plate_6_G5.RAW	PRM_20251207_MarthaReselection_Plate_6_G5.RAW	NT=Parallel Reaction Monitoring;AC=MS:1002956	AC=MS:1002038;NT=label free sample	1	NT=High-performance liquid chromatography;AC=PRIDE:0000565	1	AC=MS:1001251;NT=Trypsin	not available	NT=Stellar;AC=MS:1003409	NT=Carbamidomethyl;AC=UNIMOD:4;TA=C;MT=Fixed	NT=Higher-energy Collisional Dissociation;AC=MS:1000422	27 NCE	40 ppm	0.05 Da	G
PRM_20251207_MarthaReselection_Plate_6_G6	G	6	MRTH	78	RG6	0.1	C:\Xcalibur\methods\method1	C:\data\yourdir	PRM_20251207_MarthaReselection_Plate_6_G6	Homo sapiens	Plasma	Plate_6	MarthaReselection	not available	not available	not available	not available	not available	not available	not available	not available	1	AC=EFO:0009656;NT=plasma	run 78	proteomics profiling by mass spectrometry	PRM_20251207_MarthaReselection_Plate_6_G6.RAW	PRM_20251207_MarthaReselection_Plate_6_G6.RAW	NT=Parallel Reaction Monitoring;AC=MS:1002956	AC=MS:1002038;NT=label free sample	1	NT=High-performance liquid chromatography;AC=PRIDE:0000565	1	AC=MS:1001251;NT=Trypsin	not available	NT=Stellar;AC=MS:1003409	NT=Carbamidomethyl;AC=UNIMOD:4;TA=C;MT=Fixed	NT=Higher-energy Collisional Dissociation;AC=MS:1000422	27 NCE	40 ppm	0.05 Da	G
PRM_20251207_MarthaReselection_Plate_6_G7	G	7	MRTH	79	RG7	0.1	C:\Xcalibur\methods\method1	C:\data\yourdir	PRM_20251207_MarthaReselection_Plate_6_G7	Homo sapiens	Plasma	Plate_6	MarthaReselection	not available	not available	not available	not available	not available	not available	not available	not available	1	AC=EFO:0009656;NT=plasma	run 79	proteomics profiling by mass spectrometry	PRM_20251207_MarthaReselection_Plate_6_G7.RAW	PRM_20251207_MarthaReselection_Plate_6_G7.RAW	NT=Parallel Reaction Monitoring;AC=MS:1002956	AC=MS:1002038;NT=label free sample	1	NT=High-performance liquid chromatography;AC=PRIDE:0000565	1	AC=MS:1001251;NT=Trypsin	not available	NT=Stellar;AC=MS:1003409	NT=Carbamidomethyl;AC=UNIMOD:4;TA=C;MT=Fixed	NT=Higher-energy Collisional Dissociation;AC=MS:1000422	27 NCE	40 ppm	0.05 Da	G
PRM_20251207_MarthaReselection_Plate_6_G8	G	8	MRTH	80	RG8	0.1	C:\Xcalibur\methods\method1	C:\data\yourdir	PRM_20251207_MarthaReselection_Plate_6_G8	Homo sapiens	Plasma	Plate_6	MarthaReselection	not available	not available	not available	not available	not available	not available	not available	not available	1	AC=EFO:0009656;NT=plasma	run 80	proteomics profiling by mass spectrometry	PRM_20251207_MarthaReselection_Plate_6_G8.RAW	PRM_20251207_MarthaReselection_Plate_6_G8.RAW	NT=Parallel Reaction Monitoring;AC=MS:1002956	AC=MS:1002038;NT=label free sample	1	NT=High-performance liquid chromatography;AC=PRIDE:0000565	1	AC=MS:1001251;NT=Trypsin	not available	NT=Stellar;AC=MS:1003409	NT=Carbamidomethyl;AC=UNIMOD:4;TA=C;MT=Fixed	NT=Higher-energy Collisional Dissociation;AC=MS:1000422	27 NCE	40 ppm	0.05 Da	G
PRM_20251207_MarthaReselection_Plate_6_G9	G	9	MRTH	81	RG9	0.1	C:\Xcalibur\methods\method1	C:\data\yourdir	PRM_20251207_MarthaReselection_Plate_6_G9	Homo sapiens	Plasma	Plate_6	MarthaReselection	not available	not available	not available	not available	not available	not available	not available	not available	1	AC=EFO:0009656;NT=plasma	run 81	proteomics profiling by mass spectrometry	PRM_20251207_MarthaReselection_Plate_6_G9.RAW	PRM_20251207_MarthaReselection_Plate_6_G9.RAW	NT=Parallel Reaction Monitoring;AC=MS:1002956	AC=MS:1002038;NT=label free sample	1	NT=High-performance liquid chromatography;AC=PRIDE:0000565	1	AC=MS:1001251;NT=Trypsin	not available	NT=Stellar;AC=MS:1003409	NT=Carbamidomethyl;AC=UNIMOD:4;TA=C;MT=Fixed	NT=Higher-energy Collisional Dissociation;AC=MS:1000422	27 NCE	40 ppm	0.05 Da	G
PRM_20251207_MarthaReselection_Plate_6_G10	G	10	MRTH	82	RG10	0.1	C:\Xcalibur\methods\method1	C:\data\yourdir	PRM_20251207_MarthaReselection_Plate_6_G10	Homo sapiens	Plasma	Plate_6	MarthaReselection	not available	not available	not available	not available	not available	not available	not available	not available	1	AC=EFO:0009656;NT=plasma	run 82	proteomics profiling by mass spectrometry	PRM_20251207_MarthaReselection_Plate_6_G10.RAW	PRM_20251207_MarthaReselection_Plate_6_G10.RAW	NT=Parallel Reaction Monitoring;AC=MS:1002956	AC=MS:1002038;NT=label free sample	1	NT=High-performance liquid chromatography;AC=PRIDE:0000565	1	AC=MS:1001251;NT=Trypsin	not available	NT=Stellar;AC=MS:1003409	NT=Carbamidomethyl;AC=UNIMOD:4;TA=C;MT=Fixed	NT=Higher-energy Collisional Dissociation;AC=MS:1000422	27 NCE	40 ppm	0.05 Da	G
PRM_20251207_MarthaReselection_Plate_6_G11	G	11	MRTH	83	RG11	0.1	C:\Xcalibur\methods\method1	C:\data\yourdir	PRM_20251207_MarthaReselection_Plate_6_G11	Homo sapiens	Plasma	Plate_6	MarthaReselection	not available	not available	not available	not available	not available	not available	not available	not available	1	AC=EFO:0009656;NT=plasma	run 83	proteomics profiling by mass spectrometry	PRM_20251207_MarthaReselection_Plate_6_G11.RAW	PRM_20251207_MarthaReselection_Plate_6_G11.RAW	NT=Parallel Reaction Monitoring;AC=MS:1002956	AC=MS:1002038;NT=label free sample	1	NT=High-performance liquid chromatography;AC=PRIDE:0000565	1	AC=MS:1001251;NT=Trypsin	not available	NT=Stellar;AC=MS:1003409	NT=Carbamidomethyl;AC=UNIMOD:4;TA=C;MT=Fixed	NT=Higher-energy Collisional Dissociation;AC=MS:1000422	27 NCE	40 ppm	0.05 Da	G
PRM_20251207_MarthaReselection_Plate_6_G12	G	12	Pool	84	RG12	0.1	C:\Xcalibur\methods\method1	C:\data\yourdir	PRM_20251207_MarthaReselection_Plate_6_G12	Homo sapiens	Plasma	Plate_6	MarthaReselection	not available	not available	not available	not available	not available	not available	not available	not available	1	AC=EFO:0009656;NT=plasma	run 84	proteomics profiling by mass spectrometry	PRM_20251207_MarthaReselection_Plate_6_G12.RAW	PRM_20251207_MarthaReselection_Plate_6_G12.RAW	NT=Parallel Reaction Monitoring;AC=MS:1002956	AC=MS:1002038;NT=label free sample	1	NT=High-performance liquid chromatography;AC=PRIDE:0000565	1	AC=MS:1001251;NT=Trypsin	not available	NT=Stellar;AC=MS:1003409	NT=Carbamidomethyl;AC=UNIMOD:4;TA=C;MT=Fixed	NT=Higher-energy Collisional Dissociation;AC=MS:1000422	27 NCE	40 ppm	0.05 Da	G
PRM_20251207_MarthaReselection_Plate_6_H1	H	1	MRTH	85	RH1	0.1	C:\Xcalibur\methods\method1	C:\data\yourdir	PRM_20251207_MarthaReselection_Plate_6_H1	Homo sapiens	Plasma	Plate_6	MarthaReselection	not available	not available	not available	not available	not available	not available	not available	not available	1	AC=EFO:0009656;NT=plasma	run 85	proteomics profiling by mass spectrometry	PRM_20251207_MarthaReselection_Plate_6_H1.RAW	PRM_20251207_MarthaReselection_Plate_6_H1.RAW	NT=Parallel Reaction Monitoring;AC=MS:1002956	AC=MS:1002038;NT=label free sample	1	NT=High-performance liquid chromatography;AC=PRIDE:0000565	1	AC=MS:1001251;NT=Trypsin	not available	NT=Stellar;AC=MS:1003409	NT=Carbamidomethyl;AC=UNIMOD:4;TA=C;MT=Fixed	NT=Higher-energy Collisional Dissociation;AC=MS:1000422	27 NCE	40 ppm	0.05 Da	H
PRM_20251207_MarthaReselection_Plate_6_H2	H	2	MRTH	86	RH2	0.1	C:\Xcalibur\methods\method1	C:\data\yourdir	PRM_20251207_MarthaReselection_Plate_6_H2	Homo sapiens	Plasma	Plate_6	MarthaReselection	not available	not available	not available	not available	not available	not available	not available	not available	1	AC=EFO:0009656;NT=plasma	run 86	proteomics profiling by mass spectrometry	PRM_20251207_MarthaReselection_Plate_6_H2.RAW	PRM_20251207_MarthaReselection_Plate_6_H2.RAW	NT=Parallel Reaction Monitoring;AC=MS:1002956	AC=MS:1002038;NT=label free sample	1	NT=High-performance liquid chromatography;AC=PRIDE:0000565	1	AC=MS:1001251;NT=Trypsin	not available	NT=Stellar;AC=MS:1003409	NT=Carbamidomethyl;AC=UNIMOD:4;TA=C;MT=Fixed	NT=Higher-energy Collisional Dissociation;AC=MS:1000422	27 NCE	40 ppm	0.05 Da	H
PRM_20251207_MarthaReselection_Plate_6_H3	H	3	MRTH	87	RH3	0.1	C:\Xcalibur\methods\method1	C:\data\yourdir	PRM_20251207_MarthaReselection_Plate_6_H3	Homo sapiens	Plasma	Plate_6	MarthaReselection	not available	not available	not available	not available	not available	not available	not available	not available	1	AC=EFO:0009656;NT=plasma	run 87	proteomics profiling by mass spectrometry	PRM_20251207_MarthaReselection_Plate_6_H3.RAW	PRM_20251207_MarthaReselection_Plate_6_H3.RAW	NT=Parallel Reaction Monitoring;AC=MS:1002956	AC=MS:1002038;NT=label free sample	1	NT=High-performance liquid chromatography;AC=PRIDE:0000565	1	AC=MS:1001251;NT=Trypsin	not available	NT=Stellar;AC=MS:1003409	NT=Carbamidomethyl;AC=UNIMOD:4;TA=C;MT=Fixed	NT=Higher-energy Collisional Dissociation;AC=MS:1000422	27 NCE	40 ppm	0.05 Da	H
PRM_20251207_MarthaReselection_Plate_6_H4	H	4	MRTH	88	RH4	0.1	C:\Xcalibur\methods\method1	C:\data\yourdir	PRM_20251207_MarthaReselection_Plate_6_H4	Homo sapiens	Plasma	Plate_6	MarthaReselection	not available	not available	not available	not available	not available	not available	not available	not available	1	AC=EFO:0009656;NT=plasma	run 88	proteomics profiling by mass spectrometry	PRM_20251207_MarthaReselection_Plate_6_H4.RAW	PRM_20251207_MarthaReselection_Plate_6_H4.RAW	NT=Parallel Reaction Monitoring;AC=MS:1002956	AC=MS:1002038;NT=label free sample	1	NT=High-performance liquid chromatography;AC=PRIDE:0000565	1	AC=MS:1001251;NT=Trypsin	not available	NT=Stellar;AC=MS:1003409	NT=Carbamidomethyl;AC=UNIMOD:4;TA=C;MT=Fixed	NT=Higher-energy Collisional Dissociation;AC=MS:1000422	27 NCE	40 ppm	0.05 Da	H
PRM_20251207_MarthaReselection_Plate_6_H5	H	5	MRTH	89	RH5	0.1	C:\Xcalibur\methods\method1	C:\data\yourdir	PRM_20251207_MarthaReselection_Plate_6_H5	Homo sapiens	Plasma	Plate_6	MarthaReselection	not available	not available	not available	not available	not available	not available	not available	not available	1	AC=EFO:0009656;NT=plasma	run 89	proteomics profiling by mass spectrometry	PRM_20251207_MarthaReselection_Plate_6_H5.RAW	PRM_20251207_MarthaReselection_Plate_6_H5.RAW	NT=Parallel Reaction Monitoring;AC=MS:1002956	AC=MS:1002038;NT=label free sample	1	NT=High-performance liquid chromatography;AC=PRIDE:0000565	1	AC=MS:1001251;NT=Trypsin	not available	NT=Stellar;AC=MS:1003409	NT=Carbamidomethyl;AC=UNIMOD:4;TA=C;MT=Fixed	NT=Higher-energy Collisional Dissociation;AC=MS:1000422	27 NCE	40 ppm	0.05 Da	H
PRM_20251207_MarthaReselection_Plate_6_H6	H	6	MRTH	90	RH6	0.1	C:\Xcalibur\methods\method1	C:\data\yourdir	PRM_20251207_MarthaReselection_Plate_6_H6	Homo sapiens	Plasma	Plate_6	MarthaReselection	not available	not available	not available	not available	not available	not available	not available	not available	1	AC=EFO:0009656;NT=plasma	run 90	proteomics profiling by mass spectrometry	PRM_20251207_MarthaReselection_Plate_6_H6.RAW	PRM_20251207_MarthaReselection_Plate_6_H6.RAW	NT=Parallel Reaction Monitoring;AC=MS:1002956	AC=MS:1002038;NT=label free sample	1	NT=High-performance liquid chromatography;AC=PRIDE:0000565	1	AC=MS:1001251;NT=Trypsin	not available	NT=Stellar;AC=MS:1003409	NT=Carbamidomethyl;AC=UNIMOD:4;TA=C;MT=Fixed	NT=Higher-energy Collisional Dissociation;AC=MS:1000422	27 NCE	40 ppm	0.05 Da	H
PRM_20251207_MarthaReselection_Plate_6_H7	H	7	MRTH	91	RH7	0.1	C:\Xcalibur\methods\method1	C:\data\yourdir	PRM_20251207_MarthaReselection_Plate_6_H7	Homo sapiens	Plasma	Plate_6	MarthaReselection	not available	not available	not available	not available	not available	not available	not available	not available	1	AC=EFO:0009656;NT=plasma	run 91	proteomics profiling by mass spectrometry	PRM_20251207_MarthaReselection_Plate_6_H7.RAW	PRM_20251207_MarthaReselection_Plate_6_H7.RAW	NT=Parallel Reaction Monitoring;AC=MS:1002956	AC=MS:1002038;NT=label free sample	1	NT=High-performance liquid chromatography;AC=PRIDE:0000565	1	AC=MS:1001251;NT=Trypsin	not available	NT=Stellar;AC=MS:1003409	NT=Carbamidomethyl;AC=UNIMOD:4;TA=C;MT=Fixed	NT=Higher-energy Collisional Dissociation;AC=MS:1000422	27 NCE	40 ppm	0.05 Da	H
PRM_20251207_MarthaReselection_Plate_6_H8	H	8	MRTH	92	RH8	0.1	C:\Xcalibur\methods\method1	C:\data\yourdir	PRM_20251207_MarthaReselection_Plate_6_H8	Homo sapiens	Plasma	Plate_6	MarthaReselection	not available	not available	not available	not available	not available	not available	not available	not available	1	AC=EFO:0009656;NT=plasma	run 92	proteomics profiling by mass spectrometry	PRM_20251207_MarthaReselection_Plate_6_H8.RAW	PRM_20251207_MarthaReselection_Plate_6_H8.RAW	NT=Parallel Reaction Monitoring;AC=MS:1002956	AC=MS:1002038;NT=label free sample	1	NT=High-performance liquid chromatography;AC=PRIDE:0000565	1	AC=MS:1001251;NT=Trypsin	not available	NT=Stellar;AC=MS:1003409	NT=Carbamidomethyl;AC=UNIMOD:4;TA=C;MT=Fixed	NT=Higher-energy Collisional Dissociation;AC=MS:1000422	27 NCE	40 ppm	0.05 Da	H
PRM_20251207_MarthaReselection_Plate_6_H9	H	9	MRTH	93	RH9	0.1	C:\Xcalibur\methods\method1	C:\data\yourdir	PRM_20251207_MarthaReselection_Plate_6_H9	Homo sapiens	Plasma	Plate_6	MarthaReselection	not available	not available	not available	not available	not available	not available	not available	not available	1	AC=EFO:0009656;NT=plasma	run 93	proteomics profiling by mass spectrometry	PRM_20251207_MarthaReselection_Plate_6_H9.RAW	PRM_20251207_MarthaReselection_Plate_6_H9.RAW	NT=Parallel Reaction Monitoring;AC=MS:1002956	AC=MS:1002038;NT=label free sample	1	NT=High-performance liquid chromatography;AC=PRIDE:0000565	1	AC=MS:1001251;NT=Trypsin	not available	NT=Stellar;AC=MS:1003409	NT=Carbamidomethyl;AC=UNIMOD:4;TA=C;MT=Fixed	NT=Higher-energy Collisional Dissociation;AC=MS:1000422	27 NCE	40 ppm	0.05 Da	H
PRM_20251207_MarthaReselection_Plate_6_H10	H	10	MRTH	94	RH10	0.1	C:\Xcalibur\methods\method1	C:\data\yourdir	PRM_20251207_MarthaReselection_Plate_6_H10	Homo sapiens	Plasma	Plate_6	MarthaReselection	not available	not available	not available	not available	not available	not available	not available	not available	1	AC=EFO:0009656;NT=plasma	run 94	proteomics profiling by mass spectrometry	PRM_20251207_MarthaReselection_Plate_6_H10.RAW	PRM_20251207_MarthaReselection_Plate_6_H10.RAW	NT=Parallel Reaction Monitoring;AC=MS:1002956	AC=MS:1002038;NT=label free sample	1	NT=High-performance liquid chromatography;AC=PRIDE:0000565	1	AC=MS:1001251;NT=Trypsin	not available	NT=Stellar;AC=MS:1003409	NT=Carbamidomethyl;AC=UNIMOD:4;TA=C;MT=Fixed	NT=Higher-energy Collisional Dissociation;AC=MS:1000422	27 NCE	40 ppm	0.05 Da	H
PRM_20251207_MarthaReselection_Plate_6_H11	H	11	MRTH	95	RH11	0.1	C:\Xcalibur\methods\method1	C:\data\yourdir	PRM_20251207_MarthaReselection_Plate_6_H11	Homo sapiens	Plasma	Plate_6	MarthaReselection	not available	not available	not available	not available	not available	not available	not available	not available	1	AC=EFO:0009656;NT=plasma	run 95	proteomics profiling by mass spectrometry	PRM_20251207_MarthaReselection_Plate_6_H11.RAW	PRM_20251207_MarthaReselection_Plate_6_H11.RAW	NT=Parallel Reaction Monitoring;AC=MS:1002956	AC=MS:1002038;NT=label free sample	1	NT=High-performance liquid chromatography;AC=PRIDE:0000565	1	AC=MS:1001251;NT=Trypsin	not available	NT=Stellar;AC=MS:1003409	NT=Carbamidomethyl;AC=UNIMOD:4;TA=C;MT=Fixed	NT=Higher-energy Collisional Dissociation;AC=MS:1000422	27 NCE	40 ppm	0.05 Da	H
PRM_20251207_MarthaReselection_Plate_6_H12	H	12	Pool	96	RH12	0.1	C:\Xcalibur\methods\method1	C:\data\yourdir	PRM_20251207_MarthaReselection_Plate_6_H12	Homo sapiens	Plasma	Plate_6	MarthaReselection	not available	not available	not available	not available	not available	not available	not available	not available	1	AC=EFO:0009656;NT=plasma	run 96	proteomics profiling by mass spectrometry	PRM_20251207_MarthaReselection_Plate_6_H12.RAW	PRM_20251207_MarthaReselection_Plate_6_H12.RAW	NT=Parallel Reaction Monitoring;AC=MS:1002956	AC=MS:1002038;NT=label free sample	1	NT=High-performance liquid chromatography;AC=PRIDE:0000565	1	AC=MS:1001251;NT=Trypsin	not available	NT=Stellar;AC=MS:1003409	NT=Carbamidomethyl;AC=UNIMOD:4;TA=C;MT=Fixed	NT=Higher-energy Collisional Dissociation;AC=MS:1000422	27 NCE	40 ppm	0.05 Da	H
PRM_20251216_MarthaReselection_Plate_7_A1	A	1	MRTH	1	RA1	0.1	C:\Xcalibur\methods\method1	C:\data\yourdir	PRM_20251216_MarthaReselection_Plate_7_A1	Homo sapiens	Plasma	Plate_7	MarthaReselection	not available	not available	not available	not available	not available	not available	not available	not available	1	AC=EFO:0009656;NT=plasma	run 1	proteomics profiling by mass spectrometry	PRM_20251216_MarthaReselection_Plate_7_A1.RAW	PRM_20251216_MarthaReselection_Plate_7_A1.RAW	NT=Parallel Reaction Monitoring;AC=MS:1002956	AC=MS:1002038;NT=label free sample	1	NT=High-performance liquid chromatography;AC=PRIDE:0000565	1	AC=MS:1001251;NT=Trypsin	not available	NT=Stellar;AC=MS:1003409	NT=Carbamidomethyl;AC=UNIMOD:4;TA=C;MT=Fixed	NT=Higher-energy Collisional Dissociation;AC=MS:1000422	27 NCE	40 ppm	0.05 Da	A
PRM_20251216_MarthaReselection_Plate_7_A2	A	2	MRTH	2	RA2	0.1	C:\Xcalibur\methods\method1	C:\data\yourdir	PRM_20251216_MarthaReselection_Plate_7_A2	Homo sapiens	Plasma	Plate_7	MarthaReselection	not available	not available	not available	not available	not available	not available	not available	not available	1	AC=EFO:0009656;NT=plasma	run 2	proteomics profiling by mass spectrometry	PRM_20251216_MarthaReselection_Plate_7_A2.RAW	PRM_20251216_MarthaReselection_Plate_7_A2.RAW	NT=Parallel Reaction Monitoring;AC=MS:1002956	AC=MS:1002038;NT=label free sample	1	NT=High-performance liquid chromatography;AC=PRIDE:0000565	1	AC=MS:1001251;NT=Trypsin	not available	NT=Stellar;AC=MS:1003409	NT=Carbamidomethyl;AC=UNIMOD:4;TA=C;MT=Fixed	NT=Higher-energy Collisional Dissociation;AC=MS:1000422	27 NCE	40 ppm	0.05 Da	A
PRM_20251216_MarthaReselection_Plate_7_A3	A	3	MRTH	3	RA3	0.1	C:\Xcalibur\methods\method1	C:\data\yourdir	PRM_20251216_MarthaReselection_Plate_7_A3	Homo sapiens	Plasma	Plate_7	MarthaReselection	not available	not available	not available	not available	not available	not available	not available	not available	1	AC=EFO:0009656;NT=plasma	run 3	proteomics profiling by mass spectrometry	PRM_20251216_MarthaReselection_Plate_7_A3.RAW	PRM_20251216_MarthaReselection_Plate_7_A3.RAW	NT=Parallel Reaction Monitoring;AC=MS:1002956	AC=MS:1002038;NT=label free sample	1	NT=High-performance liquid chromatography;AC=PRIDE:0000565	1	AC=MS:1001251;NT=Trypsin	not available	NT=Stellar;AC=MS:1003409	NT=Carbamidomethyl;AC=UNIMOD:4;TA=C;MT=Fixed	NT=Higher-energy Collisional Dissociation;AC=MS:1000422	27 NCE	40 ppm	0.05 Da	A
PRM_20251216_MarthaReselection_Plate_7_A4	A	4	MRTH	4	RA4	0.1	C:\Xcalibur\methods\method1	C:\data\yourdir	PRM_20251216_MarthaReselection_Plate_7_A4	Homo sapiens	Plasma	Plate_7	MarthaReselection	not available	not available	not available	not available	not available	not available	not available	not available	1	AC=EFO:0009656;NT=plasma	run 4	proteomics profiling by mass spectrometry	PRM_20251216_MarthaReselection_Plate_7_A4.RAW	PRM_20251216_MarthaReselection_Plate_7_A4.RAW	NT=Parallel Reaction Monitoring;AC=MS:1002956	AC=MS:1002038;NT=label free sample	1	NT=High-performance liquid chromatography;AC=PRIDE:0000565	1	AC=MS:1001251;NT=Trypsin	not available	NT=Stellar;AC=MS:1003409	NT=Carbamidomethyl;AC=UNIMOD:4;TA=C;MT=Fixed	NT=Higher-energy Collisional Dissociation;AC=MS:1000422	27 NCE	40 ppm	0.05 Da	A
PRM_20251216_MarthaReselection_Plate_7_A5	A	5	MRTH	5	RA5	0.1	C:\Xcalibur\methods\method1	C:\data\yourdir	PRM_20251216_MarthaReselection_Plate_7_A5	Homo sapiens	Plasma	Plate_7	MarthaReselection	not available	not available	not available	not available	not available	not available	not available	not available	1	AC=EFO:0009656;NT=plasma	run 5	proteomics profiling by mass spectrometry	PRM_20251216_MarthaReselection_Plate_7_A5.RAW	PRM_20251216_MarthaReselection_Plate_7_A5.RAW	NT=Parallel Reaction Monitoring;AC=MS:1002956	AC=MS:1002038;NT=label free sample	1	NT=High-performance liquid chromatography;AC=PRIDE:0000565	1	AC=MS:1001251;NT=Trypsin	not available	NT=Stellar;AC=MS:1003409	NT=Carbamidomethyl;AC=UNIMOD:4;TA=C;MT=Fixed	NT=Higher-energy Collisional Dissociation;AC=MS:1000422	27 NCE	40 ppm	0.05 Da	A
PRM_20251216_MarthaReselection_Plate_7_A6	A	6	MRTH	6	RA6	0.1	C:\Xcalibur\methods\method1	C:\data\yourdir	PRM_20251216_MarthaReselection_Plate_7_A6	Homo sapiens	Plasma	Plate_7	MarthaReselection	not available	not available	not available	not available	not available	not available	not available	not available	1	AC=EFO:0009656;NT=plasma	run 6	proteomics profiling by mass spectrometry	PRM_20251216_MarthaReselection_Plate_7_A6.RAW	PRM_20251216_MarthaReselection_Plate_7_A6.RAW	NT=Parallel Reaction Monitoring;AC=MS:1002956	AC=MS:1002038;NT=label free sample	1	NT=High-performance liquid chromatography;AC=PRIDE:0000565	1	AC=MS:1001251;NT=Trypsin	not available	NT=Stellar;AC=MS:1003409	NT=Carbamidomethyl;AC=UNIMOD:4;TA=C;MT=Fixed	NT=Higher-energy Collisional Dissociation;AC=MS:1000422	27 NCE	40 ppm	0.05 Da	A
PRM_20251216_MarthaReselection_Plate_7_A7	A	7	MRTH	7	RA7	0.1	C:\Xcalibur\methods\method1	C:\data\yourdir	PRM_20251216_MarthaReselection_Plate_7_A7	Homo sapiens	Plasma	Plate_7	MarthaReselection	not available	not available	not available	not available	not available	not available	not available	not available	1	AC=EFO:0009656;NT=plasma	run 7	proteomics profiling by mass spectrometry	PRM_20251216_MarthaReselection_Plate_7_A7.RAW	PRM_20251216_MarthaReselection_Plate_7_A7.RAW	NT=Parallel Reaction Monitoring;AC=MS:1002956	AC=MS:1002038;NT=label free sample	1	NT=High-performance liquid chromatography;AC=PRIDE:0000565	1	AC=MS:1001251;NT=Trypsin	not available	NT=Stellar;AC=MS:1003409	NT=Carbamidomethyl;AC=UNIMOD:4;TA=C;MT=Fixed	NT=Higher-energy Collisional Dissociation;AC=MS:1000422	27 NCE	40 ppm	0.05 Da	A
PRM_20251216_MarthaReselection_Plate_7_A8	A	8	MRTH	8	RA8	0.1	C:\Xcalibur\methods\method1	C:\data\yourdir	PRM_20251216_MarthaReselection_Plate_7_A8	Homo sapiens	Plasma	Plate_7	MarthaReselection	not available	not available	not available	not available	not available	not available	not available	not available	1	AC=EFO:0009656;NT=plasma	run 8	proteomics profiling by mass spectrometry	PRM_20251216_MarthaReselection_Plate_7_A8.RAW	PRM_20251216_MarthaReselection_Plate_7_A8.RAW	NT=Parallel Reaction Monitoring;AC=MS:1002956	AC=MS:1002038;NT=label free sample	1	NT=High-performance liquid chromatography;AC=PRIDE:0000565	1	AC=MS:1001251;NT=Trypsin	not available	NT=Stellar;AC=MS:1003409	NT=Carbamidomethyl;AC=UNIMOD:4;TA=C;MT=Fixed	NT=Higher-energy Collisional Dissociation;AC=MS:1000422	27 NCE	40 ppm	0.05 Da	A
PRM_20251216_MarthaReselection_Plate_7_A9	A	9	MRTH	9	RA9	0.1	C:\Xcalibur\methods\method1	C:\data\yourdir	PRM_20251216_MarthaReselection_Plate_7_A9	Homo sapiens	Plasma	Plate_7	MarthaReselection	not available	not available	not available	not available	not available	not available	not available	not available	1	AC=EFO:0009656;NT=plasma	run 9	proteomics profiling by mass spectrometry	PRM_20251216_MarthaReselection_Plate_7_A9.RAW	PRM_20251216_MarthaReselection_Plate_7_A9.RAW	NT=Parallel Reaction Monitoring;AC=MS:1002956	AC=MS:1002038;NT=label free sample	1	NT=High-performance liquid chromatography;AC=PRIDE:0000565	1	AC=MS:1001251;NT=Trypsin	not available	NT=Stellar;AC=MS:1003409	NT=Carbamidomethyl;AC=UNIMOD:4;TA=C;MT=Fixed	NT=Higher-energy Collisional Dissociation;AC=MS:1000422	27 NCE	40 ppm	0.05 Da	A
PRM_20251216_MarthaReselection_Plate_7_A10	A	10	MRTH	10	RA10	0.1	C:\Xcalibur\methods\method1	C:\data\yourdir	PRM_20251216_MarthaReselection_Plate_7_A10	Homo sapiens	Plasma	Plate_7	MarthaReselection	not available	not available	not available	not available	not available	not available	not available	not available	1	AC=EFO:0009656;NT=plasma	run 10	proteomics profiling by mass spectrometry	PRM_20251216_MarthaReselection_Plate_7_A10.RAW	PRM_20251216_MarthaReselection_Plate_7_A10.RAW	NT=Parallel Reaction Monitoring;AC=MS:1002956	AC=MS:1002038;NT=label free sample	1	NT=High-performance liquid chromatography;AC=PRIDE:0000565	1	AC=MS:1001251;NT=Trypsin	not available	NT=Stellar;AC=MS:1003409	NT=Carbamidomethyl;AC=UNIMOD:4;TA=C;MT=Fixed	NT=Higher-energy Collisional Dissociation;AC=MS:1000422	27 NCE	40 ppm	0.05 Da	A
PRM_20251216_MarthaReselection_Plate_7_A11	A	11	MRTH	11	RA11	0.1	C:\Xcalibur\methods\method1	C:\data\yourdir	PRM_20251216_MarthaReselection_Plate_7_A11	Homo sapiens	Plasma	Plate_7	MarthaReselection	not available	not available	not available	not available	not available	not available	not available	not available	1	AC=EFO:0009656;NT=plasma	run 11	proteomics profiling by mass spectrometry	PRM_20251216_MarthaReselection_Plate_7_A11.RAW	PRM_20251216_MarthaReselection_Plate_7_A11.RAW	NT=Parallel Reaction Monitoring;AC=MS:1002956	AC=MS:1002038;NT=label free sample	1	NT=High-performance liquid chromatography;AC=PRIDE:0000565	1	AC=MS:1001251;NT=Trypsin	not available	NT=Stellar;AC=MS:1003409	NT=Carbamidomethyl;AC=UNIMOD:4;TA=C;MT=Fixed	NT=Higher-energy Collisional Dissociation;AC=MS:1000422	27 NCE	40 ppm	0.05 Da	A
PRM_20251216_MarthaReselection_Plate_7_A12	A	12	MRTH	12	RA12	0.1	C:\Xcalibur\methods\method1	C:\data\yourdir	PRM_20251216_MarthaReselection_Plate_7_A12	Homo sapiens	Plasma	Plate_7	MarthaReselection	not available	not available	not available	not available	not available	not available	not available	not available	1	AC=EFO:0009656;NT=plasma	run 12	proteomics profiling by mass spectrometry	PRM_20251216_MarthaReselection_Plate_7_A12.RAW	PRM_20251216_MarthaReselection_Plate_7_A12.RAW	NT=Parallel Reaction Monitoring;AC=MS:1002956	AC=MS:1002038;NT=label free sample	1	NT=High-performance liquid chromatography;AC=PRIDE:0000565	1	AC=MS:1001251;NT=Trypsin	not available	NT=Stellar;AC=MS:1003409	NT=Carbamidomethyl;AC=UNIMOD:4;TA=C;MT=Fixed	NT=Higher-energy Collisional Dissociation;AC=MS:1000422	27 NCE	40 ppm	0.05 Da	A
PRM_20251216_MarthaReselection_Plate_7_B1	B	1	MRTH	13	RB1	0.1	C:\Xcalibur\methods\method1	C:\data\yourdir	PRM_20251216_MarthaReselection_Plate_7_B1	Homo sapiens	Plasma	Plate_7	MarthaReselection	not available	not available	not available	not available	not available	not available	not available	not available	1	AC=EFO:0009656;NT=plasma	run 13	proteomics profiling by mass spectrometry	PRM_20251216_MarthaReselection_Plate_7_B1.RAW	PRM_20251216_MarthaReselection_Plate_7_B1.RAW	NT=Parallel Reaction Monitoring;AC=MS:1002956	AC=MS:1002038;NT=label free sample	1	NT=High-performance liquid chromatography;AC=PRIDE:0000565	1	AC=MS:1001251;NT=Trypsin	not available	NT=Stellar;AC=MS:1003409	NT=Carbamidomethyl;AC=UNIMOD:4;TA=C;MT=Fixed	NT=Higher-energy Collisional Dissociation;AC=MS:1000422	27 NCE	40 ppm	0.05 Da	B
PRM_20251216_MarthaReselection_Plate_7_B2	B	2	MRTH	14	RB2	0.1	C:\Xcalibur\methods\method1	C:\data\yourdir	PRM_20251216_MarthaReselection_Plate_7_B2	Homo sapiens	Plasma	Plate_7	MarthaReselection	not available	not available	not available	not available	not available	not available	not available	not available	1	AC=EFO:0009656;NT=plasma	run 14	proteomics profiling by mass spectrometry	PRM_20251216_MarthaReselection_Plate_7_B2.RAW	PRM_20251216_MarthaReselection_Plate_7_B2.RAW	NT=Parallel Reaction Monitoring;AC=MS:1002956	AC=MS:1002038;NT=label free sample	1	NT=High-performance liquid chromatography;AC=PRIDE:0000565	1	AC=MS:1001251;NT=Trypsin	not available	NT=Stellar;AC=MS:1003409	NT=Carbamidomethyl;AC=UNIMOD:4;TA=C;MT=Fixed	NT=Higher-energy Collisional Dissociation;AC=MS:1000422	27 NCE	40 ppm	0.05 Da	B
PRM_20251216_MarthaReselection_Plate_7_B3	B	3	Pool	15	RB3	0.1	C:\Xcalibur\methods\method1	C:\data\yourdir	PRM_20251216_MarthaReselection_Plate_7_B3	Homo sapiens	Plasma	Plate_7	MarthaReselection	not available	not available	not available	not available	not available	not available	not available	not available	1	AC=EFO:0009656;NT=plasma	run 15	proteomics profiling by mass spectrometry	PRM_20251216_MarthaReselection_Plate_7_B3.RAW	PRM_20251216_MarthaReselection_Plate_7_B3.RAW	NT=Parallel Reaction Monitoring;AC=MS:1002956	AC=MS:1002038;NT=label free sample	1	NT=High-performance liquid chromatography;AC=PRIDE:0000565	1	AC=MS:1001251;NT=Trypsin	not available	NT=Stellar;AC=MS:1003409	NT=Carbamidomethyl;AC=UNIMOD:4;TA=C;MT=Fixed	NT=Higher-energy Collisional Dissociation;AC=MS:1000422	27 NCE	40 ppm	0.05 Da	B
PRM_20251216_MarthaReselection_Plate_7_B4	B	4	MRTH	16	RB4	0.1	C:\Xcalibur\methods\method1	C:\data\yourdir	PRM_20251216_MarthaReselection_Plate_7_B4	Homo sapiens	Plasma	Plate_7	MarthaReselection	not available	not available	not available	not available	not available	not available	not available	not available	1	AC=EFO:0009656;NT=plasma	run 16	proteomics profiling by mass spectrometry	PRM_20251216_MarthaReselection_Plate_7_B4.RAW	PRM_20251216_MarthaReselection_Plate_7_B4.RAW	NT=Parallel Reaction Monitoring;AC=MS:1002956	AC=MS:1002038;NT=label free sample	1	NT=High-performance liquid chromatography;AC=PRIDE:0000565	1	AC=MS:1001251;NT=Trypsin	not available	NT=Stellar;AC=MS:1003409	NT=Carbamidomethyl;AC=UNIMOD:4;TA=C;MT=Fixed	NT=Higher-energy Collisional Dissociation;AC=MS:1000422	27 NCE	40 ppm	0.05 Da	B
PRM_20251216_MarthaReselection_Plate_7_B5	B	5	MRTH	17	RB5	0.1	C:\Xcalibur\methods\method1	C:\data\yourdir	PRM_20251216_MarthaReselection_Plate_7_B5	Homo sapiens	Plasma	Plate_7	MarthaReselection	not available	not available	not available	not available	not available	not available	not available	not available	1	AC=EFO:0009656;NT=plasma	run 17	proteomics profiling by mass spectrometry	PRM_20251216_MarthaReselection_Plate_7_B5.RAW	PRM_20251216_MarthaReselection_Plate_7_B5.RAW	NT=Parallel Reaction Monitoring;AC=MS:1002956	AC=MS:1002038;NT=label free sample	1	NT=High-performance liquid chromatography;AC=PRIDE:0000565	1	AC=MS:1001251;NT=Trypsin	not available	NT=Stellar;AC=MS:1003409	NT=Carbamidomethyl;AC=UNIMOD:4;TA=C;MT=Fixed	NT=Higher-energy Collisional Dissociation;AC=MS:1000422	27 NCE	40 ppm	0.05 Da	B
PRM_20251216_MarthaReselection_Plate_7_B6	B	6	MRTH	18	RB6	0.1	C:\Xcalibur\methods\method1	C:\data\yourdir	PRM_20251216_MarthaReselection_Plate_7_B6	Homo sapiens	Plasma	Plate_7	MarthaReselection	not available	not available	not available	not available	not available	not available	not available	not available	1	AC=EFO:0009656;NT=plasma	run 18	proteomics profiling by mass spectrometry	PRM_20251216_MarthaReselection_Plate_7_B6.RAW	PRM_20251216_MarthaReselection_Plate_7_B6.RAW	NT=Parallel Reaction Monitoring;AC=MS:1002956	AC=MS:1002038;NT=label free sample	1	NT=High-performance liquid chromatography;AC=PRIDE:0000565	1	AC=MS:1001251;NT=Trypsin	not available	NT=Stellar;AC=MS:1003409	NT=Carbamidomethyl;AC=UNIMOD:4;TA=C;MT=Fixed	NT=Higher-energy Collisional Dissociation;AC=MS:1000422	27 NCE	40 ppm	0.05 Da	B
PRM_20251216_MarthaReselection_Plate_7_B7	B	7	MRTH	19	RB7	0.1	C:\Xcalibur\methods\method1	C:\data\yourdir	PRM_20251216_MarthaReselection_Plate_7_B7	Homo sapiens	Plasma	Plate_7	MarthaReselection	not available	not available	not available	not available	not available	not available	not available	not available	1	AC=EFO:0009656;NT=plasma	run 19	proteomics profiling by mass spectrometry	PRM_20251216_MarthaReselection_Plate_7_B7.RAW	PRM_20251216_MarthaReselection_Plate_7_B7.RAW	NT=Parallel Reaction Monitoring;AC=MS:1002956	AC=MS:1002038;NT=label free sample	1	NT=High-performance liquid chromatography;AC=PRIDE:0000565	1	AC=MS:1001251;NT=Trypsin	not available	NT=Stellar;AC=MS:1003409	NT=Carbamidomethyl;AC=UNIMOD:4;TA=C;MT=Fixed	NT=Higher-energy Collisional Dissociation;AC=MS:1000422	27 NCE	40 ppm	0.05 Da	B
PRM_20251216_MarthaReselection_Plate_7_B8	B	8	MRTH	20	RB8	0.1	C:\Xcalibur\methods\method1	C:\data\yourdir	PRM_20251216_MarthaReselection_Plate_7_B8	Homo sapiens	Plasma	Plate_7	MarthaReselection	not available	not available	not available	not available	not available	not available	not available	not available	1	AC=EFO:0009656;NT=plasma	run 20	proteomics profiling by mass spectrometry	PRM_20251216_MarthaReselection_Plate_7_B8.RAW	PRM_20251216_MarthaReselection_Plate_7_B8.RAW	NT=Parallel Reaction Monitoring;AC=MS:1002956	AC=MS:1002038;NT=label free sample	1	NT=High-performance liquid chromatography;AC=PRIDE:0000565	1	AC=MS:1001251;NT=Trypsin	not available	NT=Stellar;AC=MS:1003409	NT=Carbamidomethyl;AC=UNIMOD:4;TA=C;MT=Fixed	NT=Higher-energy Collisional Dissociation;AC=MS:1000422	27 NCE	40 ppm	0.05 Da	B
PRM_20251216_MarthaReselection_Plate_7_B9	B	9	MRTH	21	RB9	0.1	C:\Xcalibur\methods\method1	C:\data\yourdir	PRM_20251216_MarthaReselection_Plate_7_B9	Homo sapiens	Plasma	Plate_7	MarthaReselection	not available	not available	not available	not available	not available	not available	not available	not available	1	AC=EFO:0009656;NT=plasma	run 21	proteomics profiling by mass spectrometry	PRM_20251216_MarthaReselection_Plate_7_B9.RAW	PRM_20251216_MarthaReselection_Plate_7_B9.RAW	NT=Parallel Reaction Monitoring;AC=MS:1002956	AC=MS:1002038;NT=label free sample	1	NT=High-performance liquid chromatography;AC=PRIDE:0000565	1	AC=MS:1001251;NT=Trypsin	not available	NT=Stellar;AC=MS:1003409	NT=Carbamidomethyl;AC=UNIMOD:4;TA=C;MT=Fixed	NT=Higher-energy Collisional Dissociation;AC=MS:1000422	27 NCE	40 ppm	0.05 Da	B
PRM_20251216_MarthaReselection_Plate_7_B10	B	10	MRTH	22	RB10	0.1	C:\Xcalibur\methods\method1	C:\data\yourdir	PRM_20251216_MarthaReselection_Plate_7_B10	Homo sapiens	Plasma	Plate_7	MarthaReselection	not available	not available	not available	not available	not available	not available	not available	not available	1	AC=EFO:0009656;NT=plasma	run 22	proteomics profiling by mass spectrometry	PRM_20251216_MarthaReselection_Plate_7_B10.RAW	PRM_20251216_MarthaReselection_Plate_7_B10.RAW	NT=Parallel Reaction Monitoring;AC=MS:1002956	AC=MS:1002038;NT=label free sample	1	NT=High-performance liquid chromatography;AC=PRIDE:0000565	1	AC=MS:1001251;NT=Trypsin	not available	NT=Stellar;AC=MS:1003409	NT=Carbamidomethyl;AC=UNIMOD:4;TA=C;MT=Fixed	NT=Higher-energy Collisional Dissociation;AC=MS:1000422	27 NCE	40 ppm	0.05 Da	B
PRM_20251216_MarthaReselection_Plate_7_B11	B	11	MRTH	23	RB11	0.1	C:\Xcalibur\methods\method1	C:\data\yourdir	PRM_20251216_MarthaReselection_Plate_7_B11	Homo sapiens	Plasma	Plate_7	MarthaReselection	not available	not available	not available	not available	not available	not available	not available	not available	1	AC=EFO:0009656;NT=plasma	run 23	proteomics profiling by mass spectrometry	PRM_20251216_MarthaReselection_Plate_7_B11.RAW	PRM_20251216_MarthaReselection_Plate_7_B11.RAW	NT=Parallel Reaction Monitoring;AC=MS:1002956	AC=MS:1002038;NT=label free sample	1	NT=High-performance liquid chromatography;AC=PRIDE:0000565	1	AC=MS:1001251;NT=Trypsin	not available	NT=Stellar;AC=MS:1003409	NT=Carbamidomethyl;AC=UNIMOD:4;TA=C;MT=Fixed	NT=Higher-energy Collisional Dissociation;AC=MS:1000422	27 NCE	40 ppm	0.05 Da	B
PRM_20251216_MarthaReselection_Plate_7_B12	B	12	MRTH	24	RB12	0.1	C:\Xcalibur\methods\method1	C:\data\yourdir	PRM_20251216_MarthaReselection_Plate_7_B12	Homo sapiens	Plasma	Plate_7	MarthaReselection	not available	not available	not available	not available	not available	not available	not available	not available	1	AC=EFO:0009656;NT=plasma	run 24	proteomics profiling by mass spectrometry	PRM_20251216_MarthaReselection_Plate_7_B12.RAW	PRM_20251216_MarthaReselection_Plate_7_B12.RAW	NT=Parallel Reaction Monitoring;AC=MS:1002956	AC=MS:1002038;NT=label free sample	1	NT=High-performance liquid chromatography;AC=PRIDE:0000565	1	AC=MS:1001251;NT=Trypsin	not available	NT=Stellar;AC=MS:1003409	NT=Carbamidomethyl;AC=UNIMOD:4;TA=C;MT=Fixed	NT=Higher-energy Collisional Dissociation;AC=MS:1000422	27 NCE	40 ppm	0.05 Da	B
PRM_20251216_MarthaReselection_Plate_7_C1	C	1	MRTH	25	RC1	0.1	C:\Xcalibur\methods\method1	C:\data\yourdir	PRM_20251216_MarthaReselection_Plate_7_C1	Homo sapiens	Plasma	Plate_7	MarthaReselection	not available	not available	not available	not available	not available	not available	not available	not available	1	AC=EFO:0009656;NT=plasma	run 25	proteomics profiling by mass spectrometry	PRM_20251216_MarthaReselection_Plate_7_C1.RAW	PRM_20251216_MarthaReselection_Plate_7_C1.RAW	NT=Parallel Reaction Monitoring;AC=MS:1002956	AC=MS:1002038;NT=label free sample	1	NT=High-performance liquid chromatography;AC=PRIDE:0000565	1	AC=MS:1001251;NT=Trypsin	not available	NT=Stellar;AC=MS:1003409	NT=Carbamidomethyl;AC=UNIMOD:4;TA=C;MT=Fixed	NT=Higher-energy Collisional Dissociation;AC=MS:1000422	27 NCE	40 ppm	0.05 Da	C
PRM_20251216_MarthaReselection_Plate_7_C2	C	2	MRTH	26	RC2	0.1	C:\Xcalibur\methods\method1	C:\data\yourdir	PRM_20251216_MarthaReselection_Plate_7_C2	Homo sapiens	Plasma	Plate_7	MarthaReselection	not available	not available	not available	not available	not available	not available	not available	not available	1	AC=EFO:0009656;NT=plasma	run 26	proteomics profiling by mass spectrometry	PRM_20251216_MarthaReselection_Plate_7_C2.RAW	PRM_20251216_MarthaReselection_Plate_7_C2.RAW	NT=Parallel Reaction Monitoring;AC=MS:1002956	AC=MS:1002038;NT=label free sample	1	NT=High-performance liquid chromatography;AC=PRIDE:0000565	1	AC=MS:1001251;NT=Trypsin	not available	NT=Stellar;AC=MS:1003409	NT=Carbamidomethyl;AC=UNIMOD:4;TA=C;MT=Fixed	NT=Higher-energy Collisional Dissociation;AC=MS:1000422	27 NCE	40 ppm	0.05 Da	C
PRM_20251216_MarthaReselection_Plate_7_C3	C	3	MRTH	27	RC3	0.1	C:\Xcalibur\methods\method1	C:\data\yourdir	PRM_20251216_MarthaReselection_Plate_7_C3	Homo sapiens	Plasma	Plate_7	MarthaReselection	not available	not available	not available	not available	not available	not available	not available	not available	1	AC=EFO:0009656;NT=plasma	run 27	proteomics profiling by mass spectrometry	PRM_20251216_MarthaReselection_Plate_7_C3.RAW	PRM_20251216_MarthaReselection_Plate_7_C3.RAW	NT=Parallel Reaction Monitoring;AC=MS:1002956	AC=MS:1002038;NT=label free sample	1	NT=High-performance liquid chromatography;AC=PRIDE:0000565	1	AC=MS:1001251;NT=Trypsin	not available	NT=Stellar;AC=MS:1003409	NT=Carbamidomethyl;AC=UNIMOD:4;TA=C;MT=Fixed	NT=Higher-energy Collisional Dissociation;AC=MS:1000422	27 NCE	40 ppm	0.05 Da	C
PRM_20251216_MarthaReselection_Plate_7_C4	C	4	MRTH	28	RC4	0.1	C:\Xcalibur\methods\method1	C:\data\yourdir	PRM_20251216_MarthaReselection_Plate_7_C4	Homo sapiens	Plasma	Plate_7	MarthaReselection	not available	not available	not available	not available	not available	not available	not available	not available	1	AC=EFO:0009656;NT=plasma	run 28	proteomics profiling by mass spectrometry	PRM_20251216_MarthaReselection_Plate_7_C4.RAW	PRM_20251216_MarthaReselection_Plate_7_C4.RAW	NT=Parallel Reaction Monitoring;AC=MS:1002956	AC=MS:1002038;NT=label free sample	1	NT=High-performance liquid chromatography;AC=PRIDE:0000565	1	AC=MS:1001251;NT=Trypsin	not available	NT=Stellar;AC=MS:1003409	NT=Carbamidomethyl;AC=UNIMOD:4;TA=C;MT=Fixed	NT=Higher-energy Collisional Dissociation;AC=MS:1000422	27 NCE	40 ppm	0.05 Da	C
PRM_20251216_MarthaReselection_Plate_7_C5	C	5	MRTH	29	RC5	0.1	C:\Xcalibur\methods\method1	C:\data\yourdir	PRM_20251216_MarthaReselection_Plate_7_C5	Homo sapiens	Plasma	Plate_7	MarthaReselection	not available	not available	not available	not available	not available	not available	not available	not available	1	AC=EFO:0009656;NT=plasma	run 29	proteomics profiling by mass spectrometry	PRM_20251216_MarthaReselection_Plate_7_C5.RAW	PRM_20251216_MarthaReselection_Plate_7_C5.RAW	NT=Parallel Reaction Monitoring;AC=MS:1002956	AC=MS:1002038;NT=label free sample	1	NT=High-performance liquid chromatography;AC=PRIDE:0000565	1	AC=MS:1001251;NT=Trypsin	not available	NT=Stellar;AC=MS:1003409	NT=Carbamidomethyl;AC=UNIMOD:4;TA=C;MT=Fixed	NT=Higher-energy Collisional Dissociation;AC=MS:1000422	27 NCE	40 ppm	0.05 Da	C
PRM_20251216_MarthaReselection_Plate_7_C6	C	6	MRTH	30	RC6	0.1	C:\Xcalibur\methods\method1	C:\data\yourdir	PRM_20251216_MarthaReselection_Plate_7_C6	Homo sapiens	Plasma	Plate_7	MarthaReselection	not available	not available	not available	not available	not available	not available	not available	not available	1	AC=EFO:0009656;NT=plasma	run 30	proteomics profiling by mass spectrometry	PRM_20251216_MarthaReselection_Plate_7_C6.RAW	PRM_20251216_MarthaReselection_Plate_7_C6.RAW	NT=Parallel Reaction Monitoring;AC=MS:1002956	AC=MS:1002038;NT=label free sample	1	NT=High-performance liquid chromatography;AC=PRIDE:0000565	1	AC=MS:1001251;NT=Trypsin	not available	NT=Stellar;AC=MS:1003409	NT=Carbamidomethyl;AC=UNIMOD:4;TA=C;MT=Fixed	NT=Higher-energy Collisional Dissociation;AC=MS:1000422	27 NCE	40 ppm	0.05 Da	C
PRM_20251216_MarthaReselection_Plate_7_C7	C	7	MRTH	31	RC7	0.1	C:\Xcalibur\methods\method1	C:\data\yourdir	PRM_20251216_MarthaReselection_Plate_7_C7	Homo sapiens	Plasma	Plate_7	MarthaReselection	not available	not available	not available	not available	not available	not available	not available	not available	1	AC=EFO:0009656;NT=plasma	run 31	proteomics profiling by mass spectrometry	PRM_20251216_MarthaReselection_Plate_7_C7.RAW	PRM_20251216_MarthaReselection_Plate_7_C7.RAW	NT=Parallel Reaction Monitoring;AC=MS:1002956	AC=MS:1002038;NT=label free sample	1	NT=High-performance liquid chromatography;AC=PRIDE:0000565	1	AC=MS:1001251;NT=Trypsin	not available	NT=Stellar;AC=MS:1003409	NT=Carbamidomethyl;AC=UNIMOD:4;TA=C;MT=Fixed	NT=Higher-energy Collisional Dissociation;AC=MS:1000422	27 NCE	40 ppm	0.05 Da	C
PRM_20251216_MarthaReselection_Plate_7_C8	C	8	MRTH	32	RC8	0.1	C:\Xcalibur\methods\method1	C:\data\yourdir	PRM_20251216_MarthaReselection_Plate_7_C8	Homo sapiens	Plasma	Plate_7	MarthaReselection	not available	not available	not available	not available	not available	not available	not available	not available	1	AC=EFO:0009656;NT=plasma	run 32	proteomics profiling by mass spectrometry	PRM_20251216_MarthaReselection_Plate_7_C8.RAW	PRM_20251216_MarthaReselection_Plate_7_C8.RAW	NT=Parallel Reaction Monitoring;AC=MS:1002956	AC=MS:1002038;NT=label free sample	1	NT=High-performance liquid chromatography;AC=PRIDE:0000565	1	AC=MS:1001251;NT=Trypsin	not available	NT=Stellar;AC=MS:1003409	NT=Carbamidomethyl;AC=UNIMOD:4;TA=C;MT=Fixed	NT=Higher-energy Collisional Dissociation;AC=MS:1000422	27 NCE	40 ppm	0.05 Da	C
PRM_20251216_MarthaReselection_Plate_7_C9	C	9	MRTH	33	RC9	0.1	C:\Xcalibur\methods\method1	C:\data\yourdir	PRM_20251216_MarthaReselection_Plate_7_C9	Homo sapiens	Plasma	Plate_7	MarthaReselection	not available	not available	not available	not available	not available	not available	not available	not available	1	AC=EFO:0009656;NT=plasma	run 33	proteomics profiling by mass spectrometry	PRM_20251216_MarthaReselection_Plate_7_C9.RAW	PRM_20251216_MarthaReselection_Plate_7_C9.RAW	NT=Parallel Reaction Monitoring;AC=MS:1002956	AC=MS:1002038;NT=label free sample	1	NT=High-performance liquid chromatography;AC=PRIDE:0000565	1	AC=MS:1001251;NT=Trypsin	not available	NT=Stellar;AC=MS:1003409	NT=Carbamidomethyl;AC=UNIMOD:4;TA=C;MT=Fixed	NT=Higher-energy Collisional Dissociation;AC=MS:1000422	27 NCE	40 ppm	0.05 Da	C
PRM_20251216_MarthaReselection_Plate_7_C10	C	10	MRTH	34	RC10	0.1	C:\Xcalibur\methods\method1	C:\data\yourdir	PRM_20251216_MarthaReselection_Plate_7_C10	Homo sapiens	Plasma	Plate_7	MarthaReselection	not available	not available	not available	not available	not available	not available	not available	not available	1	AC=EFO:0009656;NT=plasma	run 34	proteomics profiling by mass spectrometry	PRM_20251216_MarthaReselection_Plate_7_C10.RAW	PRM_20251216_MarthaReselection_Plate_7_C10.RAW	NT=Parallel Reaction Monitoring;AC=MS:1002956	AC=MS:1002038;NT=label free sample	1	NT=High-performance liquid chromatography;AC=PRIDE:0000565	1	AC=MS:1001251;NT=Trypsin	not available	NT=Stellar;AC=MS:1003409	NT=Carbamidomethyl;AC=UNIMOD:4;TA=C;MT=Fixed	NT=Higher-energy Collisional Dissociation;AC=MS:1000422	27 NCE	40 ppm	0.05 Da	C
PRM_20251216_MarthaReselection_Plate_7_C11	C	11	MRTH	35	RC11	0.1	C:\Xcalibur\methods\method1	C:\data\yourdir	PRM_20251216_MarthaReselection_Plate_7_C11	Homo sapiens	Plasma	Plate_7	MarthaReselection	not available	not available	not available	not available	not available	not available	not available	not available	1	AC=EFO:0009656;NT=plasma	run 35	proteomics profiling by mass spectrometry	PRM_20251216_MarthaReselection_Plate_7_C11.RAW	PRM_20251216_MarthaReselection_Plate_7_C11.RAW	NT=Parallel Reaction Monitoring;AC=MS:1002956	AC=MS:1002038;NT=label free sample	1	NT=High-performance liquid chromatography;AC=PRIDE:0000565	1	AC=MS:1001251;NT=Trypsin	not available	NT=Stellar;AC=MS:1003409	NT=Carbamidomethyl;AC=UNIMOD:4;TA=C;MT=Fixed	NT=Higher-energy Collisional Dissociation;AC=MS:1000422	27 NCE	40 ppm	0.05 Da	C
PRM_20251216_MarthaReselection_Plate_7_C12	C	12	MRTH	36	RC12	0.1	C:\Xcalibur\methods\method1	C:\data\yourdir	PRM_20251216_MarthaReselection_Plate_7_C12	Homo sapiens	Plasma	Plate_7	MarthaReselection	not available	not available	not available	not available	not available	not available	not available	not available	1	AC=EFO:0009656;NT=plasma	run 36	proteomics profiling by mass spectrometry	PRM_20251216_MarthaReselection_Plate_7_C12.RAW	PRM_20251216_MarthaReselection_Plate_7_C12.RAW	NT=Parallel Reaction Monitoring;AC=MS:1002956	AC=MS:1002038;NT=label free sample	1	NT=High-performance liquid chromatography;AC=PRIDE:0000565	1	AC=MS:1001251;NT=Trypsin	not available	NT=Stellar;AC=MS:1003409	NT=Carbamidomethyl;AC=UNIMOD:4;TA=C;MT=Fixed	NT=Higher-energy Collisional Dissociation;AC=MS:1000422	27 NCE	40 ppm	0.05 Da	C
PRM_20251216_MarthaReselection_Plate_7_D1	D	1	MRTH	37	RD1	0.1	C:\Xcalibur\methods\method1	C:\data\yourdir	PRM_20251216_MarthaReselection_Plate_7_D1	Homo sapiens	Plasma	Plate_7	MarthaReselection	not available	not available	not available	not available	not available	not available	not available	not available	1	AC=EFO:0009656;NT=plasma	run 37	proteomics profiling by mass spectrometry	PRM_20251216_MarthaReselection_Plate_7_D1.RAW	PRM_20251216_MarthaReselection_Plate_7_D1.RAW	NT=Parallel Reaction Monitoring;AC=MS:1002956	AC=MS:1002038;NT=label free sample	1	NT=High-performance liquid chromatography;AC=PRIDE:0000565	1	AC=MS:1001251;NT=Trypsin	not available	NT=Stellar;AC=MS:1003409	NT=Carbamidomethyl;AC=UNIMOD:4;TA=C;MT=Fixed	NT=Higher-energy Collisional Dissociation;AC=MS:1000422	27 NCE	40 ppm	0.05 Da	D
PRM_20251216_MarthaReselection_Plate_7_D2	D	2	MRTH	38	RD2	0.1	C:\Xcalibur\methods\method1	C:\data\yourdir	PRM_20251216_MarthaReselection_Plate_7_D2	Homo sapiens	Plasma	Plate_7	MarthaReselection	not available	not available	not available	not available	not available	not available	not available	not available	1	AC=EFO:0009656;NT=plasma	run 38	proteomics profiling by mass spectrometry	PRM_20251216_MarthaReselection_Plate_7_D2.RAW	PRM_20251216_MarthaReselection_Plate_7_D2.RAW	NT=Parallel Reaction Monitoring;AC=MS:1002956	AC=MS:1002038;NT=label free sample	1	NT=High-performance liquid chromatography;AC=PRIDE:0000565	1	AC=MS:1001251;NT=Trypsin	not available	NT=Stellar;AC=MS:1003409	NT=Carbamidomethyl;AC=UNIMOD:4;TA=C;MT=Fixed	NT=Higher-energy Collisional Dissociation;AC=MS:1000422	27 NCE	40 ppm	0.05 Da	D
PRM_20251216_MarthaReselection_Plate_7_D3	D	3	MRTH	39	RD3	0.1	C:\Xcalibur\methods\method1	C:\data\yourdir	PRM_20251216_MarthaReselection_Plate_7_D3	Homo sapiens	Plasma	Plate_7	MarthaReselection	not available	not available	not available	not available	not available	not available	not available	not available	1	AC=EFO:0009656;NT=plasma	run 39	proteomics profiling by mass spectrometry	PRM_20251216_MarthaReselection_Plate_7_D3.RAW	PRM_20251216_MarthaReselection_Plate_7_D3.RAW	NT=Parallel Reaction Monitoring;AC=MS:1002956	AC=MS:1002038;NT=label free sample	1	NT=High-performance liquid chromatography;AC=PRIDE:0000565	1	AC=MS:1001251;NT=Trypsin	not available	NT=Stellar;AC=MS:1003409	NT=Carbamidomethyl;AC=UNIMOD:4;TA=C;MT=Fixed	NT=Higher-energy Collisional Dissociation;AC=MS:1000422	27 NCE	40 ppm	0.05 Da	D
PRM_20251216_MarthaReselection_Plate_7_D4	D	4	MRTH	40	RD4	0.1	C:\Xcalibur\methods\method1	C:\data\yourdir	PRM_20251216_MarthaReselection_Plate_7_D4	Homo sapiens	Plasma	Plate_7	MarthaReselection	not available	not available	not available	not available	not available	not available	not available	not available	1	AC=EFO:0009656;NT=plasma	run 40	proteomics profiling by mass spectrometry	PRM_20251216_MarthaReselection_Plate_7_D4.RAW	PRM_20251216_MarthaReselection_Plate_7_D4.RAW	NT=Parallel Reaction Monitoring;AC=MS:1002956	AC=MS:1002038;NT=label free sample	1	NT=High-performance liquid chromatography;AC=PRIDE:0000565	1	AC=MS:1001251;NT=Trypsin	not available	NT=Stellar;AC=MS:1003409	NT=Carbamidomethyl;AC=UNIMOD:4;TA=C;MT=Fixed	NT=Higher-energy Collisional Dissociation;AC=MS:1000422	27 NCE	40 ppm	0.05 Da	D
PRM_20251216_MarthaReselection_Plate_7_D5	D	5	MRTH	41	RD5	0.1	C:\Xcalibur\methods\method1	C:\data\yourdir	PRM_20251216_MarthaReselection_Plate_7_D5	Homo sapiens	Plasma	Plate_7	MarthaReselection	not available	not available	not available	not available	not available	not available	not available	not available	1	AC=EFO:0009656;NT=plasma	run 41	proteomics profiling by mass spectrometry	PRM_20251216_MarthaReselection_Plate_7_D5.RAW	PRM_20251216_MarthaReselection_Plate_7_D5.RAW	NT=Parallel Reaction Monitoring;AC=MS:1002956	AC=MS:1002038;NT=label free sample	1	NT=High-performance liquid chromatography;AC=PRIDE:0000565	1	AC=MS:1001251;NT=Trypsin	not available	NT=Stellar;AC=MS:1003409	NT=Carbamidomethyl;AC=UNIMOD:4;TA=C;MT=Fixed	NT=Higher-energy Collisional Dissociation;AC=MS:1000422	27 NCE	40 ppm	0.05 Da	D
PRM_20251216_MarthaReselection_Plate_7_D6	D	6	MRTH	42	RD6	0.1	C:\Xcalibur\methods\method1	C:\data\yourdir	PRM_20251216_MarthaReselection_Plate_7_D6	Homo sapiens	Plasma	Plate_7	MarthaReselection	not available	not available	not available	not available	not available	not available	not available	not available	1	AC=EFO:0009656;NT=plasma	run 42	proteomics profiling by mass spectrometry	PRM_20251216_MarthaReselection_Plate_7_D6.RAW	PRM_20251216_MarthaReselection_Plate_7_D6.RAW	NT=Parallel Reaction Monitoring;AC=MS:1002956	AC=MS:1002038;NT=label free sample	1	NT=High-performance liquid chromatography;AC=PRIDE:0000565	1	AC=MS:1001251;NT=Trypsin	not available	NT=Stellar;AC=MS:1003409	NT=Carbamidomethyl;AC=UNIMOD:4;TA=C;MT=Fixed	NT=Higher-energy Collisional Dissociation;AC=MS:1000422	27 NCE	40 ppm	0.05 Da	D
PRM_20251216_MarthaReselection_Plate_7_D7	D	7	MRTH	43	RD7	0.1	C:\Xcalibur\methods\method1	C:\data\yourdir	PRM_20251216_MarthaReselection_Plate_7_D7	Homo sapiens	Plasma	Plate_7	MarthaReselection	not available	not available	not available	not available	not available	not available	not available	not available	1	AC=EFO:0009656;NT=plasma	run 43	proteomics profiling by mass spectrometry	PRM_20251216_MarthaReselection_Plate_7_D7.RAW	PRM_20251216_MarthaReselection_Plate_7_D7.RAW	NT=Parallel Reaction Monitoring;AC=MS:1002956	AC=MS:1002038;NT=label free sample	1	NT=High-performance liquid chromatography;AC=PRIDE:0000565	1	AC=MS:1001251;NT=Trypsin	not available	NT=Stellar;AC=MS:1003409	NT=Carbamidomethyl;AC=UNIMOD:4;TA=C;MT=Fixed	NT=Higher-energy Collisional Dissociation;AC=MS:1000422	27 NCE	40 ppm	0.05 Da	D
PRM_20251216_MarthaReselection_Plate_7_D8	D	8	MRTH	44	RD8	0.1	C:\Xcalibur\methods\method1	C:\data\yourdir	PRM_20251216_MarthaReselection_Plate_7_D8	Homo sapiens	Plasma	Plate_7	MarthaReselection	not available	not available	not available	not available	not available	not available	not available	not available	1	AC=EFO:0009656;NT=plasma	run 44	proteomics profiling by mass spectrometry	PRM_20251216_MarthaReselection_Plate_7_D8.RAW	PRM_20251216_MarthaReselection_Plate_7_D8.RAW	NT=Parallel Reaction Monitoring;AC=MS:1002956	AC=MS:1002038;NT=label free sample	1	NT=High-performance liquid chromatography;AC=PRIDE:0000565	1	AC=MS:1001251;NT=Trypsin	not available	NT=Stellar;AC=MS:1003409	NT=Carbamidomethyl;AC=UNIMOD:4;TA=C;MT=Fixed	NT=Higher-energy Collisional Dissociation;AC=MS:1000422	27 NCE	40 ppm	0.05 Da	D
PRM_20251216_MarthaReselection_Plate_7_D9	D	9	MRTH	45	RD9	0.1	C:\Xcalibur\methods\method1	C:\data\yourdir	PRM_20251216_MarthaReselection_Plate_7_D9	Homo sapiens	Plasma	Plate_7	MarthaReselection	not available	not available	not available	not available	not available	not available	not available	not available	1	AC=EFO:0009656;NT=plasma	run 45	proteomics profiling by mass spectrometry	PRM_20251216_MarthaReselection_Plate_7_D9.RAW	PRM_20251216_MarthaReselection_Plate_7_D9.RAW	NT=Parallel Reaction Monitoring;AC=MS:1002956	AC=MS:1002038;NT=label free sample	1	NT=High-performance liquid chromatography;AC=PRIDE:0000565	1	AC=MS:1001251;NT=Trypsin	not available	NT=Stellar;AC=MS:1003409	NT=Carbamidomethyl;AC=UNIMOD:4;TA=C;MT=Fixed	NT=Higher-energy Collisional Dissociation;AC=MS:1000422	27 NCE	40 ppm	0.05 Da	D
PRM_20251216_MarthaReselection_Plate_7_D10	D	10	MRTH	46	RD10	0.1	C:\Xcalibur\methods\method1	C:\data\yourdir	PRM_20251216_MarthaReselection_Plate_7_D10	Homo sapiens	Plasma	Plate_7	MarthaReselection	not available	not available	not available	not available	not available	not available	not available	not available	1	AC=EFO:0009656;NT=plasma	run 46	proteomics profiling by mass spectrometry	PRM_20251216_MarthaReselection_Plate_7_D10.RAW	PRM_20251216_MarthaReselection_Plate_7_D10.RAW	NT=Parallel Reaction Monitoring;AC=MS:1002956	AC=MS:1002038;NT=label free sample	1	NT=High-performance liquid chromatography;AC=PRIDE:0000565	1	AC=MS:1001251;NT=Trypsin	not available	NT=Stellar;AC=MS:1003409	NT=Carbamidomethyl;AC=UNIMOD:4;TA=C;MT=Fixed	NT=Higher-energy Collisional Dissociation;AC=MS:1000422	27 NCE	40 ppm	0.05 Da	D
PRM_20251216_MarthaReselection_Plate_7_D11	D	11	MRTH	47	RD11	0.1	C:\Xcalibur\methods\method1	C:\data\yourdir	PRM_20251216_MarthaReselection_Plate_7_D11	Homo sapiens	Plasma	Plate_7	MarthaReselection	not available	not available	not available	not available	not available	not available	not available	not available	1	AC=EFO:0009656;NT=plasma	run 47	proteomics profiling by mass spectrometry	PRM_20251216_MarthaReselection_Plate_7_D11.RAW	PRM_20251216_MarthaReselection_Plate_7_D11.RAW	NT=Parallel Reaction Monitoring;AC=MS:1002956	AC=MS:1002038;NT=label free sample	1	NT=High-performance liquid chromatography;AC=PRIDE:0000565	1	AC=MS:1001251;NT=Trypsin	not available	NT=Stellar;AC=MS:1003409	NT=Carbamidomethyl;AC=UNIMOD:4;TA=C;MT=Fixed	NT=Higher-energy Collisional Dissociation;AC=MS:1000422	27 NCE	40 ppm	0.05 Da	D
PRM_20251216_MarthaReselection_Plate_7_D12	D	12	MRTH	48	RD12	0.1	C:\Xcalibur\methods\method1	C:\data\yourdir	PRM_20251216_MarthaReselection_Plate_7_D12	Homo sapiens	Plasma	Plate_7	MarthaReselection	not available	not available	not available	not available	not available	not available	not available	not available	1	AC=EFO:0009656;NT=plasma	run 48	proteomics profiling by mass spectrometry	PRM_20251216_MarthaReselection_Plate_7_D12.RAW	PRM_20251216_MarthaReselection_Plate_7_D12.RAW	NT=Parallel Reaction Monitoring;AC=MS:1002956	AC=MS:1002038;NT=label free sample	1	NT=High-performance liquid chromatography;AC=PRIDE:0000565	1	AC=MS:1001251;NT=Trypsin	not available	NT=Stellar;AC=MS:1003409	NT=Carbamidomethyl;AC=UNIMOD:4;TA=C;MT=Fixed	NT=Higher-energy Collisional Dissociation;AC=MS:1000422	27 NCE	40 ppm	0.05 Da	D
PRM_20251216_MarthaReselection_Plate_7_E1	E	1	MRTH	49	RE1	0.1	C:\Xcalibur\methods\method1	C:\data\yourdir	PRM_20251216_MarthaReselection_Plate_7_E1	Homo sapiens	Plasma	Plate_7	MarthaReselection	not available	not available	not available	not available	not available	not available	not available	not available	1	AC=EFO:0009656;NT=plasma	run 49	proteomics profiling by mass spectrometry	PRM_20251216_MarthaReselection_Plate_7_E1.RAW	PRM_20251216_MarthaReselection_Plate_7_E1.RAW	NT=Parallel Reaction Monitoring;AC=MS:1002956	AC=MS:1002038;NT=label free sample	1	NT=High-performance liquid chromatography;AC=PRIDE:0000565	1	AC=MS:1001251;NT=Trypsin	not available	NT=Stellar;AC=MS:1003409	NT=Carbamidomethyl;AC=UNIMOD:4;TA=C;MT=Fixed	NT=Higher-energy Collisional Dissociation;AC=MS:1000422	27 NCE	40 ppm	0.05 Da	E
PRM_20251216_MarthaReselection_Plate_7_E2	E	2	MRTH	50	RE2	0.1	C:\Xcalibur\methods\method1	C:\data\yourdir	PRM_20251216_MarthaReselection_Plate_7_E2	Homo sapiens	Plasma	Plate_7	MarthaReselection	not available	not available	not available	not available	not available	not available	not available	not available	1	AC=EFO:0009656;NT=plasma	run 50	proteomics profiling by mass spectrometry	PRM_20251216_MarthaReselection_Plate_7_E2.RAW	PRM_20251216_MarthaReselection_Plate_7_E2.RAW	NT=Parallel Reaction Monitoring;AC=MS:1002956	AC=MS:1002038;NT=label free sample	1	NT=High-performance liquid chromatography;AC=PRIDE:0000565	1	AC=MS:1001251;NT=Trypsin	not available	NT=Stellar;AC=MS:1003409	NT=Carbamidomethyl;AC=UNIMOD:4;TA=C;MT=Fixed	NT=Higher-energy Collisional Dissociation;AC=MS:1000422	27 NCE	40 ppm	0.05 Da	E
PRM_20251216_MarthaReselection_Plate_7_E3	E	3	MRTH	51	RE3	0.1	C:\Xcalibur\methods\method1	C:\data\yourdir	PRM_20251216_MarthaReselection_Plate_7_E3	Homo sapiens	Plasma	Plate_7	MarthaReselection	not available	not available	not available	not available	not available	not available	not available	not available	1	AC=EFO:0009656;NT=plasma	run 51	proteomics profiling by mass spectrometry	PRM_20251216_MarthaReselection_Plate_7_E3.RAW	PRM_20251216_MarthaReselection_Plate_7_E3.RAW	NT=Parallel Reaction Monitoring;AC=MS:1002956	AC=MS:1002038;NT=label free sample	1	NT=High-performance liquid chromatography;AC=PRIDE:0000565	1	AC=MS:1001251;NT=Trypsin	not available	NT=Stellar;AC=MS:1003409	NT=Carbamidomethyl;AC=UNIMOD:4;TA=C;MT=Fixed	NT=Higher-energy Collisional Dissociation;AC=MS:1000422	27 NCE	40 ppm	0.05 Da	E
PRM_20251216_MarthaReselection_Plate_7_E4	E	4	MRTH	52	RE4	0.1	C:\Xcalibur\methods\method1	C:\data\yourdir	PRM_20251216_MarthaReselection_Plate_7_E4	Homo sapiens	Plasma	Plate_7	MarthaReselection	not available	not available	not available	not available	not available	not available	not available	not available	1	AC=EFO:0009656;NT=plasma	run 52	proteomics profiling by mass spectrometry	PRM_20251216_MarthaReselection_Plate_7_E4.RAW	PRM_20251216_MarthaReselection_Plate_7_E4.RAW	NT=Parallel Reaction Monitoring;AC=MS:1002956	AC=MS:1002038;NT=label free sample	1	NT=High-performance liquid chromatography;AC=PRIDE:0000565	1	AC=MS:1001251;NT=Trypsin	not available	NT=Stellar;AC=MS:1003409	NT=Carbamidomethyl;AC=UNIMOD:4;TA=C;MT=Fixed	NT=Higher-energy Collisional Dissociation;AC=MS:1000422	27 NCE	40 ppm	0.05 Da	E
PRM_20251216_MarthaReselection_Plate_7_E5	E	5	MRTH	53	RE5	0.1	C:\Xcalibur\methods\method1	C:\data\yourdir	PRM_20251216_MarthaReselection_Plate_7_E5	Homo sapiens	Plasma	Plate_7	MarthaReselection	not available	not available	not available	not available	not available	not available	not available	not available	1	AC=EFO:0009656;NT=plasma	run 53	proteomics profiling by mass spectrometry	PRM_20251216_MarthaReselection_Plate_7_E5.RAW	PRM_20251216_MarthaReselection_Plate_7_E5.RAW	NT=Parallel Reaction Monitoring;AC=MS:1002956	AC=MS:1002038;NT=label free sample	1	NT=High-performance liquid chromatography;AC=PRIDE:0000565	1	AC=MS:1001251;NT=Trypsin	not available	NT=Stellar;AC=MS:1003409	NT=Carbamidomethyl;AC=UNIMOD:4;TA=C;MT=Fixed	NT=Higher-energy Collisional Dissociation;AC=MS:1000422	27 NCE	40 ppm	0.05 Da	E
PRM_20251216_MarthaReselection_Plate_7_E6	E	6	MRTH	54	RE6	0.1	C:\Xcalibur\methods\method1	C:\data\yourdir	PRM_20251216_MarthaReselection_Plate_7_E6	Homo sapiens	Plasma	Plate_7	MarthaReselection	not available	not available	not available	not available	not available	not available	not available	not available	1	AC=EFO:0009656;NT=plasma	run 54	proteomics profiling by mass spectrometry	PRM_20251216_MarthaReselection_Plate_7_E6.RAW	PRM_20251216_MarthaReselection_Plate_7_E6.RAW	NT=Parallel Reaction Monitoring;AC=MS:1002956	AC=MS:1002038;NT=label free sample	1	NT=High-performance liquid chromatography;AC=PRIDE:0000565	1	AC=MS:1001251;NT=Trypsin	not available	NT=Stellar;AC=MS:1003409	NT=Carbamidomethyl;AC=UNIMOD:4;TA=C;MT=Fixed	NT=Higher-energy Collisional Dissociation;AC=MS:1000422	27 NCE	40 ppm	0.05 Da	E
PRM_20251216_MarthaReselection_Plate_7_E7	E	7	MRTH	55	RE7	0.1	C:\Xcalibur\methods\method1	C:\data\yourdir	PRM_20251216_MarthaReselection_Plate_7_E7	Homo sapiens	Plasma	Plate_7	MarthaReselection	not available	not available	not available	not available	not available	not available	not available	not available	1	AC=EFO:0009656;NT=plasma	run 55	proteomics profiling by mass spectrometry	PRM_20251216_MarthaReselection_Plate_7_E7.RAW	PRM_20251216_MarthaReselection_Plate_7_E7.RAW	NT=Parallel Reaction Monitoring;AC=MS:1002956	AC=MS:1002038;NT=label free sample	1	NT=High-performance liquid chromatography;AC=PRIDE:0000565	1	AC=MS:1001251;NT=Trypsin	not available	NT=Stellar;AC=MS:1003409	NT=Carbamidomethyl;AC=UNIMOD:4;TA=C;MT=Fixed	NT=Higher-energy Collisional Dissociation;AC=MS:1000422	27 NCE	40 ppm	0.05 Da	E
PRM_20251216_MarthaReselection_Plate_7_E8	E	8	MRTH	56	RE8	0.1	C:\Xcalibur\methods\method1	C:\data\yourdir	PRM_20251216_MarthaReselection_Plate_7_E8	Homo sapiens	Plasma	Plate_7	MarthaReselection	not available	not available	not available	not available	not available	not available	not available	not available	1	AC=EFO:0009656;NT=plasma	run 56	proteomics profiling by mass spectrometry	PRM_20251216_MarthaReselection_Plate_7_E8.RAW	PRM_20251216_MarthaReselection_Plate_7_E8.RAW	NT=Parallel Reaction Monitoring;AC=MS:1002956	AC=MS:1002038;NT=label free sample	1	NT=High-performance liquid chromatography;AC=PRIDE:0000565	1	AC=MS:1001251;NT=Trypsin	not available	NT=Stellar;AC=MS:1003409	NT=Carbamidomethyl;AC=UNIMOD:4;TA=C;MT=Fixed	NT=Higher-energy Collisional Dissociation;AC=MS:1000422	27 NCE	40 ppm	0.05 Da	E
PRM_20251216_MarthaReselection_Plate_7_E9	E	9	MRTH	57	RE9	0.1	C:\Xcalibur\methods\method1	C:\data\yourdir	PRM_20251216_MarthaReselection_Plate_7_E9	Homo sapiens	Plasma	Plate_7	MarthaReselection	not available	not available	not available	not available	not available	not available	not available	not available	1	AC=EFO:0009656;NT=plasma	run 57	proteomics profiling by mass spectrometry	PRM_20251216_MarthaReselection_Plate_7_E9.RAW	PRM_20251216_MarthaReselection_Plate_7_E9.RAW	NT=Parallel Reaction Monitoring;AC=MS:1002956	AC=MS:1002038;NT=label free sample	1	NT=High-performance liquid chromatography;AC=PRIDE:0000565	1	AC=MS:1001251;NT=Trypsin	not available	NT=Stellar;AC=MS:1003409	NT=Carbamidomethyl;AC=UNIMOD:4;TA=C;MT=Fixed	NT=Higher-energy Collisional Dissociation;AC=MS:1000422	27 NCE	40 ppm	0.05 Da	E
PRM_20251216_MarthaReselection_Plate_7_E10	E	10	MRTH	58	RE10	0.1	C:\Xcalibur\methods\method1	C:\data\yourdir	PRM_20251216_MarthaReselection_Plate_7_E10	Homo sapiens	Plasma	Plate_7	MarthaReselection	not available	not available	not available	not available	not available	not available	not available	not available	1	AC=EFO:0009656;NT=plasma	run 58	proteomics profiling by mass spectrometry	PRM_20251216_MarthaReselection_Plate_7_E10.RAW	PRM_20251216_MarthaReselection_Plate_7_E10.RAW	NT=Parallel Reaction Monitoring;AC=MS:1002956	AC=MS:1002038;NT=label free sample	1	NT=High-performance liquid chromatography;AC=PRIDE:0000565	1	AC=MS:1001251;NT=Trypsin	not available	NT=Stellar;AC=MS:1003409	NT=Carbamidomethyl;AC=UNIMOD:4;TA=C;MT=Fixed	NT=Higher-energy Collisional Dissociation;AC=MS:1000422	27 NCE	40 ppm	0.05 Da	E
PRM_20251216_MarthaReselection_Plate_7_E11	E	11	MRTH	59	RE11	0.1	C:\Xcalibur\methods\method1	C:\data\yourdir	PRM_20251216_MarthaReselection_Plate_7_E11	Homo sapiens	Plasma	Plate_7	MarthaReselection	not available	not available	not available	not available	not available	not available	not available	not available	1	AC=EFO:0009656;NT=plasma	run 59	proteomics profiling by mass spectrometry	PRM_20251216_MarthaReselection_Plate_7_E11.RAW	PRM_20251216_MarthaReselection_Plate_7_E11.RAW	NT=Parallel Reaction Monitoring;AC=MS:1002956	AC=MS:1002038;NT=label free sample	1	NT=High-performance liquid chromatography;AC=PRIDE:0000565	1	AC=MS:1001251;NT=Trypsin	not available	NT=Stellar;AC=MS:1003409	NT=Carbamidomethyl;AC=UNIMOD:4;TA=C;MT=Fixed	NT=Higher-energy Collisional Dissociation;AC=MS:1000422	27 NCE	40 ppm	0.05 Da	E
PRM_20251216_MarthaReselection_Plate_7_E12	E	12	MRTH	60	RE12	0.1	C:\Xcalibur\methods\method1	C:\data\yourdir	PRM_20251216_MarthaReselection_Plate_7_E12	Homo sapiens	Plasma	Plate_7	MarthaReselection	not available	not available	not available	not available	not available	not available	not available	not available	1	AC=EFO:0009656;NT=plasma	run 60	proteomics profiling by mass spectrometry	PRM_20251216_MarthaReselection_Plate_7_E12.RAW	PRM_20251216_MarthaReselection_Plate_7_E12.RAW	NT=Parallel Reaction Monitoring;AC=MS:1002956	AC=MS:1002038;NT=label free sample	1	NT=High-performance liquid chromatography;AC=PRIDE:0000565	1	AC=MS:1001251;NT=Trypsin	not available	NT=Stellar;AC=MS:1003409	NT=Carbamidomethyl;AC=UNIMOD:4;TA=C;MT=Fixed	NT=Higher-energy Collisional Dissociation;AC=MS:1000422	27 NCE	40 ppm	0.05 Da	E
PRM_20251216_MarthaReselection_Plate_7_F1	F	1	MRTH	61	RF1	0.1	C:\Xcalibur\methods\method1	C:\data\yourdir	PRM_20251216_MarthaReselection_Plate_7_F1	Homo sapiens	Plasma	Plate_7	MarthaReselection	not available	not available	not available	not available	not available	not available	not available	not available	1	AC=EFO:0009656;NT=plasma	run 61	proteomics profiling by mass spectrometry	PRM_20251216_MarthaReselection_Plate_7_F1.RAW	PRM_20251216_MarthaReselection_Plate_7_F1.RAW	NT=Parallel Reaction Monitoring;AC=MS:1002956	AC=MS:1002038;NT=label free sample	1	NT=High-performance liquid chromatography;AC=PRIDE:0000565	1	AC=MS:1001251;NT=Trypsin	not available	NT=Stellar;AC=MS:1003409	NT=Carbamidomethyl;AC=UNIMOD:4;TA=C;MT=Fixed	NT=Higher-energy Collisional Dissociation;AC=MS:1000422	27 NCE	40 ppm	0.05 Da	F
PRM_20251216_MarthaReselection_Plate_7_F2	F	2	MRTH	62	RF2	0.1	C:\Xcalibur\methods\method1	C:\data\yourdir	PRM_20251216_MarthaReselection_Plate_7_F2	Homo sapiens	Plasma	Plate_7	MarthaReselection	not available	not available	not available	not available	not available	not available	not available	not available	1	AC=EFO:0009656;NT=plasma	run 62	proteomics profiling by mass spectrometry	PRM_20251216_MarthaReselection_Plate_7_F2.RAW	PRM_20251216_MarthaReselection_Plate_7_F2.RAW	NT=Parallel Reaction Monitoring;AC=MS:1002956	AC=MS:1002038;NT=label free sample	1	NT=High-performance liquid chromatography;AC=PRIDE:0000565	1	AC=MS:1001251;NT=Trypsin	not available	NT=Stellar;AC=MS:1003409	NT=Carbamidomethyl;AC=UNIMOD:4;TA=C;MT=Fixed	NT=Higher-energy Collisional Dissociation;AC=MS:1000422	27 NCE	40 ppm	0.05 Da	F
PRM_20251216_MarthaReselection_Plate_7_F3	F	3	MRTH	63	RF3	0.1	C:\Xcalibur\methods\method1	C:\data\yourdir	PRM_20251216_MarthaReselection_Plate_7_F3	Homo sapiens	Plasma	Plate_7	MarthaReselection	not available	not available	not available	not available	not available	not available	not available	not available	1	AC=EFO:0009656;NT=plasma	run 63	proteomics profiling by mass spectrometry	PRM_20251216_MarthaReselection_Plate_7_F3.RAW	PRM_20251216_MarthaReselection_Plate_7_F3.RAW	NT=Parallel Reaction Monitoring;AC=MS:1002956	AC=MS:1002038;NT=label free sample	1	NT=High-performance liquid chromatography;AC=PRIDE:0000565	1	AC=MS:1001251;NT=Trypsin	not available	NT=Stellar;AC=MS:1003409	NT=Carbamidomethyl;AC=UNIMOD:4;TA=C;MT=Fixed	NT=Higher-energy Collisional Dissociation;AC=MS:1000422	27 NCE	40 ppm	0.05 Da	F
PRM_20251216_MarthaReselection_Plate_7_F4	F	4	MRTH	64	RF4	0.1	C:\Xcalibur\methods\method1	C:\data\yourdir	PRM_20251216_MarthaReselection_Plate_7_F4	Homo sapiens	Plasma	Plate_7	MarthaReselection	not available	not available	not available	not available	not available	not available	not available	not available	1	AC=EFO:0009656;NT=plasma	run 64	proteomics profiling by mass spectrometry	PRM_20251216_MarthaReselection_Plate_7_F4.RAW	PRM_20251216_MarthaReselection_Plate_7_F4.RAW	NT=Parallel Reaction Monitoring;AC=MS:1002956	AC=MS:1002038;NT=label free sample	1	NT=High-performance liquid chromatography;AC=PRIDE:0000565	1	AC=MS:1001251;NT=Trypsin	not available	NT=Stellar;AC=MS:1003409	NT=Carbamidomethyl;AC=UNIMOD:4;TA=C;MT=Fixed	NT=Higher-energy Collisional Dissociation;AC=MS:1000422	27 NCE	40 ppm	0.05 Da	F
PRM_20251216_MarthaReselection_Plate_7_F5	F	5	MRTH	65	RF5	0.1	C:\Xcalibur\methods\method1	C:\data\yourdir	PRM_20251216_MarthaReselection_Plate_7_F5	Homo sapiens	Plasma	Plate_7	MarthaReselection	not available	not available	not available	not available	not available	not available	not available	not available	1	AC=EFO:0009656;NT=plasma	run 65	proteomics profiling by mass spectrometry	PRM_20251216_MarthaReselection_Plate_7_F5.RAW	PRM_20251216_MarthaReselection_Plate_7_F5.RAW	NT=Parallel Reaction Monitoring;AC=MS:1002956	AC=MS:1002038;NT=label free sample	1	NT=High-performance liquid chromatography;AC=PRIDE:0000565	1	AC=MS:1001251;NT=Trypsin	not available	NT=Stellar;AC=MS:1003409	NT=Carbamidomethyl;AC=UNIMOD:4;TA=C;MT=Fixed	NT=Higher-energy Collisional Dissociation;AC=MS:1000422	27 NCE	40 ppm	0.05 Da	F
PRM_20251216_MarthaReselection_Plate_7_F6	F	6	MRTH	66	RF6	0.1	C:\Xcalibur\methods\method1	C:\data\yourdir	PRM_20251216_MarthaReselection_Plate_7_F6	Homo sapiens	Plasma	Plate_7	MarthaReselection	not available	not available	not available	not available	not available	not available	not available	not available	1	AC=EFO:0009656;NT=plasma	run 66	proteomics profiling by mass spectrometry	PRM_20251216_MarthaReselection_Plate_7_F6.RAW	PRM_20251216_MarthaReselection_Plate_7_F6.RAW	NT=Parallel Reaction Monitoring;AC=MS:1002956	AC=MS:1002038;NT=label free sample	1	NT=High-performance liquid chromatography;AC=PRIDE:0000565	1	AC=MS:1001251;NT=Trypsin	not available	NT=Stellar;AC=MS:1003409	NT=Carbamidomethyl;AC=UNIMOD:4;TA=C;MT=Fixed	NT=Higher-energy Collisional Dissociation;AC=MS:1000422	27 NCE	40 ppm	0.05 Da	F
PRM_20251216_MarthaReselection_Plate_7_F7	F	7	MRTH	67	RF7	0.1	C:\Xcalibur\methods\method1	C:\data\yourdir	PRM_20251216_MarthaReselection_Plate_7_F7	Homo sapiens	Plasma	Plate_7	MarthaReselection	not available	not available	not available	not available	not available	not available	not available	not available	1	AC=EFO:0009656;NT=plasma	run 67	proteomics profiling by mass spectrometry	PRM_20251216_MarthaReselection_Plate_7_F7.RAW	PRM_20251216_MarthaReselection_Plate_7_F7.RAW	NT=Parallel Reaction Monitoring;AC=MS:1002956	AC=MS:1002038;NT=label free sample	1	NT=High-performance liquid chromatography;AC=PRIDE:0000565	1	AC=MS:1001251;NT=Trypsin	not available	NT=Stellar;AC=MS:1003409	NT=Carbamidomethyl;AC=UNIMOD:4;TA=C;MT=Fixed	NT=Higher-energy Collisional Dissociation;AC=MS:1000422	27 NCE	40 ppm	0.05 Da	F
PRM_20251216_MarthaReselection_Plate_7_F8	F	8	MRTH	68	RF8	0.1	C:\Xcalibur\methods\method1	C:\data\yourdir	PRM_20251216_MarthaReselection_Plate_7_F8	Homo sapiens	Plasma	Plate_7	MarthaReselection	not available	not available	not available	not available	not available	not available	not available	not available	1	AC=EFO:0009656;NT=plasma	run 68	proteomics profiling by mass spectrometry	PRM_20251216_MarthaReselection_Plate_7_F8.RAW	PRM_20251216_MarthaReselection_Plate_7_F8.RAW	NT=Parallel Reaction Monitoring;AC=MS:1002956	AC=MS:1002038;NT=label free sample	1	NT=High-performance liquid chromatography;AC=PRIDE:0000565	1	AC=MS:1001251;NT=Trypsin	not available	NT=Stellar;AC=MS:1003409	NT=Carbamidomethyl;AC=UNIMOD:4;TA=C;MT=Fixed	NT=Higher-energy Collisional Dissociation;AC=MS:1000422	27 NCE	40 ppm	0.05 Da	F
PRM_20251216_MarthaReselection_Plate_7_F9	F	9	MRTH	69	RF9	0.1	C:\Xcalibur\methods\method1	C:\data\yourdir	PRM_20251216_MarthaReselection_Plate_7_F9	Homo sapiens	Plasma	Plate_7	MarthaReselection	not available	not available	not available	not available	not available	not available	not available	not available	1	AC=EFO:0009656;NT=plasma	run 69	proteomics profiling by mass spectrometry	PRM_20251216_MarthaReselection_Plate_7_F9.RAW	PRM_20251216_MarthaReselection_Plate_7_F9.RAW	NT=Parallel Reaction Monitoring;AC=MS:1002956	AC=MS:1002038;NT=label free sample	1	NT=High-performance liquid chromatography;AC=PRIDE:0000565	1	AC=MS:1001251;NT=Trypsin	not available	NT=Stellar;AC=MS:1003409	NT=Carbamidomethyl;AC=UNIMOD:4;TA=C;MT=Fixed	NT=Higher-energy Collisional Dissociation;AC=MS:1000422	27 NCE	40 ppm	0.05 Da	F
PRM_20251216_MarthaReselection_Plate_7_F10	F	10	MRTH	70	RF10	0.1	C:\Xcalibur\methods\method1	C:\data\yourdir	PRM_20251216_MarthaReselection_Plate_7_F10	Homo sapiens	Plasma	Plate_7	MarthaReselection	not available	not available	not available	not available	not available	not available	not available	not available	1	AC=EFO:0009656;NT=plasma	run 70	proteomics profiling by mass spectrometry	PRM_20251216_MarthaReselection_Plate_7_F10.RAW	PRM_20251216_MarthaReselection_Plate_7_F10.RAW	NT=Parallel Reaction Monitoring;AC=MS:1002956	AC=MS:1002038;NT=label free sample	1	NT=High-performance liquid chromatography;AC=PRIDE:0000565	1	AC=MS:1001251;NT=Trypsin	not available	NT=Stellar;AC=MS:1003409	NT=Carbamidomethyl;AC=UNIMOD:4;TA=C;MT=Fixed	NT=Higher-energy Collisional Dissociation;AC=MS:1000422	27 NCE	40 ppm	0.05 Da	F
PRM_20251216_MarthaReselection_Plate_7_F11	F	11	Pool	71	RF11	0.1	C:\Xcalibur\methods\method1	C:\data\yourdir	PRM_20251216_MarthaReselection_Plate_7_F11	Homo sapiens	Plasma	Plate_7	MarthaReselection	not available	not available	not available	not available	not available	not available	not available	not available	1	AC=EFO:0009656;NT=plasma	run 71	proteomics profiling by mass spectrometry	PRM_20251216_MarthaReselection_Plate_7_F11.RAW	PRM_20251216_MarthaReselection_Plate_7_F11.RAW	NT=Parallel Reaction Monitoring;AC=MS:1002956	AC=MS:1002038;NT=label free sample	1	NT=High-performance liquid chromatography;AC=PRIDE:0000565	1	AC=MS:1001251;NT=Trypsin	not available	NT=Stellar;AC=MS:1003409	NT=Carbamidomethyl;AC=UNIMOD:4;TA=C;MT=Fixed	NT=Higher-energy Collisional Dissociation;AC=MS:1000422	27 NCE	40 ppm	0.05 Da	F
PRM_20251216_MarthaReselection_Plate_7_F12	F	12	Pool	72	RF12	0.1	C:\Xcalibur\methods\method1	C:\data\yourdir	PRM_20251216_MarthaReselection_Plate_7_F12	Homo sapiens	Plasma	Plate_7	MarthaReselection	not available	not available	not available	not available	not available	not available	not available	not available	1	AC=EFO:0009656;NT=plasma	run 72	proteomics profiling by mass spectrometry	PRM_20251216_MarthaReselection_Plate_7_F12.RAW	PRM_20251216_MarthaReselection_Plate_7_F12.RAW	NT=Parallel Reaction Monitoring;AC=MS:1002956	AC=MS:1002038;NT=label free sample	1	NT=High-performance liquid chromatography;AC=PRIDE:0000565	1	AC=MS:1001251;NT=Trypsin	not available	NT=Stellar;AC=MS:1003409	NT=Carbamidomethyl;AC=UNIMOD:4;TA=C;MT=Fixed	NT=Higher-energy Collisional Dissociation;AC=MS:1000422	27 NCE	40 ppm	0.05 Da	F
PRM_20251216_MarthaReselection_Plate_7_G1	G	1	MRTH	73	RG1	0.1	C:\Xcalibur\methods\method1	C:\data\yourdir	PRM_20251216_MarthaReselection_Plate_7_G1	Homo sapiens	Plasma	Plate_7	MarthaReselection	not available	not available	not available	not available	not available	not available	not available	not available	1	AC=EFO:0009656;NT=plasma	run 73	proteomics profiling by mass spectrometry	PRM_20251216_MarthaReselection_Plate_7_G1.RAW	PRM_20251216_MarthaReselection_Plate_7_G1.RAW	NT=Parallel Reaction Monitoring;AC=MS:1002956	AC=MS:1002038;NT=label free sample	1	NT=High-performance liquid chromatography;AC=PRIDE:0000565	1	AC=MS:1001251;NT=Trypsin	not available	NT=Stellar;AC=MS:1003409	NT=Carbamidomethyl;AC=UNIMOD:4;TA=C;MT=Fixed	NT=Higher-energy Collisional Dissociation;AC=MS:1000422	27 NCE	40 ppm	0.05 Da	G
PRM_20251216_MarthaReselection_Plate_7_G2	G	2	MRTH	74	RG2	0.1	C:\Xcalibur\methods\method1	C:\data\yourdir	PRM_20251216_MarthaReselection_Plate_7_G2	Homo sapiens	Plasma	Plate_7	MarthaReselection	not available	not available	not available	not available	not available	not available	not available	not available	1	AC=EFO:0009656;NT=plasma	run 74	proteomics profiling by mass spectrometry	PRM_20251216_MarthaReselection_Plate_7_G2.RAW	PRM_20251216_MarthaReselection_Plate_7_G2.RAW	NT=Parallel Reaction Monitoring;AC=MS:1002956	AC=MS:1002038;NT=label free sample	1	NT=High-performance liquid chromatography;AC=PRIDE:0000565	1	AC=MS:1001251;NT=Trypsin	not available	NT=Stellar;AC=MS:1003409	NT=Carbamidomethyl;AC=UNIMOD:4;TA=C;MT=Fixed	NT=Higher-energy Collisional Dissociation;AC=MS:1000422	27 NCE	40 ppm	0.05 Da	G
PRM_20251216_MarthaReselection_Plate_7_G3	G	3	MRTH	75	RG3	0.1	C:\Xcalibur\methods\method1	C:\data\yourdir	PRM_20251216_MarthaReselection_Plate_7_G3	Homo sapiens	Plasma	Plate_7	MarthaReselection	not available	not available	not available	not available	not available	not available	not available	not available	1	AC=EFO:0009656;NT=plasma	run 75	proteomics profiling by mass spectrometry	PRM_20251216_MarthaReselection_Plate_7_G3.RAW	PRM_20251216_MarthaReselection_Plate_7_G3.RAW	NT=Parallel Reaction Monitoring;AC=MS:1002956	AC=MS:1002038;NT=label free sample	1	NT=High-performance liquid chromatography;AC=PRIDE:0000565	1	AC=MS:1001251;NT=Trypsin	not available	NT=Stellar;AC=MS:1003409	NT=Carbamidomethyl;AC=UNIMOD:4;TA=C;MT=Fixed	NT=Higher-energy Collisional Dissociation;AC=MS:1000422	27 NCE	40 ppm	0.05 Da	G
PRM_20251216_MarthaReselection_Plate_7_G4	G	4	MRTH	76	RG4	0.1	C:\Xcalibur\methods\method1	C:\data\yourdir	PRM_20251216_MarthaReselection_Plate_7_G4	Homo sapiens	Plasma	Plate_7	MarthaReselection	not available	not available	not available	not available	not available	not available	not available	not available	1	AC=EFO:0009656;NT=plasma	run 76	proteomics profiling by mass spectrometry	PRM_20251216_MarthaReselection_Plate_7_G4.RAW	PRM_20251216_MarthaReselection_Plate_7_G4.RAW	NT=Parallel Reaction Monitoring;AC=MS:1002956	AC=MS:1002038;NT=label free sample	1	NT=High-performance liquid chromatography;AC=PRIDE:0000565	1	AC=MS:1001251;NT=Trypsin	not available	NT=Stellar;AC=MS:1003409	NT=Carbamidomethyl;AC=UNIMOD:4;TA=C;MT=Fixed	NT=Higher-energy Collisional Dissociation;AC=MS:1000422	27 NCE	40 ppm	0.05 Da	G
PRM_20251216_MarthaReselection_Plate_7_G5	G	5	MRTH	77	RG5	0.1	C:\Xcalibur\methods\method1	C:\data\yourdir	PRM_20251216_MarthaReselection_Plate_7_G5	Homo sapiens	Plasma	Plate_7	MarthaReselection	not available	not available	not available	not available	not available	not available	not available	not available	1	AC=EFO:0009656;NT=plasma	run 77	proteomics profiling by mass spectrometry	PRM_20251216_MarthaReselection_Plate_7_G5.RAW	PRM_20251216_MarthaReselection_Plate_7_G5.RAW	NT=Parallel Reaction Monitoring;AC=MS:1002956	AC=MS:1002038;NT=label free sample	1	NT=High-performance liquid chromatography;AC=PRIDE:0000565	1	AC=MS:1001251;NT=Trypsin	not available	NT=Stellar;AC=MS:1003409	NT=Carbamidomethyl;AC=UNIMOD:4;TA=C;MT=Fixed	NT=Higher-energy Collisional Dissociation;AC=MS:1000422	27 NCE	40 ppm	0.05 Da	G
PRM_20251216_MarthaReselection_Plate_7_G6	G	6	MRTH	78	RG6	0.1	C:\Xcalibur\methods\method1	C:\data\yourdir	PRM_20251216_MarthaReselection_Plate_7_G6	Homo sapiens	Plasma	Plate_7	MarthaReselection	not available	not available	not available	not available	not available	not available	not available	not available	1	AC=EFO:0009656;NT=plasma	run 78	proteomics profiling by mass spectrometry	PRM_20251216_MarthaReselection_Plate_7_G6.RAW	PRM_20251216_MarthaReselection_Plate_7_G6.RAW	NT=Parallel Reaction Monitoring;AC=MS:1002956	AC=MS:1002038;NT=label free sample	1	NT=High-performance liquid chromatography;AC=PRIDE:0000565	1	AC=MS:1001251;NT=Trypsin	not available	NT=Stellar;AC=MS:1003409	NT=Carbamidomethyl;AC=UNIMOD:4;TA=C;MT=Fixed	NT=Higher-energy Collisional Dissociation;AC=MS:1000422	27 NCE	40 ppm	0.05 Da	G
PRM_20251216_MarthaReselection_Plate_7_G7	G	7	MRTH	79	RG7	0.1	C:\Xcalibur\methods\method1	C:\data\yourdir	PRM_20251216_MarthaReselection_Plate_7_G7	Homo sapiens	Plasma	Plate_7	MarthaReselection	not available	not available	not available	not available	not available	not available	not available	not available	1	AC=EFO:0009656;NT=plasma	run 79	proteomics profiling by mass spectrometry	PRM_20251216_MarthaReselection_Plate_7_G7.RAW	PRM_20251216_MarthaReselection_Plate_7_G7.RAW	NT=Parallel Reaction Monitoring;AC=MS:1002956	AC=MS:1002038;NT=label free sample	1	NT=High-performance liquid chromatography;AC=PRIDE:0000565	1	AC=MS:1001251;NT=Trypsin	not available	NT=Stellar;AC=MS:1003409	NT=Carbamidomethyl;AC=UNIMOD:4;TA=C;MT=Fixed	NT=Higher-energy Collisional Dissociation;AC=MS:1000422	27 NCE	40 ppm	0.05 Da	G
PRM_20251216_MarthaReselection_Plate_7_G8	G	8	MRTH	80	RG8	0.1	C:\Xcalibur\methods\method1	C:\data\yourdir	PRM_20251216_MarthaReselection_Plate_7_G8	Homo sapiens	Plasma	Plate_7	MarthaReselection	not available	not available	not available	not available	not available	not available	not available	not available	1	AC=EFO:0009656;NT=plasma	run 80	proteomics profiling by mass spectrometry	PRM_20251216_MarthaReselection_Plate_7_G8.RAW	PRM_20251216_MarthaReselection_Plate_7_G8.RAW	NT=Parallel Reaction Monitoring;AC=MS:1002956	AC=MS:1002038;NT=label free sample	1	NT=High-performance liquid chromatography;AC=PRIDE:0000565	1	AC=MS:1001251;NT=Trypsin	not available	NT=Stellar;AC=MS:1003409	NT=Carbamidomethyl;AC=UNIMOD:4;TA=C;MT=Fixed	NT=Higher-energy Collisional Dissociation;AC=MS:1000422	27 NCE	40 ppm	0.05 Da	G
PRM_20251216_MarthaReselection_Plate_7_G9	G	9	MRTH	81	RG9	0.1	C:\Xcalibur\methods\method1	C:\data\yourdir	PRM_20251216_MarthaReselection_Plate_7_G9	Homo sapiens	Plasma	Plate_7	MarthaReselection	not available	not available	not available	not available	not available	not available	not available	not available	1	AC=EFO:0009656;NT=plasma	run 81	proteomics profiling by mass spectrometry	PRM_20251216_MarthaReselection_Plate_7_G9.RAW	PRM_20251216_MarthaReselection_Plate_7_G9.RAW	NT=Parallel Reaction Monitoring;AC=MS:1002956	AC=MS:1002038;NT=label free sample	1	NT=High-performance liquid chromatography;AC=PRIDE:0000565	1	AC=MS:1001251;NT=Trypsin	not available	NT=Stellar;AC=MS:1003409	NT=Carbamidomethyl;AC=UNIMOD:4;TA=C;MT=Fixed	NT=Higher-energy Collisional Dissociation;AC=MS:1000422	27 NCE	40 ppm	0.05 Da	G
PRM_20251216_MarthaReselection_Plate_7_G10	G	10	MRTH	82	RG10	0.1	C:\Xcalibur\methods\method1	C:\data\yourdir	PRM_20251216_MarthaReselection_Plate_7_G10	Homo sapiens	Plasma	Plate_7	MarthaReselection	not available	not available	not available	not available	not available	not available	not available	not available	1	AC=EFO:0009656;NT=plasma	run 82	proteomics profiling by mass spectrometry	PRM_20251216_MarthaReselection_Plate_7_G10.RAW	PRM_20251216_MarthaReselection_Plate_7_G10.RAW	NT=Parallel Reaction Monitoring;AC=MS:1002956	AC=MS:1002038;NT=label free sample	1	NT=High-performance liquid chromatography;AC=PRIDE:0000565	1	AC=MS:1001251;NT=Trypsin	not available	NT=Stellar;AC=MS:1003409	NT=Carbamidomethyl;AC=UNIMOD:4;TA=C;MT=Fixed	NT=Higher-energy Collisional Dissociation;AC=MS:1000422	27 NCE	40 ppm	0.05 Da	G
PRM_20251216_MarthaReselection_Plate_7_G11	G	11	MRTH	83	RG11	0.1	C:\Xcalibur\methods\method1	C:\data\yourdir	PRM_20251216_MarthaReselection_Plate_7_G11	Homo sapiens	Plasma	Plate_7	MarthaReselection	not available	not available	not available	not available	not available	not available	not available	not available	1	AC=EFO:0009656;NT=plasma	run 83	proteomics profiling by mass spectrometry	PRM_20251216_MarthaReselection_Plate_7_G11.RAW	PRM_20251216_MarthaReselection_Plate_7_G11.RAW	NT=Parallel Reaction Monitoring;AC=MS:1002956	AC=MS:1002038;NT=label free sample	1	NT=High-performance liquid chromatography;AC=PRIDE:0000565	1	AC=MS:1001251;NT=Trypsin	not available	NT=Stellar;AC=MS:1003409	NT=Carbamidomethyl;AC=UNIMOD:4;TA=C;MT=Fixed	NT=Higher-energy Collisional Dissociation;AC=MS:1000422	27 NCE	40 ppm	0.05 Da	G
PRM_20251216_MarthaReselection_Plate_7_G12	G	12	Pool	84	RG12	0.1	C:\Xcalibur\methods\method1	C:\data\yourdir	PRM_20251216_MarthaReselection_Plate_7_G12	Homo sapiens	Plasma	Plate_7	MarthaReselection	not available	not available	not available	not available	not available	not available	not available	not available	1	AC=EFO:0009656;NT=plasma	run 84	proteomics profiling by mass spectrometry	PRM_20251216_MarthaReselection_Plate_7_G12.RAW	PRM_20251216_MarthaReselection_Plate_7_G12.RAW	NT=Parallel Reaction Monitoring;AC=MS:1002956	AC=MS:1002038;NT=label free sample	1	NT=High-performance liquid chromatography;AC=PRIDE:0000565	1	AC=MS:1001251;NT=Trypsin	not available	NT=Stellar;AC=MS:1003409	NT=Carbamidomethyl;AC=UNIMOD:4;TA=C;MT=Fixed	NT=Higher-energy Collisional Dissociation;AC=MS:1000422	27 NCE	40 ppm	0.05 Da	G
PRM_20251216_MarthaReselection_Plate_7_H1	H	1	MRTH	85	RH1	0.1	C:\Xcalibur\methods\method1	C:\data\yourdir	PRM_20251216_MarthaReselection_Plate_7_H1	Homo sapiens	Plasma	Plate_7	MarthaReselection	not available	not available	not available	not available	not available	not available	not available	not available	1	AC=EFO:0009656;NT=plasma	run 85	proteomics profiling by mass spectrometry	PRM_20251216_MarthaReselection_Plate_7_H1.RAW	PRM_20251216_MarthaReselection_Plate_7_H1.RAW	NT=Parallel Reaction Monitoring;AC=MS:1002956	AC=MS:1002038;NT=label free sample	1	NT=High-performance liquid chromatography;AC=PRIDE:0000565	1	AC=MS:1001251;NT=Trypsin	not available	NT=Stellar;AC=MS:1003409	NT=Carbamidomethyl;AC=UNIMOD:4;TA=C;MT=Fixed	NT=Higher-energy Collisional Dissociation;AC=MS:1000422	27 NCE	40 ppm	0.05 Da	H
PRM_20251216_MarthaReselection_Plate_7_H2	H	2	MRTH	86	RH2	0.1	C:\Xcalibur\methods\method1	C:\data\yourdir	PRM_20251216_MarthaReselection_Plate_7_H2	Homo sapiens	Plasma	Plate_7	MarthaReselection	not available	not available	not available	not available	not available	not available	not available	not available	1	AC=EFO:0009656;NT=plasma	run 86	proteomics profiling by mass spectrometry	PRM_20251216_MarthaReselection_Plate_7_H2.RAW	PRM_20251216_MarthaReselection_Plate_7_H2.RAW	NT=Parallel Reaction Monitoring;AC=MS:1002956	AC=MS:1002038;NT=label free sample	1	NT=High-performance liquid chromatography;AC=PRIDE:0000565	1	AC=MS:1001251;NT=Trypsin	not available	NT=Stellar;AC=MS:1003409	NT=Carbamidomethyl;AC=UNIMOD:4;TA=C;MT=Fixed	NT=Higher-energy Collisional Dissociation;AC=MS:1000422	27 NCE	40 ppm	0.05 Da	H
PRM_20251216_MarthaReselection_Plate_7_H3	H	3	MRTH	87	RH3	0.1	C:\Xcalibur\methods\method1	C:\data\yourdir	PRM_20251216_MarthaReselection_Plate_7_H3	Homo sapiens	Plasma	Plate_7	MarthaReselection	not available	not available	not available	not available	not available	not available	not available	not available	1	AC=EFO:0009656;NT=plasma	run 87	proteomics profiling by mass spectrometry	PRM_20251216_MarthaReselection_Plate_7_H3.RAW	PRM_20251216_MarthaReselection_Plate_7_H3.RAW	NT=Parallel Reaction Monitoring;AC=MS:1002956	AC=MS:1002038;NT=label free sample	1	NT=High-performance liquid chromatography;AC=PRIDE:0000565	1	AC=MS:1001251;NT=Trypsin	not available	NT=Stellar;AC=MS:1003409	NT=Carbamidomethyl;AC=UNIMOD:4;TA=C;MT=Fixed	NT=Higher-energy Collisional Dissociation;AC=MS:1000422	27 NCE	40 ppm	0.05 Da	H
PRM_20251216_MarthaReselection_Plate_7_H4	H	4	MRTH	88	RH4	0.1	C:\Xcalibur\methods\method1	C:\data\yourdir	PRM_20251216_MarthaReselection_Plate_7_H4	Homo sapiens	Plasma	Plate_7	MarthaReselection	not available	not available	not available	not available	not available	not available	not available	not available	1	AC=EFO:0009656;NT=plasma	run 88	proteomics profiling by mass spectrometry	PRM_20251216_MarthaReselection_Plate_7_H4.RAW	PRM_20251216_MarthaReselection_Plate_7_H4.RAW	NT=Parallel Reaction Monitoring;AC=MS:1002956	AC=MS:1002038;NT=label free sample	1	NT=High-performance liquid chromatography;AC=PRIDE:0000565	1	AC=MS:1001251;NT=Trypsin	not available	NT=Stellar;AC=MS:1003409	NT=Carbamidomethyl;AC=UNIMOD:4;TA=C;MT=Fixed	NT=Higher-energy Collisional Dissociation;AC=MS:1000422	27 NCE	40 ppm	0.05 Da	H
PRM_20251216_MarthaReselection_Plate_7_H5	H	5	MRTH	89	RH5	0.1	C:\Xcalibur\methods\method1	C:\data\yourdir	PRM_20251216_MarthaReselection_Plate_7_H5	Homo sapiens	Plasma	Plate_7	MarthaReselection	not available	not available	not available	not available	not available	not available	not available	not available	1	AC=EFO:0009656;NT=plasma	run 89	proteomics profiling by mass spectrometry	PRM_20251216_MarthaReselection_Plate_7_H5.RAW	PRM_20251216_MarthaReselection_Plate_7_H5.RAW	NT=Parallel Reaction Monitoring;AC=MS:1002956	AC=MS:1002038;NT=label free sample	1	NT=High-performance liquid chromatography;AC=PRIDE:0000565	1	AC=MS:1001251;NT=Trypsin	not available	NT=Stellar;AC=MS:1003409	NT=Carbamidomethyl;AC=UNIMOD:4;TA=C;MT=Fixed	NT=Higher-energy Collisional Dissociation;AC=MS:1000422	27 NCE	40 ppm	0.05 Da	H
PRM_20251216_MarthaReselection_Plate_7_H6	H	6	MRTH	90	RH6	0.1	C:\Xcalibur\methods\method1	C:\data\yourdir	PRM_20251216_MarthaReselection_Plate_7_H6	Homo sapiens	Plasma	Plate_7	MarthaReselection	not available	not available	not available	not available	not available	not available	not available	not available	1	AC=EFO:0009656;NT=plasma	run 90	proteomics profiling by mass spectrometry	PRM_20251216_MarthaReselection_Plate_7_H6.RAW	PRM_20251216_MarthaReselection_Plate_7_H6.RAW	NT=Parallel Reaction Monitoring;AC=MS:1002956	AC=MS:1002038;NT=label free sample	1	NT=High-performance liquid chromatography;AC=PRIDE:0000565	1	AC=MS:1001251;NT=Trypsin	not available	NT=Stellar;AC=MS:1003409	NT=Carbamidomethyl;AC=UNIMOD:4;TA=C;MT=Fixed	NT=Higher-energy Collisional Dissociation;AC=MS:1000422	27 NCE	40 ppm	0.05 Da	H
PRM_20251216_MarthaReselection_Plate_7_H7	H	7	MRTH	91	RH7	0.1	C:\Xcalibur\methods\method1	C:\data\yourdir	PRM_20251216_MarthaReselection_Plate_7_H7	Homo sapiens	Plasma	Plate_7	MarthaReselection	not available	not available	not available	not available	not available	not available	not available	not available	1	AC=EFO:0009656;NT=plasma	run 91	proteomics profiling by mass spectrometry	PRM_20251216_MarthaReselection_Plate_7_H7.RAW	PRM_20251216_MarthaReselection_Plate_7_H7.RAW	NT=Parallel Reaction Monitoring;AC=MS:1002956	AC=MS:1002038;NT=label free sample	1	NT=High-performance liquid chromatography;AC=PRIDE:0000565	1	AC=MS:1001251;NT=Trypsin	not available	NT=Stellar;AC=MS:1003409	NT=Carbamidomethyl;AC=UNIMOD:4;TA=C;MT=Fixed	NT=Higher-energy Collisional Dissociation;AC=MS:1000422	27 NCE	40 ppm	0.05 Da	H
PRM_20251216_MarthaReselection_Plate_7_H8	H	8	MRTH	92	RH8	0.1	C:\Xcalibur\methods\method1	C:\data\yourdir	PRM_20251216_MarthaReselection_Plate_7_H8	Homo sapiens	Plasma	Plate_7	MarthaReselection	not available	not available	not available	not available	not available	not available	not available	not available	1	AC=EFO:0009656;NT=plasma	run 92	proteomics profiling by mass spectrometry	PRM_20251216_MarthaReselection_Plate_7_H8.RAW	PRM_20251216_MarthaReselection_Plate_7_H8.RAW	NT=Parallel Reaction Monitoring;AC=MS:1002956	AC=MS:1002038;NT=label free sample	1	NT=High-performance liquid chromatography;AC=PRIDE:0000565	1	AC=MS:1001251;NT=Trypsin	not available	NT=Stellar;AC=MS:1003409	NT=Carbamidomethyl;AC=UNIMOD:4;TA=C;MT=Fixed	NT=Higher-energy Collisional Dissociation;AC=MS:1000422	27 NCE	40 ppm	0.05 Da	H
PRM_20251216_MarthaReselection_Plate_7_H9	H	9	MRTH	93	RH9	0.1	C:\Xcalibur\methods\method1	C:\data\yourdir	PRM_20251216_MarthaReselection_Plate_7_H9	Homo sapiens	Plasma	Plate_7	MarthaReselection	not available	not available	not available	not available	not available	not available	not available	not available	1	AC=EFO:0009656;NT=plasma	run 93	proteomics profiling by mass spectrometry	PRM_20251216_MarthaReselection_Plate_7_H9.RAW	PRM_20251216_MarthaReselection_Plate_7_H9.RAW	NT=Parallel Reaction Monitoring;AC=MS:1002956	AC=MS:1002038;NT=label free sample	1	NT=High-performance liquid chromatography;AC=PRIDE:0000565	1	AC=MS:1001251;NT=Trypsin	not available	NT=Stellar;AC=MS:1003409	NT=Carbamidomethyl;AC=UNIMOD:4;TA=C;MT=Fixed	NT=Higher-energy Collisional Dissociation;AC=MS:1000422	27 NCE	40 ppm	0.05 Da	H
PRM_20251216_MarthaReselection_Plate_7_H10	H	10	MRTH	94	RH10	0.1	C:\Xcalibur\methods\method1	C:\data\yourdir	PRM_20251216_MarthaReselection_Plate_7_H10	Homo sapiens	Plasma	Plate_7	MarthaReselection	not available	not available	not available	not available	not available	not available	not available	not available	1	AC=EFO:0009656;NT=plasma	run 94	proteomics profiling by mass spectrometry	PRM_20251216_MarthaReselection_Plate_7_H10.RAW	PRM_20251216_MarthaReselection_Plate_7_H10.RAW	NT=Parallel Reaction Monitoring;AC=MS:1002956	AC=MS:1002038;NT=label free sample	1	NT=High-performance liquid chromatography;AC=PRIDE:0000565	1	AC=MS:1001251;NT=Trypsin	not available	NT=Stellar;AC=MS:1003409	NT=Carbamidomethyl;AC=UNIMOD:4;TA=C;MT=Fixed	NT=Higher-energy Collisional Dissociation;AC=MS:1000422	27 NCE	40 ppm	0.05 Da	H
PRM_20251216_MarthaReselection_Plate_7_H11	H	11	MRTH	95	RH11	0.1	C:\Xcalibur\methods\method1	C:\data\yourdir	PRM_20251216_MarthaReselection_Plate_7_H11	Homo sapiens	Plasma	Plate_7	MarthaReselection	not available	not available	not available	not available	not available	not available	not available	not available	1	AC=EFO:0009656;NT=plasma	run 95	proteomics profiling by mass spectrometry	PRM_20251216_MarthaReselection_Plate_7_H11.RAW	PRM_20251216_MarthaReselection_Plate_7_H11.RAW	NT=Parallel Reaction Monitoring;AC=MS:1002956	AC=MS:1002038;NT=label free sample	1	NT=High-performance liquid chromatography;AC=PRIDE:0000565	1	AC=MS:1001251;NT=Trypsin	not available	NT=Stellar;AC=MS:1003409	NT=Carbamidomethyl;AC=UNIMOD:4;TA=C;MT=Fixed	NT=Higher-energy Collisional Dissociation;AC=MS:1000422	27 NCE	40 ppm	0.05 Da	H
PRM_20251216_MarthaReselection_Plate_7_H12	H	12	Pool	96	RH12	0.1	C:\Xcalibur\methods\method1	C:\data\yourdir	PRM_20251216_MarthaReselection_Plate_7_H12	Homo sapiens	Plasma	Plate_7	MarthaReselection	not available	not available	not available	not available	not available	not available	not available	not available	1	AC=EFO:0009656;NT=plasma	run 96	proteomics profiling by mass spectrometry	PRM_20251216_MarthaReselection_Plate_7_H12.RAW	PRM_20251216_MarthaReselection_Plate_7_H12.RAW	NT=Parallel Reaction Monitoring;AC=MS:1002956	AC=MS:1002038;NT=label free sample	1	NT=High-performance liquid chromatography;AC=PRIDE:0000565	1	AC=MS:1001251;NT=Trypsin	not available	NT=Stellar;AC=MS:1003409	NT=Carbamidomethyl;AC=UNIMOD:4;TA=C;MT=Fixed	NT=Higher-energy Collisional Dissociation;AC=MS:1000422	27 NCE	40 ppm	0.05 Da	H
PRM_20251218_MarthaReselection_Plate_8_A1	A	1	MRTH	1	RA1	0.1	C:\Xcalibur\methods\method1	C:\data\yourdir	PRM_20251218_MarthaReselection_Plate_8_A1	Homo sapiens	Plasma	Plate_8	MarthaReselection	not available	not available	not available	not available	not available	not available	not available	not available	1	AC=EFO:0009656;NT=plasma	run 1	proteomics profiling by mass spectrometry	PRM_20251218_MarthaReselection_Plate_8_A1.RAW	PRM_20251218_MarthaReselection_Plate_8_A1.RAW	NT=Parallel Reaction Monitoring;AC=MS:1002956	AC=MS:1002038;NT=label free sample	1	NT=High-performance liquid chromatography;AC=PRIDE:0000565	1	AC=MS:1001251;NT=Trypsin	not available	NT=Stellar;AC=MS:1003409	NT=Carbamidomethyl;AC=UNIMOD:4;TA=C;MT=Fixed	NT=Higher-energy Collisional Dissociation;AC=MS:1000422	27 NCE	40 ppm	0.05 Da	A
PRM_20251218_MarthaReselection_Plate_8_A2	A	2	MRTH	2	RA2	0.1	C:\Xcalibur\methods\method1	C:\data\yourdir	PRM_20251218_MarthaReselection_Plate_8_A2	Homo sapiens	Plasma	Plate_8	MarthaReselection	not available	not available	not available	not available	not available	not available	not available	not available	1	AC=EFO:0009656;NT=plasma	run 2	proteomics profiling by mass spectrometry	PRM_20251218_MarthaReselection_Plate_8_A2.RAW	PRM_20251218_MarthaReselection_Plate_8_A2.RAW	NT=Parallel Reaction Monitoring;AC=MS:1002956	AC=MS:1002038;NT=label free sample	1	NT=High-performance liquid chromatography;AC=PRIDE:0000565	1	AC=MS:1001251;NT=Trypsin	not available	NT=Stellar;AC=MS:1003409	NT=Carbamidomethyl;AC=UNIMOD:4;TA=C;MT=Fixed	NT=Higher-energy Collisional Dissociation;AC=MS:1000422	27 NCE	40 ppm	0.05 Da	A
PRM_20251218_MarthaReselection_Plate_8_A3	A	3	MRTH	3	RA3	0.1	C:\Xcalibur\methods\method1	C:\data\yourdir	PRM_20251218_MarthaReselection_Plate_8_A3	Homo sapiens	Plasma	Plate_8	MarthaReselection	not available	not available	not available	not available	not available	not available	not available	not available	1	AC=EFO:0009656;NT=plasma	run 3	proteomics profiling by mass spectrometry	PRM_20251218_MarthaReselection_Plate_8_A3.RAW	PRM_20251218_MarthaReselection_Plate_8_A3.RAW	NT=Parallel Reaction Monitoring;AC=MS:1002956	AC=MS:1002038;NT=label free sample	1	NT=High-performance liquid chromatography;AC=PRIDE:0000565	1	AC=MS:1001251;NT=Trypsin	not available	NT=Stellar;AC=MS:1003409	NT=Carbamidomethyl;AC=UNIMOD:4;TA=C;MT=Fixed	NT=Higher-energy Collisional Dissociation;AC=MS:1000422	27 NCE	40 ppm	0.05 Da	A
PRM_20251218_MarthaReselection_Plate_8_A4	A	4	MRTH	4	RA4	0.1	C:\Xcalibur\methods\method1	C:\data\yourdir	PRM_20251218_MarthaReselection_Plate_8_A4	Homo sapiens	Plasma	Plate_8	MarthaReselection	not available	not available	not available	not available	not available	not available	not available	not available	1	AC=EFO:0009656;NT=plasma	run 4	proteomics profiling by mass spectrometry	PRM_20251218_MarthaReselection_Plate_8_A4.RAW	PRM_20251218_MarthaReselection_Plate_8_A4.RAW	NT=Parallel Reaction Monitoring;AC=MS:1002956	AC=MS:1002038;NT=label free sample	1	NT=High-performance liquid chromatography;AC=PRIDE:0000565	1	AC=MS:1001251;NT=Trypsin	not available	NT=Stellar;AC=MS:1003409	NT=Carbamidomethyl;AC=UNIMOD:4;TA=C;MT=Fixed	NT=Higher-energy Collisional Dissociation;AC=MS:1000422	27 NCE	40 ppm	0.05 Da	A
PRM_20251218_MarthaReselection_Plate_8_A5	A	5	MRTH	5	RA5	0.1	C:\Xcalibur\methods\method1	C:\data\yourdir	PRM_20251218_MarthaReselection_Plate_8_A5	Homo sapiens	Plasma	Plate_8	MarthaReselection	not available	not available	not available	not available	not available	not available	not available	not available	1	AC=EFO:0009656;NT=plasma	run 5	proteomics profiling by mass spectrometry	PRM_20251218_MarthaReselection_Plate_8_A5.RAW	PRM_20251218_MarthaReselection_Plate_8_A5.RAW	NT=Parallel Reaction Monitoring;AC=MS:1002956	AC=MS:1002038;NT=label free sample	1	NT=High-performance liquid chromatography;AC=PRIDE:0000565	1	AC=MS:1001251;NT=Trypsin	not available	NT=Stellar;AC=MS:1003409	NT=Carbamidomethyl;AC=UNIMOD:4;TA=C;MT=Fixed	NT=Higher-energy Collisional Dissociation;AC=MS:1000422	27 NCE	40 ppm	0.05 Da	A
PRM_20251218_MarthaReselection_Plate_8_A6	A	6	MRTH	6	RA6	0.1	C:\Xcalibur\methods\method1	C:\data\yourdir	PRM_20251218_MarthaReselection_Plate_8_A6	Homo sapiens	Plasma	Plate_8	MarthaReselection	not available	not available	not available	not available	not available	not available	not available	not available	1	AC=EFO:0009656;NT=plasma	run 6	proteomics profiling by mass spectrometry	PRM_20251218_MarthaReselection_Plate_8_A6.RAW	PRM_20251218_MarthaReselection_Plate_8_A6.RAW	NT=Parallel Reaction Monitoring;AC=MS:1002956	AC=MS:1002038;NT=label free sample	1	NT=High-performance liquid chromatography;AC=PRIDE:0000565	1	AC=MS:1001251;NT=Trypsin	not available	NT=Stellar;AC=MS:1003409	NT=Carbamidomethyl;AC=UNIMOD:4;TA=C;MT=Fixed	NT=Higher-energy Collisional Dissociation;AC=MS:1000422	27 NCE	40 ppm	0.05 Da	A
PRM_20251218_MarthaReselection_Plate_8_A7	A	7	MRTH	7	RA7	0.1	C:\Xcalibur\methods\method1	C:\data\yourdir	PRM_20251218_MarthaReselection_Plate_8_A7	Homo sapiens	Plasma	Plate_8	MarthaReselection	not available	not available	not available	not available	not available	not available	not available	not available	1	AC=EFO:0009656;NT=plasma	run 7	proteomics profiling by mass spectrometry	PRM_20251218_MarthaReselection_Plate_8_A7.RAW	PRM_20251218_MarthaReselection_Plate_8_A7.RAW	NT=Parallel Reaction Monitoring;AC=MS:1002956	AC=MS:1002038;NT=label free sample	1	NT=High-performance liquid chromatography;AC=PRIDE:0000565	1	AC=MS:1001251;NT=Trypsin	not available	NT=Stellar;AC=MS:1003409	NT=Carbamidomethyl;AC=UNIMOD:4;TA=C;MT=Fixed	NT=Higher-energy Collisional Dissociation;AC=MS:1000422	27 NCE	40 ppm	0.05 Da	A
PRM_20251218_MarthaReselection_Plate_8_A8	A	8	MRTH	8	RA8	0.1	C:\Xcalibur\methods\method1	C:\data\yourdir	PRM_20251218_MarthaReselection_Plate_8_A8	Homo sapiens	Plasma	Plate_8	MarthaReselection	not available	not available	not available	not available	not available	not available	not available	not available	1	AC=EFO:0009656;NT=plasma	run 8	proteomics profiling by mass spectrometry	PRM_20251218_MarthaReselection_Plate_8_A8.RAW	PRM_20251218_MarthaReselection_Plate_8_A8.RAW	NT=Parallel Reaction Monitoring;AC=MS:1002956	AC=MS:1002038;NT=label free sample	1	NT=High-performance liquid chromatography;AC=PRIDE:0000565	1	AC=MS:1001251;NT=Trypsin	not available	NT=Stellar;AC=MS:1003409	NT=Carbamidomethyl;AC=UNIMOD:4;TA=C;MT=Fixed	NT=Higher-energy Collisional Dissociation;AC=MS:1000422	27 NCE	40 ppm	0.05 Da	A
PRM_20251218_MarthaReselection_Plate_8_A9	A	9	MRTH	9	RA9	0.1	C:\Xcalibur\methods\method1	C:\data\yourdir	PRM_20251218_MarthaReselection_Plate_8_A9	Homo sapiens	Plasma	Plate_8	MarthaReselection	not available	not available	not available	not available	not available	not available	not available	not available	1	AC=EFO:0009656;NT=plasma	run 9	proteomics profiling by mass spectrometry	PRM_20251218_MarthaReselection_Plate_8_A9.RAW	PRM_20251218_MarthaReselection_Plate_8_A9.RAW	NT=Parallel Reaction Monitoring;AC=MS:1002956	AC=MS:1002038;NT=label free sample	1	NT=High-performance liquid chromatography;AC=PRIDE:0000565	1	AC=MS:1001251;NT=Trypsin	not available	NT=Stellar;AC=MS:1003409	NT=Carbamidomethyl;AC=UNIMOD:4;TA=C;MT=Fixed	NT=Higher-energy Collisional Dissociation;AC=MS:1000422	27 NCE	40 ppm	0.05 Da	A
PRM_20251218_MarthaReselection_Plate_8_A10	A	10	MRTH	10	RA10	0.1	C:\Xcalibur\methods\method1	C:\data\yourdir	PRM_20251218_MarthaReselection_Plate_8_A10	Homo sapiens	Plasma	Plate_8	MarthaReselection	not available	not available	not available	not available	not available	not available	not available	not available	1	AC=EFO:0009656;NT=plasma	run 10	proteomics profiling by mass spectrometry	PRM_20251218_MarthaReselection_Plate_8_A10.RAW	PRM_20251218_MarthaReselection_Plate_8_A10.RAW	NT=Parallel Reaction Monitoring;AC=MS:1002956	AC=MS:1002038;NT=label free sample	1	NT=High-performance liquid chromatography;AC=PRIDE:0000565	1	AC=MS:1001251;NT=Trypsin	not available	NT=Stellar;AC=MS:1003409	NT=Carbamidomethyl;AC=UNIMOD:4;TA=C;MT=Fixed	NT=Higher-energy Collisional Dissociation;AC=MS:1000422	27 NCE	40 ppm	0.05 Da	A
PRM_20251218_MarthaReselection_Plate_8_A11	A	11	MRTH	11	RA11	0.1	C:\Xcalibur\methods\method1	C:\data\yourdir	PRM_20251218_MarthaReselection_Plate_8_A11	Homo sapiens	Plasma	Plate_8	MarthaReselection	not available	not available	not available	not available	not available	not available	not available	not available	1	AC=EFO:0009656;NT=plasma	run 11	proteomics profiling by mass spectrometry	PRM_20251218_MarthaReselection_Plate_8_A11.RAW	PRM_20251218_MarthaReselection_Plate_8_A11.RAW	NT=Parallel Reaction Monitoring;AC=MS:1002956	AC=MS:1002038;NT=label free sample	1	NT=High-performance liquid chromatography;AC=PRIDE:0000565	1	AC=MS:1001251;NT=Trypsin	not available	NT=Stellar;AC=MS:1003409	NT=Carbamidomethyl;AC=UNIMOD:4;TA=C;MT=Fixed	NT=Higher-energy Collisional Dissociation;AC=MS:1000422	27 NCE	40 ppm	0.05 Da	A
PRM_20251218_MarthaReselection_Plate_8_A12	A	12	MRTH	12	RA12	0.1	C:\Xcalibur\methods\method1	C:\data\yourdir	PRM_20251218_MarthaReselection_Plate_8_A12	Homo sapiens	Plasma	Plate_8	MarthaReselection	not available	not available	not available	not available	not available	not available	not available	not available	1	AC=EFO:0009656;NT=plasma	run 12	proteomics profiling by mass spectrometry	PRM_20251218_MarthaReselection_Plate_8_A12.RAW	PRM_20251218_MarthaReselection_Plate_8_A12.RAW	NT=Parallel Reaction Monitoring;AC=MS:1002956	AC=MS:1002038;NT=label free sample	1	NT=High-performance liquid chromatography;AC=PRIDE:0000565	1	AC=MS:1001251;NT=Trypsin	not available	NT=Stellar;AC=MS:1003409	NT=Carbamidomethyl;AC=UNIMOD:4;TA=C;MT=Fixed	NT=Higher-energy Collisional Dissociation;AC=MS:1000422	27 NCE	40 ppm	0.05 Da	A
PRM_20251218_MarthaReselection_Plate_8_B1	B	1	MRTH	13	RB1	0.1	C:\Xcalibur\methods\method1	C:\data\yourdir	PRM_20251218_MarthaReselection_Plate_8_B1	Homo sapiens	Plasma	Plate_8	MarthaReselection	not available	not available	not available	not available	not available	not available	not available	not available	1	AC=EFO:0009656;NT=plasma	run 13	proteomics profiling by mass spectrometry	PRM_20251218_MarthaReselection_Plate_8_B1.RAW	PRM_20251218_MarthaReselection_Plate_8_B1.RAW	NT=Parallel Reaction Monitoring;AC=MS:1002956	AC=MS:1002038;NT=label free sample	1	NT=High-performance liquid chromatography;AC=PRIDE:0000565	1	AC=MS:1001251;NT=Trypsin	not available	NT=Stellar;AC=MS:1003409	NT=Carbamidomethyl;AC=UNIMOD:4;TA=C;MT=Fixed	NT=Higher-energy Collisional Dissociation;AC=MS:1000422	27 NCE	40 ppm	0.05 Da	B
PRM_20251218_MarthaReselection_Plate_8_B2	B	2	MRTH	14	RB2	0.1	C:\Xcalibur\methods\method1	C:\data\yourdir	PRM_20251218_MarthaReselection_Plate_8_B2	Homo sapiens	Plasma	Plate_8	MarthaReselection	not available	not available	not available	not available	not available	not available	not available	not available	1	AC=EFO:0009656;NT=plasma	run 14	proteomics profiling by mass spectrometry	PRM_20251218_MarthaReselection_Plate_8_B2.RAW	PRM_20251218_MarthaReselection_Plate_8_B2.RAW	NT=Parallel Reaction Monitoring;AC=MS:1002956	AC=MS:1002038;NT=label free sample	1	NT=High-performance liquid chromatography;AC=PRIDE:0000565	1	AC=MS:1001251;NT=Trypsin	not available	NT=Stellar;AC=MS:1003409	NT=Carbamidomethyl;AC=UNIMOD:4;TA=C;MT=Fixed	NT=Higher-energy Collisional Dissociation;AC=MS:1000422	27 NCE	40 ppm	0.05 Da	B
PRM_20251218_MarthaReselection_Plate_8_B3	B	3	MRTH	15	RB3	0.1	C:\Xcalibur\methods\method1	C:\data\yourdir	PRM_20251218_MarthaReselection_Plate_8_B3	Homo sapiens	Plasma	Plate_8	MarthaReselection	not available	not available	not available	not available	not available	not available	not available	not available	1	AC=EFO:0009656;NT=plasma	run 15	proteomics profiling by mass spectrometry	PRM_20251218_MarthaReselection_Plate_8_B3.RAW	PRM_20251218_MarthaReselection_Plate_8_B3.RAW	NT=Parallel Reaction Monitoring;AC=MS:1002956	AC=MS:1002038;NT=label free sample	1	NT=High-performance liquid chromatography;AC=PRIDE:0000565	1	AC=MS:1001251;NT=Trypsin	not available	NT=Stellar;AC=MS:1003409	NT=Carbamidomethyl;AC=UNIMOD:4;TA=C;MT=Fixed	NT=Higher-energy Collisional Dissociation;AC=MS:1000422	27 NCE	40 ppm	0.05 Da	B
PRM_20251218_MarthaReselection_Plate_8_B4	B	4	MRTH	16	RB4	0.1	C:\Xcalibur\methods\method1	C:\data\yourdir	PRM_20251218_MarthaReselection_Plate_8_B4	Homo sapiens	Plasma	Plate_8	MarthaReselection	not available	not available	not available	not available	not available	not available	not available	not available	1	AC=EFO:0009656;NT=plasma	run 16	proteomics profiling by mass spectrometry	PRM_20251218_MarthaReselection_Plate_8_B4.RAW	PRM_20251218_MarthaReselection_Plate_8_B4.RAW	NT=Parallel Reaction Monitoring;AC=MS:1002956	AC=MS:1002038;NT=label free sample	1	NT=High-performance liquid chromatography;AC=PRIDE:0000565	1	AC=MS:1001251;NT=Trypsin	not available	NT=Stellar;AC=MS:1003409	NT=Carbamidomethyl;AC=UNIMOD:4;TA=C;MT=Fixed	NT=Higher-energy Collisional Dissociation;AC=MS:1000422	27 NCE	40 ppm	0.05 Da	B
PRM_20251218_MarthaReselection_Plate_8_B5	B	5	MRTH	17	RB5	0.1	C:\Xcalibur\methods\method1	C:\data\yourdir	PRM_20251218_MarthaReselection_Plate_8_B5	Homo sapiens	Plasma	Plate_8	MarthaReselection	not available	not available	not available	not available	not available	not available	not available	not available	1	AC=EFO:0009656;NT=plasma	run 17	proteomics profiling by mass spectrometry	PRM_20251218_MarthaReselection_Plate_8_B5.RAW	PRM_20251218_MarthaReselection_Plate_8_B5.RAW	NT=Parallel Reaction Monitoring;AC=MS:1002956	AC=MS:1002038;NT=label free sample	1	NT=High-performance liquid chromatography;AC=PRIDE:0000565	1	AC=MS:1001251;NT=Trypsin	not available	NT=Stellar;AC=MS:1003409	NT=Carbamidomethyl;AC=UNIMOD:4;TA=C;MT=Fixed	NT=Higher-energy Collisional Dissociation;AC=MS:1000422	27 NCE	40 ppm	0.05 Da	B
PRM_20251218_MarthaReselection_Plate_8_B6	B	6	MRTH	18	RB6	0.1	C:\Xcalibur\methods\method1	C:\data\yourdir	PRM_20251218_MarthaReselection_Plate_8_B6	Homo sapiens	Plasma	Plate_8	MarthaReselection	not available	not available	not available	not available	not available	not available	not available	not available	1	AC=EFO:0009656;NT=plasma	run 18	proteomics profiling by mass spectrometry	PRM_20251218_MarthaReselection_Plate_8_B6.RAW	PRM_20251218_MarthaReselection_Plate_8_B6.RAW	NT=Parallel Reaction Monitoring;AC=MS:1002956	AC=MS:1002038;NT=label free sample	1	NT=High-performance liquid chromatography;AC=PRIDE:0000565	1	AC=MS:1001251;NT=Trypsin	not available	NT=Stellar;AC=MS:1003409	NT=Carbamidomethyl;AC=UNIMOD:4;TA=C;MT=Fixed	NT=Higher-energy Collisional Dissociation;AC=MS:1000422	27 NCE	40 ppm	0.05 Da	B
PRM_20251218_MarthaReselection_Plate_8_B7	B	7	MRTH	19	RB7	0.1	C:\Xcalibur\methods\method1	C:\data\yourdir	PRM_20251218_MarthaReselection_Plate_8_B7	Homo sapiens	Plasma	Plate_8	MarthaReselection	not available	not available	not available	not available	not available	not available	not available	not available	1	AC=EFO:0009656;NT=plasma	run 19	proteomics profiling by mass spectrometry	PRM_20251218_MarthaReselection_Plate_8_B7.RAW	PRM_20251218_MarthaReselection_Plate_8_B7.RAW	NT=Parallel Reaction Monitoring;AC=MS:1002956	AC=MS:1002038;NT=label free sample	1	NT=High-performance liquid chromatography;AC=PRIDE:0000565	1	AC=MS:1001251;NT=Trypsin	not available	NT=Stellar;AC=MS:1003409	NT=Carbamidomethyl;AC=UNIMOD:4;TA=C;MT=Fixed	NT=Higher-energy Collisional Dissociation;AC=MS:1000422	27 NCE	40 ppm	0.05 Da	B
PRM_20251218_MarthaReselection_Plate_8_B8	B	8	MRTH	20	RB8	0.1	C:\Xcalibur\methods\method1	C:\data\yourdir	PRM_20251218_MarthaReselection_Plate_8_B8	Homo sapiens	Plasma	Plate_8	MarthaReselection	not available	not available	not available	not available	not available	not available	not available	not available	1	AC=EFO:0009656;NT=plasma	run 20	proteomics profiling by mass spectrometry	PRM_20251218_MarthaReselection_Plate_8_B8.RAW	PRM_20251218_MarthaReselection_Plate_8_B8.RAW	NT=Parallel Reaction Monitoring;AC=MS:1002956	AC=MS:1002038;NT=label free sample	1	NT=High-performance liquid chromatography;AC=PRIDE:0000565	1	AC=MS:1001251;NT=Trypsin	not available	NT=Stellar;AC=MS:1003409	NT=Carbamidomethyl;AC=UNIMOD:4;TA=C;MT=Fixed	NT=Higher-energy Collisional Dissociation;AC=MS:1000422	27 NCE	40 ppm	0.05 Da	B
PRM_20251218_MarthaReselection_Plate_8_B9	B	9	MRTH	21	RB9	0.1	C:\Xcalibur\methods\method1	C:\data\yourdir	PRM_20251218_MarthaReselection_Plate_8_B9	Homo sapiens	Plasma	Plate_8	MarthaReselection	not available	not available	not available	not available	not available	not available	not available	not available	1	AC=EFO:0009656;NT=plasma	run 21	proteomics profiling by mass spectrometry	PRM_20251218_MarthaReselection_Plate_8_B9.RAW	PRM_20251218_MarthaReselection_Plate_8_B9.RAW	NT=Parallel Reaction Monitoring;AC=MS:1002956	AC=MS:1002038;NT=label free sample	1	NT=High-performance liquid chromatography;AC=PRIDE:0000565	1	AC=MS:1001251;NT=Trypsin	not available	NT=Stellar;AC=MS:1003409	NT=Carbamidomethyl;AC=UNIMOD:4;TA=C;MT=Fixed	NT=Higher-energy Collisional Dissociation;AC=MS:1000422	27 NCE	40 ppm	0.05 Da	B
PRM_20251218_MarthaReselection_Plate_8_B10	B	10	MRTH	22	RB10	0.1	C:\Xcalibur\methods\method1	C:\data\yourdir	PRM_20251218_MarthaReselection_Plate_8_B10	Homo sapiens	Plasma	Plate_8	MarthaReselection	not available	not available	not available	not available	not available	not available	not available	not available	1	AC=EFO:0009656;NT=plasma	run 22	proteomics profiling by mass spectrometry	PRM_20251218_MarthaReselection_Plate_8_B10.RAW	PRM_20251218_MarthaReselection_Plate_8_B10.RAW	NT=Parallel Reaction Monitoring;AC=MS:1002956	AC=MS:1002038;NT=label free sample	1	NT=High-performance liquid chromatography;AC=PRIDE:0000565	1	AC=MS:1001251;NT=Trypsin	not available	NT=Stellar;AC=MS:1003409	NT=Carbamidomethyl;AC=UNIMOD:4;TA=C;MT=Fixed	NT=Higher-energy Collisional Dissociation;AC=MS:1000422	27 NCE	40 ppm	0.05 Da	B
PRM_20251218_MarthaReselection_Plate_8_B11	B	11	MRTH	23	RB11	0.1	C:\Xcalibur\methods\method1	C:\data\yourdir	PRM_20251218_MarthaReselection_Plate_8_B11	Homo sapiens	Plasma	Plate_8	MarthaReselection	not available	not available	not available	not available	not available	not available	not available	not available	1	AC=EFO:0009656;NT=plasma	run 23	proteomics profiling by mass spectrometry	PRM_20251218_MarthaReselection_Plate_8_B11.RAW	PRM_20251218_MarthaReselection_Plate_8_B11.RAW	NT=Parallel Reaction Monitoring;AC=MS:1002956	AC=MS:1002038;NT=label free sample	1	NT=High-performance liquid chromatography;AC=PRIDE:0000565	1	AC=MS:1001251;NT=Trypsin	not available	NT=Stellar;AC=MS:1003409	NT=Carbamidomethyl;AC=UNIMOD:4;TA=C;MT=Fixed	NT=Higher-energy Collisional Dissociation;AC=MS:1000422	27 NCE	40 ppm	0.05 Da	B
PRM_20251218_MarthaReselection_Plate_8_B12	B	12	MRTH	24	RB12	0.1	C:\Xcalibur\methods\method1	C:\data\yourdir	PRM_20251218_MarthaReselection_Plate_8_B12	Homo sapiens	Plasma	Plate_8	MarthaReselection	not available	not available	not available	not available	not available	not available	not available	not available	1	AC=EFO:0009656;NT=plasma	run 24	proteomics profiling by mass spectrometry	PRM_20251218_MarthaReselection_Plate_8_B12.RAW	PRM_20251218_MarthaReselection_Plate_8_B12.RAW	NT=Parallel Reaction Monitoring;AC=MS:1002956	AC=MS:1002038;NT=label free sample	1	NT=High-performance liquid chromatography;AC=PRIDE:0000565	1	AC=MS:1001251;NT=Trypsin	not available	NT=Stellar;AC=MS:1003409	NT=Carbamidomethyl;AC=UNIMOD:4;TA=C;MT=Fixed	NT=Higher-energy Collisional Dissociation;AC=MS:1000422	27 NCE	40 ppm	0.05 Da	B
PRM_20251218_MarthaReselection_Plate_8_C1	C	1	MRTH	25	RC1	0.1	C:\Xcalibur\methods\method1	C:\data\yourdir	PRM_20251218_MarthaReselection_Plate_8_C1	Homo sapiens	Plasma	Plate_8	MarthaReselection	not available	not available	not available	not available	not available	not available	not available	not available	1	AC=EFO:0009656;NT=plasma	run 25	proteomics profiling by mass spectrometry	PRM_20251218_MarthaReselection_Plate_8_C1.RAW	PRM_20251218_MarthaReselection_Plate_8_C1.RAW	NT=Parallel Reaction Monitoring;AC=MS:1002956	AC=MS:1002038;NT=label free sample	1	NT=High-performance liquid chromatography;AC=PRIDE:0000565	1	AC=MS:1001251;NT=Trypsin	not available	NT=Stellar;AC=MS:1003409	NT=Carbamidomethyl;AC=UNIMOD:4;TA=C;MT=Fixed	NT=Higher-energy Collisional Dissociation;AC=MS:1000422	27 NCE	40 ppm	0.05 Da	C
PRM_20251218_MarthaReselection_Plate_8_C2	C	2	MRTH	26	RC2	0.1	C:\Xcalibur\methods\method1	C:\data\yourdir	PRM_20251218_MarthaReselection_Plate_8_C2	Homo sapiens	Plasma	Plate_8	MarthaReselection	not available	not available	not available	not available	not available	not available	not available	not available	1	AC=EFO:0009656;NT=plasma	run 26	proteomics profiling by mass spectrometry	PRM_20251218_MarthaReselection_Plate_8_C2.RAW	PRM_20251218_MarthaReselection_Plate_8_C2.RAW	NT=Parallel Reaction Monitoring;AC=MS:1002956	AC=MS:1002038;NT=label free sample	1	NT=High-performance liquid chromatography;AC=PRIDE:0000565	1	AC=MS:1001251;NT=Trypsin	not available	NT=Stellar;AC=MS:1003409	NT=Carbamidomethyl;AC=UNIMOD:4;TA=C;MT=Fixed	NT=Higher-energy Collisional Dissociation;AC=MS:1000422	27 NCE	40 ppm	0.05 Da	C
PRM_20251218_MarthaReselection_Plate_8_C3	C	3	Pool	27	RC3	0.1	C:\Xcalibur\methods\method1	C:\data\yourdir	PRM_20251218_MarthaReselection_Plate_8_C3	Homo sapiens	Plasma	Plate_8	MarthaReselection	not available	not available	not available	not available	not available	not available	not available	not available	1	AC=EFO:0009656;NT=plasma	run 27	proteomics profiling by mass spectrometry	PRM_20251218_MarthaReselection_Plate_8_C3.RAW	PRM_20251218_MarthaReselection_Plate_8_C3.RAW	NT=Parallel Reaction Monitoring;AC=MS:1002956	AC=MS:1002038;NT=label free sample	1	NT=High-performance liquid chromatography;AC=PRIDE:0000565	1	AC=MS:1001251;NT=Trypsin	not available	NT=Stellar;AC=MS:1003409	NT=Carbamidomethyl;AC=UNIMOD:4;TA=C;MT=Fixed	NT=Higher-energy Collisional Dissociation;AC=MS:1000422	27 NCE	40 ppm	0.05 Da	C
PRM_20251218_MarthaReselection_Plate_8_C4	C	4	MRTH	28	RC4	0.1	C:\Xcalibur\methods\method1	C:\data\yourdir	PRM_20251218_MarthaReselection_Plate_8_C4	Homo sapiens	Plasma	Plate_8	MarthaReselection	not available	not available	not available	not available	not available	not available	not available	not available	1	AC=EFO:0009656;NT=plasma	run 28	proteomics profiling by mass spectrometry	PRM_20251218_MarthaReselection_Plate_8_C4.RAW	PRM_20251218_MarthaReselection_Plate_8_C4.RAW	NT=Parallel Reaction Monitoring;AC=MS:1002956	AC=MS:1002038;NT=label free sample	1	NT=High-performance liquid chromatography;AC=PRIDE:0000565	1	AC=MS:1001251;NT=Trypsin	not available	NT=Stellar;AC=MS:1003409	NT=Carbamidomethyl;AC=UNIMOD:4;TA=C;MT=Fixed	NT=Higher-energy Collisional Dissociation;AC=MS:1000422	27 NCE	40 ppm	0.05 Da	C
PRM_20251218_MarthaReselection_Plate_8_C5	C	5	MRTH	29	RC5	0.1	C:\Xcalibur\methods\method1	C:\data\yourdir	PRM_20251218_MarthaReselection_Plate_8_C5	Homo sapiens	Plasma	Plate_8	MarthaReselection	not available	not available	not available	not available	not available	not available	not available	not available	1	AC=EFO:0009656;NT=plasma	run 29	proteomics profiling by mass spectrometry	PRM_20251218_MarthaReselection_Plate_8_C5.RAW	PRM_20251218_MarthaReselection_Plate_8_C5.RAW	NT=Parallel Reaction Monitoring;AC=MS:1002956	AC=MS:1002038;NT=label free sample	1	NT=High-performance liquid chromatography;AC=PRIDE:0000565	1	AC=MS:1001251;NT=Trypsin	not available	NT=Stellar;AC=MS:1003409	NT=Carbamidomethyl;AC=UNIMOD:4;TA=C;MT=Fixed	NT=Higher-energy Collisional Dissociation;AC=MS:1000422	27 NCE	40 ppm	0.05 Da	C
PRM_20251218_MarthaReselection_Plate_8_C6	C	6	MRTH	30	RC6	0.1	C:\Xcalibur\methods\method1	C:\data\yourdir	PRM_20251218_MarthaReselection_Plate_8_C6	Homo sapiens	Plasma	Plate_8	MarthaReselection	not available	not available	not available	not available	not available	not available	not available	not available	1	AC=EFO:0009656;NT=plasma	run 30	proteomics profiling by mass spectrometry	PRM_20251218_MarthaReselection_Plate_8_C6.RAW	PRM_20251218_MarthaReselection_Plate_8_C6.RAW	NT=Parallel Reaction Monitoring;AC=MS:1002956	AC=MS:1002038;NT=label free sample	1	NT=High-performance liquid chromatography;AC=PRIDE:0000565	1	AC=MS:1001251;NT=Trypsin	not available	NT=Stellar;AC=MS:1003409	NT=Carbamidomethyl;AC=UNIMOD:4;TA=C;MT=Fixed	NT=Higher-energy Collisional Dissociation;AC=MS:1000422	27 NCE	40 ppm	0.05 Da	C
PRM_20251218_MarthaReselection_Plate_8_C7	C	7	MRTH	31	RC7	0.1	C:\Xcalibur\methods\method1	C:\data\yourdir	PRM_20251218_MarthaReselection_Plate_8_C7	Homo sapiens	Plasma	Plate_8	MarthaReselection	not available	not available	not available	not available	not available	not available	not available	not available	1	AC=EFO:0009656;NT=plasma	run 31	proteomics profiling by mass spectrometry	PRM_20251218_MarthaReselection_Plate_8_C7.RAW	PRM_20251218_MarthaReselection_Plate_8_C7.RAW	NT=Parallel Reaction Monitoring;AC=MS:1002956	AC=MS:1002038;NT=label free sample	1	NT=High-performance liquid chromatography;AC=PRIDE:0000565	1	AC=MS:1001251;NT=Trypsin	not available	NT=Stellar;AC=MS:1003409	NT=Carbamidomethyl;AC=UNIMOD:4;TA=C;MT=Fixed	NT=Higher-energy Collisional Dissociation;AC=MS:1000422	27 NCE	40 ppm	0.05 Da	C
PRM_20251218_MarthaReselection_Plate_8_C8	C	8	MRTH	32	RC8	0.1	C:\Xcalibur\methods\method1	C:\data\yourdir	PRM_20251218_MarthaReselection_Plate_8_C8	Homo sapiens	Plasma	Plate_8	MarthaReselection	not available	not available	not available	not available	not available	not available	not available	not available	1	AC=EFO:0009656;NT=plasma	run 32	proteomics profiling by mass spectrometry	PRM_20251218_MarthaReselection_Plate_8_C8.RAW	PRM_20251218_MarthaReselection_Plate_8_C8.RAW	NT=Parallel Reaction Monitoring;AC=MS:1002956	AC=MS:1002038;NT=label free sample	1	NT=High-performance liquid chromatography;AC=PRIDE:0000565	1	AC=MS:1001251;NT=Trypsin	not available	NT=Stellar;AC=MS:1003409	NT=Carbamidomethyl;AC=UNIMOD:4;TA=C;MT=Fixed	NT=Higher-energy Collisional Dissociation;AC=MS:1000422	27 NCE	40 ppm	0.05 Da	C
PRM_20251218_MarthaReselection_Plate_8_C9	C	9	MRTH	33	RC9	0.1	C:\Xcalibur\methods\method1	C:\data\yourdir	PRM_20251218_MarthaReselection_Plate_8_C9	Homo sapiens	Plasma	Plate_8	MarthaReselection	not available	not available	not available	not available	not available	not available	not available	not available	1	AC=EFO:0009656;NT=plasma	run 33	proteomics profiling by mass spectrometry	PRM_20251218_MarthaReselection_Plate_8_C9.RAW	PRM_20251218_MarthaReselection_Plate_8_C9.RAW	NT=Parallel Reaction Monitoring;AC=MS:1002956	AC=MS:1002038;NT=label free sample	1	NT=High-performance liquid chromatography;AC=PRIDE:0000565	1	AC=MS:1001251;NT=Trypsin	not available	NT=Stellar;AC=MS:1003409	NT=Carbamidomethyl;AC=UNIMOD:4;TA=C;MT=Fixed	NT=Higher-energy Collisional Dissociation;AC=MS:1000422	27 NCE	40 ppm	0.05 Da	C
PRM_20251218_MarthaReselection_Plate_8_C10	C	10	MRTH	34	RC10	0.1	C:\Xcalibur\methods\method1	C:\data\yourdir	PRM_20251218_MarthaReselection_Plate_8_C10	Homo sapiens	Plasma	Plate_8	MarthaReselection	not available	not available	not available	not available	not available	not available	not available	not available	1	AC=EFO:0009656;NT=plasma	run 34	proteomics profiling by mass spectrometry	PRM_20251218_MarthaReselection_Plate_8_C10.RAW	PRM_20251218_MarthaReselection_Plate_8_C10.RAW	NT=Parallel Reaction Monitoring;AC=MS:1002956	AC=MS:1002038;NT=label free sample	1	NT=High-performance liquid chromatography;AC=PRIDE:0000565	1	AC=MS:1001251;NT=Trypsin	not available	NT=Stellar;AC=MS:1003409	NT=Carbamidomethyl;AC=UNIMOD:4;TA=C;MT=Fixed	NT=Higher-energy Collisional Dissociation;AC=MS:1000422	27 NCE	40 ppm	0.05 Da	C
PRM_20251218_MarthaReselection_Plate_8_C11	C	11	MRTH	35	RC11	0.1	C:\Xcalibur\methods\method1	C:\data\yourdir	PRM_20251218_MarthaReselection_Plate_8_C11	Homo sapiens	Plasma	Plate_8	MarthaReselection	not available	not available	not available	not available	not available	not available	not available	not available	1	AC=EFO:0009656;NT=plasma	run 35	proteomics profiling by mass spectrometry	PRM_20251218_MarthaReselection_Plate_8_C11.RAW	PRM_20251218_MarthaReselection_Plate_8_C11.RAW	NT=Parallel Reaction Monitoring;AC=MS:1002956	AC=MS:1002038;NT=label free sample	1	NT=High-performance liquid chromatography;AC=PRIDE:0000565	1	AC=MS:1001251;NT=Trypsin	not available	NT=Stellar;AC=MS:1003409	NT=Carbamidomethyl;AC=UNIMOD:4;TA=C;MT=Fixed	NT=Higher-energy Collisional Dissociation;AC=MS:1000422	27 NCE	40 ppm	0.05 Da	C
PRM_20251218_MarthaReselection_Plate_8_C12	C	12	MRTH	36	RC12	0.1	C:\Xcalibur\methods\method1	C:\data\yourdir	PRM_20251218_MarthaReselection_Plate_8_C12	Homo sapiens	Plasma	Plate_8	MarthaReselection	not available	not available	not available	not available	not available	not available	not available	not available	1	AC=EFO:0009656;NT=plasma	run 36	proteomics profiling by mass spectrometry	PRM_20251218_MarthaReselection_Plate_8_C12.RAW	PRM_20251218_MarthaReselection_Plate_8_C12.RAW	NT=Parallel Reaction Monitoring;AC=MS:1002956	AC=MS:1002038;NT=label free sample	1	NT=High-performance liquid chromatography;AC=PRIDE:0000565	1	AC=MS:1001251;NT=Trypsin	not available	NT=Stellar;AC=MS:1003409	NT=Carbamidomethyl;AC=UNIMOD:4;TA=C;MT=Fixed	NT=Higher-energy Collisional Dissociation;AC=MS:1000422	27 NCE	40 ppm	0.05 Da	C
PRM_20251218_MarthaReselection_Plate_8_D1	D	1	MRTH	37	RD1	0.1	C:\Xcalibur\methods\method1	C:\data\yourdir	PRM_20251218_MarthaReselection_Plate_8_D1	Homo sapiens	Plasma	Plate_8	MarthaReselection	not available	not available	not available	not available	not available	not available	not available	not available	1	AC=EFO:0009656;NT=plasma	run 37	proteomics profiling by mass spectrometry	PRM_20251218_MarthaReselection_Plate_8_D1.RAW	PRM_20251218_MarthaReselection_Plate_8_D1.RAW	NT=Parallel Reaction Monitoring;AC=MS:1002956	AC=MS:1002038;NT=label free sample	1	NT=High-performance liquid chromatography;AC=PRIDE:0000565	1	AC=MS:1001251;NT=Trypsin	not available	NT=Stellar;AC=MS:1003409	NT=Carbamidomethyl;AC=UNIMOD:4;TA=C;MT=Fixed	NT=Higher-energy Collisional Dissociation;AC=MS:1000422	27 NCE	40 ppm	0.05 Da	D
PRM_20251218_MarthaReselection_Plate_8_D2	D	2	MRTH	38	RD2	0.1	C:\Xcalibur\methods\method1	C:\data\yourdir	PRM_20251218_MarthaReselection_Plate_8_D2	Homo sapiens	Plasma	Plate_8	MarthaReselection	not available	not available	not available	not available	not available	not available	not available	not available	1	AC=EFO:0009656;NT=plasma	run 38	proteomics profiling by mass spectrometry	PRM_20251218_MarthaReselection_Plate_8_D2.RAW	PRM_20251218_MarthaReselection_Plate_8_D2.RAW	NT=Parallel Reaction Monitoring;AC=MS:1002956	AC=MS:1002038;NT=label free sample	1	NT=High-performance liquid chromatography;AC=PRIDE:0000565	1	AC=MS:1001251;NT=Trypsin	not available	NT=Stellar;AC=MS:1003409	NT=Carbamidomethyl;AC=UNIMOD:4;TA=C;MT=Fixed	NT=Higher-energy Collisional Dissociation;AC=MS:1000422	27 NCE	40 ppm	0.05 Da	D
PRM_20251218_MarthaReselection_Plate_8_D3	D	3	MRTH	39	RD3	0.1	C:\Xcalibur\methods\method1	C:\data\yourdir	PRM_20251218_MarthaReselection_Plate_8_D3	Homo sapiens	Plasma	Plate_8	MarthaReselection	not available	not available	not available	not available	not available	not available	not available	not available	1	AC=EFO:0009656;NT=plasma	run 39	proteomics profiling by mass spectrometry	PRM_20251218_MarthaReselection_Plate_8_D3.RAW	PRM_20251218_MarthaReselection_Plate_8_D3.RAW	NT=Parallel Reaction Monitoring;AC=MS:1002956	AC=MS:1002038;NT=label free sample	1	NT=High-performance liquid chromatography;AC=PRIDE:0000565	1	AC=MS:1001251;NT=Trypsin	not available	NT=Stellar;AC=MS:1003409	NT=Carbamidomethyl;AC=UNIMOD:4;TA=C;MT=Fixed	NT=Higher-energy Collisional Dissociation;AC=MS:1000422	27 NCE	40 ppm	0.05 Da	D
PRM_20251218_MarthaReselection_Plate_8_D4	D	4	MRTH	40	RD4	0.1	C:\Xcalibur\methods\method1	C:\data\yourdir	PRM_20251218_MarthaReselection_Plate_8_D4	Homo sapiens	Plasma	Plate_8	MarthaReselection	not available	not available	not available	not available	not available	not available	not available	not available	1	AC=EFO:0009656;NT=plasma	run 40	proteomics profiling by mass spectrometry	PRM_20251218_MarthaReselection_Plate_8_D4.RAW	PRM_20251218_MarthaReselection_Plate_8_D4.RAW	NT=Parallel Reaction Monitoring;AC=MS:1002956	AC=MS:1002038;NT=label free sample	1	NT=High-performance liquid chromatography;AC=PRIDE:0000565	1	AC=MS:1001251;NT=Trypsin	not available	NT=Stellar;AC=MS:1003409	NT=Carbamidomethyl;AC=UNIMOD:4;TA=C;MT=Fixed	NT=Higher-energy Collisional Dissociation;AC=MS:1000422	27 NCE	40 ppm	0.05 Da	D
PRM_20251218_MarthaReselection_Plate_8_D5	D	5	MRTH	41	RD5	0.1	C:\Xcalibur\methods\method1	C:\data\yourdir	PRM_20251218_MarthaReselection_Plate_8_D5	Homo sapiens	Plasma	Plate_8	MarthaReselection	not available	not available	not available	not available	not available	not available	not available	not available	1	AC=EFO:0009656;NT=plasma	run 41	proteomics profiling by mass spectrometry	PRM_20251218_MarthaReselection_Plate_8_D5.RAW	PRM_20251218_MarthaReselection_Plate_8_D5.RAW	NT=Parallel Reaction Monitoring;AC=MS:1002956	AC=MS:1002038;NT=label free sample	1	NT=High-performance liquid chromatography;AC=PRIDE:0000565	1	AC=MS:1001251;NT=Trypsin	not available	NT=Stellar;AC=MS:1003409	NT=Carbamidomethyl;AC=UNIMOD:4;TA=C;MT=Fixed	NT=Higher-energy Collisional Dissociation;AC=MS:1000422	27 NCE	40 ppm	0.05 Da	D
PRM_20251218_MarthaReselection_Plate_8_D6	D	6	MRTH	42	RD6	0.1	C:\Xcalibur\methods\method1	C:\data\yourdir	PRM_20251218_MarthaReselection_Plate_8_D6	Homo sapiens	Plasma	Plate_8	MarthaReselection	not available	not available	not available	not available	not available	not available	not available	not available	1	AC=EFO:0009656;NT=plasma	run 42	proteomics profiling by mass spectrometry	PRM_20251218_MarthaReselection_Plate_8_D6.RAW	PRM_20251218_MarthaReselection_Plate_8_D6.RAW	NT=Parallel Reaction Monitoring;AC=MS:1002956	AC=MS:1002038;NT=label free sample	1	NT=High-performance liquid chromatography;AC=PRIDE:0000565	1	AC=MS:1001251;NT=Trypsin	not available	NT=Stellar;AC=MS:1003409	NT=Carbamidomethyl;AC=UNIMOD:4;TA=C;MT=Fixed	NT=Higher-energy Collisional Dissociation;AC=MS:1000422	27 NCE	40 ppm	0.05 Da	D
PRM_20251218_MarthaReselection_Plate_8_D7	D	7	MRTH	43	RD7	0.1	C:\Xcalibur\methods\method1	C:\data\yourdir	PRM_20251218_MarthaReselection_Plate_8_D7	Homo sapiens	Plasma	Plate_8	MarthaReselection	not available	not available	not available	not available	not available	not available	not available	not available	1	AC=EFO:0009656;NT=plasma	run 43	proteomics profiling by mass spectrometry	PRM_20251218_MarthaReselection_Plate_8_D7.RAW	PRM_20251218_MarthaReselection_Plate_8_D7.RAW	NT=Parallel Reaction Monitoring;AC=MS:1002956	AC=MS:1002038;NT=label free sample	1	NT=High-performance liquid chromatography;AC=PRIDE:0000565	1	AC=MS:1001251;NT=Trypsin	not available	NT=Stellar;AC=MS:1003409	NT=Carbamidomethyl;AC=UNIMOD:4;TA=C;MT=Fixed	NT=Higher-energy Collisional Dissociation;AC=MS:1000422	27 NCE	40 ppm	0.05 Da	D
PRM_20251218_MarthaReselection_Plate_8_D8	D	8	MRTH	44	RD8	0.1	C:\Xcalibur\methods\method1	C:\data\yourdir	PRM_20251218_MarthaReselection_Plate_8_D8	Homo sapiens	Plasma	Plate_8	MarthaReselection	not available	not available	not available	not available	not available	not available	not available	not available	1	AC=EFO:0009656;NT=plasma	run 44	proteomics profiling by mass spectrometry	PRM_20251218_MarthaReselection_Plate_8_D8.RAW	PRM_20251218_MarthaReselection_Plate_8_D8.RAW	NT=Parallel Reaction Monitoring;AC=MS:1002956	AC=MS:1002038;NT=label free sample	1	NT=High-performance liquid chromatography;AC=PRIDE:0000565	1	AC=MS:1001251;NT=Trypsin	not available	NT=Stellar;AC=MS:1003409	NT=Carbamidomethyl;AC=UNIMOD:4;TA=C;MT=Fixed	NT=Higher-energy Collisional Dissociation;AC=MS:1000422	27 NCE	40 ppm	0.05 Da	D
PRM_20251218_MarthaReselection_Plate_8_D9	D	9	MRTH	45	RD9	0.1	C:\Xcalibur\methods\method1	C:\data\yourdir	PRM_20251218_MarthaReselection_Plate_8_D9	Homo sapiens	Plasma	Plate_8	MarthaReselection	not available	not available	not available	not available	not available	not available	not available	not available	1	AC=EFO:0009656;NT=plasma	run 45	proteomics profiling by mass spectrometry	PRM_20251218_MarthaReselection_Plate_8_D9.RAW	PRM_20251218_MarthaReselection_Plate_8_D9.RAW	NT=Parallel Reaction Monitoring;AC=MS:1002956	AC=MS:1002038;NT=label free sample	1	NT=High-performance liquid chromatography;AC=PRIDE:0000565	1	AC=MS:1001251;NT=Trypsin	not available	NT=Stellar;AC=MS:1003409	NT=Carbamidomethyl;AC=UNIMOD:4;TA=C;MT=Fixed	NT=Higher-energy Collisional Dissociation;AC=MS:1000422	27 NCE	40 ppm	0.05 Da	D
PRM_20251218_MarthaReselection_Plate_8_D10	D	10	MRTH	46	RD10	0.1	C:\Xcalibur\methods\method1	C:\data\yourdir	PRM_20251218_MarthaReselection_Plate_8_D10	Homo sapiens	Plasma	Plate_8	MarthaReselection	not available	not available	not available	not available	not available	not available	not available	not available	1	AC=EFO:0009656;NT=plasma	run 46	proteomics profiling by mass spectrometry	PRM_20251218_MarthaReselection_Plate_8_D10.RAW	PRM_20251218_MarthaReselection_Plate_8_D10.RAW	NT=Parallel Reaction Monitoring;AC=MS:1002956	AC=MS:1002038;NT=label free sample	1	NT=High-performance liquid chromatography;AC=PRIDE:0000565	1	AC=MS:1001251;NT=Trypsin	not available	NT=Stellar;AC=MS:1003409	NT=Carbamidomethyl;AC=UNIMOD:4;TA=C;MT=Fixed	NT=Higher-energy Collisional Dissociation;AC=MS:1000422	27 NCE	40 ppm	0.05 Da	D
PRM_20251218_MarthaReselection_Plate_8_D11	D	11	MRTH	47	RD11	0.1	C:\Xcalibur\methods\method1	C:\data\yourdir	PRM_20251218_MarthaReselection_Plate_8_D11	Homo sapiens	Plasma	Plate_8	MarthaReselection	not available	not available	not available	not available	not available	not available	not available	not available	1	AC=EFO:0009656;NT=plasma	run 47	proteomics profiling by mass spectrometry	PRM_20251218_MarthaReselection_Plate_8_D11.RAW	PRM_20251218_MarthaReselection_Plate_8_D11.RAW	NT=Parallel Reaction Monitoring;AC=MS:1002956	AC=MS:1002038;NT=label free sample	1	NT=High-performance liquid chromatography;AC=PRIDE:0000565	1	AC=MS:1001251;NT=Trypsin	not available	NT=Stellar;AC=MS:1003409	NT=Carbamidomethyl;AC=UNIMOD:4;TA=C;MT=Fixed	NT=Higher-energy Collisional Dissociation;AC=MS:1000422	27 NCE	40 ppm	0.05 Da	D
PRM_20251218_MarthaReselection_Plate_8_D12	D	12	MRTH	48	RD12	0.1	C:\Xcalibur\methods\method1	C:\data\yourdir	PRM_20251218_MarthaReselection_Plate_8_D12	Homo sapiens	Plasma	Plate_8	MarthaReselection	not available	not available	not available	not available	not available	not available	not available	not available	1	AC=EFO:0009656;NT=plasma	run 48	proteomics profiling by mass spectrometry	PRM_20251218_MarthaReselection_Plate_8_D12.RAW	PRM_20251218_MarthaReselection_Plate_8_D12.RAW	NT=Parallel Reaction Monitoring;AC=MS:1002956	AC=MS:1002038;NT=label free sample	1	NT=High-performance liquid chromatography;AC=PRIDE:0000565	1	AC=MS:1001251;NT=Trypsin	not available	NT=Stellar;AC=MS:1003409	NT=Carbamidomethyl;AC=UNIMOD:4;TA=C;MT=Fixed	NT=Higher-energy Collisional Dissociation;AC=MS:1000422	27 NCE	40 ppm	0.05 Da	D
PRM_20251218_MarthaReselection_Plate_8_E1	E	1	MRTH	49	RE1	0.1	C:\Xcalibur\methods\method1	C:\data\yourdir	PRM_20251218_MarthaReselection_Plate_8_E1	Homo sapiens	Plasma	Plate_8	MarthaReselection	not available	not available	not available	not available	not available	not available	not available	not available	1	AC=EFO:0009656;NT=plasma	run 49	proteomics profiling by mass spectrometry	PRM_20251218_MarthaReselection_Plate_8_E1.RAW	PRM_20251218_MarthaReselection_Plate_8_E1.RAW	NT=Parallel Reaction Monitoring;AC=MS:1002956	AC=MS:1002038;NT=label free sample	1	NT=High-performance liquid chromatography;AC=PRIDE:0000565	1	AC=MS:1001251;NT=Trypsin	not available	NT=Stellar;AC=MS:1003409	NT=Carbamidomethyl;AC=UNIMOD:4;TA=C;MT=Fixed	NT=Higher-energy Collisional Dissociation;AC=MS:1000422	27 NCE	40 ppm	0.05 Da	E
PRM_20251218_MarthaReselection_Plate_8_E2	E	2	MRTH	50	RE2	0.1	C:\Xcalibur\methods\method1	C:\data\yourdir	PRM_20251218_MarthaReselection_Plate_8_E2	Homo sapiens	Plasma	Plate_8	MarthaReselection	not available	not available	not available	not available	not available	not available	not available	not available	1	AC=EFO:0009656;NT=plasma	run 50	proteomics profiling by mass spectrometry	PRM_20251218_MarthaReselection_Plate_8_E2.RAW	PRM_20251218_MarthaReselection_Plate_8_E2.RAW	NT=Parallel Reaction Monitoring;AC=MS:1002956	AC=MS:1002038;NT=label free sample	1	NT=High-performance liquid chromatography;AC=PRIDE:0000565	1	AC=MS:1001251;NT=Trypsin	not available	NT=Stellar;AC=MS:1003409	NT=Carbamidomethyl;AC=UNIMOD:4;TA=C;MT=Fixed	NT=Higher-energy Collisional Dissociation;AC=MS:1000422	27 NCE	40 ppm	0.05 Da	E
PRM_20251218_MarthaReselection_Plate_8_E3	E	3	MRTH	51	RE3	0.1	C:\Xcalibur\methods\method1	C:\data\yourdir	PRM_20251218_MarthaReselection_Plate_8_E3	Homo sapiens	Plasma	Plate_8	MarthaReselection	not available	not available	not available	not available	not available	not available	not available	not available	1	AC=EFO:0009656;NT=plasma	run 51	proteomics profiling by mass spectrometry	PRM_20251218_MarthaReselection_Plate_8_E3.RAW	PRM_20251218_MarthaReselection_Plate_8_E3.RAW	NT=Parallel Reaction Monitoring;AC=MS:1002956	AC=MS:1002038;NT=label free sample	1	NT=High-performance liquid chromatography;AC=PRIDE:0000565	1	AC=MS:1001251;NT=Trypsin	not available	NT=Stellar;AC=MS:1003409	NT=Carbamidomethyl;AC=UNIMOD:4;TA=C;MT=Fixed	NT=Higher-energy Collisional Dissociation;AC=MS:1000422	27 NCE	40 ppm	0.05 Da	E
PRM_20251218_MarthaReselection_Plate_8_E4	E	4	MRTH	52	RE4	0.1	C:\Xcalibur\methods\method1	C:\data\yourdir	PRM_20251218_MarthaReselection_Plate_8_E4	Homo sapiens	Plasma	Plate_8	MarthaReselection	not available	not available	not available	not available	not available	not available	not available	not available	1	AC=EFO:0009656;NT=plasma	run 52	proteomics profiling by mass spectrometry	PRM_20251218_MarthaReselection_Plate_8_E4.RAW	PRM_20251218_MarthaReselection_Plate_8_E4.RAW	NT=Parallel Reaction Monitoring;AC=MS:1002956	AC=MS:1002038;NT=label free sample	1	NT=High-performance liquid chromatography;AC=PRIDE:0000565	1	AC=MS:1001251;NT=Trypsin	not available	NT=Stellar;AC=MS:1003409	NT=Carbamidomethyl;AC=UNIMOD:4;TA=C;MT=Fixed	NT=Higher-energy Collisional Dissociation;AC=MS:1000422	27 NCE	40 ppm	0.05 Da	E
PRM_20251218_MarthaReselection_Plate_8_E5	E	5	MRTH	53	RE5	0.1	C:\Xcalibur\methods\method1	C:\data\yourdir	PRM_20251218_MarthaReselection_Plate_8_E5	Homo sapiens	Plasma	Plate_8	MarthaReselection	not available	not available	not available	not available	not available	not available	not available	not available	1	AC=EFO:0009656;NT=plasma	run 53	proteomics profiling by mass spectrometry	PRM_20251218_MarthaReselection_Plate_8_E5.RAW	PRM_20251218_MarthaReselection_Plate_8_E5.RAW	NT=Parallel Reaction Monitoring;AC=MS:1002956	AC=MS:1002038;NT=label free sample	1	NT=High-performance liquid chromatography;AC=PRIDE:0000565	1	AC=MS:1001251;NT=Trypsin	not available	NT=Stellar;AC=MS:1003409	NT=Carbamidomethyl;AC=UNIMOD:4;TA=C;MT=Fixed	NT=Higher-energy Collisional Dissociation;AC=MS:1000422	27 NCE	40 ppm	0.05 Da	E
PRM_20251218_MarthaReselection_Plate_8_E6	E	6	MRTH	54	RE6	0.1	C:\Xcalibur\methods\method1	C:\data\yourdir	PRM_20251218_MarthaReselection_Plate_8_E6	Homo sapiens	Plasma	Plate_8	MarthaReselection	not available	not available	not available	not available	not available	not available	not available	not available	1	AC=EFO:0009656;NT=plasma	run 54	proteomics profiling by mass spectrometry	PRM_20251218_MarthaReselection_Plate_8_E6.RAW	PRM_20251218_MarthaReselection_Plate_8_E6.RAW	NT=Parallel Reaction Monitoring;AC=MS:1002956	AC=MS:1002038;NT=label free sample	1	NT=High-performance liquid chromatography;AC=PRIDE:0000565	1	AC=MS:1001251;NT=Trypsin	not available	NT=Stellar;AC=MS:1003409	NT=Carbamidomethyl;AC=UNIMOD:4;TA=C;MT=Fixed	NT=Higher-energy Collisional Dissociation;AC=MS:1000422	27 NCE	40 ppm	0.05 Da	E
PRM_20251218_MarthaReselection_Plate_8_E7	E	7	MRTH	55	RE7	0.1	C:\Xcalibur\methods\method1	C:\data\yourdir	PRM_20251218_MarthaReselection_Plate_8_E7	Homo sapiens	Plasma	Plate_8	MarthaReselection	not available	not available	not available	not available	not available	not available	not available	not available	1	AC=EFO:0009656;NT=plasma	run 55	proteomics profiling by mass spectrometry	PRM_20251218_MarthaReselection_Plate_8_E7.RAW	PRM_20251218_MarthaReselection_Plate_8_E7.RAW	NT=Parallel Reaction Monitoring;AC=MS:1002956	AC=MS:1002038;NT=label free sample	1	NT=High-performance liquid chromatography;AC=PRIDE:0000565	1	AC=MS:1001251;NT=Trypsin	not available	NT=Stellar;AC=MS:1003409	NT=Carbamidomethyl;AC=UNIMOD:4;TA=C;MT=Fixed	NT=Higher-energy Collisional Dissociation;AC=MS:1000422	27 NCE	40 ppm	0.05 Da	E
PRM_20251218_MarthaReselection_Plate_8_E8	E	8	MRTH	56	RE8	0.1	C:\Xcalibur\methods\method1	C:\data\yourdir	PRM_20251218_MarthaReselection_Plate_8_E8	Homo sapiens	Plasma	Plate_8	MarthaReselection	not available	not available	not available	not available	not available	not available	not available	not available	1	AC=EFO:0009656;NT=plasma	run 56	proteomics profiling by mass spectrometry	PRM_20251218_MarthaReselection_Plate_8_E8.RAW	PRM_20251218_MarthaReselection_Plate_8_E8.RAW	NT=Parallel Reaction Monitoring;AC=MS:1002956	AC=MS:1002038;NT=label free sample	1	NT=High-performance liquid chromatography;AC=PRIDE:0000565	1	AC=MS:1001251;NT=Trypsin	not available	NT=Stellar;AC=MS:1003409	NT=Carbamidomethyl;AC=UNIMOD:4;TA=C;MT=Fixed	NT=Higher-energy Collisional Dissociation;AC=MS:1000422	27 NCE	40 ppm	0.05 Da	E
PRM_20251218_MarthaReselection_Plate_8_E9	E	9	MRTH	57	RE9	0.1	C:\Xcalibur\methods\method1	C:\data\yourdir	PRM_20251218_MarthaReselection_Plate_8_E9	Homo sapiens	Plasma	Plate_8	MarthaReselection	not available	not available	not available	not available	not available	not available	not available	not available	1	AC=EFO:0009656;NT=plasma	run 57	proteomics profiling by mass spectrometry	PRM_20251218_MarthaReselection_Plate_8_E9.RAW	PRM_20251218_MarthaReselection_Plate_8_E9.RAW	NT=Parallel Reaction Monitoring;AC=MS:1002956	AC=MS:1002038;NT=label free sample	1	NT=High-performance liquid chromatography;AC=PRIDE:0000565	1	AC=MS:1001251;NT=Trypsin	not available	NT=Stellar;AC=MS:1003409	NT=Carbamidomethyl;AC=UNIMOD:4;TA=C;MT=Fixed	NT=Higher-energy Collisional Dissociation;AC=MS:1000422	27 NCE	40 ppm	0.05 Da	E
PRM_20251218_MarthaReselection_Plate_8_E10	E	10	MRTH	58	RE10	0.1	C:\Xcalibur\methods\method1	C:\data\yourdir	PRM_20251218_MarthaReselection_Plate_8_E10	Homo sapiens	Plasma	Plate_8	MarthaReselection	not available	not available	not available	not available	not available	not available	not available	not available	1	AC=EFO:0009656;NT=plasma	run 58	proteomics profiling by mass spectrometry	PRM_20251218_MarthaReselection_Plate_8_E10.RAW	PRM_20251218_MarthaReselection_Plate_8_E10.RAW	NT=Parallel Reaction Monitoring;AC=MS:1002956	AC=MS:1002038;NT=label free sample	1	NT=High-performance liquid chromatography;AC=PRIDE:0000565	1	AC=MS:1001251;NT=Trypsin	not available	NT=Stellar;AC=MS:1003409	NT=Carbamidomethyl;AC=UNIMOD:4;TA=C;MT=Fixed	NT=Higher-energy Collisional Dissociation;AC=MS:1000422	27 NCE	40 ppm	0.05 Da	E
PRM_20251218_MarthaReselection_Plate_8_E11	E	11	MRTH	59	RE11	0.1	C:\Xcalibur\methods\method1	C:\data\yourdir	PRM_20251218_MarthaReselection_Plate_8_E11	Homo sapiens	Plasma	Plate_8	MarthaReselection	not available	not available	not available	not available	not available	not available	not available	not available	1	AC=EFO:0009656;NT=plasma	run 59	proteomics profiling by mass spectrometry	PRM_20251218_MarthaReselection_Plate_8_E11.RAW	PRM_20251218_MarthaReselection_Plate_8_E11.RAW	NT=Parallel Reaction Monitoring;AC=MS:1002956	AC=MS:1002038;NT=label free sample	1	NT=High-performance liquid chromatography;AC=PRIDE:0000565	1	AC=MS:1001251;NT=Trypsin	not available	NT=Stellar;AC=MS:1003409	NT=Carbamidomethyl;AC=UNIMOD:4;TA=C;MT=Fixed	NT=Higher-energy Collisional Dissociation;AC=MS:1000422	27 NCE	40 ppm	0.05 Da	E
PRM_20251218_MarthaReselection_Plate_8_E12	E	12	MRTH	60	RE12	0.1	C:\Xcalibur\methods\method1	C:\data\yourdir	PRM_20251218_MarthaReselection_Plate_8_E12	Homo sapiens	Plasma	Plate_8	MarthaReselection	not available	not available	not available	not available	not available	not available	not available	not available	1	AC=EFO:0009656;NT=plasma	run 60	proteomics profiling by mass spectrometry	PRM_20251218_MarthaReselection_Plate_8_E12.RAW	PRM_20251218_MarthaReselection_Plate_8_E12.RAW	NT=Parallel Reaction Monitoring;AC=MS:1002956	AC=MS:1002038;NT=label free sample	1	NT=High-performance liquid chromatography;AC=PRIDE:0000565	1	AC=MS:1001251;NT=Trypsin	not available	NT=Stellar;AC=MS:1003409	NT=Carbamidomethyl;AC=UNIMOD:4;TA=C;MT=Fixed	NT=Higher-energy Collisional Dissociation;AC=MS:1000422	27 NCE	40 ppm	0.05 Da	E
PRM_20251218_MarthaReselection_Plate_8_F1	F	1	MRTH	61	RF1	0.1	C:\Xcalibur\methods\method1	C:\data\yourdir	PRM_20251218_MarthaReselection_Plate_8_F1	Homo sapiens	Plasma	Plate_8	MarthaReselection	not available	not available	not available	not available	not available	not available	not available	not available	1	AC=EFO:0009656;NT=plasma	run 61	proteomics profiling by mass spectrometry	PRM_20251218_MarthaReselection_Plate_8_F1.RAW	PRM_20251218_MarthaReselection_Plate_8_F1.RAW	NT=Parallel Reaction Monitoring;AC=MS:1002956	AC=MS:1002038;NT=label free sample	1	NT=High-performance liquid chromatography;AC=PRIDE:0000565	1	AC=MS:1001251;NT=Trypsin	not available	NT=Stellar;AC=MS:1003409	NT=Carbamidomethyl;AC=UNIMOD:4;TA=C;MT=Fixed	NT=Higher-energy Collisional Dissociation;AC=MS:1000422	27 NCE	40 ppm	0.05 Da	F
PRM_20251218_MarthaReselection_Plate_8_F2	F	2	MRTH	62	RF2	0.1	C:\Xcalibur\methods\method1	C:\data\yourdir	PRM_20251218_MarthaReselection_Plate_8_F2	Homo sapiens	Plasma	Plate_8	MarthaReselection	not available	not available	not available	not available	not available	not available	not available	not available	1	AC=EFO:0009656;NT=plasma	run 62	proteomics profiling by mass spectrometry	PRM_20251218_MarthaReselection_Plate_8_F2.RAW	PRM_20251218_MarthaReselection_Plate_8_F2.RAW	NT=Parallel Reaction Monitoring;AC=MS:1002956	AC=MS:1002038;NT=label free sample	1	NT=High-performance liquid chromatography;AC=PRIDE:0000565	1	AC=MS:1001251;NT=Trypsin	not available	NT=Stellar;AC=MS:1003409	NT=Carbamidomethyl;AC=UNIMOD:4;TA=C;MT=Fixed	NT=Higher-energy Collisional Dissociation;AC=MS:1000422	27 NCE	40 ppm	0.05 Da	F
PRM_20251218_MarthaReselection_Plate_8_F3	F	3	MRTH	63	RF3	0.1	C:\Xcalibur\methods\method1	C:\data\yourdir	PRM_20251218_MarthaReselection_Plate_8_F3	Homo sapiens	Plasma	Plate_8	MarthaReselection	not available	not available	not available	not available	not available	not available	not available	not available	1	AC=EFO:0009656;NT=plasma	run 63	proteomics profiling by mass spectrometry	PRM_20251218_MarthaReselection_Plate_8_F3.RAW	PRM_20251218_MarthaReselection_Plate_8_F3.RAW	NT=Parallel Reaction Monitoring;AC=MS:1002956	AC=MS:1002038;NT=label free sample	1	NT=High-performance liquid chromatography;AC=PRIDE:0000565	1	AC=MS:1001251;NT=Trypsin	not available	NT=Stellar;AC=MS:1003409	NT=Carbamidomethyl;AC=UNIMOD:4;TA=C;MT=Fixed	NT=Higher-energy Collisional Dissociation;AC=MS:1000422	27 NCE	40 ppm	0.05 Da	F
PRM_20251218_MarthaReselection_Plate_8_F4	F	4	MRTH	64	RF4	0.1	C:\Xcalibur\methods\method1	C:\data\yourdir	PRM_20251218_MarthaReselection_Plate_8_F4	Homo sapiens	Plasma	Plate_8	MarthaReselection	not available	not available	not available	not available	not available	not available	not available	not available	1	AC=EFO:0009656;NT=plasma	run 64	proteomics profiling by mass spectrometry	PRM_20251218_MarthaReselection_Plate_8_F4.RAW	PRM_20251218_MarthaReselection_Plate_8_F4.RAW	NT=Parallel Reaction Monitoring;AC=MS:1002956	AC=MS:1002038;NT=label free sample	1	NT=High-performance liquid chromatography;AC=PRIDE:0000565	1	AC=MS:1001251;NT=Trypsin	not available	NT=Stellar;AC=MS:1003409	NT=Carbamidomethyl;AC=UNIMOD:4;TA=C;MT=Fixed	NT=Higher-energy Collisional Dissociation;AC=MS:1000422	27 NCE	40 ppm	0.05 Da	F
PRM_20251218_MarthaReselection_Plate_8_F5	F	5	MRTH	65	RF5	0.1	C:\Xcalibur\methods\method1	C:\data\yourdir	PRM_20251218_MarthaReselection_Plate_8_F5	Homo sapiens	Plasma	Plate_8	MarthaReselection	not available	not available	not available	not available	not available	not available	not available	not available	1	AC=EFO:0009656;NT=plasma	run 65	proteomics profiling by mass spectrometry	PRM_20251218_MarthaReselection_Plate_8_F5.RAW	PRM_20251218_MarthaReselection_Plate_8_F5.RAW	NT=Parallel Reaction Monitoring;AC=MS:1002956	AC=MS:1002038;NT=label free sample	1	NT=High-performance liquid chromatography;AC=PRIDE:0000565	1	AC=MS:1001251;NT=Trypsin	not available	NT=Stellar;AC=MS:1003409	NT=Carbamidomethyl;AC=UNIMOD:4;TA=C;MT=Fixed	NT=Higher-energy Collisional Dissociation;AC=MS:1000422	27 NCE	40 ppm	0.05 Da	F
PRM_20251218_MarthaReselection_Plate_8_F6	F	6	MRTH	66	RF6	0.1	C:\Xcalibur\methods\method1	C:\data\yourdir	PRM_20251218_MarthaReselection_Plate_8_F6	Homo sapiens	Plasma	Plate_8	MarthaReselection	not available	not available	not available	not available	not available	not available	not available	not available	1	AC=EFO:0009656;NT=plasma	run 66	proteomics profiling by mass spectrometry	PRM_20251218_MarthaReselection_Plate_8_F6.RAW	PRM_20251218_MarthaReselection_Plate_8_F6.RAW	NT=Parallel Reaction Monitoring;AC=MS:1002956	AC=MS:1002038;NT=label free sample	1	NT=High-performance liquid chromatography;AC=PRIDE:0000565	1	AC=MS:1001251;NT=Trypsin	not available	NT=Stellar;AC=MS:1003409	NT=Carbamidomethyl;AC=UNIMOD:4;TA=C;MT=Fixed	NT=Higher-energy Collisional Dissociation;AC=MS:1000422	27 NCE	40 ppm	0.05 Da	F
PRM_20251218_MarthaReselection_Plate_8_F7	F	7	MRTH	67	RF7	0.1	C:\Xcalibur\methods\method1	C:\data\yourdir	PRM_20251218_MarthaReselection_Plate_8_F7	Homo sapiens	Plasma	Plate_8	MarthaReselection	not available	not available	not available	not available	not available	not available	not available	not available	1	AC=EFO:0009656;NT=plasma	run 67	proteomics profiling by mass spectrometry	PRM_20251218_MarthaReselection_Plate_8_F7.RAW	PRM_20251218_MarthaReselection_Plate_8_F7.RAW	NT=Parallel Reaction Monitoring;AC=MS:1002956	AC=MS:1002038;NT=label free sample	1	NT=High-performance liquid chromatography;AC=PRIDE:0000565	1	AC=MS:1001251;NT=Trypsin	not available	NT=Stellar;AC=MS:1003409	NT=Carbamidomethyl;AC=UNIMOD:4;TA=C;MT=Fixed	NT=Higher-energy Collisional Dissociation;AC=MS:1000422	27 NCE	40 ppm	0.05 Da	F
PRM_20251218_MarthaReselection_Plate_8_F8	F	8	MRTH	68	RF8	0.1	C:\Xcalibur\methods\method1	C:\data\yourdir	PRM_20251218_MarthaReselection_Plate_8_F8	Homo sapiens	Plasma	Plate_8	MarthaReselection	not available	not available	not available	not available	not available	not available	not available	not available	1	AC=EFO:0009656;NT=plasma	run 68	proteomics profiling by mass spectrometry	PRM_20251218_MarthaReselection_Plate_8_F8.RAW	PRM_20251218_MarthaReselection_Plate_8_F8.RAW	NT=Parallel Reaction Monitoring;AC=MS:1002956	AC=MS:1002038;NT=label free sample	1	NT=High-performance liquid chromatography;AC=PRIDE:0000565	1	AC=MS:1001251;NT=Trypsin	not available	NT=Stellar;AC=MS:1003409	NT=Carbamidomethyl;AC=UNIMOD:4;TA=C;MT=Fixed	NT=Higher-energy Collisional Dissociation;AC=MS:1000422	27 NCE	40 ppm	0.05 Da	F
PRM_20251218_MarthaReselection_Plate_8_F9	F	9	MRTH	69	RF9	0.1	C:\Xcalibur\methods\method1	C:\data\yourdir	PRM_20251218_MarthaReselection_Plate_8_F9	Homo sapiens	Plasma	Plate_8	MarthaReselection	not available	not available	not available	not available	not available	not available	not available	not available	1	AC=EFO:0009656;NT=plasma	run 69	proteomics profiling by mass spectrometry	PRM_20251218_MarthaReselection_Plate_8_F9.RAW	PRM_20251218_MarthaReselection_Plate_8_F9.RAW	NT=Parallel Reaction Monitoring;AC=MS:1002956	AC=MS:1002038;NT=label free sample	1	NT=High-performance liquid chromatography;AC=PRIDE:0000565	1	AC=MS:1001251;NT=Trypsin	not available	NT=Stellar;AC=MS:1003409	NT=Carbamidomethyl;AC=UNIMOD:4;TA=C;MT=Fixed	NT=Higher-energy Collisional Dissociation;AC=MS:1000422	27 NCE	40 ppm	0.05 Da	F
PRM_20251218_MarthaReselection_Plate_8_F10	F	10	MRTH	70	RF10	0.1	C:\Xcalibur\methods\method1	C:\data\yourdir	PRM_20251218_MarthaReselection_Plate_8_F10	Homo sapiens	Plasma	Plate_8	MarthaReselection	not available	not available	not available	not available	not available	not available	not available	not available	1	AC=EFO:0009656;NT=plasma	run 70	proteomics profiling by mass spectrometry	PRM_20251218_MarthaReselection_Plate_8_F10.RAW	PRM_20251218_MarthaReselection_Plate_8_F10.RAW	NT=Parallel Reaction Monitoring;AC=MS:1002956	AC=MS:1002038;NT=label free sample	1	NT=High-performance liquid chromatography;AC=PRIDE:0000565	1	AC=MS:1001251;NT=Trypsin	not available	NT=Stellar;AC=MS:1003409	NT=Carbamidomethyl;AC=UNIMOD:4;TA=C;MT=Fixed	NT=Higher-energy Collisional Dissociation;AC=MS:1000422	27 NCE	40 ppm	0.05 Da	F
PRM_20251218_MarthaReselection_Plate_8_F11	F	11	MRTH	71	RF11	0.1	C:\Xcalibur\methods\method1	C:\data\yourdir	PRM_20251218_MarthaReselection_Plate_8_F11	Homo sapiens	Plasma	Plate_8	MarthaReselection	not available	not available	not available	not available	not available	not available	not available	not available	1	AC=EFO:0009656;NT=plasma	run 71	proteomics profiling by mass spectrometry	PRM_20251218_MarthaReselection_Plate_8_F11.RAW	PRM_20251218_MarthaReselection_Plate_8_F11.RAW	NT=Parallel Reaction Monitoring;AC=MS:1002956	AC=MS:1002038;NT=label free sample	1	NT=High-performance liquid chromatography;AC=PRIDE:0000565	1	AC=MS:1001251;NT=Trypsin	not available	NT=Stellar;AC=MS:1003409	NT=Carbamidomethyl;AC=UNIMOD:4;TA=C;MT=Fixed	NT=Higher-energy Collisional Dissociation;AC=MS:1000422	27 NCE	40 ppm	0.05 Da	F
PRM_20251218_MarthaReselection_Plate_8_F12	F	12	Pool	72	RF12	0.1	C:\Xcalibur\methods\method1	C:\data\yourdir	PRM_20251218_MarthaReselection_Plate_8_F12	Homo sapiens	Plasma	Plate_8	MarthaReselection	not available	not available	not available	not available	not available	not available	not available	not available	1	AC=EFO:0009656;NT=plasma	run 72	proteomics profiling by mass spectrometry	PRM_20251218_MarthaReselection_Plate_8_F12.RAW	PRM_20251218_MarthaReselection_Plate_8_F12.RAW	NT=Parallel Reaction Monitoring;AC=MS:1002956	AC=MS:1002038;NT=label free sample	1	NT=High-performance liquid chromatography;AC=PRIDE:0000565	1	AC=MS:1001251;NT=Trypsin	not available	NT=Stellar;AC=MS:1003409	NT=Carbamidomethyl;AC=UNIMOD:4;TA=C;MT=Fixed	NT=Higher-energy Collisional Dissociation;AC=MS:1000422	27 NCE	40 ppm	0.05 Da	F
PRM_20251218_MarthaReselection_Plate_8_G1	G	1	MRTH	73	RG1	0.1	C:\Xcalibur\methods\method1	C:\data\yourdir	PRM_20251218_MarthaReselection_Plate_8_G1	Homo sapiens	Plasma	Plate_8	MarthaReselection	not available	not available	not available	not available	not available	not available	not available	not available	1	AC=EFO:0009656;NT=plasma	run 73	proteomics profiling by mass spectrometry	PRM_20251218_MarthaReselection_Plate_8_G1.RAW	PRM_20251218_MarthaReselection_Plate_8_G1.RAW	NT=Parallel Reaction Monitoring;AC=MS:1002956	AC=MS:1002038;NT=label free sample	1	NT=High-performance liquid chromatography;AC=PRIDE:0000565	1	AC=MS:1001251;NT=Trypsin	not available	NT=Stellar;AC=MS:1003409	NT=Carbamidomethyl;AC=UNIMOD:4;TA=C;MT=Fixed	NT=Higher-energy Collisional Dissociation;AC=MS:1000422	27 NCE	40 ppm	0.05 Da	G
PRM_20251218_MarthaReselection_Plate_8_G2	G	2	MRTH	74	RG2	0.1	C:\Xcalibur\methods\method1	C:\data\yourdir	PRM_20251218_MarthaReselection_Plate_8_G2	Homo sapiens	Plasma	Plate_8	MarthaReselection	not available	not available	not available	not available	not available	not available	not available	not available	1	AC=EFO:0009656;NT=plasma	run 74	proteomics profiling by mass spectrometry	PRM_20251218_MarthaReselection_Plate_8_G2.RAW	PRM_20251218_MarthaReselection_Plate_8_G2.RAW	NT=Parallel Reaction Monitoring;AC=MS:1002956	AC=MS:1002038;NT=label free sample	1	NT=High-performance liquid chromatography;AC=PRIDE:0000565	1	AC=MS:1001251;NT=Trypsin	not available	NT=Stellar;AC=MS:1003409	NT=Carbamidomethyl;AC=UNIMOD:4;TA=C;MT=Fixed	NT=Higher-energy Collisional Dissociation;AC=MS:1000422	27 NCE	40 ppm	0.05 Da	G
PRM_20251218_MarthaReselection_Plate_8_G3	G	3	MRTH	75	RG3	0.1	C:\Xcalibur\methods\method1	C:\data\yourdir	PRM_20251218_MarthaReselection_Plate_8_G3	Homo sapiens	Plasma	Plate_8	MarthaReselection	not available	not available	not available	not available	not available	not available	not available	not available	1	AC=EFO:0009656;NT=plasma	run 75	proteomics profiling by mass spectrometry	PRM_20251218_MarthaReselection_Plate_8_G3.RAW	PRM_20251218_MarthaReselection_Plate_8_G3.RAW	NT=Parallel Reaction Monitoring;AC=MS:1002956	AC=MS:1002038;NT=label free sample	1	NT=High-performance liquid chromatography;AC=PRIDE:0000565	1	AC=MS:1001251;NT=Trypsin	not available	NT=Stellar;AC=MS:1003409	NT=Carbamidomethyl;AC=UNIMOD:4;TA=C;MT=Fixed	NT=Higher-energy Collisional Dissociation;AC=MS:1000422	27 NCE	40 ppm	0.05 Da	G
PRM_20251218_MarthaReselection_Plate_8_G4	G	4	MRTH	76	RG4	0.1	C:\Xcalibur\methods\method1	C:\data\yourdir	PRM_20251218_MarthaReselection_Plate_8_G4	Homo sapiens	Plasma	Plate_8	MarthaReselection	not available	not available	not available	not available	not available	not available	not available	not available	1	AC=EFO:0009656;NT=plasma	run 76	proteomics profiling by mass spectrometry	PRM_20251218_MarthaReselection_Plate_8_G4.RAW	PRM_20251218_MarthaReselection_Plate_8_G4.RAW	NT=Parallel Reaction Monitoring;AC=MS:1002956	AC=MS:1002038;NT=label free sample	1	NT=High-performance liquid chromatography;AC=PRIDE:0000565	1	AC=MS:1001251;NT=Trypsin	not available	NT=Stellar;AC=MS:1003409	NT=Carbamidomethyl;AC=UNIMOD:4;TA=C;MT=Fixed	NT=Higher-energy Collisional Dissociation;AC=MS:1000422	27 NCE	40 ppm	0.05 Da	G
PRM_20251218_MarthaReselection_Plate_8_G5	G	5	MRTH	77	RG5	0.1	C:\Xcalibur\methods\method1	C:\data\yourdir	PRM_20251218_MarthaReselection_Plate_8_G5	Homo sapiens	Plasma	Plate_8	MarthaReselection	not available	not available	not available	not available	not available	not available	not available	not available	1	AC=EFO:0009656;NT=plasma	run 77	proteomics profiling by mass spectrometry	PRM_20251218_MarthaReselection_Plate_8_G5.RAW	PRM_20251218_MarthaReselection_Plate_8_G5.RAW	NT=Parallel Reaction Monitoring;AC=MS:1002956	AC=MS:1002038;NT=label free sample	1	NT=High-performance liquid chromatography;AC=PRIDE:0000565	1	AC=MS:1001251;NT=Trypsin	not available	NT=Stellar;AC=MS:1003409	NT=Carbamidomethyl;AC=UNIMOD:4;TA=C;MT=Fixed	NT=Higher-energy Collisional Dissociation;AC=MS:1000422	27 NCE	40 ppm	0.05 Da	G
PRM_20251218_MarthaReselection_Plate_8_G6	G	6	MRTH	78	RG6	0.1	C:\Xcalibur\methods\method1	C:\data\yourdir	PRM_20251218_MarthaReselection_Plate_8_G6	Homo sapiens	Plasma	Plate_8	MarthaReselection	not available	not available	not available	not available	not available	not available	not available	not available	1	AC=EFO:0009656;NT=plasma	run 78	proteomics profiling by mass spectrometry	PRM_20251218_MarthaReselection_Plate_8_G6.RAW	PRM_20251218_MarthaReselection_Plate_8_G6.RAW	NT=Parallel Reaction Monitoring;AC=MS:1002956	AC=MS:1002038;NT=label free sample	1	NT=High-performance liquid chromatography;AC=PRIDE:0000565	1	AC=MS:1001251;NT=Trypsin	not available	NT=Stellar;AC=MS:1003409	NT=Carbamidomethyl;AC=UNIMOD:4;TA=C;MT=Fixed	NT=Higher-energy Collisional Dissociation;AC=MS:1000422	27 NCE	40 ppm	0.05 Da	G
PRM_20251218_MarthaReselection_Plate_8_G7	G	7	MRTH	79	RG7	0.1	C:\Xcalibur\methods\method1	C:\data\yourdir	PRM_20251218_MarthaReselection_Plate_8_G7	Homo sapiens	Plasma	Plate_8	MarthaReselection	not available	not available	not available	not available	not available	not available	not available	not available	1	AC=EFO:0009656;NT=plasma	run 79	proteomics profiling by mass spectrometry	PRM_20251218_MarthaReselection_Plate_8_G7.RAW	PRM_20251218_MarthaReselection_Plate_8_G7.RAW	NT=Parallel Reaction Monitoring;AC=MS:1002956	AC=MS:1002038;NT=label free sample	1	NT=High-performance liquid chromatography;AC=PRIDE:0000565	1	AC=MS:1001251;NT=Trypsin	not available	NT=Stellar;AC=MS:1003409	NT=Carbamidomethyl;AC=UNIMOD:4;TA=C;MT=Fixed	NT=Higher-energy Collisional Dissociation;AC=MS:1000422	27 NCE	40 ppm	0.05 Da	G
PRM_20251218_MarthaReselection_Plate_8_G8	G	8	MRTH	80	RG8	0.1	C:\Xcalibur\methods\method1	C:\data\yourdir	PRM_20251218_MarthaReselection_Plate_8_G8	Homo sapiens	Plasma	Plate_8	MarthaReselection	not available	not available	not available	not available	not available	not available	not available	not available	1	AC=EFO:0009656;NT=plasma	run 80	proteomics profiling by mass spectrometry	PRM_20251218_MarthaReselection_Plate_8_G8.RAW	PRM_20251218_MarthaReselection_Plate_8_G8.RAW	NT=Parallel Reaction Monitoring;AC=MS:1002956	AC=MS:1002038;NT=label free sample	1	NT=High-performance liquid chromatography;AC=PRIDE:0000565	1	AC=MS:1001251;NT=Trypsin	not available	NT=Stellar;AC=MS:1003409	NT=Carbamidomethyl;AC=UNIMOD:4;TA=C;MT=Fixed	NT=Higher-energy Collisional Dissociation;AC=MS:1000422	27 NCE	40 ppm	0.05 Da	G
PRM_20251218_MarthaReselection_Plate_8_G9	G	9	MRTH	81	RG9	0.1	C:\Xcalibur\methods\method1	C:\data\yourdir	PRM_20251218_MarthaReselection_Plate_8_G9	Homo sapiens	Plasma	Plate_8	MarthaReselection	not available	not available	not available	not available	not available	not available	not available	not available	1	AC=EFO:0009656;NT=plasma	run 81	proteomics profiling by mass spectrometry	PRM_20251218_MarthaReselection_Plate_8_G9.RAW	PRM_20251218_MarthaReselection_Plate_8_G9.RAW	NT=Parallel Reaction Monitoring;AC=MS:1002956	AC=MS:1002038;NT=label free sample	1	NT=High-performance liquid chromatography;AC=PRIDE:0000565	1	AC=MS:1001251;NT=Trypsin	not available	NT=Stellar;AC=MS:1003409	NT=Carbamidomethyl;AC=UNIMOD:4;TA=C;MT=Fixed	NT=Higher-energy Collisional Dissociation;AC=MS:1000422	27 NCE	40 ppm	0.05 Da	G
PRM_20251218_MarthaReselection_Plate_8_G10	G	10	MRTH	82	RG10	0.1	C:\Xcalibur\methods\method1	C:\data\yourdir	PRM_20251218_MarthaReselection_Plate_8_G10	Homo sapiens	Plasma	Plate_8	MarthaReselection	not available	not available	not available	not available	not available	not available	not available	not available	1	AC=EFO:0009656;NT=plasma	run 82	proteomics profiling by mass spectrometry	PRM_20251218_MarthaReselection_Plate_8_G10.RAW	PRM_20251218_MarthaReselection_Plate_8_G10.RAW	NT=Parallel Reaction Monitoring;AC=MS:1002956	AC=MS:1002038;NT=label free sample	1	NT=High-performance liquid chromatography;AC=PRIDE:0000565	1	AC=MS:1001251;NT=Trypsin	not available	NT=Stellar;AC=MS:1003409	NT=Carbamidomethyl;AC=UNIMOD:4;TA=C;MT=Fixed	NT=Higher-energy Collisional Dissociation;AC=MS:1000422	27 NCE	40 ppm	0.05 Da	G
PRM_20251218_MarthaReselection_Plate_8_G11	G	11	Pool	83	RG11	0.1	C:\Xcalibur\methods\method1	C:\data\yourdir	PRM_20251218_MarthaReselection_Plate_8_G11	Homo sapiens	Plasma	Plate_8	MarthaReselection	not available	not available	not available	not available	not available	not available	not available	not available	1	AC=EFO:0009656;NT=plasma	run 83	proteomics profiling by mass spectrometry	PRM_20251218_MarthaReselection_Plate_8_G11.RAW	PRM_20251218_MarthaReselection_Plate_8_G11.RAW	NT=Parallel Reaction Monitoring;AC=MS:1002956	AC=MS:1002038;NT=label free sample	1	NT=High-performance liquid chromatography;AC=PRIDE:0000565	1	AC=MS:1001251;NT=Trypsin	not available	NT=Stellar;AC=MS:1003409	NT=Carbamidomethyl;AC=UNIMOD:4;TA=C;MT=Fixed	NT=Higher-energy Collisional Dissociation;AC=MS:1000422	27 NCE	40 ppm	0.05 Da	G
PRM_20251218_MarthaReselection_Plate_8_G12	G	12	Pool	84	RG12	0.1	C:\Xcalibur\methods\method1	C:\data\yourdir	PRM_20251218_MarthaReselection_Plate_8_G12	Homo sapiens	Plasma	Plate_8	MarthaReselection	not available	not available	not available	not available	not available	not available	not available	not available	1	AC=EFO:0009656;NT=plasma	run 84	proteomics profiling by mass spectrometry	PRM_20251218_MarthaReselection_Plate_8_G12.RAW	PRM_20251218_MarthaReselection_Plate_8_G12.RAW	NT=Parallel Reaction Monitoring;AC=MS:1002956	AC=MS:1002038;NT=label free sample	1	NT=High-performance liquid chromatography;AC=PRIDE:0000565	1	AC=MS:1001251;NT=Trypsin	not available	NT=Stellar;AC=MS:1003409	NT=Carbamidomethyl;AC=UNIMOD:4;TA=C;MT=Fixed	NT=Higher-energy Collisional Dissociation;AC=MS:1000422	27 NCE	40 ppm	0.05 Da	G
PRM_20251218_MarthaReselection_Plate_8_H1	H	1	MRTH	85	RH1	0.1	C:\Xcalibur\methods\method1	C:\data\yourdir	PRM_20251218_MarthaReselection_Plate_8_H1	Homo sapiens	Plasma	Plate_8	MarthaReselection	not available	not available	not available	not available	not available	not available	not available	not available	1	AC=EFO:0009656;NT=plasma	run 85	proteomics profiling by mass spectrometry	PRM_20251218_MarthaReselection_Plate_8_H1.RAW	PRM_20251218_MarthaReselection_Plate_8_H1.RAW	NT=Parallel Reaction Monitoring;AC=MS:1002956	AC=MS:1002038;NT=label free sample	1	NT=High-performance liquid chromatography;AC=PRIDE:0000565	1	AC=MS:1001251;NT=Trypsin	not available	NT=Stellar;AC=MS:1003409	NT=Carbamidomethyl;AC=UNIMOD:4;TA=C;MT=Fixed	NT=Higher-energy Collisional Dissociation;AC=MS:1000422	27 NCE	40 ppm	0.05 Da	H
PRM_20251218_MarthaReselection_Plate_8_H2	H	2	MRTH	86	RH2	0.1	C:\Xcalibur\methods\method1	C:\data\yourdir	PRM_20251218_MarthaReselection_Plate_8_H2	Homo sapiens	Plasma	Plate_8	MarthaReselection	not available	not available	not available	not available	not available	not available	not available	not available	1	AC=EFO:0009656;NT=plasma	run 86	proteomics profiling by mass spectrometry	PRM_20251218_MarthaReselection_Plate_8_H2.RAW	PRM_20251218_MarthaReselection_Plate_8_H2.RAW	NT=Parallel Reaction Monitoring;AC=MS:1002956	AC=MS:1002038;NT=label free sample	1	NT=High-performance liquid chromatography;AC=PRIDE:0000565	1	AC=MS:1001251;NT=Trypsin	not available	NT=Stellar;AC=MS:1003409	NT=Carbamidomethyl;AC=UNIMOD:4;TA=C;MT=Fixed	NT=Higher-energy Collisional Dissociation;AC=MS:1000422	27 NCE	40 ppm	0.05 Da	H
PRM_20251218_MarthaReselection_Plate_8_H3	H	3	MRTH	87	RH3	0.1	C:\Xcalibur\methods\method1	C:\data\yourdir	PRM_20251218_MarthaReselection_Plate_8_H3	Homo sapiens	Plasma	Plate_8	MarthaReselection	not available	not available	not available	not available	not available	not available	not available	not available	1	AC=EFO:0009656;NT=plasma	run 87	proteomics profiling by mass spectrometry	PRM_20251218_MarthaReselection_Plate_8_H3.RAW	PRM_20251218_MarthaReselection_Plate_8_H3.RAW	NT=Parallel Reaction Monitoring;AC=MS:1002956	AC=MS:1002038;NT=label free sample	1	NT=High-performance liquid chromatography;AC=PRIDE:0000565	1	AC=MS:1001251;NT=Trypsin	not available	NT=Stellar;AC=MS:1003409	NT=Carbamidomethyl;AC=UNIMOD:4;TA=C;MT=Fixed	NT=Higher-energy Collisional Dissociation;AC=MS:1000422	27 NCE	40 ppm	0.05 Da	H
PRM_20251218_MarthaReselection_Plate_8_H4	H	4	MRTH	88	RH4	0.1	C:\Xcalibur\methods\method1	C:\data\yourdir	PRM_20251218_MarthaReselection_Plate_8_H4	Homo sapiens	Plasma	Plate_8	MarthaReselection	not available	not available	not available	not available	not available	not available	not available	not available	1	AC=EFO:0009656;NT=plasma	run 88	proteomics profiling by mass spectrometry	PRM_20251218_MarthaReselection_Plate_8_H4.RAW	PRM_20251218_MarthaReselection_Plate_8_H4.RAW	NT=Parallel Reaction Monitoring;AC=MS:1002956	AC=MS:1002038;NT=label free sample	1	NT=High-performance liquid chromatography;AC=PRIDE:0000565	1	AC=MS:1001251;NT=Trypsin	not available	NT=Stellar;AC=MS:1003409	NT=Carbamidomethyl;AC=UNIMOD:4;TA=C;MT=Fixed	NT=Higher-energy Collisional Dissociation;AC=MS:1000422	27 NCE	40 ppm	0.05 Da	H
PRM_20251218_MarthaReselection_Plate_8_H5	H	5	MRTH	89	RH5	0.1	C:\Xcalibur\methods\method1	C:\data\yourdir	PRM_20251218_MarthaReselection_Plate_8_H5	Homo sapiens	Plasma	Plate_8	MarthaReselection	not available	not available	not available	not available	not available	not available	not available	not available	1	AC=EFO:0009656;NT=plasma	run 89	proteomics profiling by mass spectrometry	PRM_20251218_MarthaReselection_Plate_8_H5.RAW	PRM_20251218_MarthaReselection_Plate_8_H5.RAW	NT=Parallel Reaction Monitoring;AC=MS:1002956	AC=MS:1002038;NT=label free sample	1	NT=High-performance liquid chromatography;AC=PRIDE:0000565	1	AC=MS:1001251;NT=Trypsin	not available	NT=Stellar;AC=MS:1003409	NT=Carbamidomethyl;AC=UNIMOD:4;TA=C;MT=Fixed	NT=Higher-energy Collisional Dissociation;AC=MS:1000422	27 NCE	40 ppm	0.05 Da	H
PRM_20251218_MarthaReselection_Plate_8_H6	H	6	MRTH	90	RH6	0.1	C:\Xcalibur\methods\method1	C:\data\yourdir	PRM_20251218_MarthaReselection_Plate_8_H6	Homo sapiens	Plasma	Plate_8	MarthaReselection	not available	not available	not available	not available	not available	not available	not available	not available	1	AC=EFO:0009656;NT=plasma	run 90	proteomics profiling by mass spectrometry	PRM_20251218_MarthaReselection_Plate_8_H6.RAW	PRM_20251218_MarthaReselection_Plate_8_H6.RAW	NT=Parallel Reaction Monitoring;AC=MS:1002956	AC=MS:1002038;NT=label free sample	1	NT=High-performance liquid chromatography;AC=PRIDE:0000565	1	AC=MS:1001251;NT=Trypsin	not available	NT=Stellar;AC=MS:1003409	NT=Carbamidomethyl;AC=UNIMOD:4;TA=C;MT=Fixed	NT=Higher-energy Collisional Dissociation;AC=MS:1000422	27 NCE	40 ppm	0.05 Da	H
PRM_20251218_MarthaReselection_Plate_8_H7	H	7	MRTH	91	RH7	0.1	C:\Xcalibur\methods\method1	C:\data\yourdir	PRM_20251218_MarthaReselection_Plate_8_H7	Homo sapiens	Plasma	Plate_8	MarthaReselection	not available	not available	not available	not available	not available	not available	not available	not available	1	AC=EFO:0009656;NT=plasma	run 91	proteomics profiling by mass spectrometry	PRM_20251218_MarthaReselection_Plate_8_H7.RAW	PRM_20251218_MarthaReselection_Plate_8_H7.RAW	NT=Parallel Reaction Monitoring;AC=MS:1002956	AC=MS:1002038;NT=label free sample	1	NT=High-performance liquid chromatography;AC=PRIDE:0000565	1	AC=MS:1001251;NT=Trypsin	not available	NT=Stellar;AC=MS:1003409	NT=Carbamidomethyl;AC=UNIMOD:4;TA=C;MT=Fixed	NT=Higher-energy Collisional Dissociation;AC=MS:1000422	27 NCE	40 ppm	0.05 Da	H
PRM_20251218_MarthaReselection_Plate_8_H8	H	8	MRTH	92	RH8	0.1	C:\Xcalibur\methods\method1	C:\data\yourdir	PRM_20251218_MarthaReselection_Plate_8_H8	Homo sapiens	Plasma	Plate_8	MarthaReselection	not available	not available	not available	not available	not available	not available	not available	not available	1	AC=EFO:0009656;NT=plasma	run 92	proteomics profiling by mass spectrometry	PRM_20251218_MarthaReselection_Plate_8_H8.RAW	PRM_20251218_MarthaReselection_Plate_8_H8.RAW	NT=Parallel Reaction Monitoring;AC=MS:1002956	AC=MS:1002038;NT=label free sample	1	NT=High-performance liquid chromatography;AC=PRIDE:0000565	1	AC=MS:1001251;NT=Trypsin	not available	NT=Stellar;AC=MS:1003409	NT=Carbamidomethyl;AC=UNIMOD:4;TA=C;MT=Fixed	NT=Higher-energy Collisional Dissociation;AC=MS:1000422	27 NCE	40 ppm	0.05 Da	H
PRM_20251218_MarthaReselection_Plate_8_H9	H	9	MRTH	93	RH9	0.1	C:\Xcalibur\methods\method1	C:\data\yourdir	PRM_20251218_MarthaReselection_Plate_8_H9	Homo sapiens	Plasma	Plate_8	MarthaReselection	not available	not available	not available	not available	not available	not available	not available	not available	1	AC=EFO:0009656;NT=plasma	run 93	proteomics profiling by mass spectrometry	PRM_20251218_MarthaReselection_Plate_8_H9.RAW	PRM_20251218_MarthaReselection_Plate_8_H9.RAW	NT=Parallel Reaction Monitoring;AC=MS:1002956	AC=MS:1002038;NT=label free sample	1	NT=High-performance liquid chromatography;AC=PRIDE:0000565	1	AC=MS:1001251;NT=Trypsin	not available	NT=Stellar;AC=MS:1003409	NT=Carbamidomethyl;AC=UNIMOD:4;TA=C;MT=Fixed	NT=Higher-energy Collisional Dissociation;AC=MS:1000422	27 NCE	40 ppm	0.05 Da	H
PRM_20251218_MarthaReselection_Plate_8_H10	H	10	MRTH	94	RH10	0.1	C:\Xcalibur\methods\method1	C:\data\yourdir	PRM_20251218_MarthaReselection_Plate_8_H10	Homo sapiens	Plasma	Plate_8	MarthaReselection	not available	not available	not available	not available	not available	not available	not available	not available	1	AC=EFO:0009656;NT=plasma	run 94	proteomics profiling by mass spectrometry	PRM_20251218_MarthaReselection_Plate_8_H10.RAW	PRM_20251218_MarthaReselection_Plate_8_H10.RAW	NT=Parallel Reaction Monitoring;AC=MS:1002956	AC=MS:1002038;NT=label free sample	1	NT=High-performance liquid chromatography;AC=PRIDE:0000565	1	AC=MS:1001251;NT=Trypsin	not available	NT=Stellar;AC=MS:1003409	NT=Carbamidomethyl;AC=UNIMOD:4;TA=C;MT=Fixed	NT=Higher-energy Collisional Dissociation;AC=MS:1000422	27 NCE	40 ppm	0.05 Da	H
PRM_20251218_MarthaReselection_Plate_8_H11	H	11	MRTH	95	RH11	0.1	C:\Xcalibur\methods\method1	C:\data\yourdir	PRM_20251218_MarthaReselection_Plate_8_H11	Homo sapiens	Plasma	Plate_8	MarthaReselection	not available	not available	not available	not available	not available	not available	not available	not available	1	AC=EFO:0009656;NT=plasma	run 95	proteomics profiling by mass spectrometry	PRM_20251218_MarthaReselection_Plate_8_H11.RAW	PRM_20251218_MarthaReselection_Plate_8_H11.RAW	NT=Parallel Reaction Monitoring;AC=MS:1002956	AC=MS:1002038;NT=label free sample	1	NT=High-performance liquid chromatography;AC=PRIDE:0000565	1	AC=MS:1001251;NT=Trypsin	not available	NT=Stellar;AC=MS:1003409	NT=Carbamidomethyl;AC=UNIMOD:4;TA=C;MT=Fixed	NT=Higher-energy Collisional Dissociation;AC=MS:1000422	27 NCE	40 ppm	0.05 Da	H
PRM_20251218_MarthaReselection_Plate_8_H12	H	12	Pool	96	RH12	0.1	C:\Xcalibur\methods\method1	C:\data\yourdir	PRM_20251218_MarthaReselection_Plate_8_H12	Homo sapiens	Plasma	Plate_8	MarthaReselection	not available	not available	not available	not available	not available	not available	not available	not available	1	AC=EFO:0009656;NT=plasma	run 96	proteomics profiling by mass spectrometry	PRM_20251218_MarthaReselection_Plate_8_H12.RAW	PRM_20251218_MarthaReselection_Plate_8_H12.RAW	NT=Parallel Reaction Monitoring;AC=MS:1002956	AC=MS:1002038;NT=label free sample	1	NT=High-performance liquid chromatography;AC=PRIDE:0000565	1	AC=MS:1001251;NT=Trypsin	not available	NT=Stellar;AC=MS:1003409	NT=Carbamidomethyl;AC=UNIMOD:4;TA=C;MT=Fixed	NT=Higher-energy Collisional Dissociation;AC=MS:1000422	27 NCE	40 ppm	0.05 Da	H
PRM_20251218_MarthaReselection_Plate_9_A1	A	1	MRTH	1	RA1	0.1	C:\Xcalibur\methods\method1	C:\data\yourdir	PRM_20251218_MarthaReselection_Plate_9_A1	Homo sapiens	Plasma	Plate_9	MarthaReselection	not available	not available	not available	not available	not available	not available	not available	not available	1	AC=EFO:0009656;NT=plasma	run 1	proteomics profiling by mass spectrometry	PRM_20251218_MarthaReselection_Plate_9_A1.RAW	PRM_20251218_MarthaReselection_Plate_9_A1.RAW	NT=Parallel Reaction Monitoring;AC=MS:1002956	AC=MS:1002038;NT=label free sample	1	NT=High-performance liquid chromatography;AC=PRIDE:0000565	1	AC=MS:1001251;NT=Trypsin	not available	NT=Stellar;AC=MS:1003409	NT=Carbamidomethyl;AC=UNIMOD:4;TA=C;MT=Fixed	NT=Higher-energy Collisional Dissociation;AC=MS:1000422	27 NCE	40 ppm	0.05 Da	A
PRM_20251218_MarthaReselection_Plate_9_A2	A	2	MRTH	2	RA2	0.1	C:\Xcalibur\methods\method1	C:\data\yourdir	PRM_20251218_MarthaReselection_Plate_9_A2	Homo sapiens	Plasma	Plate_9	MarthaReselection	not available	not available	not available	not available	not available	not available	not available	not available	1	AC=EFO:0009656;NT=plasma	run 2	proteomics profiling by mass spectrometry	PRM_20251218_MarthaReselection_Plate_9_A2.RAW	PRM_20251218_MarthaReselection_Plate_9_A2.RAW	NT=Parallel Reaction Monitoring;AC=MS:1002956	AC=MS:1002038;NT=label free sample	1	NT=High-performance liquid chromatography;AC=PRIDE:0000565	1	AC=MS:1001251;NT=Trypsin	not available	NT=Stellar;AC=MS:1003409	NT=Carbamidomethyl;AC=UNIMOD:4;TA=C;MT=Fixed	NT=Higher-energy Collisional Dissociation;AC=MS:1000422	27 NCE	40 ppm	0.05 Da	A
PRM_20251218_MarthaReselection_Plate_9_A3	A	3	MRTH	3	RA3	0.1	C:\Xcalibur\methods\method1	C:\data\yourdir	PRM_20251218_MarthaReselection_Plate_9_A3	Homo sapiens	Plasma	Plate_9	MarthaReselection	not available	not available	not available	not available	not available	not available	not available	not available	1	AC=EFO:0009656;NT=plasma	run 3	proteomics profiling by mass spectrometry	PRM_20251218_MarthaReselection_Plate_9_A3.RAW	PRM_20251218_MarthaReselection_Plate_9_A3.RAW	NT=Parallel Reaction Monitoring;AC=MS:1002956	AC=MS:1002038;NT=label free sample	1	NT=High-performance liquid chromatography;AC=PRIDE:0000565	1	AC=MS:1001251;NT=Trypsin	not available	NT=Stellar;AC=MS:1003409	NT=Carbamidomethyl;AC=UNIMOD:4;TA=C;MT=Fixed	NT=Higher-energy Collisional Dissociation;AC=MS:1000422	27 NCE	40 ppm	0.05 Da	A
PRM_20251218_MarthaReselection_Plate_9_A4	A	4	MRTH	4	RA4	0.1	C:\Xcalibur\methods\method1	C:\data\yourdir	PRM_20251218_MarthaReselection_Plate_9_A4	Homo sapiens	Plasma	Plate_9	MarthaReselection	not available	not available	not available	not available	not available	not available	not available	not available	1	AC=EFO:0009656;NT=plasma	run 4	proteomics profiling by mass spectrometry	PRM_20251218_MarthaReselection_Plate_9_A4.RAW	PRM_20251218_MarthaReselection_Plate_9_A4.RAW	NT=Parallel Reaction Monitoring;AC=MS:1002956	AC=MS:1002038;NT=label free sample	1	NT=High-performance liquid chromatography;AC=PRIDE:0000565	1	AC=MS:1001251;NT=Trypsin	not available	NT=Stellar;AC=MS:1003409	NT=Carbamidomethyl;AC=UNIMOD:4;TA=C;MT=Fixed	NT=Higher-energy Collisional Dissociation;AC=MS:1000422	27 NCE	40 ppm	0.05 Da	A
PRM_20251218_MarthaReselection_Plate_9_A5	A	5	MRTH	5	RA5	0.1	C:\Xcalibur\methods\method1	C:\data\yourdir	PRM_20251218_MarthaReselection_Plate_9_A5	Homo sapiens	Plasma	Plate_9	MarthaReselection	not available	not available	not available	not available	not available	not available	not available	not available	1	AC=EFO:0009656;NT=plasma	run 5	proteomics profiling by mass spectrometry	PRM_20251218_MarthaReselection_Plate_9_A5.RAW	PRM_20251218_MarthaReselection_Plate_9_A5.RAW	NT=Parallel Reaction Monitoring;AC=MS:1002956	AC=MS:1002038;NT=label free sample	1	NT=High-performance liquid chromatography;AC=PRIDE:0000565	1	AC=MS:1001251;NT=Trypsin	not available	NT=Stellar;AC=MS:1003409	NT=Carbamidomethyl;AC=UNIMOD:4;TA=C;MT=Fixed	NT=Higher-energy Collisional Dissociation;AC=MS:1000422	27 NCE	40 ppm	0.05 Da	A
PRM_20251218_MarthaReselection_Plate_9_A6	A	6	MRTH	6	RA6	0.1	C:\Xcalibur\methods\method1	C:\data\yourdir	PRM_20251218_MarthaReselection_Plate_9_A6	Homo sapiens	Plasma	Plate_9	MarthaReselection	not available	not available	not available	not available	not available	not available	not available	not available	1	AC=EFO:0009656;NT=plasma	run 6	proteomics profiling by mass spectrometry	PRM_20251218_MarthaReselection_Plate_9_A6.RAW	PRM_20251218_MarthaReselection_Plate_9_A6.RAW	NT=Parallel Reaction Monitoring;AC=MS:1002956	AC=MS:1002038;NT=label free sample	1	NT=High-performance liquid chromatography;AC=PRIDE:0000565	1	AC=MS:1001251;NT=Trypsin	not available	NT=Stellar;AC=MS:1003409	NT=Carbamidomethyl;AC=UNIMOD:4;TA=C;MT=Fixed	NT=Higher-energy Collisional Dissociation;AC=MS:1000422	27 NCE	40 ppm	0.05 Da	A
PRM_20251218_MarthaReselection_Plate_9_A7	A	7	MRTH	7	RA7	0.1	C:\Xcalibur\methods\method1	C:\data\yourdir	PRM_20251218_MarthaReselection_Plate_9_A7	Homo sapiens	Plasma	Plate_9	MarthaReselection	not available	not available	not available	not available	not available	not available	not available	not available	1	AC=EFO:0009656;NT=plasma	run 7	proteomics profiling by mass spectrometry	PRM_20251218_MarthaReselection_Plate_9_A7.RAW	PRM_20251218_MarthaReselection_Plate_9_A7.RAW	NT=Parallel Reaction Monitoring;AC=MS:1002956	AC=MS:1002038;NT=label free sample	1	NT=High-performance liquid chromatography;AC=PRIDE:0000565	1	AC=MS:1001251;NT=Trypsin	not available	NT=Stellar;AC=MS:1003409	NT=Carbamidomethyl;AC=UNIMOD:4;TA=C;MT=Fixed	NT=Higher-energy Collisional Dissociation;AC=MS:1000422	27 NCE	40 ppm	0.05 Da	A
PRM_20251218_MarthaReselection_Plate_9_A8	A	8	MRTH	8	RA8	0.1	C:\Xcalibur\methods\method1	C:\data\yourdir	PRM_20251218_MarthaReselection_Plate_9_A8	Homo sapiens	Plasma	Plate_9	MarthaReselection	not available	not available	not available	not available	not available	not available	not available	not available	1	AC=EFO:0009656;NT=plasma	run 8	proteomics profiling by mass spectrometry	PRM_20251218_MarthaReselection_Plate_9_A8.RAW	PRM_20251218_MarthaReselection_Plate_9_A8.RAW	NT=Parallel Reaction Monitoring;AC=MS:1002956	AC=MS:1002038;NT=label free sample	1	NT=High-performance liquid chromatography;AC=PRIDE:0000565	1	AC=MS:1001251;NT=Trypsin	not available	NT=Stellar;AC=MS:1003409	NT=Carbamidomethyl;AC=UNIMOD:4;TA=C;MT=Fixed	NT=Higher-energy Collisional Dissociation;AC=MS:1000422	27 NCE	40 ppm	0.05 Da	A
PRM_20251218_MarthaReselection_Plate_9_A9	A	9	MRTH	9	RA9	0.1	C:\Xcalibur\methods\method1	C:\data\yourdir	PRM_20251218_MarthaReselection_Plate_9_A9	Homo sapiens	Plasma	Plate_9	MarthaReselection	not available	not available	not available	not available	not available	not available	not available	not available	1	AC=EFO:0009656;NT=plasma	run 9	proteomics profiling by mass spectrometry	PRM_20251218_MarthaReselection_Plate_9_A9.RAW	PRM_20251218_MarthaReselection_Plate_9_A9.RAW	NT=Parallel Reaction Monitoring;AC=MS:1002956	AC=MS:1002038;NT=label free sample	1	NT=High-performance liquid chromatography;AC=PRIDE:0000565	1	AC=MS:1001251;NT=Trypsin	not available	NT=Stellar;AC=MS:1003409	NT=Carbamidomethyl;AC=UNIMOD:4;TA=C;MT=Fixed	NT=Higher-energy Collisional Dissociation;AC=MS:1000422	27 NCE	40 ppm	0.05 Da	A
PRM_20251218_MarthaReselection_Plate_9_A10	A	10	MRTH	10	RA10	0.1	C:\Xcalibur\methods\method1	C:\data\yourdir	PRM_20251218_MarthaReselection_Plate_9_A10	Homo sapiens	Plasma	Plate_9	MarthaReselection	not available	not available	not available	not available	not available	not available	not available	not available	1	AC=EFO:0009656;NT=plasma	run 10	proteomics profiling by mass spectrometry	PRM_20251218_MarthaReselection_Plate_9_A10.RAW	PRM_20251218_MarthaReselection_Plate_9_A10.RAW	NT=Parallel Reaction Monitoring;AC=MS:1002956	AC=MS:1002038;NT=label free sample	1	NT=High-performance liquid chromatography;AC=PRIDE:0000565	1	AC=MS:1001251;NT=Trypsin	not available	NT=Stellar;AC=MS:1003409	NT=Carbamidomethyl;AC=UNIMOD:4;TA=C;MT=Fixed	NT=Higher-energy Collisional Dissociation;AC=MS:1000422	27 NCE	40 ppm	0.05 Da	A
PRM_20251218_MarthaReselection_Plate_9_A11	A	11	MRTH	11	RA11	0.1	C:\Xcalibur\methods\method1	C:\data\yourdir	PRM_20251218_MarthaReselection_Plate_9_A11	Homo sapiens	Plasma	Plate_9	MarthaReselection	not available	not available	not available	not available	not available	not available	not available	not available	1	AC=EFO:0009656;NT=plasma	run 11	proteomics profiling by mass spectrometry	PRM_20251218_MarthaReselection_Plate_9_A11.RAW	PRM_20251218_MarthaReselection_Plate_9_A11.RAW	NT=Parallel Reaction Monitoring;AC=MS:1002956	AC=MS:1002038;NT=label free sample	1	NT=High-performance liquid chromatography;AC=PRIDE:0000565	1	AC=MS:1001251;NT=Trypsin	not available	NT=Stellar;AC=MS:1003409	NT=Carbamidomethyl;AC=UNIMOD:4;TA=C;MT=Fixed	NT=Higher-energy Collisional Dissociation;AC=MS:1000422	27 NCE	40 ppm	0.05 Da	A
PRM_20251218_MarthaReselection_Plate_9_A12	A	12	MRTH	12	RA12	0.1	C:\Xcalibur\methods\method1	C:\data\yourdir	PRM_20251218_MarthaReselection_Plate_9_A12	Homo sapiens	Plasma	Plate_9	MarthaReselection	not available	not available	not available	not available	not available	not available	not available	not available	1	AC=EFO:0009656;NT=plasma	run 12	proteomics profiling by mass spectrometry	PRM_20251218_MarthaReselection_Plate_9_A12.RAW	PRM_20251218_MarthaReselection_Plate_9_A12.RAW	NT=Parallel Reaction Monitoring;AC=MS:1002956	AC=MS:1002038;NT=label free sample	1	NT=High-performance liquid chromatography;AC=PRIDE:0000565	1	AC=MS:1001251;NT=Trypsin	not available	NT=Stellar;AC=MS:1003409	NT=Carbamidomethyl;AC=UNIMOD:4;TA=C;MT=Fixed	NT=Higher-energy Collisional Dissociation;AC=MS:1000422	27 NCE	40 ppm	0.05 Da	A
PRM_20251218_MarthaReselection_Plate_9_B1	B	1	MRTH	13	RB1	0.1	C:\Xcalibur\methods\method1	C:\data\yourdir	PRM_20251218_MarthaReselection_Plate_9_B1	Homo sapiens	Plasma	Plate_9	MarthaReselection	not available	not available	not available	not available	not available	not available	not available	not available	1	AC=EFO:0009656;NT=plasma	run 13	proteomics profiling by mass spectrometry	PRM_20251218_MarthaReselection_Plate_9_B1.RAW	PRM_20251218_MarthaReselection_Plate_9_B1.RAW	NT=Parallel Reaction Monitoring;AC=MS:1002956	AC=MS:1002038;NT=label free sample	1	NT=High-performance liquid chromatography;AC=PRIDE:0000565	1	AC=MS:1001251;NT=Trypsin	not available	NT=Stellar;AC=MS:1003409	NT=Carbamidomethyl;AC=UNIMOD:4;TA=C;MT=Fixed	NT=Higher-energy Collisional Dissociation;AC=MS:1000422	27 NCE	40 ppm	0.05 Da	B
PRM_20251218_MarthaReselection_Plate_9_B2	B	2	MRTH	14	RB2	0.1	C:\Xcalibur\methods\method1	C:\data\yourdir	PRM_20251218_MarthaReselection_Plate_9_B2	Homo sapiens	Plasma	Plate_9	MarthaReselection	not available	not available	not available	not available	not available	not available	not available	not available	1	AC=EFO:0009656;NT=plasma	run 14	proteomics profiling by mass spectrometry	PRM_20251218_MarthaReselection_Plate_9_B2.RAW	PRM_20251218_MarthaReselection_Plate_9_B2.RAW	NT=Parallel Reaction Monitoring;AC=MS:1002956	AC=MS:1002038;NT=label free sample	1	NT=High-performance liquid chromatography;AC=PRIDE:0000565	1	AC=MS:1001251;NT=Trypsin	not available	NT=Stellar;AC=MS:1003409	NT=Carbamidomethyl;AC=UNIMOD:4;TA=C;MT=Fixed	NT=Higher-energy Collisional Dissociation;AC=MS:1000422	27 NCE	40 ppm	0.05 Da	B
PRM_20251218_MarthaReselection_Plate_9_B3	B	3	MRTH	15	RB3	0.1	C:\Xcalibur\methods\method1	C:\data\yourdir	PRM_20251218_MarthaReselection_Plate_9_B3	Homo sapiens	Plasma	Plate_9	MarthaReselection	not available	not available	not available	not available	not available	not available	not available	not available	1	AC=EFO:0009656;NT=plasma	run 15	proteomics profiling by mass spectrometry	PRM_20251218_MarthaReselection_Plate_9_B3.RAW	PRM_20251218_MarthaReselection_Plate_9_B3.RAW	NT=Parallel Reaction Monitoring;AC=MS:1002956	AC=MS:1002038;NT=label free sample	1	NT=High-performance liquid chromatography;AC=PRIDE:0000565	1	AC=MS:1001251;NT=Trypsin	not available	NT=Stellar;AC=MS:1003409	NT=Carbamidomethyl;AC=UNIMOD:4;TA=C;MT=Fixed	NT=Higher-energy Collisional Dissociation;AC=MS:1000422	27 NCE	40 ppm	0.05 Da	B
PRM_20251218_MarthaReselection_Plate_9_B4	B	4	MRTH	16	RB4	0.1	C:\Xcalibur\methods\method1	C:\data\yourdir	PRM_20251218_MarthaReselection_Plate_9_B4	Homo sapiens	Plasma	Plate_9	MarthaReselection	not available	not available	not available	not available	not available	not available	not available	not available	1	AC=EFO:0009656;NT=plasma	run 16	proteomics profiling by mass spectrometry	PRM_20251218_MarthaReselection_Plate_9_B4.RAW	PRM_20251218_MarthaReselection_Plate_9_B4.RAW	NT=Parallel Reaction Monitoring;AC=MS:1002956	AC=MS:1002038;NT=label free sample	1	NT=High-performance liquid chromatography;AC=PRIDE:0000565	1	AC=MS:1001251;NT=Trypsin	not available	NT=Stellar;AC=MS:1003409	NT=Carbamidomethyl;AC=UNIMOD:4;TA=C;MT=Fixed	NT=Higher-energy Collisional Dissociation;AC=MS:1000422	27 NCE	40 ppm	0.05 Da	B
PRM_20251218_MarthaReselection_Plate_9_B5	B	5	MRTH	17	RB5	0.1	C:\Xcalibur\methods\method1	C:\data\yourdir	PRM_20251218_MarthaReselection_Plate_9_B5	Homo sapiens	Plasma	Plate_9	MarthaReselection	not available	not available	not available	not available	not available	not available	not available	not available	1	AC=EFO:0009656;NT=plasma	run 17	proteomics profiling by mass spectrometry	PRM_20251218_MarthaReselection_Plate_9_B5.RAW	PRM_20251218_MarthaReselection_Plate_9_B5.RAW	NT=Parallel Reaction Monitoring;AC=MS:1002956	AC=MS:1002038;NT=label free sample	1	NT=High-performance liquid chromatography;AC=PRIDE:0000565	1	AC=MS:1001251;NT=Trypsin	not available	NT=Stellar;AC=MS:1003409	NT=Carbamidomethyl;AC=UNIMOD:4;TA=C;MT=Fixed	NT=Higher-energy Collisional Dissociation;AC=MS:1000422	27 NCE	40 ppm	0.05 Da	B
PRM_20251218_MarthaReselection_Plate_9_B6	B	6	MRTH	18	RB6	0.1	C:\Xcalibur\methods\method1	C:\data\yourdir	PRM_20251218_MarthaReselection_Plate_9_B6	Homo sapiens	Plasma	Plate_9	MarthaReselection	not available	not available	not available	not available	not available	not available	not available	not available	1	AC=EFO:0009656;NT=plasma	run 18	proteomics profiling by mass spectrometry	PRM_20251218_MarthaReselection_Plate_9_B6.RAW	PRM_20251218_MarthaReselection_Plate_9_B6.RAW	NT=Parallel Reaction Monitoring;AC=MS:1002956	AC=MS:1002038;NT=label free sample	1	NT=High-performance liquid chromatography;AC=PRIDE:0000565	1	AC=MS:1001251;NT=Trypsin	not available	NT=Stellar;AC=MS:1003409	NT=Carbamidomethyl;AC=UNIMOD:4;TA=C;MT=Fixed	NT=Higher-energy Collisional Dissociation;AC=MS:1000422	27 NCE	40 ppm	0.05 Da	B
PRM_20251218_MarthaReselection_Plate_9_B7	B	7	MRTH	19	RB7	0.1	C:\Xcalibur\methods\method1	C:\data\yourdir	PRM_20251218_MarthaReselection_Plate_9_B7	Homo sapiens	Plasma	Plate_9	MarthaReselection	not available	not available	not available	not available	not available	not available	not available	not available	1	AC=EFO:0009656;NT=plasma	run 19	proteomics profiling by mass spectrometry	PRM_20251218_MarthaReselection_Plate_9_B7.RAW	PRM_20251218_MarthaReselection_Plate_9_B7.RAW	NT=Parallel Reaction Monitoring;AC=MS:1002956	AC=MS:1002038;NT=label free sample	1	NT=High-performance liquid chromatography;AC=PRIDE:0000565	1	AC=MS:1001251;NT=Trypsin	not available	NT=Stellar;AC=MS:1003409	NT=Carbamidomethyl;AC=UNIMOD:4;TA=C;MT=Fixed	NT=Higher-energy Collisional Dissociation;AC=MS:1000422	27 NCE	40 ppm	0.05 Da	B
PRM_20251218_MarthaReselection_Plate_9_B8	B	8	MRTH	20	RB8	0.1	C:\Xcalibur\methods\method1	C:\data\yourdir	PRM_20251218_MarthaReselection_Plate_9_B8	Homo sapiens	Plasma	Plate_9	MarthaReselection	not available	not available	not available	not available	not available	not available	not available	not available	1	AC=EFO:0009656;NT=plasma	run 20	proteomics profiling by mass spectrometry	PRM_20251218_MarthaReselection_Plate_9_B8.RAW	PRM_20251218_MarthaReselection_Plate_9_B8.RAW	NT=Parallel Reaction Monitoring;AC=MS:1002956	AC=MS:1002038;NT=label free sample	1	NT=High-performance liquid chromatography;AC=PRIDE:0000565	1	AC=MS:1001251;NT=Trypsin	not available	NT=Stellar;AC=MS:1003409	NT=Carbamidomethyl;AC=UNIMOD:4;TA=C;MT=Fixed	NT=Higher-energy Collisional Dissociation;AC=MS:1000422	27 NCE	40 ppm	0.05 Da	B
PRM_20251218_MarthaReselection_Plate_9_B9	B	9	MRTH	21	RB9	0.1	C:\Xcalibur\methods\method1	C:\data\yourdir	PRM_20251218_MarthaReselection_Plate_9_B9	Homo sapiens	Plasma	Plate_9	MarthaReselection	not available	not available	not available	not available	not available	not available	not available	not available	1	AC=EFO:0009656;NT=plasma	run 21	proteomics profiling by mass spectrometry	PRM_20251218_MarthaReselection_Plate_9_B9.RAW	PRM_20251218_MarthaReselection_Plate_9_B9.RAW	NT=Parallel Reaction Monitoring;AC=MS:1002956	AC=MS:1002038;NT=label free sample	1	NT=High-performance liquid chromatography;AC=PRIDE:0000565	1	AC=MS:1001251;NT=Trypsin	not available	NT=Stellar;AC=MS:1003409	NT=Carbamidomethyl;AC=UNIMOD:4;TA=C;MT=Fixed	NT=Higher-energy Collisional Dissociation;AC=MS:1000422	27 NCE	40 ppm	0.05 Da	B
PRM_20251218_MarthaReselection_Plate_9_B10	B	10	MRTH	22	RB10	0.1	C:\Xcalibur\methods\method1	C:\data\yourdir	PRM_20251218_MarthaReselection_Plate_9_B10	Homo sapiens	Plasma	Plate_9	MarthaReselection	not available	not available	not available	not available	not available	not available	not available	not available	1	AC=EFO:0009656;NT=plasma	run 22	proteomics profiling by mass spectrometry	PRM_20251218_MarthaReselection_Plate_9_B10.RAW	PRM_20251218_MarthaReselection_Plate_9_B10.RAW	NT=Parallel Reaction Monitoring;AC=MS:1002956	AC=MS:1002038;NT=label free sample	1	NT=High-performance liquid chromatography;AC=PRIDE:0000565	1	AC=MS:1001251;NT=Trypsin	not available	NT=Stellar;AC=MS:1003409	NT=Carbamidomethyl;AC=UNIMOD:4;TA=C;MT=Fixed	NT=Higher-energy Collisional Dissociation;AC=MS:1000422	27 NCE	40 ppm	0.05 Da	B
PRM_20251218_MarthaReselection_Plate_9_B11	B	11	MRTH	23	RB11	0.1	C:\Xcalibur\methods\method1	C:\data\yourdir	PRM_20251218_MarthaReselection_Plate_9_B11	Homo sapiens	Plasma	Plate_9	MarthaReselection	not available	not available	not available	not available	not available	not available	not available	not available	1	AC=EFO:0009656;NT=plasma	run 23	proteomics profiling by mass spectrometry	PRM_20251218_MarthaReselection_Plate_9_B11.RAW	PRM_20251218_MarthaReselection_Plate_9_B11.RAW	NT=Parallel Reaction Monitoring;AC=MS:1002956	AC=MS:1002038;NT=label free sample	1	NT=High-performance liquid chromatography;AC=PRIDE:0000565	1	AC=MS:1001251;NT=Trypsin	not available	NT=Stellar;AC=MS:1003409	NT=Carbamidomethyl;AC=UNIMOD:4;TA=C;MT=Fixed	NT=Higher-energy Collisional Dissociation;AC=MS:1000422	27 NCE	40 ppm	0.05 Da	B
PRM_20251218_MarthaReselection_Plate_9_B12	B	12	MRTH	24	RB12	0.1	C:\Xcalibur\methods\method1	C:\data\yourdir	PRM_20251218_MarthaReselection_Plate_9_B12	Homo sapiens	Plasma	Plate_9	MarthaReselection	not available	not available	not available	not available	not available	not available	not available	not available	1	AC=EFO:0009656;NT=plasma	run 24	proteomics profiling by mass spectrometry	PRM_20251218_MarthaReselection_Plate_9_B12.RAW	PRM_20251218_MarthaReselection_Plate_9_B12.RAW	NT=Parallel Reaction Monitoring;AC=MS:1002956	AC=MS:1002038;NT=label free sample	1	NT=High-performance liquid chromatography;AC=PRIDE:0000565	1	AC=MS:1001251;NT=Trypsin	not available	NT=Stellar;AC=MS:1003409	NT=Carbamidomethyl;AC=UNIMOD:4;TA=C;MT=Fixed	NT=Higher-energy Collisional Dissociation;AC=MS:1000422	27 NCE	40 ppm	0.05 Da	B
PRM_20251218_MarthaReselection_Plate_9_C1	C	1	MRTH	25	RC1	0.1	C:\Xcalibur\methods\method1	C:\data\yourdir	PRM_20251218_MarthaReselection_Plate_9_C1	Homo sapiens	Plasma	Plate_9	MarthaReselection	not available	not available	not available	not available	not available	not available	not available	not available	1	AC=EFO:0009656;NT=plasma	run 25	proteomics profiling by mass spectrometry	PRM_20251218_MarthaReselection_Plate_9_C1.RAW	PRM_20251218_MarthaReselection_Plate_9_C1.RAW	NT=Parallel Reaction Monitoring;AC=MS:1002956	AC=MS:1002038;NT=label free sample	1	NT=High-performance liquid chromatography;AC=PRIDE:0000565	1	AC=MS:1001251;NT=Trypsin	not available	NT=Stellar;AC=MS:1003409	NT=Carbamidomethyl;AC=UNIMOD:4;TA=C;MT=Fixed	NT=Higher-energy Collisional Dissociation;AC=MS:1000422	27 NCE	40 ppm	0.05 Da	C
PRM_20251218_MarthaReselection_Plate_9_C2	C	2	MRTH	26	RC2	0.1	C:\Xcalibur\methods\method1	C:\data\yourdir	PRM_20251218_MarthaReselection_Plate_9_C2	Homo sapiens	Plasma	Plate_9	MarthaReselection	not available	not available	not available	not available	not available	not available	not available	not available	1	AC=EFO:0009656;NT=plasma	run 26	proteomics profiling by mass spectrometry	PRM_20251218_MarthaReselection_Plate_9_C2.RAW	PRM_20251218_MarthaReselection_Plate_9_C2.RAW	NT=Parallel Reaction Monitoring;AC=MS:1002956	AC=MS:1002038;NT=label free sample	1	NT=High-performance liquid chromatography;AC=PRIDE:0000565	1	AC=MS:1001251;NT=Trypsin	not available	NT=Stellar;AC=MS:1003409	NT=Carbamidomethyl;AC=UNIMOD:4;TA=C;MT=Fixed	NT=Higher-energy Collisional Dissociation;AC=MS:1000422	27 NCE	40 ppm	0.05 Da	C
PRM_20251218_MarthaReselection_Plate_9_C3	C	3	MRTH	27	RC3	0.1	C:\Xcalibur\methods\method1	C:\data\yourdir	PRM_20251218_MarthaReselection_Plate_9_C3	Homo sapiens	Plasma	Plate_9	MarthaReselection	not available	not available	not available	not available	not available	not available	not available	not available	1	AC=EFO:0009656;NT=plasma	run 27	proteomics profiling by mass spectrometry	PRM_20251218_MarthaReselection_Plate_9_C3.RAW	PRM_20251218_MarthaReselection_Plate_9_C3.RAW	NT=Parallel Reaction Monitoring;AC=MS:1002956	AC=MS:1002038;NT=label free sample	1	NT=High-performance liquid chromatography;AC=PRIDE:0000565	1	AC=MS:1001251;NT=Trypsin	not available	NT=Stellar;AC=MS:1003409	NT=Carbamidomethyl;AC=UNIMOD:4;TA=C;MT=Fixed	NT=Higher-energy Collisional Dissociation;AC=MS:1000422	27 NCE	40 ppm	0.05 Da	C
PRM_20251218_MarthaReselection_Plate_9_C4	C	4	MRTH	28	RC4	0.1	C:\Xcalibur\methods\method1	C:\data\yourdir	PRM_20251218_MarthaReselection_Plate_9_C4	Homo sapiens	Plasma	Plate_9	MarthaReselection	not available	not available	not available	not available	not available	not available	not available	not available	1	AC=EFO:0009656;NT=plasma	run 28	proteomics profiling by mass spectrometry	PRM_20251218_MarthaReselection_Plate_9_C4.RAW	PRM_20251218_MarthaReselection_Plate_9_C4.RAW	NT=Parallel Reaction Monitoring;AC=MS:1002956	AC=MS:1002038;NT=label free sample	1	NT=High-performance liquid chromatography;AC=PRIDE:0000565	1	AC=MS:1001251;NT=Trypsin	not available	NT=Stellar;AC=MS:1003409	NT=Carbamidomethyl;AC=UNIMOD:4;TA=C;MT=Fixed	NT=Higher-energy Collisional Dissociation;AC=MS:1000422	27 NCE	40 ppm	0.05 Da	C
PRM_20251218_MarthaReselection_Plate_9_C5	C	5	MRTH	29	RC5	0.1	C:\Xcalibur\methods\method1	C:\data\yourdir	PRM_20251218_MarthaReselection_Plate_9_C5	Homo sapiens	Plasma	Plate_9	MarthaReselection	not available	not available	not available	not available	not available	not available	not available	not available	1	AC=EFO:0009656;NT=plasma	run 29	proteomics profiling by mass spectrometry	PRM_20251218_MarthaReselection_Plate_9_C5.RAW	PRM_20251218_MarthaReselection_Plate_9_C5.RAW	NT=Parallel Reaction Monitoring;AC=MS:1002956	AC=MS:1002038;NT=label free sample	1	NT=High-performance liquid chromatography;AC=PRIDE:0000565	1	AC=MS:1001251;NT=Trypsin	not available	NT=Stellar;AC=MS:1003409	NT=Carbamidomethyl;AC=UNIMOD:4;TA=C;MT=Fixed	NT=Higher-energy Collisional Dissociation;AC=MS:1000422	27 NCE	40 ppm	0.05 Da	C
PRM_20251218_MarthaReselection_Plate_9_C6	C	6	MRTH	30	RC6	0.1	C:\Xcalibur\methods\method1	C:\data\yourdir	PRM_20251218_MarthaReselection_Plate_9_C6	Homo sapiens	Plasma	Plate_9	MarthaReselection	not available	not available	not available	not available	not available	not available	not available	not available	1	AC=EFO:0009656;NT=plasma	run 30	proteomics profiling by mass spectrometry	PRM_20251218_MarthaReselection_Plate_9_C6.RAW	PRM_20251218_MarthaReselection_Plate_9_C6.RAW	NT=Parallel Reaction Monitoring;AC=MS:1002956	AC=MS:1002038;NT=label free sample	1	NT=High-performance liquid chromatography;AC=PRIDE:0000565	1	AC=MS:1001251;NT=Trypsin	not available	NT=Stellar;AC=MS:1003409	NT=Carbamidomethyl;AC=UNIMOD:4;TA=C;MT=Fixed	NT=Higher-energy Collisional Dissociation;AC=MS:1000422	27 NCE	40 ppm	0.05 Da	C
PRM_20251218_MarthaReselection_Plate_9_C7	C	7	MRTH	31	RC7	0.1	C:\Xcalibur\methods\method1	C:\data\yourdir	PRM_20251218_MarthaReselection_Plate_9_C7	Homo sapiens	Plasma	Plate_9	MarthaReselection	not available	not available	not available	not available	not available	not available	not available	not available	1	AC=EFO:0009656;NT=plasma	run 31	proteomics profiling by mass spectrometry	PRM_20251218_MarthaReselection_Plate_9_C7.RAW	PRM_20251218_MarthaReselection_Plate_9_C7.RAW	NT=Parallel Reaction Monitoring;AC=MS:1002956	AC=MS:1002038;NT=label free sample	1	NT=High-performance liquid chromatography;AC=PRIDE:0000565	1	AC=MS:1001251;NT=Trypsin	not available	NT=Stellar;AC=MS:1003409	NT=Carbamidomethyl;AC=UNIMOD:4;TA=C;MT=Fixed	NT=Higher-energy Collisional Dissociation;AC=MS:1000422	27 NCE	40 ppm	0.05 Da	C
PRM_20251218_MarthaReselection_Plate_9_C8	C	8	MRTH	32	RC8	0.1	C:\Xcalibur\methods\method1	C:\data\yourdir	PRM_20251218_MarthaReselection_Plate_9_C8	Homo sapiens	Plasma	Plate_9	MarthaReselection	not available	not available	not available	not available	not available	not available	not available	not available	1	AC=EFO:0009656;NT=plasma	run 32	proteomics profiling by mass spectrometry	PRM_20251218_MarthaReselection_Plate_9_C8.RAW	PRM_20251218_MarthaReselection_Plate_9_C8.RAW	NT=Parallel Reaction Monitoring;AC=MS:1002956	AC=MS:1002038;NT=label free sample	1	NT=High-performance liquid chromatography;AC=PRIDE:0000565	1	AC=MS:1001251;NT=Trypsin	not available	NT=Stellar;AC=MS:1003409	NT=Carbamidomethyl;AC=UNIMOD:4;TA=C;MT=Fixed	NT=Higher-energy Collisional Dissociation;AC=MS:1000422	27 NCE	40 ppm	0.05 Da	C
PRM_20251218_MarthaReselection_Plate_9_C9	C	9	MRTH	33	RC9	0.1	C:\Xcalibur\methods\method1	C:\data\yourdir	PRM_20251218_MarthaReselection_Plate_9_C9	Homo sapiens	Plasma	Plate_9	MarthaReselection	not available	not available	not available	not available	not available	not available	not available	not available	1	AC=EFO:0009656;NT=plasma	run 33	proteomics profiling by mass spectrometry	PRM_20251218_MarthaReselection_Plate_9_C9.RAW	PRM_20251218_MarthaReselection_Plate_9_C9.RAW	NT=Parallel Reaction Monitoring;AC=MS:1002956	AC=MS:1002038;NT=label free sample	1	NT=High-performance liquid chromatography;AC=PRIDE:0000565	1	AC=MS:1001251;NT=Trypsin	not available	NT=Stellar;AC=MS:1003409	NT=Carbamidomethyl;AC=UNIMOD:4;TA=C;MT=Fixed	NT=Higher-energy Collisional Dissociation;AC=MS:1000422	27 NCE	40 ppm	0.05 Da	C
PRM_20251218_MarthaReselection_Plate_9_C10	C	10	MRTH	34	RC10	0.1	C:\Xcalibur\methods\method1	C:\data\yourdir	PRM_20251218_MarthaReselection_Plate_9_C10	Homo sapiens	Plasma	Plate_9	MarthaReselection	not available	not available	not available	not available	not available	not available	not available	not available	1	AC=EFO:0009656;NT=plasma	run 34	proteomics profiling by mass spectrometry	PRM_20251218_MarthaReselection_Plate_9_C10.RAW	PRM_20251218_MarthaReselection_Plate_9_C10.RAW	NT=Parallel Reaction Monitoring;AC=MS:1002956	AC=MS:1002038;NT=label free sample	1	NT=High-performance liquid chromatography;AC=PRIDE:0000565	1	AC=MS:1001251;NT=Trypsin	not available	NT=Stellar;AC=MS:1003409	NT=Carbamidomethyl;AC=UNIMOD:4;TA=C;MT=Fixed	NT=Higher-energy Collisional Dissociation;AC=MS:1000422	27 NCE	40 ppm	0.05 Da	C
PRM_20251218_MarthaReselection_Plate_9_C11	C	11	MRTH	35	RC11	0.1	C:\Xcalibur\methods\method1	C:\data\yourdir	PRM_20251218_MarthaReselection_Plate_9_C11	Homo sapiens	Plasma	Plate_9	MarthaReselection	not available	not available	not available	not available	not available	not available	not available	not available	1	AC=EFO:0009656;NT=plasma	run 35	proteomics profiling by mass spectrometry	PRM_20251218_MarthaReselection_Plate_9_C11.RAW	PRM_20251218_MarthaReselection_Plate_9_C11.RAW	NT=Parallel Reaction Monitoring;AC=MS:1002956	AC=MS:1002038;NT=label free sample	1	NT=High-performance liquid chromatography;AC=PRIDE:0000565	1	AC=MS:1001251;NT=Trypsin	not available	NT=Stellar;AC=MS:1003409	NT=Carbamidomethyl;AC=UNIMOD:4;TA=C;MT=Fixed	NT=Higher-energy Collisional Dissociation;AC=MS:1000422	27 NCE	40 ppm	0.05 Da	C
PRM_20251218_MarthaReselection_Plate_9_C12	C	12	MRTH	36	RC12	0.1	C:\Xcalibur\methods\method1	C:\data\yourdir	PRM_20251218_MarthaReselection_Plate_9_C12	Homo sapiens	Plasma	Plate_9	MarthaReselection	not available	not available	not available	not available	not available	not available	not available	not available	1	AC=EFO:0009656;NT=plasma	run 36	proteomics profiling by mass spectrometry	PRM_20251218_MarthaReselection_Plate_9_C12.RAW	PRM_20251218_MarthaReselection_Plate_9_C12.RAW	NT=Parallel Reaction Monitoring;AC=MS:1002956	AC=MS:1002038;NT=label free sample	1	NT=High-performance liquid chromatography;AC=PRIDE:0000565	1	AC=MS:1001251;NT=Trypsin	not available	NT=Stellar;AC=MS:1003409	NT=Carbamidomethyl;AC=UNIMOD:4;TA=C;MT=Fixed	NT=Higher-energy Collisional Dissociation;AC=MS:1000422	27 NCE	40 ppm	0.05 Da	C
PRM_20251218_MarthaReselection_Plate_9_D1	D	1	MRTH	37	RD1	0.1	C:\Xcalibur\methods\method1	C:\data\yourdir	PRM_20251218_MarthaReselection_Plate_9_D1	Homo sapiens	Plasma	Plate_9	MarthaReselection	not available	not available	not available	not available	not available	not available	not available	not available	1	AC=EFO:0009656;NT=plasma	run 37	proteomics profiling by mass spectrometry	PRM_20251218_MarthaReselection_Plate_9_D1.RAW	PRM_20251218_MarthaReselection_Plate_9_D1.RAW	NT=Parallel Reaction Monitoring;AC=MS:1002956	AC=MS:1002038;NT=label free sample	1	NT=High-performance liquid chromatography;AC=PRIDE:0000565	1	AC=MS:1001251;NT=Trypsin	not available	NT=Stellar;AC=MS:1003409	NT=Carbamidomethyl;AC=UNIMOD:4;TA=C;MT=Fixed	NT=Higher-energy Collisional Dissociation;AC=MS:1000422	27 NCE	40 ppm	0.05 Da	D
PRM_20251218_MarthaReselection_Plate_9_D2	D	2	MRTH	38	RD2	0.1	C:\Xcalibur\methods\method1	C:\data\yourdir	PRM_20251218_MarthaReselection_Plate_9_D2	Homo sapiens	Plasma	Plate_9	MarthaReselection	not available	not available	not available	not available	not available	not available	not available	not available	1	AC=EFO:0009656;NT=plasma	run 38	proteomics profiling by mass spectrometry	PRM_20251218_MarthaReselection_Plate_9_D2.RAW	PRM_20251218_MarthaReselection_Plate_9_D2.RAW	NT=Parallel Reaction Monitoring;AC=MS:1002956	AC=MS:1002038;NT=label free sample	1	NT=High-performance liquid chromatography;AC=PRIDE:0000565	1	AC=MS:1001251;NT=Trypsin	not available	NT=Stellar;AC=MS:1003409	NT=Carbamidomethyl;AC=UNIMOD:4;TA=C;MT=Fixed	NT=Higher-energy Collisional Dissociation;AC=MS:1000422	27 NCE	40 ppm	0.05 Da	D
PRM_20251218_MarthaReselection_Plate_9_D3	D	3	MRTH	39	RD3	0.1	C:\Xcalibur\methods\method1	C:\data\yourdir	PRM_20251218_MarthaReselection_Plate_9_D3	Homo sapiens	Plasma	Plate_9	MarthaReselection	not available	not available	not available	not available	not available	not available	not available	not available	1	AC=EFO:0009656;NT=plasma	run 39	proteomics profiling by mass spectrometry	PRM_20251218_MarthaReselection_Plate_9_D3.RAW	PRM_20251218_MarthaReselection_Plate_9_D3.RAW	NT=Parallel Reaction Monitoring;AC=MS:1002956	AC=MS:1002038;NT=label free sample	1	NT=High-performance liquid chromatography;AC=PRIDE:0000565	1	AC=MS:1001251;NT=Trypsin	not available	NT=Stellar;AC=MS:1003409	NT=Carbamidomethyl;AC=UNIMOD:4;TA=C;MT=Fixed	NT=Higher-energy Collisional Dissociation;AC=MS:1000422	27 NCE	40 ppm	0.05 Da	D
PRM_20251218_MarthaReselection_Plate_9_D4	D	4	MRTH	40	RD4	0.1	C:\Xcalibur\methods\method1	C:\data\yourdir	PRM_20251218_MarthaReselection_Plate_9_D4	Homo sapiens	Plasma	Plate_9	MarthaReselection	not available	not available	not available	not available	not available	not available	not available	not available	1	AC=EFO:0009656;NT=plasma	run 40	proteomics profiling by mass spectrometry	PRM_20251218_MarthaReselection_Plate_9_D4.RAW	PRM_20251218_MarthaReselection_Plate_9_D4.RAW	NT=Parallel Reaction Monitoring;AC=MS:1002956	AC=MS:1002038;NT=label free sample	1	NT=High-performance liquid chromatography;AC=PRIDE:0000565	1	AC=MS:1001251;NT=Trypsin	not available	NT=Stellar;AC=MS:1003409	NT=Carbamidomethyl;AC=UNIMOD:4;TA=C;MT=Fixed	NT=Higher-energy Collisional Dissociation;AC=MS:1000422	27 NCE	40 ppm	0.05 Da	D
PRM_20251218_MarthaReselection_Plate_9_D5	D	5	MRTH	41	RD5	0.1	C:\Xcalibur\methods\method1	C:\data\yourdir	PRM_20251218_MarthaReselection_Plate_9_D5	Homo sapiens	Plasma	Plate_9	MarthaReselection	not available	not available	not available	not available	not available	not available	not available	not available	1	AC=EFO:0009656;NT=plasma	run 41	proteomics profiling by mass spectrometry	PRM_20251218_MarthaReselection_Plate_9_D5.RAW	PRM_20251218_MarthaReselection_Plate_9_D5.RAW	NT=Parallel Reaction Monitoring;AC=MS:1002956	AC=MS:1002038;NT=label free sample	1	NT=High-performance liquid chromatography;AC=PRIDE:0000565	1	AC=MS:1001251;NT=Trypsin	not available	NT=Stellar;AC=MS:1003409	NT=Carbamidomethyl;AC=UNIMOD:4;TA=C;MT=Fixed	NT=Higher-energy Collisional Dissociation;AC=MS:1000422	27 NCE	40 ppm	0.05 Da	D
PRM_20251218_MarthaReselection_Plate_9_D6	D	6	MRTH	42	RD6	0.1	C:\Xcalibur\methods\method1	C:\data\yourdir	PRM_20251218_MarthaReselection_Plate_9_D6	Homo sapiens	Plasma	Plate_9	MarthaReselection	not available	not available	not available	not available	not available	not available	not available	not available	1	AC=EFO:0009656;NT=plasma	run 42	proteomics profiling by mass spectrometry	PRM_20251218_MarthaReselection_Plate_9_D6.RAW	PRM_20251218_MarthaReselection_Plate_9_D6.RAW	NT=Parallel Reaction Monitoring;AC=MS:1002956	AC=MS:1002038;NT=label free sample	1	NT=High-performance liquid chromatography;AC=PRIDE:0000565	1	AC=MS:1001251;NT=Trypsin	not available	NT=Stellar;AC=MS:1003409	NT=Carbamidomethyl;AC=UNIMOD:4;TA=C;MT=Fixed	NT=Higher-energy Collisional Dissociation;AC=MS:1000422	27 NCE	40 ppm	0.05 Da	D
PRM_20251218_MarthaReselection_Plate_9_D7	D	7	MRTH	43	RD7	0.1	C:\Xcalibur\methods\method1	C:\data\yourdir	PRM_20251218_MarthaReselection_Plate_9_D7	Homo sapiens	Plasma	Plate_9	MarthaReselection	not available	not available	not available	not available	not available	not available	not available	not available	1	AC=EFO:0009656;NT=plasma	run 43	proteomics profiling by mass spectrometry	PRM_20251218_MarthaReselection_Plate_9_D7.RAW	PRM_20251218_MarthaReselection_Plate_9_D7.RAW	NT=Parallel Reaction Monitoring;AC=MS:1002956	AC=MS:1002038;NT=label free sample	1	NT=High-performance liquid chromatography;AC=PRIDE:0000565	1	AC=MS:1001251;NT=Trypsin	not available	NT=Stellar;AC=MS:1003409	NT=Carbamidomethyl;AC=UNIMOD:4;TA=C;MT=Fixed	NT=Higher-energy Collisional Dissociation;AC=MS:1000422	27 NCE	40 ppm	0.05 Da	D
PRM_20251218_MarthaReselection_Plate_9_D8	D	8	MRTH	44	RD8	0.1	C:\Xcalibur\methods\method1	C:\data\yourdir	PRM_20251218_MarthaReselection_Plate_9_D8	Homo sapiens	Plasma	Plate_9	MarthaReselection	not available	not available	not available	not available	not available	not available	not available	not available	1	AC=EFO:0009656;NT=plasma	run 44	proteomics profiling by mass spectrometry	PRM_20251218_MarthaReselection_Plate_9_D8.RAW	PRM_20251218_MarthaReselection_Plate_9_D8.RAW	NT=Parallel Reaction Monitoring;AC=MS:1002956	AC=MS:1002038;NT=label free sample	1	NT=High-performance liquid chromatography;AC=PRIDE:0000565	1	AC=MS:1001251;NT=Trypsin	not available	NT=Stellar;AC=MS:1003409	NT=Carbamidomethyl;AC=UNIMOD:4;TA=C;MT=Fixed	NT=Higher-energy Collisional Dissociation;AC=MS:1000422	27 NCE	40 ppm	0.05 Da	D
PRM_20251218_MarthaReselection_Plate_9_D9	D	9	MRTH	45	RD9	0.1	C:\Xcalibur\methods\method1	C:\data\yourdir	PRM_20251218_MarthaReselection_Plate_9_D9	Homo sapiens	Plasma	Plate_9	MarthaReselection	not available	not available	not available	not available	not available	not available	not available	not available	1	AC=EFO:0009656;NT=plasma	run 45	proteomics profiling by mass spectrometry	PRM_20251218_MarthaReselection_Plate_9_D9.RAW	PRM_20251218_MarthaReselection_Plate_9_D9.RAW	NT=Parallel Reaction Monitoring;AC=MS:1002956	AC=MS:1002038;NT=label free sample	1	NT=High-performance liquid chromatography;AC=PRIDE:0000565	1	AC=MS:1001251;NT=Trypsin	not available	NT=Stellar;AC=MS:1003409	NT=Carbamidomethyl;AC=UNIMOD:4;TA=C;MT=Fixed	NT=Higher-energy Collisional Dissociation;AC=MS:1000422	27 NCE	40 ppm	0.05 Da	D
PRM_20251218_MarthaReselection_Plate_9_D10	D	10	MRTH	46	RD10	0.1	C:\Xcalibur\methods\method1	C:\data\yourdir	PRM_20251218_MarthaReselection_Plate_9_D10	Homo sapiens	Plasma	Plate_9	MarthaReselection	not available	not available	not available	not available	not available	not available	not available	not available	1	AC=EFO:0009656;NT=plasma	run 46	proteomics profiling by mass spectrometry	PRM_20251218_MarthaReselection_Plate_9_D10.RAW	PRM_20251218_MarthaReselection_Plate_9_D10.RAW	NT=Parallel Reaction Monitoring;AC=MS:1002956	AC=MS:1002038;NT=label free sample	1	NT=High-performance liquid chromatography;AC=PRIDE:0000565	1	AC=MS:1001251;NT=Trypsin	not available	NT=Stellar;AC=MS:1003409	NT=Carbamidomethyl;AC=UNIMOD:4;TA=C;MT=Fixed	NT=Higher-energy Collisional Dissociation;AC=MS:1000422	27 NCE	40 ppm	0.05 Da	D
PRM_20251218_MarthaReselection_Plate_9_D11	D	11	MRTH	47	RD11	0.1	C:\Xcalibur\methods\method1	C:\data\yourdir	PRM_20251218_MarthaReselection_Plate_9_D11	Homo sapiens	Plasma	Plate_9	MarthaReselection	not available	not available	not available	not available	not available	not available	not available	not available	1	AC=EFO:0009656;NT=plasma	run 47	proteomics profiling by mass spectrometry	PRM_20251218_MarthaReselection_Plate_9_D11.RAW	PRM_20251218_MarthaReselection_Plate_9_D11.RAW	NT=Parallel Reaction Monitoring;AC=MS:1002956	AC=MS:1002038;NT=label free sample	1	NT=High-performance liquid chromatography;AC=PRIDE:0000565	1	AC=MS:1001251;NT=Trypsin	not available	NT=Stellar;AC=MS:1003409	NT=Carbamidomethyl;AC=UNIMOD:4;TA=C;MT=Fixed	NT=Higher-energy Collisional Dissociation;AC=MS:1000422	27 NCE	40 ppm	0.05 Da	D
PRM_20251218_MarthaReselection_Plate_9_D12	D	12	MRTH	48	RD12	0.1	C:\Xcalibur\methods\method1	C:\data\yourdir	PRM_20251218_MarthaReselection_Plate_9_D12	Homo sapiens	Plasma	Plate_9	MarthaReselection	not available	not available	not available	not available	not available	not available	not available	not available	1	AC=EFO:0009656;NT=plasma	run 48	proteomics profiling by mass spectrometry	PRM_20251218_MarthaReselection_Plate_9_D12.RAW	PRM_20251218_MarthaReselection_Plate_9_D12.RAW	NT=Parallel Reaction Monitoring;AC=MS:1002956	AC=MS:1002038;NT=label free sample	1	NT=High-performance liquid chromatography;AC=PRIDE:0000565	1	AC=MS:1001251;NT=Trypsin	not available	NT=Stellar;AC=MS:1003409	NT=Carbamidomethyl;AC=UNIMOD:4;TA=C;MT=Fixed	NT=Higher-energy Collisional Dissociation;AC=MS:1000422	27 NCE	40 ppm	0.05 Da	D
PRM_20251218_MarthaReselection_Plate_9_E1	E	1	MRTH	49	RE1	0.1	C:\Xcalibur\methods\method1	C:\data\yourdir	PRM_20251218_MarthaReselection_Plate_9_E1	Homo sapiens	Plasma	Plate_9	MarthaReselection	not available	not available	not available	not available	not available	not available	not available	not available	1	AC=EFO:0009656;NT=plasma	run 49	proteomics profiling by mass spectrometry	PRM_20251218_MarthaReselection_Plate_9_E1.RAW	PRM_20251218_MarthaReselection_Plate_9_E1.RAW	NT=Parallel Reaction Monitoring;AC=MS:1002956	AC=MS:1002038;NT=label free sample	1	NT=High-performance liquid chromatography;AC=PRIDE:0000565	1	AC=MS:1001251;NT=Trypsin	not available	NT=Stellar;AC=MS:1003409	NT=Carbamidomethyl;AC=UNIMOD:4;TA=C;MT=Fixed	NT=Higher-energy Collisional Dissociation;AC=MS:1000422	27 NCE	40 ppm	0.05 Da	E
PRM_20251218_MarthaReselection_Plate_9_E2	E	2	MRTH	50	RE2	0.1	C:\Xcalibur\methods\method1	C:\data\yourdir	PRM_20251218_MarthaReselection_Plate_9_E2	Homo sapiens	Plasma	Plate_9	MarthaReselection	not available	not available	not available	not available	not available	not available	not available	not available	1	AC=EFO:0009656;NT=plasma	run 50	proteomics profiling by mass spectrometry	PRM_20251218_MarthaReselection_Plate_9_E2.RAW	PRM_20251218_MarthaReselection_Plate_9_E2.RAW	NT=Parallel Reaction Monitoring;AC=MS:1002956	AC=MS:1002038;NT=label free sample	1	NT=High-performance liquid chromatography;AC=PRIDE:0000565	1	AC=MS:1001251;NT=Trypsin	not available	NT=Stellar;AC=MS:1003409	NT=Carbamidomethyl;AC=UNIMOD:4;TA=C;MT=Fixed	NT=Higher-energy Collisional Dissociation;AC=MS:1000422	27 NCE	40 ppm	0.05 Da	E
PRM_20251218_MarthaReselection_Plate_9_E3	E	3	MRTH	51	RE3	0.1	C:\Xcalibur\methods\method1	C:\data\yourdir	PRM_20251218_MarthaReselection_Plate_9_E3	Homo sapiens	Plasma	Plate_9	MarthaReselection	not available	not available	not available	not available	not available	not available	not available	not available	1	AC=EFO:0009656;NT=plasma	run 51	proteomics profiling by mass spectrometry	PRM_20251218_MarthaReselection_Plate_9_E3.RAW	PRM_20251218_MarthaReselection_Plate_9_E3.RAW	NT=Parallel Reaction Monitoring;AC=MS:1002956	AC=MS:1002038;NT=label free sample	1	NT=High-performance liquid chromatography;AC=PRIDE:0000565	1	AC=MS:1001251;NT=Trypsin	not available	NT=Stellar;AC=MS:1003409	NT=Carbamidomethyl;AC=UNIMOD:4;TA=C;MT=Fixed	NT=Higher-energy Collisional Dissociation;AC=MS:1000422	27 NCE	40 ppm	0.05 Da	E
PRM_20251218_MarthaReselection_Plate_9_E4	E	4	MRTH	52	RE4	0.1	C:\Xcalibur\methods\method1	C:\data\yourdir	PRM_20251218_MarthaReselection_Plate_9_E4	Homo sapiens	Plasma	Plate_9	MarthaReselection	not available	not available	not available	not available	not available	not available	not available	not available	1	AC=EFO:0009656;NT=plasma	run 52	proteomics profiling by mass spectrometry	PRM_20251218_MarthaReselection_Plate_9_E4.RAW	PRM_20251218_MarthaReselection_Plate_9_E4.RAW	NT=Parallel Reaction Monitoring;AC=MS:1002956	AC=MS:1002038;NT=label free sample	1	NT=High-performance liquid chromatography;AC=PRIDE:0000565	1	AC=MS:1001251;NT=Trypsin	not available	NT=Stellar;AC=MS:1003409	NT=Carbamidomethyl;AC=UNIMOD:4;TA=C;MT=Fixed	NT=Higher-energy Collisional Dissociation;AC=MS:1000422	27 NCE	40 ppm	0.05 Da	E
PRM_20251218_MarthaReselection_Plate_9_E5	E	5	MRTH	53	RE5	0.1	C:\Xcalibur\methods\method1	C:\data\yourdir	PRM_20251218_MarthaReselection_Plate_9_E5	Homo sapiens	Plasma	Plate_9	MarthaReselection	not available	not available	not available	not available	not available	not available	not available	not available	1	AC=EFO:0009656;NT=plasma	run 53	proteomics profiling by mass spectrometry	PRM_20251218_MarthaReselection_Plate_9_E5.RAW	PRM_20251218_MarthaReselection_Plate_9_E5.RAW	NT=Parallel Reaction Monitoring;AC=MS:1002956	AC=MS:1002038;NT=label free sample	1	NT=High-performance liquid chromatography;AC=PRIDE:0000565	1	AC=MS:1001251;NT=Trypsin	not available	NT=Stellar;AC=MS:1003409	NT=Carbamidomethyl;AC=UNIMOD:4;TA=C;MT=Fixed	NT=Higher-energy Collisional Dissociation;AC=MS:1000422	27 NCE	40 ppm	0.05 Da	E
PRM_20251218_MarthaReselection_Plate_9_E6	E	6	MRTH	54	RE6	0.1	C:\Xcalibur\methods\method1	C:\data\yourdir	PRM_20251218_MarthaReselection_Plate_9_E6	Homo sapiens	Plasma	Plate_9	MarthaReselection	not available	not available	not available	not available	not available	not available	not available	not available	1	AC=EFO:0009656;NT=plasma	run 54	proteomics profiling by mass spectrometry	PRM_20251218_MarthaReselection_Plate_9_E6.RAW	PRM_20251218_MarthaReselection_Plate_9_E6.RAW	NT=Parallel Reaction Monitoring;AC=MS:1002956	AC=MS:1002038;NT=label free sample	1	NT=High-performance liquid chromatography;AC=PRIDE:0000565	1	AC=MS:1001251;NT=Trypsin	not available	NT=Stellar;AC=MS:1003409	NT=Carbamidomethyl;AC=UNIMOD:4;TA=C;MT=Fixed	NT=Higher-energy Collisional Dissociation;AC=MS:1000422	27 NCE	40 ppm	0.05 Da	E
PRM_20251218_MarthaReselection_Plate_9_E7	E	7	MRTH	55	RE7	0.1	C:\Xcalibur\methods\method1	C:\data\yourdir	PRM_20251218_MarthaReselection_Plate_9_E7	Homo sapiens	Plasma	Plate_9	MarthaReselection	not available	not available	not available	not available	not available	not available	not available	not available	1	AC=EFO:0009656;NT=plasma	run 55	proteomics profiling by mass spectrometry	PRM_20251218_MarthaReselection_Plate_9_E7.RAW	PRM_20251218_MarthaReselection_Plate_9_E7.RAW	NT=Parallel Reaction Monitoring;AC=MS:1002956	AC=MS:1002038;NT=label free sample	1	NT=High-performance liquid chromatography;AC=PRIDE:0000565	1	AC=MS:1001251;NT=Trypsin	not available	NT=Stellar;AC=MS:1003409	NT=Carbamidomethyl;AC=UNIMOD:4;TA=C;MT=Fixed	NT=Higher-energy Collisional Dissociation;AC=MS:1000422	27 NCE	40 ppm	0.05 Da	E
PRM_20251218_MarthaReselection_Plate_9_E8	E	8	MRTH	56	RE8	0.1	C:\Xcalibur\methods\method1	C:\data\yourdir	PRM_20251218_MarthaReselection_Plate_9_E8	Homo sapiens	Plasma	Plate_9	MarthaReselection	not available	not available	not available	not available	not available	not available	not available	not available	1	AC=EFO:0009656;NT=plasma	run 56	proteomics profiling by mass spectrometry	PRM_20251218_MarthaReselection_Plate_9_E8.RAW	PRM_20251218_MarthaReselection_Plate_9_E8.RAW	NT=Parallel Reaction Monitoring;AC=MS:1002956	AC=MS:1002038;NT=label free sample	1	NT=High-performance liquid chromatography;AC=PRIDE:0000565	1	AC=MS:1001251;NT=Trypsin	not available	NT=Stellar;AC=MS:1003409	NT=Carbamidomethyl;AC=UNIMOD:4;TA=C;MT=Fixed	NT=Higher-energy Collisional Dissociation;AC=MS:1000422	27 NCE	40 ppm	0.05 Da	E
PRM_20251218_MarthaReselection_Plate_9_E9	E	9	MRTH	57	RE9	0.1	C:\Xcalibur\methods\method1	C:\data\yourdir	PRM_20251218_MarthaReselection_Plate_9_E9	Homo sapiens	Plasma	Plate_9	MarthaReselection	not available	not available	not available	not available	not available	not available	not available	not available	1	AC=EFO:0009656;NT=plasma	run 57	proteomics profiling by mass spectrometry	PRM_20251218_MarthaReselection_Plate_9_E9.RAW	PRM_20251218_MarthaReselection_Plate_9_E9.RAW	NT=Parallel Reaction Monitoring;AC=MS:1002956	AC=MS:1002038;NT=label free sample	1	NT=High-performance liquid chromatography;AC=PRIDE:0000565	1	AC=MS:1001251;NT=Trypsin	not available	NT=Stellar;AC=MS:1003409	NT=Carbamidomethyl;AC=UNIMOD:4;TA=C;MT=Fixed	NT=Higher-energy Collisional Dissociation;AC=MS:1000422	27 NCE	40 ppm	0.05 Da	E
PRM_20251218_MarthaReselection_Plate_9_E10	E	10	MRTH	58	RE10	0.1	C:\Xcalibur\methods\method1	C:\data\yourdir	PRM_20251218_MarthaReselection_Plate_9_E10	Homo sapiens	Plasma	Plate_9	MarthaReselection	not available	not available	not available	not available	not available	not available	not available	not available	1	AC=EFO:0009656;NT=plasma	run 58	proteomics profiling by mass spectrometry	PRM_20251218_MarthaReselection_Plate_9_E10.RAW	PRM_20251218_MarthaReselection_Plate_9_E10.RAW	NT=Parallel Reaction Monitoring;AC=MS:1002956	AC=MS:1002038;NT=label free sample	1	NT=High-performance liquid chromatography;AC=PRIDE:0000565	1	AC=MS:1001251;NT=Trypsin	not available	NT=Stellar;AC=MS:1003409	NT=Carbamidomethyl;AC=UNIMOD:4;TA=C;MT=Fixed	NT=Higher-energy Collisional Dissociation;AC=MS:1000422	27 NCE	40 ppm	0.05 Da	E
PRM_20251218_MarthaReselection_Plate_9_E11	E	11	MRTH	59	RE11	0.1	C:\Xcalibur\methods\method1	C:\data\yourdir	PRM_20251218_MarthaReselection_Plate_9_E11	Homo sapiens	Plasma	Plate_9	MarthaReselection	not available	not available	not available	not available	not available	not available	not available	not available	1	AC=EFO:0009656;NT=plasma	run 59	proteomics profiling by mass spectrometry	PRM_20251218_MarthaReselection_Plate_9_E11.RAW	PRM_20251218_MarthaReselection_Plate_9_E11.RAW	NT=Parallel Reaction Monitoring;AC=MS:1002956	AC=MS:1002038;NT=label free sample	1	NT=High-performance liquid chromatography;AC=PRIDE:0000565	1	AC=MS:1001251;NT=Trypsin	not available	NT=Stellar;AC=MS:1003409	NT=Carbamidomethyl;AC=UNIMOD:4;TA=C;MT=Fixed	NT=Higher-energy Collisional Dissociation;AC=MS:1000422	27 NCE	40 ppm	0.05 Da	E
PRM_20251218_MarthaReselection_Plate_9_E12	E	12	MRTH	60	RE12	0.1	C:\Xcalibur\methods\method1	C:\data\yourdir	PRM_20251218_MarthaReselection_Plate_9_E12	Homo sapiens	Plasma	Plate_9	MarthaReselection	not available	not available	not available	not available	not available	not available	not available	not available	1	AC=EFO:0009656;NT=plasma	run 60	proteomics profiling by mass spectrometry	PRM_20251218_MarthaReselection_Plate_9_E12.RAW	PRM_20251218_MarthaReselection_Plate_9_E12.RAW	NT=Parallel Reaction Monitoring;AC=MS:1002956	AC=MS:1002038;NT=label free sample	1	NT=High-performance liquid chromatography;AC=PRIDE:0000565	1	AC=MS:1001251;NT=Trypsin	not available	NT=Stellar;AC=MS:1003409	NT=Carbamidomethyl;AC=UNIMOD:4;TA=C;MT=Fixed	NT=Higher-energy Collisional Dissociation;AC=MS:1000422	27 NCE	40 ppm	0.05 Da	E
PRM_20251218_MarthaReselection_Plate_9_F1	F	1	MRTH	61	RF1	0.1	C:\Xcalibur\methods\method1	C:\data\yourdir	PRM_20251218_MarthaReselection_Plate_9_F1	Homo sapiens	Plasma	Plate_9	MarthaReselection	not available	not available	not available	not available	not available	not available	not available	not available	1	AC=EFO:0009656;NT=plasma	run 61	proteomics profiling by mass spectrometry	PRM_20251218_MarthaReselection_Plate_9_F1.RAW	PRM_20251218_MarthaReselection_Plate_9_F1.RAW	NT=Parallel Reaction Monitoring;AC=MS:1002956	AC=MS:1002038;NT=label free sample	1	NT=High-performance liquid chromatography;AC=PRIDE:0000565	1	AC=MS:1001251;NT=Trypsin	not available	NT=Stellar;AC=MS:1003409	NT=Carbamidomethyl;AC=UNIMOD:4;TA=C;MT=Fixed	NT=Higher-energy Collisional Dissociation;AC=MS:1000422	27 NCE	40 ppm	0.05 Da	F
PRM_20251218_MarthaReselection_Plate_9_F2	F	2	MRTH	62	RF2	0.1	C:\Xcalibur\methods\method1	C:\data\yourdir	PRM_20251218_MarthaReselection_Plate_9_F2	Homo sapiens	Plasma	Plate_9	MarthaReselection	not available	not available	not available	not available	not available	not available	not available	not available	1	AC=EFO:0009656;NT=plasma	run 62	proteomics profiling by mass spectrometry	PRM_20251218_MarthaReselection_Plate_9_F2.RAW	PRM_20251218_MarthaReselection_Plate_9_F2.RAW	NT=Parallel Reaction Monitoring;AC=MS:1002956	AC=MS:1002038;NT=label free sample	1	NT=High-performance liquid chromatography;AC=PRIDE:0000565	1	AC=MS:1001251;NT=Trypsin	not available	NT=Stellar;AC=MS:1003409	NT=Carbamidomethyl;AC=UNIMOD:4;TA=C;MT=Fixed	NT=Higher-energy Collisional Dissociation;AC=MS:1000422	27 NCE	40 ppm	0.05 Da	F
PRM_20251218_MarthaReselection_Plate_9_F3	F	3	MRTH	63	RF3	0.1	C:\Xcalibur\methods\method1	C:\data\yourdir	PRM_20251218_MarthaReselection_Plate_9_F3	Homo sapiens	Plasma	Plate_9	MarthaReselection	not available	not available	not available	not available	not available	not available	not available	not available	1	AC=EFO:0009656;NT=plasma	run 63	proteomics profiling by mass spectrometry	PRM_20251218_MarthaReselection_Plate_9_F3.RAW	PRM_20251218_MarthaReselection_Plate_9_F3.RAW	NT=Parallel Reaction Monitoring;AC=MS:1002956	AC=MS:1002038;NT=label free sample	1	NT=High-performance liquid chromatography;AC=PRIDE:0000565	1	AC=MS:1001251;NT=Trypsin	not available	NT=Stellar;AC=MS:1003409	NT=Carbamidomethyl;AC=UNIMOD:4;TA=C;MT=Fixed	NT=Higher-energy Collisional Dissociation;AC=MS:1000422	27 NCE	40 ppm	0.05 Da	F
PRM_20251218_MarthaReselection_Plate_9_F4	F	4	MRTH	64	RF4	0.1	C:\Xcalibur\methods\method1	C:\data\yourdir	PRM_20251218_MarthaReselection_Plate_9_F4	Homo sapiens	Plasma	Plate_9	MarthaReselection	not available	not available	not available	not available	not available	not available	not available	not available	1	AC=EFO:0009656;NT=plasma	run 64	proteomics profiling by mass spectrometry	PRM_20251218_MarthaReselection_Plate_9_F4.RAW	PRM_20251218_MarthaReselection_Plate_9_F4.RAW	NT=Parallel Reaction Monitoring;AC=MS:1002956	AC=MS:1002038;NT=label free sample	1	NT=High-performance liquid chromatography;AC=PRIDE:0000565	1	AC=MS:1001251;NT=Trypsin	not available	NT=Stellar;AC=MS:1003409	NT=Carbamidomethyl;AC=UNIMOD:4;TA=C;MT=Fixed	NT=Higher-energy Collisional Dissociation;AC=MS:1000422	27 NCE	40 ppm	0.05 Da	F
PRM_20251218_MarthaReselection_Plate_9_F5	F	5	MRTH	65	RF5	0.1	C:\Xcalibur\methods\method1	C:\data\yourdir	PRM_20251218_MarthaReselection_Plate_9_F5	Homo sapiens	Plasma	Plate_9	MarthaReselection	not available	not available	not available	not available	not available	not available	not available	not available	1	AC=EFO:0009656;NT=plasma	run 65	proteomics profiling by mass spectrometry	PRM_20251218_MarthaReselection_Plate_9_F5.RAW	PRM_20251218_MarthaReselection_Plate_9_F5.RAW	NT=Parallel Reaction Monitoring;AC=MS:1002956	AC=MS:1002038;NT=label free sample	1	NT=High-performance liquid chromatography;AC=PRIDE:0000565	1	AC=MS:1001251;NT=Trypsin	not available	NT=Stellar;AC=MS:1003409	NT=Carbamidomethyl;AC=UNIMOD:4;TA=C;MT=Fixed	NT=Higher-energy Collisional Dissociation;AC=MS:1000422	27 NCE	40 ppm	0.05 Da	F
PRM_20251218_MarthaReselection_Plate_9_F6	F	6	MRTH	66	RF6	0.1	C:\Xcalibur\methods\method1	C:\data\yourdir	PRM_20251218_MarthaReselection_Plate_9_F6	Homo sapiens	Plasma	Plate_9	MarthaReselection	not available	not available	not available	not available	not available	not available	not available	not available	1	AC=EFO:0009656;NT=plasma	run 66	proteomics profiling by mass spectrometry	PRM_20251218_MarthaReselection_Plate_9_F6.RAW	PRM_20251218_MarthaReselection_Plate_9_F6.RAW	NT=Parallel Reaction Monitoring;AC=MS:1002956	AC=MS:1002038;NT=label free sample	1	NT=High-performance liquid chromatography;AC=PRIDE:0000565	1	AC=MS:1001251;NT=Trypsin	not available	NT=Stellar;AC=MS:1003409	NT=Carbamidomethyl;AC=UNIMOD:4;TA=C;MT=Fixed	NT=Higher-energy Collisional Dissociation;AC=MS:1000422	27 NCE	40 ppm	0.05 Da	F
PRM_20251218_MarthaReselection_Plate_9_F7	F	7	MRTH	67	RF7	0.1	C:\Xcalibur\methods\method1	C:\data\yourdir	PRM_20251218_MarthaReselection_Plate_9_F7	Homo sapiens	Plasma	Plate_9	MarthaReselection	not available	not available	not available	not available	not available	not available	not available	not available	1	AC=EFO:0009656;NT=plasma	run 67	proteomics profiling by mass spectrometry	PRM_20251218_MarthaReselection_Plate_9_F7.RAW	PRM_20251218_MarthaReselection_Plate_9_F7.RAW	NT=Parallel Reaction Monitoring;AC=MS:1002956	AC=MS:1002038;NT=label free sample	1	NT=High-performance liquid chromatography;AC=PRIDE:0000565	1	AC=MS:1001251;NT=Trypsin	not available	NT=Stellar;AC=MS:1003409	NT=Carbamidomethyl;AC=UNIMOD:4;TA=C;MT=Fixed	NT=Higher-energy Collisional Dissociation;AC=MS:1000422	27 NCE	40 ppm	0.05 Da	F
PRM_20251218_MarthaReselection_Plate_9_F8	F	8	MRTH	68	RF8	0.1	C:\Xcalibur\methods\method1	C:\data\yourdir	PRM_20251218_MarthaReselection_Plate_9_F8	Homo sapiens	Plasma	Plate_9	MarthaReselection	not available	not available	not available	not available	not available	not available	not available	not available	1	AC=EFO:0009656;NT=plasma	run 68	proteomics profiling by mass spectrometry	PRM_20251218_MarthaReselection_Plate_9_F8.RAW	PRM_20251218_MarthaReselection_Plate_9_F8.RAW	NT=Parallel Reaction Monitoring;AC=MS:1002956	AC=MS:1002038;NT=label free sample	1	NT=High-performance liquid chromatography;AC=PRIDE:0000565	1	AC=MS:1001251;NT=Trypsin	not available	NT=Stellar;AC=MS:1003409	NT=Carbamidomethyl;AC=UNIMOD:4;TA=C;MT=Fixed	NT=Higher-energy Collisional Dissociation;AC=MS:1000422	27 NCE	40 ppm	0.05 Da	F
PRM_20251218_MarthaReselection_Plate_9_F9	F	9	MRTH	69	RF9	0.1	C:\Xcalibur\methods\method1	C:\data\yourdir	PRM_20251218_MarthaReselection_Plate_9_F9	Homo sapiens	Plasma	Plate_9	MarthaReselection	not available	not available	not available	not available	not available	not available	not available	not available	1	AC=EFO:0009656;NT=plasma	run 69	proteomics profiling by mass spectrometry	PRM_20251218_MarthaReselection_Plate_9_F9.RAW	PRM_20251218_MarthaReselection_Plate_9_F9.RAW	NT=Parallel Reaction Monitoring;AC=MS:1002956	AC=MS:1002038;NT=label free sample	1	NT=High-performance liquid chromatography;AC=PRIDE:0000565	1	AC=MS:1001251;NT=Trypsin	not available	NT=Stellar;AC=MS:1003409	NT=Carbamidomethyl;AC=UNIMOD:4;TA=C;MT=Fixed	NT=Higher-energy Collisional Dissociation;AC=MS:1000422	27 NCE	40 ppm	0.05 Da	F
PRM_20251218_MarthaReselection_Plate_9_F10	F	10	MRTH	70	RF10	0.1	C:\Xcalibur\methods\method1	C:\data\yourdir	PRM_20251218_MarthaReselection_Plate_9_F10	Homo sapiens	Plasma	Plate_9	MarthaReselection	not available	not available	not available	not available	not available	not available	not available	not available	1	AC=EFO:0009656;NT=plasma	run 70	proteomics profiling by mass spectrometry	PRM_20251218_MarthaReselection_Plate_9_F10.RAW	PRM_20251218_MarthaReselection_Plate_9_F10.RAW	NT=Parallel Reaction Monitoring;AC=MS:1002956	AC=MS:1002038;NT=label free sample	1	NT=High-performance liquid chromatography;AC=PRIDE:0000565	1	AC=MS:1001251;NT=Trypsin	not available	NT=Stellar;AC=MS:1003409	NT=Carbamidomethyl;AC=UNIMOD:4;TA=C;MT=Fixed	NT=Higher-energy Collisional Dissociation;AC=MS:1000422	27 NCE	40 ppm	0.05 Da	F
PRM_20251218_MarthaReselection_Plate_9_F11	F	11	MRTH	71	RF11	0.1	C:\Xcalibur\methods\method1	C:\data\yourdir	PRM_20251218_MarthaReselection_Plate_9_F11	Homo sapiens	Plasma	Plate_9	MarthaReselection	not available	not available	not available	not available	not available	not available	not available	not available	1	AC=EFO:0009656;NT=plasma	run 71	proteomics profiling by mass spectrometry	PRM_20251218_MarthaReselection_Plate_9_F11.RAW	PRM_20251218_MarthaReselection_Plate_9_F11.RAW	NT=Parallel Reaction Monitoring;AC=MS:1002956	AC=MS:1002038;NT=label free sample	1	NT=High-performance liquid chromatography;AC=PRIDE:0000565	1	AC=MS:1001251;NT=Trypsin	not available	NT=Stellar;AC=MS:1003409	NT=Carbamidomethyl;AC=UNIMOD:4;TA=C;MT=Fixed	NT=Higher-energy Collisional Dissociation;AC=MS:1000422	27 NCE	40 ppm	0.05 Da	F
PRM_20251218_MarthaReselection_Plate_9_F12	F	12	Pool	72	RF12	0.1	C:\Xcalibur\methods\method1	C:\data\yourdir	PRM_20251218_MarthaReselection_Plate_9_F12	Homo sapiens	Plasma	Plate_9	MarthaReselection	not available	not available	not available	not available	not available	not available	not available	not available	1	AC=EFO:0009656;NT=plasma	run 72	proteomics profiling by mass spectrometry	PRM_20251218_MarthaReselection_Plate_9_F12.RAW	PRM_20251218_MarthaReselection_Plate_9_F12.RAW	NT=Parallel Reaction Monitoring;AC=MS:1002956	AC=MS:1002038;NT=label free sample	1	NT=High-performance liquid chromatography;AC=PRIDE:0000565	1	AC=MS:1001251;NT=Trypsin	not available	NT=Stellar;AC=MS:1003409	NT=Carbamidomethyl;AC=UNIMOD:4;TA=C;MT=Fixed	NT=Higher-energy Collisional Dissociation;AC=MS:1000422	27 NCE	40 ppm	0.05 Da	F
PRM_20251218_MarthaReselection_Plate_9_G1	G	1	MRTH	73	RG1	0.1	C:\Xcalibur\methods\method1	C:\data\yourdir	PRM_20251218_MarthaReselection_Plate_9_G1	Homo sapiens	Plasma	Plate_9	MarthaReselection	not available	not available	not available	not available	not available	not available	not available	not available	1	AC=EFO:0009656;NT=plasma	run 73	proteomics profiling by mass spectrometry	PRM_20251218_MarthaReselection_Plate_9_G1.RAW	PRM_20251218_MarthaReselection_Plate_9_G1.RAW	NT=Parallel Reaction Monitoring;AC=MS:1002956	AC=MS:1002038;NT=label free sample	1	NT=High-performance liquid chromatography;AC=PRIDE:0000565	1	AC=MS:1001251;NT=Trypsin	not available	NT=Stellar;AC=MS:1003409	NT=Carbamidomethyl;AC=UNIMOD:4;TA=C;MT=Fixed	NT=Higher-energy Collisional Dissociation;AC=MS:1000422	27 NCE	40 ppm	0.05 Da	G
PRM_20251218_MarthaReselection_Plate_9_G2	G	2	MRTH	74	RG2	0.1	C:\Xcalibur\methods\method1	C:\data\yourdir	PRM_20251218_MarthaReselection_Plate_9_G2	Homo sapiens	Plasma	Plate_9	MarthaReselection	not available	not available	not available	not available	not available	not available	not available	not available	1	AC=EFO:0009656;NT=plasma	run 74	proteomics profiling by mass spectrometry	PRM_20251218_MarthaReselection_Plate_9_G2.RAW	PRM_20251218_MarthaReselection_Plate_9_G2.RAW	NT=Parallel Reaction Monitoring;AC=MS:1002956	AC=MS:1002038;NT=label free sample	1	NT=High-performance liquid chromatography;AC=PRIDE:0000565	1	AC=MS:1001251;NT=Trypsin	not available	NT=Stellar;AC=MS:1003409	NT=Carbamidomethyl;AC=UNIMOD:4;TA=C;MT=Fixed	NT=Higher-energy Collisional Dissociation;AC=MS:1000422	27 NCE	40 ppm	0.05 Da	G
PRM_20251218_MarthaReselection_Plate_9_G3	G	3	MRTH	75	RG3	0.1	C:\Xcalibur\methods\method1	C:\data\yourdir	PRM_20251218_MarthaReselection_Plate_9_G3	Homo sapiens	Plasma	Plate_9	MarthaReselection	not available	not available	not available	not available	not available	not available	not available	not available	1	AC=EFO:0009656;NT=plasma	run 75	proteomics profiling by mass spectrometry	PRM_20251218_MarthaReselection_Plate_9_G3.RAW	PRM_20251218_MarthaReselection_Plate_9_G3.RAW	NT=Parallel Reaction Monitoring;AC=MS:1002956	AC=MS:1002038;NT=label free sample	1	NT=High-performance liquid chromatography;AC=PRIDE:0000565	1	AC=MS:1001251;NT=Trypsin	not available	NT=Stellar;AC=MS:1003409	NT=Carbamidomethyl;AC=UNIMOD:4;TA=C;MT=Fixed	NT=Higher-energy Collisional Dissociation;AC=MS:1000422	27 NCE	40 ppm	0.05 Da	G
PRM_20251218_MarthaReselection_Plate_9_G4	G	4	MRTH	76	RG4	0.1	C:\Xcalibur\methods\method1	C:\data\yourdir	PRM_20251218_MarthaReselection_Plate_9_G4	Homo sapiens	Plasma	Plate_9	MarthaReselection	not available	not available	not available	not available	not available	not available	not available	not available	1	AC=EFO:0009656;NT=plasma	run 76	proteomics profiling by mass spectrometry	PRM_20251218_MarthaReselection_Plate_9_G4.RAW	PRM_20251218_MarthaReselection_Plate_9_G4.RAW	NT=Parallel Reaction Monitoring;AC=MS:1002956	AC=MS:1002038;NT=label free sample	1	NT=High-performance liquid chromatography;AC=PRIDE:0000565	1	AC=MS:1001251;NT=Trypsin	not available	NT=Stellar;AC=MS:1003409	NT=Carbamidomethyl;AC=UNIMOD:4;TA=C;MT=Fixed	NT=Higher-energy Collisional Dissociation;AC=MS:1000422	27 NCE	40 ppm	0.05 Da	G
PRM_20251218_MarthaReselection_Plate_9_G5	G	5	MRTH	77	RG5	0.1	C:\Xcalibur\methods\method1	C:\data\yourdir	PRM_20251218_MarthaReselection_Plate_9_G5	Homo sapiens	Plasma	Plate_9	MarthaReselection	not available	not available	not available	not available	not available	not available	not available	not available	1	AC=EFO:0009656;NT=plasma	run 77	proteomics profiling by mass spectrometry	PRM_20251218_MarthaReselection_Plate_9_G5.RAW	PRM_20251218_MarthaReselection_Plate_9_G5.RAW	NT=Parallel Reaction Monitoring;AC=MS:1002956	AC=MS:1002038;NT=label free sample	1	NT=High-performance liquid chromatography;AC=PRIDE:0000565	1	AC=MS:1001251;NT=Trypsin	not available	NT=Stellar;AC=MS:1003409	NT=Carbamidomethyl;AC=UNIMOD:4;TA=C;MT=Fixed	NT=Higher-energy Collisional Dissociation;AC=MS:1000422	27 NCE	40 ppm	0.05 Da	G
PRM_20251218_MarthaReselection_Plate_9_G6	G	6	MRTH	78	RG6	0.1	C:\Xcalibur\methods\method1	C:\data\yourdir	PRM_20251218_MarthaReselection_Plate_9_G6	Homo sapiens	Plasma	Plate_9	MarthaReselection	not available	not available	not available	not available	not available	not available	not available	not available	1	AC=EFO:0009656;NT=plasma	run 78	proteomics profiling by mass spectrometry	PRM_20251218_MarthaReselection_Plate_9_G6.RAW	PRM_20251218_MarthaReselection_Plate_9_G6.RAW	NT=Parallel Reaction Monitoring;AC=MS:1002956	AC=MS:1002038;NT=label free sample	1	NT=High-performance liquid chromatography;AC=PRIDE:0000565	1	AC=MS:1001251;NT=Trypsin	not available	NT=Stellar;AC=MS:1003409	NT=Carbamidomethyl;AC=UNIMOD:4;TA=C;MT=Fixed	NT=Higher-energy Collisional Dissociation;AC=MS:1000422	27 NCE	40 ppm	0.05 Da	G
PRM_20251218_MarthaReselection_Plate_9_G7	G	7	MRTH	79	RG7	0.1	C:\Xcalibur\methods\method1	C:\data\yourdir	PRM_20251218_MarthaReselection_Plate_9_G7	Homo sapiens	Plasma	Plate_9	MarthaReselection	not available	not available	not available	not available	not available	not available	not available	not available	1	AC=EFO:0009656;NT=plasma	run 79	proteomics profiling by mass spectrometry	PRM_20251218_MarthaReselection_Plate_9_G7.RAW	PRM_20251218_MarthaReselection_Plate_9_G7.RAW	NT=Parallel Reaction Monitoring;AC=MS:1002956	AC=MS:1002038;NT=label free sample	1	NT=High-performance liquid chromatography;AC=PRIDE:0000565	1	AC=MS:1001251;NT=Trypsin	not available	NT=Stellar;AC=MS:1003409	NT=Carbamidomethyl;AC=UNIMOD:4;TA=C;MT=Fixed	NT=Higher-energy Collisional Dissociation;AC=MS:1000422	27 NCE	40 ppm	0.05 Da	G
PRM_20251218_MarthaReselection_Plate_9_G8	G	8	MRTH	80	RG8	0.1	C:\Xcalibur\methods\method1	C:\data\yourdir	PRM_20251218_MarthaReselection_Plate_9_G8	Homo sapiens	Plasma	Plate_9	MarthaReselection	not available	not available	not available	not available	not available	not available	not available	not available	1	AC=EFO:0009656;NT=plasma	run 80	proteomics profiling by mass spectrometry	PRM_20251218_MarthaReselection_Plate_9_G8.RAW	PRM_20251218_MarthaReselection_Plate_9_G8.RAW	NT=Parallel Reaction Monitoring;AC=MS:1002956	AC=MS:1002038;NT=label free sample	1	NT=High-performance liquid chromatography;AC=PRIDE:0000565	1	AC=MS:1001251;NT=Trypsin	not available	NT=Stellar;AC=MS:1003409	NT=Carbamidomethyl;AC=UNIMOD:4;TA=C;MT=Fixed	NT=Higher-energy Collisional Dissociation;AC=MS:1000422	27 NCE	40 ppm	0.05 Da	G
PRM_20251218_MarthaReselection_Plate_9_G9	G	9	MRTH	81	RG9	0.1	C:\Xcalibur\methods\method1	C:\data\yourdir	PRM_20251218_MarthaReselection_Plate_9_G9	Homo sapiens	Plasma	Plate_9	MarthaReselection	not available	not available	not available	not available	not available	not available	not available	not available	1	AC=EFO:0009656;NT=plasma	run 81	proteomics profiling by mass spectrometry	PRM_20251218_MarthaReselection_Plate_9_G9.RAW	PRM_20251218_MarthaReselection_Plate_9_G9.RAW	NT=Parallel Reaction Monitoring;AC=MS:1002956	AC=MS:1002038;NT=label free sample	1	NT=High-performance liquid chromatography;AC=PRIDE:0000565	1	AC=MS:1001251;NT=Trypsin	not available	NT=Stellar;AC=MS:1003409	NT=Carbamidomethyl;AC=UNIMOD:4;TA=C;MT=Fixed	NT=Higher-energy Collisional Dissociation;AC=MS:1000422	27 NCE	40 ppm	0.05 Da	G
PRM_20251218_MarthaReselection_Plate_9_G10	G	10	MRTH	82	RG10	0.1	C:\Xcalibur\methods\method1	C:\data\yourdir	PRM_20251218_MarthaReselection_Plate_9_G10	Homo sapiens	Plasma	Plate_9	MarthaReselection	not available	not available	not available	not available	not available	not available	not available	not available	1	AC=EFO:0009656;NT=plasma	run 82	proteomics profiling by mass spectrometry	PRM_20251218_MarthaReselection_Plate_9_G10.RAW	PRM_20251218_MarthaReselection_Plate_9_G10.RAW	NT=Parallel Reaction Monitoring;AC=MS:1002956	AC=MS:1002038;NT=label free sample	1	NT=High-performance liquid chromatography;AC=PRIDE:0000565	1	AC=MS:1001251;NT=Trypsin	not available	NT=Stellar;AC=MS:1003409	NT=Carbamidomethyl;AC=UNIMOD:4;TA=C;MT=Fixed	NT=Higher-energy Collisional Dissociation;AC=MS:1000422	27 NCE	40 ppm	0.05 Da	G
PRM_20251218_MarthaReselection_Plate_9_G11	G	11	MRTH	83	RG11	0.1	C:\Xcalibur\methods\method1	C:\data\yourdir	PRM_20251218_MarthaReselection_Plate_9_G11	Homo sapiens	Plasma	Plate_9	MarthaReselection	not available	not available	not available	not available	not available	not available	not available	not available	1	AC=EFO:0009656;NT=plasma	run 83	proteomics profiling by mass spectrometry	PRM_20251218_MarthaReselection_Plate_9_G11.RAW	PRM_20251218_MarthaReselection_Plate_9_G11.RAW	NT=Parallel Reaction Monitoring;AC=MS:1002956	AC=MS:1002038;NT=label free sample	1	NT=High-performance liquid chromatography;AC=PRIDE:0000565	1	AC=MS:1001251;NT=Trypsin	not available	NT=Stellar;AC=MS:1003409	NT=Carbamidomethyl;AC=UNIMOD:4;TA=C;MT=Fixed	NT=Higher-energy Collisional Dissociation;AC=MS:1000422	27 NCE	40 ppm	0.05 Da	G
PRM_20251218_MarthaReselection_Plate_9_G12	G	12	Pool	84	RG12	0.1	C:\Xcalibur\methods\method1	C:\data\yourdir	PRM_20251218_MarthaReselection_Plate_9_G12	Homo sapiens	Plasma	Plate_9	MarthaReselection	not available	not available	not available	not available	not available	not available	not available	not available	1	AC=EFO:0009656;NT=plasma	run 84	proteomics profiling by mass spectrometry	PRM_20251218_MarthaReselection_Plate_9_G12.RAW	PRM_20251218_MarthaReselection_Plate_9_G12.RAW	NT=Parallel Reaction Monitoring;AC=MS:1002956	AC=MS:1002038;NT=label free sample	1	NT=High-performance liquid chromatography;AC=PRIDE:0000565	1	AC=MS:1001251;NT=Trypsin	not available	NT=Stellar;AC=MS:1003409	NT=Carbamidomethyl;AC=UNIMOD:4;TA=C;MT=Fixed	NT=Higher-energy Collisional Dissociation;AC=MS:1000422	27 NCE	40 ppm	0.05 Da	G
PRM_20251218_MarthaReselection_Plate_9_H1	H	1	MRTH	85	RH1	0.1	C:\Xcalibur\methods\method1	C:\data\yourdir	PRM_20251218_MarthaReselection_Plate_9_H1	Homo sapiens	Plasma	Plate_9	MarthaReselection	not available	not available	not available	not available	not available	not available	not available	not available	1	AC=EFO:0009656;NT=plasma	run 85	proteomics profiling by mass spectrometry	PRM_20251218_MarthaReselection_Plate_9_H1.RAW	PRM_20251218_MarthaReselection_Plate_9_H1.RAW	NT=Parallel Reaction Monitoring;AC=MS:1002956	AC=MS:1002038;NT=label free sample	1	NT=High-performance liquid chromatography;AC=PRIDE:0000565	1	AC=MS:1001251;NT=Trypsin	not available	NT=Stellar;AC=MS:1003409	NT=Carbamidomethyl;AC=UNIMOD:4;TA=C;MT=Fixed	NT=Higher-energy Collisional Dissociation;AC=MS:1000422	27 NCE	40 ppm	0.05 Da	H
PRM_20251218_MarthaReselection_Plate_9_H2	H	2	MRTH	86	RH2	0.1	C:\Xcalibur\methods\method1	C:\data\yourdir	PRM_20251218_MarthaReselection_Plate_9_H2	Homo sapiens	Plasma	Plate_9	MarthaReselection	not available	not available	not available	not available	not available	not available	not available	not available	1	AC=EFO:0009656;NT=plasma	run 86	proteomics profiling by mass spectrometry	PRM_20251218_MarthaReselection_Plate_9_H2.RAW	PRM_20251218_MarthaReselection_Plate_9_H2.RAW	NT=Parallel Reaction Monitoring;AC=MS:1002956	AC=MS:1002038;NT=label free sample	1	NT=High-performance liquid chromatography;AC=PRIDE:0000565	1	AC=MS:1001251;NT=Trypsin	not available	NT=Stellar;AC=MS:1003409	NT=Carbamidomethyl;AC=UNIMOD:4;TA=C;MT=Fixed	NT=Higher-energy Collisional Dissociation;AC=MS:1000422	27 NCE	40 ppm	0.05 Da	H
PRM_20251218_MarthaReselection_Plate_9_H3	H	3	MRTH	87	RH3	0.1	C:\Xcalibur\methods\method1	C:\data\yourdir	PRM_20251218_MarthaReselection_Plate_9_H3	Homo sapiens	Plasma	Plate_9	MarthaReselection	not available	not available	not available	not available	not available	not available	not available	not available	1	AC=EFO:0009656;NT=plasma	run 87	proteomics profiling by mass spectrometry	PRM_20251218_MarthaReselection_Plate_9_H3.RAW	PRM_20251218_MarthaReselection_Plate_9_H3.RAW	NT=Parallel Reaction Monitoring;AC=MS:1002956	AC=MS:1002038;NT=label free sample	1	NT=High-performance liquid chromatography;AC=PRIDE:0000565	1	AC=MS:1001251;NT=Trypsin	not available	NT=Stellar;AC=MS:1003409	NT=Carbamidomethyl;AC=UNIMOD:4;TA=C;MT=Fixed	NT=Higher-energy Collisional Dissociation;AC=MS:1000422	27 NCE	40 ppm	0.05 Da	H
PRM_20251218_MarthaReselection_Plate_9_H4	H	4	MRTH	88	RH4	0.1	C:\Xcalibur\methods\method1	C:\data\yourdir	PRM_20251218_MarthaReselection_Plate_9_H4	Homo sapiens	Plasma	Plate_9	MarthaReselection	not available	not available	not available	not available	not available	not available	not available	not available	1	AC=EFO:0009656;NT=plasma	run 88	proteomics profiling by mass spectrometry	PRM_20251218_MarthaReselection_Plate_9_H4.RAW	PRM_20251218_MarthaReselection_Plate_9_H4.RAW	NT=Parallel Reaction Monitoring;AC=MS:1002956	AC=MS:1002038;NT=label free sample	1	NT=High-performance liquid chromatography;AC=PRIDE:0000565	1	AC=MS:1001251;NT=Trypsin	not available	NT=Stellar;AC=MS:1003409	NT=Carbamidomethyl;AC=UNIMOD:4;TA=C;MT=Fixed	NT=Higher-energy Collisional Dissociation;AC=MS:1000422	27 NCE	40 ppm	0.05 Da	H
PRM_20251218_MarthaReselection_Plate_9_H5	H	5	MRTH	89	RH5	0.1	C:\Xcalibur\methods\method1	C:\data\yourdir	PRM_20251218_MarthaReselection_Plate_9_H5	Homo sapiens	Plasma	Plate_9	MarthaReselection	not available	not available	not available	not available	not available	not available	not available	not available	1	AC=EFO:0009656;NT=plasma	run 89	proteomics profiling by mass spectrometry	PRM_20251218_MarthaReselection_Plate_9_H5.RAW	PRM_20251218_MarthaReselection_Plate_9_H5.RAW	NT=Parallel Reaction Monitoring;AC=MS:1002956	AC=MS:1002038;NT=label free sample	1	NT=High-performance liquid chromatography;AC=PRIDE:0000565	1	AC=MS:1001251;NT=Trypsin	not available	NT=Stellar;AC=MS:1003409	NT=Carbamidomethyl;AC=UNIMOD:4;TA=C;MT=Fixed	NT=Higher-energy Collisional Dissociation;AC=MS:1000422	27 NCE	40 ppm	0.05 Da	H
PRM_20251218_MarthaReselection_Plate_9_H6	H	6	MRTH	90	RH6	0.1	C:\Xcalibur\methods\method1	C:\data\yourdir	PRM_20251218_MarthaReselection_Plate_9_H6	Homo sapiens	Plasma	Plate_9	MarthaReselection	not available	not available	not available	not available	not available	not available	not available	not available	1	AC=EFO:0009656;NT=plasma	run 90	proteomics profiling by mass spectrometry	PRM_20251218_MarthaReselection_Plate_9_H6.RAW	PRM_20251218_MarthaReselection_Plate_9_H6.RAW	NT=Parallel Reaction Monitoring;AC=MS:1002956	AC=MS:1002038;NT=label free sample	1	NT=High-performance liquid chromatography;AC=PRIDE:0000565	1	AC=MS:1001251;NT=Trypsin	not available	NT=Stellar;AC=MS:1003409	NT=Carbamidomethyl;AC=UNIMOD:4;TA=C;MT=Fixed	NT=Higher-energy Collisional Dissociation;AC=MS:1000422	27 NCE	40 ppm	0.05 Da	H
PRM_20251218_MarthaReselection_Plate_9_H7	H	7	MRTH	91	RH7	0.1	C:\Xcalibur\methods\method1	C:\data\yourdir	PRM_20251218_MarthaReselection_Plate_9_H7	Homo sapiens	Plasma	Plate_9	MarthaReselection	not available	not available	not available	not available	not available	not available	not available	not available	1	AC=EFO:0009656;NT=plasma	run 91	proteomics profiling by mass spectrometry	PRM_20251218_MarthaReselection_Plate_9_H7.RAW	PRM_20251218_MarthaReselection_Plate_9_H7.RAW	NT=Parallel Reaction Monitoring;AC=MS:1002956	AC=MS:1002038;NT=label free sample	1	NT=High-performance liquid chromatography;AC=PRIDE:0000565	1	AC=MS:1001251;NT=Trypsin	not available	NT=Stellar;AC=MS:1003409	NT=Carbamidomethyl;AC=UNIMOD:4;TA=C;MT=Fixed	NT=Higher-energy Collisional Dissociation;AC=MS:1000422	27 NCE	40 ppm	0.05 Da	H
PRM_20251218_MarthaReselection_Plate_9_H8	H	8	MRTH	92	RH8	0.1	C:\Xcalibur\methods\method1	C:\data\yourdir	PRM_20251218_MarthaReselection_Plate_9_H8	Homo sapiens	Plasma	Plate_9	MarthaReselection	not available	not available	not available	not available	not available	not available	not available	not available	1	AC=EFO:0009656;NT=plasma	run 92	proteomics profiling by mass spectrometry	PRM_20251218_MarthaReselection_Plate_9_H8.RAW	PRM_20251218_MarthaReselection_Plate_9_H8.RAW	NT=Parallel Reaction Monitoring;AC=MS:1002956	AC=MS:1002038;NT=label free sample	1	NT=High-performance liquid chromatography;AC=PRIDE:0000565	1	AC=MS:1001251;NT=Trypsin	not available	NT=Stellar;AC=MS:1003409	NT=Carbamidomethyl;AC=UNIMOD:4;TA=C;MT=Fixed	NT=Higher-energy Collisional Dissociation;AC=MS:1000422	27 NCE	40 ppm	0.05 Da	H
PRM_20251218_MarthaReselection_Plate_9_H9	H	9	MRTH	93	RH9	0.1	C:\Xcalibur\methods\method1	C:\data\yourdir	PRM_20251218_MarthaReselection_Plate_9_H9	Homo sapiens	Plasma	Plate_9	MarthaReselection	not available	not available	not available	not available	not available	not available	not available	not available	1	AC=EFO:0009656;NT=plasma	run 93	proteomics profiling by mass spectrometry	PRM_20251218_MarthaReselection_Plate_9_H9.RAW	PRM_20251218_MarthaReselection_Plate_9_H9.RAW	NT=Parallel Reaction Monitoring;AC=MS:1002956	AC=MS:1002038;NT=label free sample	1	NT=High-performance liquid chromatography;AC=PRIDE:0000565	1	AC=MS:1001251;NT=Trypsin	not available	NT=Stellar;AC=MS:1003409	NT=Carbamidomethyl;AC=UNIMOD:4;TA=C;MT=Fixed	NT=Higher-energy Collisional Dissociation;AC=MS:1000422	27 NCE	40 ppm	0.05 Da	H
PRM_20251218_MarthaReselection_Plate_9_H10	H	10	MRTH	94	RH10	0.1	C:\Xcalibur\methods\method1	C:\data\yourdir	PRM_20251218_MarthaReselection_Plate_9_H10	Homo sapiens	Plasma	Plate_9	MarthaReselection	not available	not available	not available	not available	not available	not available	not available	not available	1	AC=EFO:0009656;NT=plasma	run 94	proteomics profiling by mass spectrometry	PRM_20251218_MarthaReselection_Plate_9_H10.RAW	PRM_20251218_MarthaReselection_Plate_9_H10.RAW	NT=Parallel Reaction Monitoring;AC=MS:1002956	AC=MS:1002038;NT=label free sample	1	NT=High-performance liquid chromatography;AC=PRIDE:0000565	1	AC=MS:1001251;NT=Trypsin	not available	NT=Stellar;AC=MS:1003409	NT=Carbamidomethyl;AC=UNIMOD:4;TA=C;MT=Fixed	NT=Higher-energy Collisional Dissociation;AC=MS:1000422	27 NCE	40 ppm	0.05 Da	H
PRM_20251218_MarthaReselection_Plate_9_H11	H	11	MRTH	95	RH11	0.1	C:\Xcalibur\methods\method1	C:\data\yourdir	PRM_20251218_MarthaReselection_Plate_9_H11	Homo sapiens	Plasma	Plate_9	MarthaReselection	not available	not available	not available	not available	not available	not available	not available	not available	1	AC=EFO:0009656;NT=plasma	run 95	proteomics profiling by mass spectrometry	PRM_20251218_MarthaReselection_Plate_9_H11.RAW	PRM_20251218_MarthaReselection_Plate_9_H11.RAW	NT=Parallel Reaction Monitoring;AC=MS:1002956	AC=MS:1002038;NT=label free sample	1	NT=High-performance liquid chromatography;AC=PRIDE:0000565	1	AC=MS:1001251;NT=Trypsin	not available	NT=Stellar;AC=MS:1003409	NT=Carbamidomethyl;AC=UNIMOD:4;TA=C;MT=Fixed	NT=Higher-energy Collisional Dissociation;AC=MS:1000422	27 NCE	40 ppm	0.05 Da	H
PRM_20251218_MarthaReselection_Plate_9_H12	H	12	Pool	96	RH12	0.1	C:\Xcalibur\methods\method1	C:\data\yourdir	PRM_20251218_MarthaReselection_Plate_9_H12	Homo sapiens	Plasma	Plate_9	MarthaReselection	not available	not available	not available	not available	not available	not available	not available	not available	1	AC=EFO:0009656;NT=plasma	run 96	proteomics profiling by mass spectrometry	PRM_20251218_MarthaReselection_Plate_9_H12.RAW	PRM_20251218_MarthaReselection_Plate_9_H12.RAW	NT=Parallel Reaction Monitoring;AC=MS:1002956	AC=MS:1002038;NT=label free sample	1	NT=High-performance liquid chromatography;AC=PRIDE:0000565	1	AC=MS:1001251;NT=Trypsin	not available	NT=Stellar;AC=MS:1003409	NT=Carbamidomethyl;AC=UNIMOD:4;TA=C;MT=Fixed	NT=Higher-energy Collisional Dissociation;AC=MS:1000422	27 NCE	40 ppm	0.05 Da	H
