source name	characteristics[Row]	characteristics[Column]	characteristics[Sample]	characteristics[Source Vial]	characteristics[Position]	characteristics[Inj Vol]	characteristics[Instrument Method]	characteristics[Path]	characteristics[File Name]	characteristics[organism]	characteristics[organism part]	characteristics[plate]	characteristics[project]	characteristics[age]	characteristics[developmental stage]	characteristics[sex]	characteristics[ancestry category]	characteristics[cell type]	characteristics[cell line]	characteristics[disease]	characteristics[96w_pos]	characteristics[96w_plate_coordinate]	characteristics[LIMS_ID]	characteristics[individual]	characteristics[biological replicate]	Material type	assay name	technology type	comment[data file]	comment[file uri]	comment[proteomics data acquisition method]	comment[label]	comment[fraction identifier]	comment[fractionation method]	comment[technical replicate]	comment[cleavage agent details]	comment[ms2 mass analyzer]	comment[instrument]	comment[modification parameters]	comment[dissociation method]	comment[collision energy]	comment[precursor mass tolerance]	comment[fragment mass tolerance]	factor value[Sample]
PRM_20251128_MarthaReselection_Plate_1_A1	A	1	MRTH	1	RA1	0.1	C:\Xcalibur\methods\method1	smb://storage3.ad.scilifelab.se/massstorage/edfors%20lab/01_hot/Martha/RAW	PRM_20251128_MarthaReselection_Plate_1_A1	Homo sapiens	blood plasma	Plate_1	MarthaReselection	not available	not available	F	not available	not available	not available	not available	1	Plate_1_A1	MRTH1-1170	not available	1	AC=EFO:0009656;NT=plasma	run 1	proteomic profiling by mass spectrometry	PRM_20251128_MarthaReselection_Plate_1_A1.raw	PRM_20251128_MarthaReselection_Plate_1_A1.raw	NT=Parallel Reaction Monitoring;AC=MS:1002956	AC=MS:1002038;NT=label free sample	1	NT=High-performance liquid chromatography;AC=PRIDE:0000565	1	AC=MS:1001251;NT=Trypsin	not available	NT=Stellar;AC=MS:1003409	NT=Carbamidomethyl;AC=UNIMOD:4;TA=C;MT=Fixed	NT=Higher-energy Collisional Dissociation;AC=MS:1000422	27 NCE	40 ppm	0.05 Da	MRTH
PRM_20251128_MarthaReselection_Plate_1_B1	B	1	MRTH	13	RB1	0.1	C:\Xcalibur\methods\method1	smb://storage3.ad.scilifelab.se/massstorage/edfors%20lab/01_hot/Martha/RAW	PRM_20251128_MarthaReselection_Plate_1_B1	Homo sapiens	blood plasma	Plate_1	MarthaReselection	not available	not available	M	not available	not available	not available	not available	2	Plate_1_B1	MRTH1-1333	not available	1	AC=EFO:0009656;NT=plasma	run 2	proteomic profiling by mass spectrometry	PRM_20251128_MarthaReselection_Plate_1_B1.raw	PRM_20251128_MarthaReselection_Plate_1_B1.raw	NT=Parallel Reaction Monitoring;AC=MS:1002956	AC=MS:1002038;NT=label free sample	1	NT=High-performance liquid chromatography;AC=PRIDE:0000565	1	AC=MS:1001251;NT=Trypsin	not available	NT=Stellar;AC=MS:1003409	NT=Carbamidomethyl;AC=UNIMOD:4;TA=C;MT=Fixed	NT=Higher-energy Collisional Dissociation;AC=MS:1000422	27 NCE	40 ppm	0.05 Da	MRTH
PRM_20251128_MarthaReselection_Plate_1_C1	C	1	MRTH	25	RC1	0.1	C:\Xcalibur\methods\method1	smb://storage3.ad.scilifelab.se/massstorage/edfors%20lab/01_hot/Martha/RAW	PRM_20251128_MarthaReselection_Plate_1_C1	Homo sapiens	blood plasma	Plate_1	MarthaReselection	not available	not available	F	not available	not available	not available	not available	3	Plate_1_C1	MRTH1-1244	not available	1	AC=EFO:0009656;NT=plasma	run 3	proteomic profiling by mass spectrometry	PRM_20251128_MarthaReselection_Plate_1_C1.raw	PRM_20251128_MarthaReselection_Plate_1_C1.raw	NT=Parallel Reaction Monitoring;AC=MS:1002956	AC=MS:1002038;NT=label free sample	1	NT=High-performance liquid chromatography;AC=PRIDE:0000565	1	AC=MS:1001251;NT=Trypsin	not available	NT=Stellar;AC=MS:1003409	NT=Carbamidomethyl;AC=UNIMOD:4;TA=C;MT=Fixed	NT=Higher-energy Collisional Dissociation;AC=MS:1000422	27 NCE	40 ppm	0.05 Da	MRTH
PRM_20251128_MarthaReselection_Plate_1_D1	D	1	MRTH	37	RD1	0.1	C:\Xcalibur\methods\method1	smb://storage3.ad.scilifelab.se/massstorage/edfors%20lab/01_hot/Martha/RAW	PRM_20251128_MarthaReselection_Plate_1_D1	Homo sapiens	blood plasma	Plate_1	MarthaReselection	not available	not available	F	not available	not available	not available	not available	4	Plate_1_D1	MRTH1-1302	not available	1	AC=EFO:0009656;NT=plasma	run 4	proteomic profiling by mass spectrometry	PRM_20251128_MarthaReselection_Plate_1_D1.raw	PRM_20251128_MarthaReselection_Plate_1_D1.raw	NT=Parallel Reaction Monitoring;AC=MS:1002956	AC=MS:1002038;NT=label free sample	1	NT=High-performance liquid chromatography;AC=PRIDE:0000565	1	AC=MS:1001251;NT=Trypsin	not available	NT=Stellar;AC=MS:1003409	NT=Carbamidomethyl;AC=UNIMOD:4;TA=C;MT=Fixed	NT=Higher-energy Collisional Dissociation;AC=MS:1000422	27 NCE	40 ppm	0.05 Da	MRTH
PRM_20251128_MarthaReselection_Plate_1_E1	E	1	MRTH	49	RE1	0.1	C:\Xcalibur\methods\method1	smb://storage3.ad.scilifelab.se/massstorage/edfors%20lab/01_hot/Martha/RAW	PRM_20251128_MarthaReselection_Plate_1_E1	Homo sapiens	blood plasma	Plate_1	MarthaReselection	not available	not available	M	not available	not available	not available	not available	5	Plate_1_E1	MRTH1-0428	not available	1	AC=EFO:0009656;NT=plasma	run 5	proteomic profiling by mass spectrometry	PRM_20251128_MarthaReselection_Plate_1_E1.raw	PRM_20251128_MarthaReselection_Plate_1_E1.raw	NT=Parallel Reaction Monitoring;AC=MS:1002956	AC=MS:1002038;NT=label free sample	1	NT=High-performance liquid chromatography;AC=PRIDE:0000565	1	AC=MS:1001251;NT=Trypsin	not available	NT=Stellar;AC=MS:1003409	NT=Carbamidomethyl;AC=UNIMOD:4;TA=C;MT=Fixed	NT=Higher-energy Collisional Dissociation;AC=MS:1000422	27 NCE	40 ppm	0.05 Da	MRTH
PRM_20251128_MarthaReselection_Plate_1_F1	F	1	MRTH	61	RF1	0.1	C:\Xcalibur\methods\method1	smb://storage3.ad.scilifelab.se/massstorage/edfors%20lab/01_hot/Martha/RAW	PRM_20251128_MarthaReselection_Plate_1_F1	Homo sapiens	blood plasma	Plate_1	MarthaReselection	not available	not available	M	not available	not available	not available	not available	6	Plate_1_F1	MRTH1-0172	not available	1	AC=EFO:0009656;NT=plasma	run 6	proteomic profiling by mass spectrometry	PRM_20251128_MarthaReselection_Plate_1_F1.raw	PRM_20251128_MarthaReselection_Plate_1_F1.raw	NT=Parallel Reaction Monitoring;AC=MS:1002956	AC=MS:1002038;NT=label free sample	1	NT=High-performance liquid chromatography;AC=PRIDE:0000565	1	AC=MS:1001251;NT=Trypsin	not available	NT=Stellar;AC=MS:1003409	NT=Carbamidomethyl;AC=UNIMOD:4;TA=C;MT=Fixed	NT=Higher-energy Collisional Dissociation;AC=MS:1000422	27 NCE	40 ppm	0.05 Da	MRTH
PRM_20251128_MarthaReselection_Plate_1_G1	G	1	MRTH	73	RG1	0.1	C:\Xcalibur\methods\method1	smb://storage3.ad.scilifelab.se/massstorage/edfors%20lab/01_hot/Martha/RAW	PRM_20251128_MarthaReselection_Plate_1_G1	Homo sapiens	blood plasma	Plate_1	MarthaReselection	not available	not available	M	not available	not available	not available	not available	7	Plate_1_G1	MRTH1-0317	not available	1	AC=EFO:0009656;NT=plasma	run 7	proteomic profiling by mass spectrometry	PRM_20251128_MarthaReselection_Plate_1_G1.raw	PRM_20251128_MarthaReselection_Plate_1_G1.raw	NT=Parallel Reaction Monitoring;AC=MS:1002956	AC=MS:1002038;NT=label free sample	1	NT=High-performance liquid chromatography;AC=PRIDE:0000565	1	AC=MS:1001251;NT=Trypsin	not available	NT=Stellar;AC=MS:1003409	NT=Carbamidomethyl;AC=UNIMOD:4;TA=C;MT=Fixed	NT=Higher-energy Collisional Dissociation;AC=MS:1000422	27 NCE	40 ppm	0.05 Da	MRTH
PRM_20251128_MarthaReselection_Plate_1_H1	H	1	MRTH	85	RH1	0.1	C:\Xcalibur\methods\method1	smb://storage3.ad.scilifelab.se/massstorage/edfors%20lab/01_hot/Martha/RAW	PRM_20251128_MarthaReselection_Plate_1_H1	Homo sapiens	blood plasma	Plate_1	MarthaReselection	not available	not available	F	not available	not available	not available	not available	8	Plate_1_H1	MRTH1-0314	not available	1	AC=EFO:0009656;NT=plasma	run 8	proteomic profiling by mass spectrometry	PRM_20251128_MarthaReselection_Plate_1_H1.raw	PRM_20251128_MarthaReselection_Plate_1_H1.raw	NT=Parallel Reaction Monitoring;AC=MS:1002956	AC=MS:1002038;NT=label free sample	1	NT=High-performance liquid chromatography;AC=PRIDE:0000565	1	AC=MS:1001251;NT=Trypsin	not available	NT=Stellar;AC=MS:1003409	NT=Carbamidomethyl;AC=UNIMOD:4;TA=C;MT=Fixed	NT=Higher-energy Collisional Dissociation;AC=MS:1000422	27 NCE	40 ppm	0.05 Da	MRTH
PRM_20251128_MarthaReselection_Plate_1_A2	A	2	MRTH	2	RA2	0.1	C:\Xcalibur\methods\method1	smb://storage3.ad.scilifelab.se/massstorage/edfors%20lab/01_hot/Martha/RAW	PRM_20251128_MarthaReselection_Plate_1_A2	Homo sapiens	blood plasma	Plate_1	MarthaReselection	not available	not available	F	not available	not available	not available	not available	9	Plate_1_A2	MRTH1-1121	not available	1	AC=EFO:0009656;NT=plasma	run 9	proteomic profiling by mass spectrometry	PRM_20251128_MarthaReselection_Plate_1_A2.raw	PRM_20251128_MarthaReselection_Plate_1_A2.raw	NT=Parallel Reaction Monitoring;AC=MS:1002956	AC=MS:1002038;NT=label free sample	1	NT=High-performance liquid chromatography;AC=PRIDE:0000565	1	AC=MS:1001251;NT=Trypsin	not available	NT=Stellar;AC=MS:1003409	NT=Carbamidomethyl;AC=UNIMOD:4;TA=C;MT=Fixed	NT=Higher-energy Collisional Dissociation;AC=MS:1000422	27 NCE	40 ppm	0.05 Da	MRTH
PRM_20251128_MarthaReselection_Plate_1_B2	B	2	Pool	14	RB2	0.1	C:\Xcalibur\methods\method1	smb://storage3.ad.scilifelab.se/massstorage/edfors%20lab/01_hot/Martha/RAW	PRM_20251128_MarthaReselection_Plate_1_B2	Homo sapiens	blood plasma	Plate_1	MarthaReselection	not available	not available	NA	not available	not available	not available	not available	10	Plate_1_B2	EMPTY-0001	not available	1	AC=EFO:0009656;NT=plasma	run 10	proteomic profiling by mass spectrometry	PRM_20251128_MarthaReselection_Plate_1_B2.raw	PRM_20251128_MarthaReselection_Plate_1_B2.raw	NT=Parallel Reaction Monitoring;AC=MS:1002956	AC=MS:1002038;NT=label free sample	1	NT=High-performance liquid chromatography;AC=PRIDE:0000565	1	AC=MS:1001251;NT=Trypsin	not available	NT=Stellar;AC=MS:1003409	NT=Carbamidomethyl;AC=UNIMOD:4;TA=C;MT=Fixed	NT=Higher-energy Collisional Dissociation;AC=MS:1000422	27 NCE	40 ppm	0.05 Da	Pool
PRM_20251128_MarthaReselection_Plate_1_C2	C	2	MRTH	26	RC2	0.1	C:\Xcalibur\methods\method1	smb://storage3.ad.scilifelab.se/massstorage/edfors%20lab/01_hot/Martha/RAW	PRM_20251128_MarthaReselection_Plate_1_C2	Homo sapiens	blood plasma	Plate_1	MarthaReselection	not available	not available	M	not available	not available	not available	not available	11	Plate_1_C2	MRTH1-1036	not available	1	AC=EFO:0009656;NT=plasma	run 11	proteomic profiling by mass spectrometry	PRM_20251128_MarthaReselection_Plate_1_C2.raw	PRM_20251128_MarthaReselection_Plate_1_C2.raw	NT=Parallel Reaction Monitoring;AC=MS:1002956	AC=MS:1002038;NT=label free sample	1	NT=High-performance liquid chromatography;AC=PRIDE:0000565	1	AC=MS:1001251;NT=Trypsin	not available	NT=Stellar;AC=MS:1003409	NT=Carbamidomethyl;AC=UNIMOD:4;TA=C;MT=Fixed	NT=Higher-energy Collisional Dissociation;AC=MS:1000422	27 NCE	40 ppm	0.05 Da	MRTH
PRM_20251128_MarthaReselection_Plate_1_D2	D	2	MRTH	38	RD2	0.1	C:\Xcalibur\methods\method1	smb://storage3.ad.scilifelab.se/massstorage/edfors%20lab/01_hot/Martha/RAW	PRM_20251128_MarthaReselection_Plate_1_D2	Homo sapiens	blood plasma	Plate_1	MarthaReselection	not available	not available	F	not available	not available	not available	not available	12	Plate_1_D2	MRTH1-0981	not available	1	AC=EFO:0009656;NT=plasma	run 12	proteomic profiling by mass spectrometry	PRM_20251128_MarthaReselection_Plate_1_D2.raw	PRM_20251128_MarthaReselection_Plate_1_D2.raw	NT=Parallel Reaction Monitoring;AC=MS:1002956	AC=MS:1002038;NT=label free sample	1	NT=High-performance liquid chromatography;AC=PRIDE:0000565	1	AC=MS:1001251;NT=Trypsin	not available	NT=Stellar;AC=MS:1003409	NT=Carbamidomethyl;AC=UNIMOD:4;TA=C;MT=Fixed	NT=Higher-energy Collisional Dissociation;AC=MS:1000422	27 NCE	40 ppm	0.05 Da	MRTH
PRM_20251128_MarthaReselection_Plate_1_E2	E	2	MRTH	50	RE2	0.1	C:\Xcalibur\methods\method1	smb://storage3.ad.scilifelab.se/massstorage/edfors%20lab/01_hot/Martha/RAW	PRM_20251128_MarthaReselection_Plate_1_E2	Homo sapiens	blood plasma	Plate_1	MarthaReselection	not available	not available	M	not available	not available	not available	not available	13	Plate_1_E2	MRTH1-0150	not available	1	AC=EFO:0009656;NT=plasma	run 13	proteomic profiling by mass spectrometry	PRM_20251128_MarthaReselection_Plate_1_E2.raw	PRM_20251128_MarthaReselection_Plate_1_E2.raw	NT=Parallel Reaction Monitoring;AC=MS:1002956	AC=MS:1002038;NT=label free sample	1	NT=High-performance liquid chromatography;AC=PRIDE:0000565	1	AC=MS:1001251;NT=Trypsin	not available	NT=Stellar;AC=MS:1003409	NT=Carbamidomethyl;AC=UNIMOD:4;TA=C;MT=Fixed	NT=Higher-energy Collisional Dissociation;AC=MS:1000422	27 NCE	40 ppm	0.05 Da	MRTH
PRM_20251128_MarthaReselection_Plate_1_F2	F	2	MRTH	62	RF2	0.1	C:\Xcalibur\methods\method1	smb://storage3.ad.scilifelab.se/massstorage/edfors%20lab/01_hot/Martha/RAW	PRM_20251128_MarthaReselection_Plate_1_F2	Homo sapiens	blood plasma	Plate_1	MarthaReselection	not available	not available	F	not available	not available	not available	not available	14	Plate_1_F2	MRTH1-0843	not available	1	AC=EFO:0009656;NT=plasma	run 14	proteomic profiling by mass spectrometry	PRM_20251128_MarthaReselection_Plate_1_F2.raw	PRM_20251128_MarthaReselection_Plate_1_F2.raw	NT=Parallel Reaction Monitoring;AC=MS:1002956	AC=MS:1002038;NT=label free sample	1	NT=High-performance liquid chromatography;AC=PRIDE:0000565	1	AC=MS:1001251;NT=Trypsin	not available	NT=Stellar;AC=MS:1003409	NT=Carbamidomethyl;AC=UNIMOD:4;TA=C;MT=Fixed	NT=Higher-energy Collisional Dissociation;AC=MS:1000422	27 NCE	40 ppm	0.05 Da	MRTH
PRM_20251128_MarthaReselection_Plate_1_G2	G	2	MRTH	74	RG2	0.1	C:\Xcalibur\methods\method1	smb://storage3.ad.scilifelab.se/massstorage/edfors%20lab/01_hot/Martha/RAW	PRM_20251128_MarthaReselection_Plate_1_G2	Homo sapiens	blood plasma	Plate_1	MarthaReselection	not available	not available	F	not available	not available	not available	not available	15	Plate_1_G2	MRTH1-1261	not available	1	AC=EFO:0009656;NT=plasma	run 15	proteomic profiling by mass spectrometry	PRM_20251128_MarthaReselection_Plate_1_G2.raw	PRM_20251128_MarthaReselection_Plate_1_G2.raw	NT=Parallel Reaction Monitoring;AC=MS:1002956	AC=MS:1002038;NT=label free sample	1	NT=High-performance liquid chromatography;AC=PRIDE:0000565	1	AC=MS:1001251;NT=Trypsin	not available	NT=Stellar;AC=MS:1003409	NT=Carbamidomethyl;AC=UNIMOD:4;TA=C;MT=Fixed	NT=Higher-energy Collisional Dissociation;AC=MS:1000422	27 NCE	40 ppm	0.05 Da	MRTH
PRM_20251128_MarthaReselection_Plate_1_H2	H	2	MRTH	86	RH2	0.1	C:\Xcalibur\methods\method1	smb://storage3.ad.scilifelab.se/massstorage/edfors%20lab/01_hot/Martha/RAW	PRM_20251128_MarthaReselection_Plate_1_H2	Homo sapiens	blood plasma	Plate_1	MarthaReselection	not available	not available	M	not available	not available	not available	not available	16	Plate_1_H2	MRTH1-1200	not available	1	AC=EFO:0009656;NT=plasma	run 16	proteomic profiling by mass spectrometry	PRM_20251128_MarthaReselection_Plate_1_H2.raw	PRM_20251128_MarthaReselection_Plate_1_H2.raw	NT=Parallel Reaction Monitoring;AC=MS:1002956	AC=MS:1002038;NT=label free sample	1	NT=High-performance liquid chromatography;AC=PRIDE:0000565	1	AC=MS:1001251;NT=Trypsin	not available	NT=Stellar;AC=MS:1003409	NT=Carbamidomethyl;AC=UNIMOD:4;TA=C;MT=Fixed	NT=Higher-energy Collisional Dissociation;AC=MS:1000422	27 NCE	40 ppm	0.05 Da	MRTH
PRM_20251128_MarthaReselection_Plate_1_A3	A	3	MRTH	3	RA3	0.1	C:\Xcalibur\methods\method1	smb://storage3.ad.scilifelab.se/massstorage/edfors%20lab/01_hot/Martha/RAW	PRM_20251128_MarthaReselection_Plate_1_A3	Homo sapiens	blood plasma	Plate_1	MarthaReselection	not available	not available	F	not available	not available	not available	not available	17	Plate_1_A3	MRTH1-1160	not available	1	AC=EFO:0009656;NT=plasma	run 17	proteomic profiling by mass spectrometry	PRM_20251128_MarthaReselection_Plate_1_A3.raw	PRM_20251128_MarthaReselection_Plate_1_A3.raw	NT=Parallel Reaction Monitoring;AC=MS:1002956	AC=MS:1002038;NT=label free sample	1	NT=High-performance liquid chromatography;AC=PRIDE:0000565	1	AC=MS:1001251;NT=Trypsin	not available	NT=Stellar;AC=MS:1003409	NT=Carbamidomethyl;AC=UNIMOD:4;TA=C;MT=Fixed	NT=Higher-energy Collisional Dissociation;AC=MS:1000422	27 NCE	40 ppm	0.05 Da	MRTH
PRM_20251128_MarthaReselection_Plate_1_B3	B	3	MRTH	15	RB3	0.1	C:\Xcalibur\methods\method1	smb://storage3.ad.scilifelab.se/massstorage/edfors%20lab/01_hot/Martha/RAW	PRM_20251128_MarthaReselection_Plate_1_B3	Homo sapiens	blood plasma	Plate_1	MarthaReselection	not available	not available	M	not available	not available	not available	not available	18	Plate_1_B3	MRTH1-0479	not available	1	AC=EFO:0009656;NT=plasma	run 18	proteomic profiling by mass spectrometry	PRM_20251128_MarthaReselection_Plate_1_B3.raw	PRM_20251128_MarthaReselection_Plate_1_B3.raw	NT=Parallel Reaction Monitoring;AC=MS:1002956	AC=MS:1002038;NT=label free sample	1	NT=High-performance liquid chromatography;AC=PRIDE:0000565	1	AC=MS:1001251;NT=Trypsin	not available	NT=Stellar;AC=MS:1003409	NT=Carbamidomethyl;AC=UNIMOD:4;TA=C;MT=Fixed	NT=Higher-energy Collisional Dissociation;AC=MS:1000422	27 NCE	40 ppm	0.05 Da	MRTH
PRM_20251128_MarthaReselection_Plate_1_C3	C	3	MRTH	27	RC3	0.1	C:\Xcalibur\methods\method1	smb://storage3.ad.scilifelab.se/massstorage/edfors%20lab/01_hot/Martha/RAW	PRM_20251128_MarthaReselection_Plate_1_C3	Homo sapiens	blood plasma	Plate_1	MarthaReselection	not available	not available	M	not available	not available	not available	not available	19	Plate_1_C3	MRTH1-0937	not available	1	AC=EFO:0009656;NT=plasma	run 19	proteomic profiling by mass spectrometry	PRM_20251128_MarthaReselection_Plate_1_C3.raw	PRM_20251128_MarthaReselection_Plate_1_C3.raw	NT=Parallel Reaction Monitoring;AC=MS:1002956	AC=MS:1002038;NT=label free sample	1	NT=High-performance liquid chromatography;AC=PRIDE:0000565	1	AC=MS:1001251;NT=Trypsin	not available	NT=Stellar;AC=MS:1003409	NT=Carbamidomethyl;AC=UNIMOD:4;TA=C;MT=Fixed	NT=Higher-energy Collisional Dissociation;AC=MS:1000422	27 NCE	40 ppm	0.05 Da	MRTH
PRM_20251128_MarthaReselection_Plate_1_D3	D	3	MRTH	39	RD3	0.1	C:\Xcalibur\methods\method1	smb://storage3.ad.scilifelab.se/massstorage/edfors%20lab/01_hot/Martha/RAW	PRM_20251128_MarthaReselection_Plate_1_D3	Homo sapiens	blood plasma	Plate_1	MarthaReselection	not available	not available	M	not available	not available	not available	not available	20	Plate_1_D3	MRTH1-0119	not available	1	AC=EFO:0009656;NT=plasma	run 20	proteomic profiling by mass spectrometry	PRM_20251128_MarthaReselection_Plate_1_D3.raw	PRM_20251128_MarthaReselection_Plate_1_D3.raw	NT=Parallel Reaction Monitoring;AC=MS:1002956	AC=MS:1002038;NT=label free sample	1	NT=High-performance liquid chromatography;AC=PRIDE:0000565	1	AC=MS:1001251;NT=Trypsin	not available	NT=Stellar;AC=MS:1003409	NT=Carbamidomethyl;AC=UNIMOD:4;TA=C;MT=Fixed	NT=Higher-energy Collisional Dissociation;AC=MS:1000422	27 NCE	40 ppm	0.05 Da	MRTH
PRM_20251128_MarthaReselection_Plate_1_E3	E	3	MRTH	51	RE3	0.1	C:\Xcalibur\methods\method1	smb://storage3.ad.scilifelab.se/massstorage/edfors%20lab/01_hot/Martha/RAW	PRM_20251128_MarthaReselection_Plate_1_E3	Homo sapiens	blood plasma	Plate_1	MarthaReselection	not available	not available	F	not available	not available	not available	not available	21	Plate_1_E3	MRTH1-0827	not available	1	AC=EFO:0009656;NT=plasma	run 21	proteomic profiling by mass spectrometry	PRM_20251128_MarthaReselection_Plate_1_E3.raw	PRM_20251128_MarthaReselection_Plate_1_E3.raw	NT=Parallel Reaction Monitoring;AC=MS:1002956	AC=MS:1002038;NT=label free sample	1	NT=High-performance liquid chromatography;AC=PRIDE:0000565	1	AC=MS:1001251;NT=Trypsin	not available	NT=Stellar;AC=MS:1003409	NT=Carbamidomethyl;AC=UNIMOD:4;TA=C;MT=Fixed	NT=Higher-energy Collisional Dissociation;AC=MS:1000422	27 NCE	40 ppm	0.05 Da	MRTH
PRM_20251128_MarthaReselection_Plate_1_F3	F	3	MRTH	63	RF3	0.1	C:\Xcalibur\methods\method1	smb://storage3.ad.scilifelab.se/massstorage/edfors%20lab/01_hot/Martha/RAW	PRM_20251128_MarthaReselection_Plate_1_F3	Homo sapiens	blood plasma	Plate_1	MarthaReselection	not available	not available	F	not available	not available	not available	not available	22	Plate_1_F3	MRTH1-0436	not available	1	AC=EFO:0009656;NT=plasma	run 22	proteomic profiling by mass spectrometry	PRM_20251128_MarthaReselection_Plate_1_F3.raw	PRM_20251128_MarthaReselection_Plate_1_F3.raw	NT=Parallel Reaction Monitoring;AC=MS:1002956	AC=MS:1002038;NT=label free sample	1	NT=High-performance liquid chromatography;AC=PRIDE:0000565	1	AC=MS:1001251;NT=Trypsin	not available	NT=Stellar;AC=MS:1003409	NT=Carbamidomethyl;AC=UNIMOD:4;TA=C;MT=Fixed	NT=Higher-energy Collisional Dissociation;AC=MS:1000422	27 NCE	40 ppm	0.05 Da	MRTH
PRM_20251128_MarthaReselection_Plate_1_G3	G	3	MRTH	75	RG3	0.1	C:\Xcalibur\methods\method1	smb://storage3.ad.scilifelab.se/massstorage/edfors%20lab/01_hot/Martha/RAW	PRM_20251128_MarthaReselection_Plate_1_G3	Homo sapiens	blood plasma	Plate_1	MarthaReselection	not available	not available	F	not available	not available	not available	not available	23	Plate_1_G3	MRTH1-1327	not available	1	AC=EFO:0009656;NT=plasma	run 23	proteomic profiling by mass spectrometry	PRM_20251128_MarthaReselection_Plate_1_G3.raw	PRM_20251128_MarthaReselection_Plate_1_G3.raw	NT=Parallel Reaction Monitoring;AC=MS:1002956	AC=MS:1002038;NT=label free sample	1	NT=High-performance liquid chromatography;AC=PRIDE:0000565	1	AC=MS:1001251;NT=Trypsin	not available	NT=Stellar;AC=MS:1003409	NT=Carbamidomethyl;AC=UNIMOD:4;TA=C;MT=Fixed	NT=Higher-energy Collisional Dissociation;AC=MS:1000422	27 NCE	40 ppm	0.05 Da	MRTH
PRM_20251128_MarthaReselection_Plate_1_H3	H	3	MRTH	87	RH3	0.1	C:\Xcalibur\methods\method1	smb://storage3.ad.scilifelab.se/massstorage/edfors%20lab/01_hot/Martha/RAW	PRM_20251128_MarthaReselection_Plate_1_H3	Homo sapiens	blood plasma	Plate_1	MarthaReselection	not available	not available	M	not available	not available	not available	not available	24	Plate_1_H3	MRTH1-0505	not available	1	AC=EFO:0009656;NT=plasma	run 24	proteomic profiling by mass spectrometry	PRM_20251128_MarthaReselection_Plate_1_H3.raw	PRM_20251128_MarthaReselection_Plate_1_H3.raw	NT=Parallel Reaction Monitoring;AC=MS:1002956	AC=MS:1002038;NT=label free sample	1	NT=High-performance liquid chromatography;AC=PRIDE:0000565	1	AC=MS:1001251;NT=Trypsin	not available	NT=Stellar;AC=MS:1003409	NT=Carbamidomethyl;AC=UNIMOD:4;TA=C;MT=Fixed	NT=Higher-energy Collisional Dissociation;AC=MS:1000422	27 NCE	40 ppm	0.05 Da	MRTH
PRM_20251128_MarthaReselection_Plate_1_A4	A	4	MRTH	4	RA4	0.1	C:\Xcalibur\methods\method1	smb://storage3.ad.scilifelab.se/massstorage/edfors%20lab/01_hot/Martha/RAW	PRM_20251128_MarthaReselection_Plate_1_A4	Homo sapiens	blood plasma	Plate_1	MarthaReselection	not available	not available	F	not available	not available	not available	not available	25	Plate_1_A4	MRTH1-1215	not available	1	AC=EFO:0009656;NT=plasma	run 25	proteomic profiling by mass spectrometry	PRM_20251128_MarthaReselection_Plate_1_A4.raw	PRM_20251128_MarthaReselection_Plate_1_A4.raw	NT=Parallel Reaction Monitoring;AC=MS:1002956	AC=MS:1002038;NT=label free sample	1	NT=High-performance liquid chromatography;AC=PRIDE:0000565	1	AC=MS:1001251;NT=Trypsin	not available	NT=Stellar;AC=MS:1003409	NT=Carbamidomethyl;AC=UNIMOD:4;TA=C;MT=Fixed	NT=Higher-energy Collisional Dissociation;AC=MS:1000422	27 NCE	40 ppm	0.05 Da	MRTH
PRM_20251128_MarthaReselection_Plate_1_B4	B	4	MRTH	16	RB4	0.1	C:\Xcalibur\methods\method1	smb://storage3.ad.scilifelab.se/massstorage/edfors%20lab/01_hot/Martha/RAW	PRM_20251128_MarthaReselection_Plate_1_B4	Homo sapiens	blood plasma	Plate_1	MarthaReselection	not available	not available	F	not available	not available	not available	not available	26	Plate_1_B4	MRTH1-0662	not available	1	AC=EFO:0009656;NT=plasma	run 26	proteomic profiling by mass spectrometry	PRM_20251128_MarthaReselection_Plate_1_B4.raw	PRM_20251128_MarthaReselection_Plate_1_B4.raw	NT=Parallel Reaction Monitoring;AC=MS:1002956	AC=MS:1002038;NT=label free sample	1	NT=High-performance liquid chromatography;AC=PRIDE:0000565	1	AC=MS:1001251;NT=Trypsin	not available	NT=Stellar;AC=MS:1003409	NT=Carbamidomethyl;AC=UNIMOD:4;TA=C;MT=Fixed	NT=Higher-energy Collisional Dissociation;AC=MS:1000422	27 NCE	40 ppm	0.05 Da	MRTH
PRM_20251128_MarthaReselection_Plate_1_C4	C	4	MRTH	28	RC4	0.1	C:\Xcalibur\methods\method1	smb://storage3.ad.scilifelab.se/massstorage/edfors%20lab/01_hot/Martha/RAW	PRM_20251128_MarthaReselection_Plate_1_C4	Homo sapiens	blood plasma	Plate_1	MarthaReselection	not available	not available	F	not available	not available	not available	not available	27	Plate_1_C4	MRTH1-1093	not available	1	AC=EFO:0009656;NT=plasma	run 27	proteomic profiling by mass spectrometry	PRM_20251128_MarthaReselection_Plate_1_C4.raw	PRM_20251128_MarthaReselection_Plate_1_C4.raw	NT=Parallel Reaction Monitoring;AC=MS:1002956	AC=MS:1002038;NT=label free sample	1	NT=High-performance liquid chromatography;AC=PRIDE:0000565	1	AC=MS:1001251;NT=Trypsin	not available	NT=Stellar;AC=MS:1003409	NT=Carbamidomethyl;AC=UNIMOD:4;TA=C;MT=Fixed	NT=Higher-energy Collisional Dissociation;AC=MS:1000422	27 NCE	40 ppm	0.05 Da	MRTH
PRM_20251128_MarthaReselection_Plate_1_D4	D	4	MRTH	40	RD4	0.1	C:\Xcalibur\methods\method1	smb://storage3.ad.scilifelab.se/massstorage/edfors%20lab/01_hot/Martha/RAW	PRM_20251128_MarthaReselection_Plate_1_D4	Homo sapiens	blood plasma	Plate_1	MarthaReselection	not available	not available	F	not available	not available	not available	not available	28	Plate_1_D4	MRTH1-0442	not available	1	AC=EFO:0009656;NT=plasma	run 28	proteomic profiling by mass spectrometry	PRM_20251128_MarthaReselection_Plate_1_D4.raw	PRM_20251128_MarthaReselection_Plate_1_D4.raw	NT=Parallel Reaction Monitoring;AC=MS:1002956	AC=MS:1002038;NT=label free sample	1	NT=High-performance liquid chromatography;AC=PRIDE:0000565	1	AC=MS:1001251;NT=Trypsin	not available	NT=Stellar;AC=MS:1003409	NT=Carbamidomethyl;AC=UNIMOD:4;TA=C;MT=Fixed	NT=Higher-energy Collisional Dissociation;AC=MS:1000422	27 NCE	40 ppm	0.05 Da	MRTH
PRM_20251128_MarthaReselection_Plate_1_E4	E	4	MRTH	52	RE4	0.1	C:\Xcalibur\methods\method1	smb://storage3.ad.scilifelab.se/massstorage/edfors%20lab/01_hot/Martha/RAW	PRM_20251128_MarthaReselection_Plate_1_E4	Homo sapiens	blood plasma	Plate_1	MarthaReselection	not available	not available	F	not available	not available	not available	not available	29	Plate_1_E4	MRTH1-0678	not available	1	AC=EFO:0009656;NT=plasma	run 29	proteomic profiling by mass spectrometry	PRM_20251128_MarthaReselection_Plate_1_E4.raw	PRM_20251128_MarthaReselection_Plate_1_E4.raw	NT=Parallel Reaction Monitoring;AC=MS:1002956	AC=MS:1002038;NT=label free sample	1	NT=High-performance liquid chromatography;AC=PRIDE:0000565	1	AC=MS:1001251;NT=Trypsin	not available	NT=Stellar;AC=MS:1003409	NT=Carbamidomethyl;AC=UNIMOD:4;TA=C;MT=Fixed	NT=Higher-energy Collisional Dissociation;AC=MS:1000422	27 NCE	40 ppm	0.05 Da	MRTH
PRM_20251128_MarthaReselection_Plate_1_F4	F	4	MRTH	64	RF4	0.1	C:\Xcalibur\methods\method1	smb://storage3.ad.scilifelab.se/massstorage/edfors%20lab/01_hot/Martha/RAW	PRM_20251128_MarthaReselection_Plate_1_F4	Homo sapiens	blood plasma	Plate_1	MarthaReselection	not available	not available	M	not available	not available	not available	not available	30	Plate_1_F4	MRTH1-0976	not available	1	AC=EFO:0009656;NT=plasma	run 30	proteomic profiling by mass spectrometry	PRM_20251128_MarthaReselection_Plate_1_F4.raw	PRM_20251128_MarthaReselection_Plate_1_F4.raw	NT=Parallel Reaction Monitoring;AC=MS:1002956	AC=MS:1002038;NT=label free sample	1	NT=High-performance liquid chromatography;AC=PRIDE:0000565	1	AC=MS:1001251;NT=Trypsin	not available	NT=Stellar;AC=MS:1003409	NT=Carbamidomethyl;AC=UNIMOD:4;TA=C;MT=Fixed	NT=Higher-energy Collisional Dissociation;AC=MS:1000422	27 NCE	40 ppm	0.05 Da	MRTH
PRM_20251128_MarthaReselection_Plate_1_G4	G	4	MRTH	76	RG4	0.1	C:\Xcalibur\methods\method1	smb://storage3.ad.scilifelab.se/massstorage/edfors%20lab/01_hot/Martha/RAW	PRM_20251128_MarthaReselection_Plate_1_G4	Homo sapiens	blood plasma	Plate_1	MarthaReselection	not available	not available	M	not available	not available	not available	not available	31	Plate_1_G4	MRTH1-0179	not available	1	AC=EFO:0009656;NT=plasma	run 31	proteomic profiling by mass spectrometry	PRM_20251128_MarthaReselection_Plate_1_G4.raw	PRM_20251128_MarthaReselection_Plate_1_G4.raw	NT=Parallel Reaction Monitoring;AC=MS:1002956	AC=MS:1002038;NT=label free sample	1	NT=High-performance liquid chromatography;AC=PRIDE:0000565	1	AC=MS:1001251;NT=Trypsin	not available	NT=Stellar;AC=MS:1003409	NT=Carbamidomethyl;AC=UNIMOD:4;TA=C;MT=Fixed	NT=Higher-energy Collisional Dissociation;AC=MS:1000422	27 NCE	40 ppm	0.05 Da	MRTH
PRM_20251128_MarthaReselection_Plate_1_H4	H	4	MRTH	88	RH4	0.1	C:\Xcalibur\methods\method1	smb://storage3.ad.scilifelab.se/massstorage/edfors%20lab/01_hot/Martha/RAW	PRM_20251128_MarthaReselection_Plate_1_H4	Homo sapiens	blood plasma	Plate_1	MarthaReselection	not available	not available	F	not available	not available	not available	not available	32	Plate_1_H4	MRTH1-0868	not available	1	AC=EFO:0009656;NT=plasma	run 32	proteomic profiling by mass spectrometry	PRM_20251128_MarthaReselection_Plate_1_H4.raw	PRM_20251128_MarthaReselection_Plate_1_H4.raw	NT=Parallel Reaction Monitoring;AC=MS:1002956	AC=MS:1002038;NT=label free sample	1	NT=High-performance liquid chromatography;AC=PRIDE:0000565	1	AC=MS:1001251;NT=Trypsin	not available	NT=Stellar;AC=MS:1003409	NT=Carbamidomethyl;AC=UNIMOD:4;TA=C;MT=Fixed	NT=Higher-energy Collisional Dissociation;AC=MS:1000422	27 NCE	40 ppm	0.05 Da	MRTH
PRM_20251128_MarthaReselection_Plate_1_A5	A	5	MRTH	5	RA5	0.1	C:\Xcalibur\methods\method1	smb://storage3.ad.scilifelab.se/massstorage/edfors%20lab/01_hot/Martha/RAW	PRM_20251128_MarthaReselection_Plate_1_A5	Homo sapiens	blood plasma	Plate_1	MarthaReselection	not available	not available	F	not available	not available	not available	not available	33	Plate_1_A5	MRTH1-0801	not available	1	AC=EFO:0009656;NT=plasma	run 33	proteomic profiling by mass spectrometry	PRM_20251128_MarthaReselection_Plate_1_A5.raw	PRM_20251128_MarthaReselection_Plate_1_A5.raw	NT=Parallel Reaction Monitoring;AC=MS:1002956	AC=MS:1002038;NT=label free sample	1	NT=High-performance liquid chromatography;AC=PRIDE:0000565	1	AC=MS:1001251;NT=Trypsin	not available	NT=Stellar;AC=MS:1003409	NT=Carbamidomethyl;AC=UNIMOD:4;TA=C;MT=Fixed	NT=Higher-energy Collisional Dissociation;AC=MS:1000422	27 NCE	40 ppm	0.05 Da	MRTH
PRM_20251128_MarthaReselection_Plate_1_B5	B	5	MRTH	17	RB5	0.1	C:\Xcalibur\methods\method1	smb://storage3.ad.scilifelab.se/massstorage/edfors%20lab/01_hot/Martha/RAW	PRM_20251128_MarthaReselection_Plate_1_B5	Homo sapiens	blood plasma	Plate_1	MarthaReselection	not available	not available	M	not available	not available	not available	not available	34	Plate_1_B5	MRTH1-1110	not available	1	AC=EFO:0009656;NT=plasma	run 34	proteomic profiling by mass spectrometry	PRM_20251128_MarthaReselection_Plate_1_B5.raw	PRM_20251128_MarthaReselection_Plate_1_B5.raw	NT=Parallel Reaction Monitoring;AC=MS:1002956	AC=MS:1002038;NT=label free sample	1	NT=High-performance liquid chromatography;AC=PRIDE:0000565	1	AC=MS:1001251;NT=Trypsin	not available	NT=Stellar;AC=MS:1003409	NT=Carbamidomethyl;AC=UNIMOD:4;TA=C;MT=Fixed	NT=Higher-energy Collisional Dissociation;AC=MS:1000422	27 NCE	40 ppm	0.05 Da	MRTH
PRM_20251128_MarthaReselection_Plate_1_C5	C	5	MRTH	29	RC5	0.1	C:\Xcalibur\methods\method1	smb://storage3.ad.scilifelab.se/massstorage/edfors%20lab/01_hot/Martha/RAW	PRM_20251128_MarthaReselection_Plate_1_C5	Homo sapiens	blood plasma	Plate_1	MarthaReselection	not available	not available	M	not available	not available	not available	not available	35	Plate_1_C5	MRTH1-1330	not available	1	AC=EFO:0009656;NT=plasma	run 35	proteomic profiling by mass spectrometry	PRM_20251128_MarthaReselection_Plate_1_C5.raw	PRM_20251128_MarthaReselection_Plate_1_C5.raw	NT=Parallel Reaction Monitoring;AC=MS:1002956	AC=MS:1002038;NT=label free sample	1	NT=High-performance liquid chromatography;AC=PRIDE:0000565	1	AC=MS:1001251;NT=Trypsin	not available	NT=Stellar;AC=MS:1003409	NT=Carbamidomethyl;AC=UNIMOD:4;TA=C;MT=Fixed	NT=Higher-energy Collisional Dissociation;AC=MS:1000422	27 NCE	40 ppm	0.05 Da	MRTH
PRM_20251128_MarthaReselection_Plate_1_D5	D	5	MRTH	41	RD5	0.1	C:\Xcalibur\methods\method1	smb://storage3.ad.scilifelab.se/massstorage/edfors%20lab/01_hot/Martha/RAW	PRM_20251128_MarthaReselection_Plate_1_D5	Homo sapiens	blood plasma	Plate_1	MarthaReselection	not available	not available	F	not available	not available	not available	not available	36	Plate_1_D5	MRTH1-0627	not available	1	AC=EFO:0009656;NT=plasma	run 36	proteomic profiling by mass spectrometry	PRM_20251128_MarthaReselection_Plate_1_D5.raw	PRM_20251128_MarthaReselection_Plate_1_D5.raw	NT=Parallel Reaction Monitoring;AC=MS:1002956	AC=MS:1002038;NT=label free sample	1	NT=High-performance liquid chromatography;AC=PRIDE:0000565	1	AC=MS:1001251;NT=Trypsin	not available	NT=Stellar;AC=MS:1003409	NT=Carbamidomethyl;AC=UNIMOD:4;TA=C;MT=Fixed	NT=Higher-energy Collisional Dissociation;AC=MS:1000422	27 NCE	40 ppm	0.05 Da	MRTH
PRM_20251128_MarthaReselection_Plate_1_E5	E	5	MRTH	53	RE5	0.1	C:\Xcalibur\methods\method1	smb://storage3.ad.scilifelab.se/massstorage/edfors%20lab/01_hot/Martha/RAW	PRM_20251128_MarthaReselection_Plate_1_E5	Homo sapiens	blood plasma	Plate_1	MarthaReselection	not available	not available	F	not available	not available	not available	not available	37	Plate_1_E5	MRTH1-0820	not available	1	AC=EFO:0009656;NT=plasma	run 37	proteomic profiling by mass spectrometry	PRM_20251128_MarthaReselection_Plate_1_E5.raw	PRM_20251128_MarthaReselection_Plate_1_E5.raw	NT=Parallel Reaction Monitoring;AC=MS:1002956	AC=MS:1002038;NT=label free sample	1	NT=High-performance liquid chromatography;AC=PRIDE:0000565	1	AC=MS:1001251;NT=Trypsin	not available	NT=Stellar;AC=MS:1003409	NT=Carbamidomethyl;AC=UNIMOD:4;TA=C;MT=Fixed	NT=Higher-energy Collisional Dissociation;AC=MS:1000422	27 NCE	40 ppm	0.05 Da	MRTH
PRM_20251128_MarthaReselection_Plate_1_F5	F	5	MRTH	65	RF5	0.1	C:\Xcalibur\methods\method1	smb://storage3.ad.scilifelab.se/massstorage/edfors%20lab/01_hot/Martha/RAW	PRM_20251128_MarthaReselection_Plate_1_F5	Homo sapiens	blood plasma	Plate_1	MarthaReselection	not available	not available	M	not available	not available	not available	not available	38	Plate_1_F5	MRTH1-0760	not available	1	AC=EFO:0009656;NT=plasma	run 38	proteomic profiling by mass spectrometry	PRM_20251128_MarthaReselection_Plate_1_F5.raw	PRM_20251128_MarthaReselection_Plate_1_F5.raw	NT=Parallel Reaction Monitoring;AC=MS:1002956	AC=MS:1002038;NT=label free sample	1	NT=High-performance liquid chromatography;AC=PRIDE:0000565	1	AC=MS:1001251;NT=Trypsin	not available	NT=Stellar;AC=MS:1003409	NT=Carbamidomethyl;AC=UNIMOD:4;TA=C;MT=Fixed	NT=Higher-energy Collisional Dissociation;AC=MS:1000422	27 NCE	40 ppm	0.05 Da	MRTH
PRM_20251128_MarthaReselection_Plate_1_G5	G	5	MRTH	77	RG5	0.1	C:\Xcalibur\methods\method1	smb://storage3.ad.scilifelab.se/massstorage/edfors%20lab/01_hot/Martha/RAW	PRM_20251128_MarthaReselection_Plate_1_G5	Homo sapiens	blood plasma	Plate_1	MarthaReselection	not available	not available	F	not available	not available	not available	not available	39	Plate_1_G5	MRTH1-0319	not available	1	AC=EFO:0009656;NT=plasma	run 39	proteomic profiling by mass spectrometry	PRM_20251128_MarthaReselection_Plate_1_G5.raw	PRM_20251128_MarthaReselection_Plate_1_G5.raw	NT=Parallel Reaction Monitoring;AC=MS:1002956	AC=MS:1002038;NT=label free sample	1	NT=High-performance liquid chromatography;AC=PRIDE:0000565	1	AC=MS:1001251;NT=Trypsin	not available	NT=Stellar;AC=MS:1003409	NT=Carbamidomethyl;AC=UNIMOD:4;TA=C;MT=Fixed	NT=Higher-energy Collisional Dissociation;AC=MS:1000422	27 NCE	40 ppm	0.05 Da	MRTH
PRM_20251128_MarthaReselection_Plate_1_H5	H	5	MRTH	89	RH5	0.1	C:\Xcalibur\methods\method1	smb://storage3.ad.scilifelab.se/massstorage/edfors%20lab/01_hot/Martha/RAW	PRM_20251128_MarthaReselection_Plate_1_H5	Homo sapiens	blood plasma	Plate_1	MarthaReselection	not available	not available	F	not available	not available	not available	not available	40	Plate_1_H5	MRTH1-0511	not available	1	AC=EFO:0009656;NT=plasma	run 40	proteomic profiling by mass spectrometry	PRM_20251128_MarthaReselection_Plate_1_H5.raw	PRM_20251128_MarthaReselection_Plate_1_H5.raw	NT=Parallel Reaction Monitoring;AC=MS:1002956	AC=MS:1002038;NT=label free sample	1	NT=High-performance liquid chromatography;AC=PRIDE:0000565	1	AC=MS:1001251;NT=Trypsin	not available	NT=Stellar;AC=MS:1003409	NT=Carbamidomethyl;AC=UNIMOD:4;TA=C;MT=Fixed	NT=Higher-energy Collisional Dissociation;AC=MS:1000422	27 NCE	40 ppm	0.05 Da	MRTH
PRM_20251128_MarthaReselection_Plate_1_A6	A	6	MRTH	6	RA6	0.1	C:\Xcalibur\methods\method1	smb://storage3.ad.scilifelab.se/massstorage/edfors%20lab/01_hot/Martha/RAW	PRM_20251128_MarthaReselection_Plate_1_A6	Homo sapiens	blood plasma	Plate_1	MarthaReselection	not available	not available	F	not available	not available	not available	not available	41	Plate_1_A6	MRTH1-0294	not available	1	AC=EFO:0009656;NT=plasma	run 41	proteomic profiling by mass spectrometry	PRM_20251128_MarthaReselection_Plate_1_A6.raw	PRM_20251128_MarthaReselection_Plate_1_A6.raw	NT=Parallel Reaction Monitoring;AC=MS:1002956	AC=MS:1002038;NT=label free sample	1	NT=High-performance liquid chromatography;AC=PRIDE:0000565	1	AC=MS:1001251;NT=Trypsin	not available	NT=Stellar;AC=MS:1003409	NT=Carbamidomethyl;AC=UNIMOD:4;TA=C;MT=Fixed	NT=Higher-energy Collisional Dissociation;AC=MS:1000422	27 NCE	40 ppm	0.05 Da	MRTH
PRM_20251128_MarthaReselection_Plate_1_B6	B	6	MRTH	18	RB6	0.1	C:\Xcalibur\methods\method1	smb://storage3.ad.scilifelab.se/massstorage/edfors%20lab/01_hot/Martha/RAW	PRM_20251128_MarthaReselection_Plate_1_B6	Homo sapiens	blood plasma	Plate_1	MarthaReselection	not available	not available	F	not available	not available	not available	not available	42	Plate_1_B6	MRTH1-0092	not available	1	AC=EFO:0009656;NT=plasma	run 42	proteomic profiling by mass spectrometry	PRM_20251128_MarthaReselection_Plate_1_B6.raw	PRM_20251128_MarthaReselection_Plate_1_B6.raw	NT=Parallel Reaction Monitoring;AC=MS:1002956	AC=MS:1002038;NT=label free sample	1	NT=High-performance liquid chromatography;AC=PRIDE:0000565	1	AC=MS:1001251;NT=Trypsin	not available	NT=Stellar;AC=MS:1003409	NT=Carbamidomethyl;AC=UNIMOD:4;TA=C;MT=Fixed	NT=Higher-energy Collisional Dissociation;AC=MS:1000422	27 NCE	40 ppm	0.05 Da	MRTH
PRM_20251128_MarthaReselection_Plate_1_C6	C	6	MRTH	30	RC6	0.1	C:\Xcalibur\methods\method1	smb://storage3.ad.scilifelab.se/massstorage/edfors%20lab/01_hot/Martha/RAW	PRM_20251128_MarthaReselection_Plate_1_C6	Homo sapiens	blood plasma	Plate_1	MarthaReselection	not available	not available	F	not available	not available	not available	not available	43	Plate_1_C6	MRTH1-1010	not available	1	AC=EFO:0009656;NT=plasma	run 43	proteomic profiling by mass spectrometry	PRM_20251128_MarthaReselection_Plate_1_C6.raw	PRM_20251128_MarthaReselection_Plate_1_C6.raw	NT=Parallel Reaction Monitoring;AC=MS:1002956	AC=MS:1002038;NT=label free sample	1	NT=High-performance liquid chromatography;AC=PRIDE:0000565	1	AC=MS:1001251;NT=Trypsin	not available	NT=Stellar;AC=MS:1003409	NT=Carbamidomethyl;AC=UNIMOD:4;TA=C;MT=Fixed	NT=Higher-energy Collisional Dissociation;AC=MS:1000422	27 NCE	40 ppm	0.05 Da	MRTH
PRM_20251128_MarthaReselection_Plate_1_D6	D	6	MRTH	42	RD6	0.1	C:\Xcalibur\methods\method1	smb://storage3.ad.scilifelab.se/massstorage/edfors%20lab/01_hot/Martha/RAW	PRM_20251128_MarthaReselection_Plate_1_D6	Homo sapiens	blood plasma	Plate_1	MarthaReselection	not available	not available	F	not available	not available	not available	not available	44	Plate_1_D6	MRTH1-0824	not available	1	AC=EFO:0009656;NT=plasma	run 44	proteomic profiling by mass spectrometry	PRM_20251128_MarthaReselection_Plate_1_D6.raw	PRM_20251128_MarthaReselection_Plate_1_D6.raw	NT=Parallel Reaction Monitoring;AC=MS:1002956	AC=MS:1002038;NT=label free sample	1	NT=High-performance liquid chromatography;AC=PRIDE:0000565	1	AC=MS:1001251;NT=Trypsin	not available	NT=Stellar;AC=MS:1003409	NT=Carbamidomethyl;AC=UNIMOD:4;TA=C;MT=Fixed	NT=Higher-energy Collisional Dissociation;AC=MS:1000422	27 NCE	40 ppm	0.05 Da	MRTH
PRM_20251128_MarthaReselection_Plate_1_E6	E	6	MRTH	54	RE6	0.1	C:\Xcalibur\methods\method1	smb://storage3.ad.scilifelab.se/massstorage/edfors%20lab/01_hot/Martha/RAW	PRM_20251128_MarthaReselection_Plate_1_E6	Homo sapiens	blood plasma	Plate_1	MarthaReselection	not available	not available	F	not available	not available	not available	not available	45	Plate_1_E6	MRTH1-1051	not available	1	AC=EFO:0009656;NT=plasma	run 45	proteomic profiling by mass spectrometry	PRM_20251128_MarthaReselection_Plate_1_E6.raw	PRM_20251128_MarthaReselection_Plate_1_E6.raw	NT=Parallel Reaction Monitoring;AC=MS:1002956	AC=MS:1002038;NT=label free sample	1	NT=High-performance liquid chromatography;AC=PRIDE:0000565	1	AC=MS:1001251;NT=Trypsin	not available	NT=Stellar;AC=MS:1003409	NT=Carbamidomethyl;AC=UNIMOD:4;TA=C;MT=Fixed	NT=Higher-energy Collisional Dissociation;AC=MS:1000422	27 NCE	40 ppm	0.05 Da	MRTH
PRM_20251128_MarthaReselection_Plate_1_F6	F	6	MRTH	66	RF6	0.1	C:\Xcalibur\methods\method1	smb://storage3.ad.scilifelab.se/massstorage/edfors%20lab/01_hot/Martha/RAW	PRM_20251128_MarthaReselection_Plate_1_F6	Homo sapiens	blood plasma	Plate_1	MarthaReselection	not available	not available	M	not available	not available	not available	not available	46	Plate_1_F6	MRTH1-0878	not available	1	AC=EFO:0009656;NT=plasma	run 46	proteomic profiling by mass spectrometry	PRM_20251128_MarthaReselection_Plate_1_F6.raw	PRM_20251128_MarthaReselection_Plate_1_F6.raw	NT=Parallel Reaction Monitoring;AC=MS:1002956	AC=MS:1002038;NT=label free sample	1	NT=High-performance liquid chromatography;AC=PRIDE:0000565	1	AC=MS:1001251;NT=Trypsin	not available	NT=Stellar;AC=MS:1003409	NT=Carbamidomethyl;AC=UNIMOD:4;TA=C;MT=Fixed	NT=Higher-energy Collisional Dissociation;AC=MS:1000422	27 NCE	40 ppm	0.05 Da	MRTH
PRM_20251128_MarthaReselection_Plate_1_G6	G	6	MRTH	78	RG6	0.1	C:\Xcalibur\methods\method1	smb://storage3.ad.scilifelab.se/massstorage/edfors%20lab/01_hot/Martha/RAW	PRM_20251128_MarthaReselection_Plate_1_G6	Homo sapiens	blood plasma	Plate_1	MarthaReselection	not available	not available	F	not available	not available	not available	not available	47	Plate_1_G6	MRTH1-0064	not available	1	AC=EFO:0009656;NT=plasma	run 47	proteomic profiling by mass spectrometry	PRM_20251128_MarthaReselection_Plate_1_G6.raw	PRM_20251128_MarthaReselection_Plate_1_G6.raw	NT=Parallel Reaction Monitoring;AC=MS:1002956	AC=MS:1002038;NT=label free sample	1	NT=High-performance liquid chromatography;AC=PRIDE:0000565	1	AC=MS:1001251;NT=Trypsin	not available	NT=Stellar;AC=MS:1003409	NT=Carbamidomethyl;AC=UNIMOD:4;TA=C;MT=Fixed	NT=Higher-energy Collisional Dissociation;AC=MS:1000422	27 NCE	40 ppm	0.05 Da	MRTH
PRM_20251128_MarthaReselection_Plate_1_H6	H	6	MRTH	90	RH6	0.1	C:\Xcalibur\methods\method1	smb://storage3.ad.scilifelab.se/massstorage/edfors%20lab/01_hot/Martha/RAW	PRM_20251128_MarthaReselection_Plate_1_H6	Homo sapiens	blood plasma	Plate_1	MarthaReselection	not available	not available	F	not available	not available	not available	not available	48	Plate_1_H6	MRTH1-0184	not available	1	AC=EFO:0009656;NT=plasma	run 48	proteomic profiling by mass spectrometry	PRM_20251128_MarthaReselection_Plate_1_H6.raw	PRM_20251128_MarthaReselection_Plate_1_H6.raw	NT=Parallel Reaction Monitoring;AC=MS:1002956	AC=MS:1002038;NT=label free sample	1	NT=High-performance liquid chromatography;AC=PRIDE:0000565	1	AC=MS:1001251;NT=Trypsin	not available	NT=Stellar;AC=MS:1003409	NT=Carbamidomethyl;AC=UNIMOD:4;TA=C;MT=Fixed	NT=Higher-energy Collisional Dissociation;AC=MS:1000422	27 NCE	40 ppm	0.05 Da	MRTH
PRM_20251128_MarthaReselection_Plate_1_A7	A	7	MRTH	7	RA7	0.1	C:\Xcalibur\methods\method1	smb://storage3.ad.scilifelab.se/massstorage/edfors%20lab/01_hot/Martha/RAW	PRM_20251128_MarthaReselection_Plate_1_A7	Homo sapiens	blood plasma	Plate_1	MarthaReselection	not available	not available	F	not available	not available	not available	not available	49	Plate_1_A7	MRTH1-0236	not available	1	AC=EFO:0009656;NT=plasma	run 49	proteomic profiling by mass spectrometry	PRM_20251128_MarthaReselection_Plate_1_A7.raw	PRM_20251128_MarthaReselection_Plate_1_A7.raw	NT=Parallel Reaction Monitoring;AC=MS:1002956	AC=MS:1002038;NT=label free sample	1	NT=High-performance liquid chromatography;AC=PRIDE:0000565	1	AC=MS:1001251;NT=Trypsin	not available	NT=Stellar;AC=MS:1003409	NT=Carbamidomethyl;AC=UNIMOD:4;TA=C;MT=Fixed	NT=Higher-energy Collisional Dissociation;AC=MS:1000422	27 NCE	40 ppm	0.05 Da	MRTH
PRM_20251128_MarthaReselection_Plate_1_B7	B	7	MRTH	19	RB7	0.1	C:\Xcalibur\methods\method1	smb://storage3.ad.scilifelab.se/massstorage/edfors%20lab/01_hot/Martha/RAW	PRM_20251128_MarthaReselection_Plate_1_B7	Homo sapiens	blood plasma	Plate_1	MarthaReselection	not available	not available	F	not available	not available	not available	not available	50	Plate_1_B7	MRTH1-0748	not available	1	AC=EFO:0009656;NT=plasma	run 50	proteomic profiling by mass spectrometry	PRM_20251128_MarthaReselection_Plate_1_B7.raw	PRM_20251128_MarthaReselection_Plate_1_B7.raw	NT=Parallel Reaction Monitoring;AC=MS:1002956	AC=MS:1002038;NT=label free sample	1	NT=High-performance liquid chromatography;AC=PRIDE:0000565	1	AC=MS:1001251;NT=Trypsin	not available	NT=Stellar;AC=MS:1003409	NT=Carbamidomethyl;AC=UNIMOD:4;TA=C;MT=Fixed	NT=Higher-energy Collisional Dissociation;AC=MS:1000422	27 NCE	40 ppm	0.05 Da	MRTH
PRM_20251128_MarthaReselection_Plate_1_C7	C	7	MRTH	31	RC7	0.1	C:\Xcalibur\methods\method1	smb://storage3.ad.scilifelab.se/massstorage/edfors%20lab/01_hot/Martha/RAW	PRM_20251128_MarthaReselection_Plate_1_C7	Homo sapiens	blood plasma	Plate_1	MarthaReselection	not available	not available	M	not available	not available	not available	not available	51	Plate_1_C7	MRTH1-0312	not available	1	AC=EFO:0009656;NT=plasma	run 51	proteomic profiling by mass spectrometry	PRM_20251128_MarthaReselection_Plate_1_C7.raw	PRM_20251128_MarthaReselection_Plate_1_C7.raw	NT=Parallel Reaction Monitoring;AC=MS:1002956	AC=MS:1002038;NT=label free sample	1	NT=High-performance liquid chromatography;AC=PRIDE:0000565	1	AC=MS:1001251;NT=Trypsin	not available	NT=Stellar;AC=MS:1003409	NT=Carbamidomethyl;AC=UNIMOD:4;TA=C;MT=Fixed	NT=Higher-energy Collisional Dissociation;AC=MS:1000422	27 NCE	40 ppm	0.05 Da	MRTH
PRM_20251128_MarthaReselection_Plate_1_D7	D	7	MRTH	43	RD7	0.1	C:\Xcalibur\methods\method1	smb://storage3.ad.scilifelab.se/massstorage/edfors%20lab/01_hot/Martha/RAW	PRM_20251128_MarthaReselection_Plate_1_D7	Homo sapiens	blood plasma	Plate_1	MarthaReselection	not available	not available	F	not available	not available	not available	not available	52	Plate_1_D7	MRTH1-0940	not available	1	AC=EFO:0009656;NT=plasma	run 52	proteomic profiling by mass spectrometry	PRM_20251128_MarthaReselection_Plate_1_D7.raw	PRM_20251128_MarthaReselection_Plate_1_D7.raw	NT=Parallel Reaction Monitoring;AC=MS:1002956	AC=MS:1002038;NT=label free sample	1	NT=High-performance liquid chromatography;AC=PRIDE:0000565	1	AC=MS:1001251;NT=Trypsin	not available	NT=Stellar;AC=MS:1003409	NT=Carbamidomethyl;AC=UNIMOD:4;TA=C;MT=Fixed	NT=Higher-energy Collisional Dissociation;AC=MS:1000422	27 NCE	40 ppm	0.05 Da	MRTH
PRM_20251128_MarthaReselection_Plate_1_E7	E	7	MRTH	55	RE7	0.1	C:\Xcalibur\methods\method1	smb://storage3.ad.scilifelab.se/massstorage/edfors%20lab/01_hot/Martha/RAW	PRM_20251128_MarthaReselection_Plate_1_E7	Homo sapiens	blood plasma	Plate_1	MarthaReselection	not available	not available	F	not available	not available	not available	not available	53	Plate_1_E7	MRTH1-0325	not available	1	AC=EFO:0009656;NT=plasma	run 53	proteomic profiling by mass spectrometry	PRM_20251128_MarthaReselection_Plate_1_E7.raw	PRM_20251128_MarthaReselection_Plate_1_E7.raw	NT=Parallel Reaction Monitoring;AC=MS:1002956	AC=MS:1002038;NT=label free sample	1	NT=High-performance liquid chromatography;AC=PRIDE:0000565	1	AC=MS:1001251;NT=Trypsin	not available	NT=Stellar;AC=MS:1003409	NT=Carbamidomethyl;AC=UNIMOD:4;TA=C;MT=Fixed	NT=Higher-energy Collisional Dissociation;AC=MS:1000422	27 NCE	40 ppm	0.05 Da	MRTH
PRM_20251128_MarthaReselection_Plate_1_F7	F	7	MRTH	67	RF7	0.1	C:\Xcalibur\methods\method1	smb://storage3.ad.scilifelab.se/massstorage/edfors%20lab/01_hot/Martha/RAW	PRM_20251128_MarthaReselection_Plate_1_F7	Homo sapiens	blood plasma	Plate_1	MarthaReselection	not available	not available	M	not available	not available	not available	not available	54	Plate_1_F7	MRTH1-0514	not available	1	AC=EFO:0009656;NT=plasma	run 54	proteomic profiling by mass spectrometry	PRM_20251128_MarthaReselection_Plate_1_F7.raw	PRM_20251128_MarthaReselection_Plate_1_F7.raw	NT=Parallel Reaction Monitoring;AC=MS:1002956	AC=MS:1002038;NT=label free sample	1	NT=High-performance liquid chromatography;AC=PRIDE:0000565	1	AC=MS:1001251;NT=Trypsin	not available	NT=Stellar;AC=MS:1003409	NT=Carbamidomethyl;AC=UNIMOD:4;TA=C;MT=Fixed	NT=Higher-energy Collisional Dissociation;AC=MS:1000422	27 NCE	40 ppm	0.05 Da	MRTH
PRM_20251128_MarthaReselection_Plate_1_G7	G	7	MRTH	79	RG7	0.1	C:\Xcalibur\methods\method1	smb://storage3.ad.scilifelab.se/massstorage/edfors%20lab/01_hot/Martha/RAW	PRM_20251128_MarthaReselection_Plate_1_G7	Homo sapiens	blood plasma	Plate_1	MarthaReselection	not available	not available	M	not available	not available	not available	not available	55	Plate_1_G7	MRTH1-0094	not available	1	AC=EFO:0009656;NT=plasma	run 55	proteomic profiling by mass spectrometry	PRM_20251128_MarthaReselection_Plate_1_G7.raw	PRM_20251128_MarthaReselection_Plate_1_G7.raw	NT=Parallel Reaction Monitoring;AC=MS:1002956	AC=MS:1002038;NT=label free sample	1	NT=High-performance liquid chromatography;AC=PRIDE:0000565	1	AC=MS:1001251;NT=Trypsin	not available	NT=Stellar;AC=MS:1003409	NT=Carbamidomethyl;AC=UNIMOD:4;TA=C;MT=Fixed	NT=Higher-energy Collisional Dissociation;AC=MS:1000422	27 NCE	40 ppm	0.05 Da	MRTH
PRM_20251128_MarthaReselection_Plate_1_H7	H	7	MRTH	91	RH7	0.1	C:\Xcalibur\methods\method1	smb://storage3.ad.scilifelab.se/massstorage/edfors%20lab/01_hot/Martha/RAW	PRM_20251128_MarthaReselection_Plate_1_H7	Homo sapiens	blood plasma	Plate_1	MarthaReselection	not available	not available	F	not available	not available	not available	not available	56	Plate_1_H7	MRTH1-0544	not available	1	AC=EFO:0009656;NT=plasma	run 56	proteomic profiling by mass spectrometry	PRM_20251128_MarthaReselection_Plate_1_H7.raw	PRM_20251128_MarthaReselection_Plate_1_H7.raw	NT=Parallel Reaction Monitoring;AC=MS:1002956	AC=MS:1002038;NT=label free sample	1	NT=High-performance liquid chromatography;AC=PRIDE:0000565	1	AC=MS:1001251;NT=Trypsin	not available	NT=Stellar;AC=MS:1003409	NT=Carbamidomethyl;AC=UNIMOD:4;TA=C;MT=Fixed	NT=Higher-energy Collisional Dissociation;AC=MS:1000422	27 NCE	40 ppm	0.05 Da	MRTH
PRM_20251128_MarthaReselection_Plate_1_A8	A	8	MRTH	8	RA8	0.1	C:\Xcalibur\methods\method1	smb://storage3.ad.scilifelab.se/massstorage/edfors%20lab/01_hot/Martha/RAW	PRM_20251128_MarthaReselection_Plate_1_A8	Homo sapiens	blood plasma	Plate_1	MarthaReselection	not available	not available	F	not available	not available	not available	not available	57	Plate_1_A8	MRTH1-1099	not available	1	AC=EFO:0009656;NT=plasma	run 57	proteomic profiling by mass spectrometry	PRM_20251128_MarthaReselection_Plate_1_A8.raw	PRM_20251128_MarthaReselection_Plate_1_A8.raw	NT=Parallel Reaction Monitoring;AC=MS:1002956	AC=MS:1002038;NT=label free sample	1	NT=High-performance liquid chromatography;AC=PRIDE:0000565	1	AC=MS:1001251;NT=Trypsin	not available	NT=Stellar;AC=MS:1003409	NT=Carbamidomethyl;AC=UNIMOD:4;TA=C;MT=Fixed	NT=Higher-energy Collisional Dissociation;AC=MS:1000422	27 NCE	40 ppm	0.05 Da	MRTH
PRM_20251128_MarthaReselection_Plate_1_B8	B	8	MRTH	20	RB8	0.1	C:\Xcalibur\methods\method1	smb://storage3.ad.scilifelab.se/massstorage/edfors%20lab/01_hot/Martha/RAW	PRM_20251128_MarthaReselection_Plate_1_B8	Homo sapiens	blood plasma	Plate_1	MarthaReselection	not available	not available	F	not available	not available	not available	not available	58	Plate_1_B8	MRTH1-0787	not available	1	AC=EFO:0009656;NT=plasma	run 58	proteomic profiling by mass spectrometry	PRM_20251128_MarthaReselection_Plate_1_B8.raw	PRM_20251128_MarthaReselection_Plate_1_B8.raw	NT=Parallel Reaction Monitoring;AC=MS:1002956	AC=MS:1002038;NT=label free sample	1	NT=High-performance liquid chromatography;AC=PRIDE:0000565	1	AC=MS:1001251;NT=Trypsin	not available	NT=Stellar;AC=MS:1003409	NT=Carbamidomethyl;AC=UNIMOD:4;TA=C;MT=Fixed	NT=Higher-energy Collisional Dissociation;AC=MS:1000422	27 NCE	40 ppm	0.05 Da	MRTH
PRM_20251128_MarthaReselection_Plate_1_C8	C	8	MRTH	32	RC8	0.1	C:\Xcalibur\methods\method1	smb://storage3.ad.scilifelab.se/massstorage/edfors%20lab/01_hot/Martha/RAW	PRM_20251128_MarthaReselection_Plate_1_C8	Homo sapiens	blood plasma	Plate_1	MarthaReselection	not available	not available	F	not available	not available	not available	not available	59	Plate_1_C8	MRTH1-0834	not available	1	AC=EFO:0009656;NT=plasma	run 59	proteomic profiling by mass spectrometry	PRM_20251128_MarthaReselection_Plate_1_C8.raw	PRM_20251128_MarthaReselection_Plate_1_C8.raw	NT=Parallel Reaction Monitoring;AC=MS:1002956	AC=MS:1002038;NT=label free sample	1	NT=High-performance liquid chromatography;AC=PRIDE:0000565	1	AC=MS:1001251;NT=Trypsin	not available	NT=Stellar;AC=MS:1003409	NT=Carbamidomethyl;AC=UNIMOD:4;TA=C;MT=Fixed	NT=Higher-energy Collisional Dissociation;AC=MS:1000422	27 NCE	40 ppm	0.05 Da	MRTH
PRM_20251128_MarthaReselection_Plate_1_D8	D	8	MRTH	44	RD8	0.1	C:\Xcalibur\methods\method1	smb://storage3.ad.scilifelab.se/massstorage/edfors%20lab/01_hot/Martha/RAW	PRM_20251128_MarthaReselection_Plate_1_D8	Homo sapiens	blood plasma	Plate_1	MarthaReselection	not available	not available	M	not available	not available	not available	not available	60	Plate_1_D8	MRTH1-0934	not available	1	AC=EFO:0009656;NT=plasma	run 60	proteomic profiling by mass spectrometry	PRM_20251128_MarthaReselection_Plate_1_D8.raw	PRM_20251128_MarthaReselection_Plate_1_D8.raw	NT=Parallel Reaction Monitoring;AC=MS:1002956	AC=MS:1002038;NT=label free sample	1	NT=High-performance liquid chromatography;AC=PRIDE:0000565	1	AC=MS:1001251;NT=Trypsin	not available	NT=Stellar;AC=MS:1003409	NT=Carbamidomethyl;AC=UNIMOD:4;TA=C;MT=Fixed	NT=Higher-energy Collisional Dissociation;AC=MS:1000422	27 NCE	40 ppm	0.05 Da	MRTH
PRM_20251128_MarthaReselection_Plate_1_E8	E	8	MRTH	56	RE8	0.1	C:\Xcalibur\methods\method1	smb://storage3.ad.scilifelab.se/massstorage/edfors%20lab/01_hot/Martha/RAW	PRM_20251128_MarthaReselection_Plate_1_E8	Homo sapiens	blood plasma	Plate_1	MarthaReselection	not available	not available	F	not available	not available	not available	not available	61	Plate_1_E8	MRTH1-0875	not available	1	AC=EFO:0009656;NT=plasma	run 61	proteomic profiling by mass spectrometry	PRM_20251128_MarthaReselection_Plate_1_E8.raw	PRM_20251128_MarthaReselection_Plate_1_E8.raw	NT=Parallel Reaction Monitoring;AC=MS:1002956	AC=MS:1002038;NT=label free sample	1	NT=High-performance liquid chromatography;AC=PRIDE:0000565	1	AC=MS:1001251;NT=Trypsin	not available	NT=Stellar;AC=MS:1003409	NT=Carbamidomethyl;AC=UNIMOD:4;TA=C;MT=Fixed	NT=Higher-energy Collisional Dissociation;AC=MS:1000422	27 NCE	40 ppm	0.05 Da	MRTH
PRM_20251128_MarthaReselection_Plate_1_F8	F	8	MRTH	68	RF8	0.1	C:\Xcalibur\methods\method1	smb://storage3.ad.scilifelab.se/massstorage/edfors%20lab/01_hot/Martha/RAW	PRM_20251128_MarthaReselection_Plate_1_F8	Homo sapiens	blood plasma	Plate_1	MarthaReselection	not available	not available	M	not available	not available	not available	not available	62	Plate_1_F8	MRTH1-0911	not available	1	AC=EFO:0009656;NT=plasma	run 62	proteomic profiling by mass spectrometry	PRM_20251128_MarthaReselection_Plate_1_F8.raw	PRM_20251128_MarthaReselection_Plate_1_F8.raw	NT=Parallel Reaction Monitoring;AC=MS:1002956	AC=MS:1002038;NT=label free sample	1	NT=High-performance liquid chromatography;AC=PRIDE:0000565	1	AC=MS:1001251;NT=Trypsin	not available	NT=Stellar;AC=MS:1003409	NT=Carbamidomethyl;AC=UNIMOD:4;TA=C;MT=Fixed	NT=Higher-energy Collisional Dissociation;AC=MS:1000422	27 NCE	40 ppm	0.05 Da	MRTH
PRM_20251128_MarthaReselection_Plate_1_G8	G	8	MRTH	80	RG8	0.1	C:\Xcalibur\methods\method1	smb://storage3.ad.scilifelab.se/massstorage/edfors%20lab/01_hot/Martha/RAW	PRM_20251128_MarthaReselection_Plate_1_G8	Homo sapiens	blood plasma	Plate_1	MarthaReselection	not available	not available	F	not available	not available	not available	not available	63	Plate_1_G8	MRTH1-1239	not available	1	AC=EFO:0009656;NT=plasma	run 63	proteomic profiling by mass spectrometry	PRM_20251128_MarthaReselection_Plate_1_G8.raw	PRM_20251128_MarthaReselection_Plate_1_G8.raw	NT=Parallel Reaction Monitoring;AC=MS:1002956	AC=MS:1002038;NT=label free sample	1	NT=High-performance liquid chromatography;AC=PRIDE:0000565	1	AC=MS:1001251;NT=Trypsin	not available	NT=Stellar;AC=MS:1003409	NT=Carbamidomethyl;AC=UNIMOD:4;TA=C;MT=Fixed	NT=Higher-energy Collisional Dissociation;AC=MS:1000422	27 NCE	40 ppm	0.05 Da	MRTH
PRM_20251128_MarthaReselection_Plate_1_H8	H	8	MRTH	92	RH8	0.1	C:\Xcalibur\methods\method1	smb://storage3.ad.scilifelab.se/massstorage/edfors%20lab/01_hot/Martha/RAW	PRM_20251128_MarthaReselection_Plate_1_H8	Homo sapiens	blood plasma	Plate_1	MarthaReselection	not available	not available	M	not available	not available	not available	not available	64	Plate_1_H8	MRTH1-1063	not available	1	AC=EFO:0009656;NT=plasma	run 64	proteomic profiling by mass spectrometry	PRM_20251128_MarthaReselection_Plate_1_H8.raw	PRM_20251128_MarthaReselection_Plate_1_H8.raw	NT=Parallel Reaction Monitoring;AC=MS:1002956	AC=MS:1002038;NT=label free sample	1	NT=High-performance liquid chromatography;AC=PRIDE:0000565	1	AC=MS:1001251;NT=Trypsin	not available	NT=Stellar;AC=MS:1003409	NT=Carbamidomethyl;AC=UNIMOD:4;TA=C;MT=Fixed	NT=Higher-energy Collisional Dissociation;AC=MS:1000422	27 NCE	40 ppm	0.05 Da	MRTH
PRM_20251128_MarthaReselection_Plate_1_A9	A	9	MRTH	9	RA9	0.1	C:\Xcalibur\methods\method1	smb://storage3.ad.scilifelab.se/massstorage/edfors%20lab/01_hot/Martha/RAW	PRM_20251128_MarthaReselection_Plate_1_A9	Homo sapiens	blood plasma	Plate_1	MarthaReselection	not available	not available	F	not available	not available	not available	not available	65	Plate_1_A9	MRTH1-0604	not available	1	AC=EFO:0009656;NT=plasma	run 65	proteomic profiling by mass spectrometry	PRM_20251128_MarthaReselection_Plate_1_A9.raw	PRM_20251128_MarthaReselection_Plate_1_A9.raw	NT=Parallel Reaction Monitoring;AC=MS:1002956	AC=MS:1002038;NT=label free sample	1	NT=High-performance liquid chromatography;AC=PRIDE:0000565	1	AC=MS:1001251;NT=Trypsin	not available	NT=Stellar;AC=MS:1003409	NT=Carbamidomethyl;AC=UNIMOD:4;TA=C;MT=Fixed	NT=Higher-energy Collisional Dissociation;AC=MS:1000422	27 NCE	40 ppm	0.05 Da	MRTH
PRM_20251128_MarthaReselection_Plate_1_B9	B	9	MRTH	21	RB9	0.1	C:\Xcalibur\methods\method1	smb://storage3.ad.scilifelab.se/massstorage/edfors%20lab/01_hot/Martha/RAW	PRM_20251128_MarthaReselection_Plate_1_B9	Homo sapiens	blood plasma	Plate_1	MarthaReselection	not available	not available	M	not available	not available	not available	not available	66	Plate_1_B9	MRTH1-0618	not available	1	AC=EFO:0009656;NT=plasma	run 66	proteomic profiling by mass spectrometry	PRM_20251128_MarthaReselection_Plate_1_B9.raw	PRM_20251128_MarthaReselection_Plate_1_B9.raw	NT=Parallel Reaction Monitoring;AC=MS:1002956	AC=MS:1002038;NT=label free sample	1	NT=High-performance liquid chromatography;AC=PRIDE:0000565	1	AC=MS:1001251;NT=Trypsin	not available	NT=Stellar;AC=MS:1003409	NT=Carbamidomethyl;AC=UNIMOD:4;TA=C;MT=Fixed	NT=Higher-energy Collisional Dissociation;AC=MS:1000422	27 NCE	40 ppm	0.05 Da	MRTH
PRM_20251128_MarthaReselection_Plate_1_C9	C	9	MRTH	33	RC9	0.1	C:\Xcalibur\methods\method1	smb://storage3.ad.scilifelab.se/massstorage/edfors%20lab/01_hot/Martha/RAW	PRM_20251128_MarthaReselection_Plate_1_C9	Homo sapiens	blood plasma	Plate_1	MarthaReselection	not available	not available	M	not available	not available	not available	not available	67	Plate_1_C9	MRTH1-0154	not available	1	AC=EFO:0009656;NT=plasma	run 67	proteomic profiling by mass spectrometry	PRM_20251128_MarthaReselection_Plate_1_C9.raw	PRM_20251128_MarthaReselection_Plate_1_C9.raw	NT=Parallel Reaction Monitoring;AC=MS:1002956	AC=MS:1002038;NT=label free sample	1	NT=High-performance liquid chromatography;AC=PRIDE:0000565	1	AC=MS:1001251;NT=Trypsin	not available	NT=Stellar;AC=MS:1003409	NT=Carbamidomethyl;AC=UNIMOD:4;TA=C;MT=Fixed	NT=Higher-energy Collisional Dissociation;AC=MS:1000422	27 NCE	40 ppm	0.05 Da	MRTH
PRM_20251128_MarthaReselection_Plate_1_D9	D	9	MRTH	45	RD9	0.1	C:\Xcalibur\methods\method1	smb://storage3.ad.scilifelab.se/massstorage/edfors%20lab/01_hot/Martha/RAW	PRM_20251128_MarthaReselection_Plate_1_D9	Homo sapiens	blood plasma	Plate_1	MarthaReselection	not available	not available	F	not available	not available	not available	not available	68	Plate_1_D9	MRTH1-1055	not available	1	AC=EFO:0009656;NT=plasma	run 68	proteomic profiling by mass spectrometry	PRM_20251128_MarthaReselection_Plate_1_D9.raw	PRM_20251128_MarthaReselection_Plate_1_D9.raw	NT=Parallel Reaction Monitoring;AC=MS:1002956	AC=MS:1002038;NT=label free sample	1	NT=High-performance liquid chromatography;AC=PRIDE:0000565	1	AC=MS:1001251;NT=Trypsin	not available	NT=Stellar;AC=MS:1003409	NT=Carbamidomethyl;AC=UNIMOD:4;TA=C;MT=Fixed	NT=Higher-energy Collisional Dissociation;AC=MS:1000422	27 NCE	40 ppm	0.05 Da	MRTH
PRM_20251128_MarthaReselection_Plate_1_E9	E	9	MRTH	57	RE9	0.1	C:\Xcalibur\methods\method1	smb://storage3.ad.scilifelab.se/massstorage/edfors%20lab/01_hot/Martha/RAW	PRM_20251128_MarthaReselection_Plate_1_E9	Homo sapiens	blood plasma	Plate_1	MarthaReselection	not available	not available	F	not available	not available	not available	not available	69	Plate_1_E9	MRTH1-1181	not available	1	AC=EFO:0009656;NT=plasma	run 69	proteomic profiling by mass spectrometry	PRM_20251128_MarthaReselection_Plate_1_E9.raw	PRM_20251128_MarthaReselection_Plate_1_E9.raw	NT=Parallel Reaction Monitoring;AC=MS:1002956	AC=MS:1002038;NT=label free sample	1	NT=High-performance liquid chromatography;AC=PRIDE:0000565	1	AC=MS:1001251;NT=Trypsin	not available	NT=Stellar;AC=MS:1003409	NT=Carbamidomethyl;AC=UNIMOD:4;TA=C;MT=Fixed	NT=Higher-energy Collisional Dissociation;AC=MS:1000422	27 NCE	40 ppm	0.05 Da	MRTH
PRM_20251128_MarthaReselection_Plate_1_F9	F	9	MRTH	69	RF9	0.1	C:\Xcalibur\methods\method1	smb://storage3.ad.scilifelab.se/massstorage/edfors%20lab/01_hot/Martha/RAW	PRM_20251128_MarthaReselection_Plate_1_F9	Homo sapiens	blood plasma	Plate_1	MarthaReselection	not available	not available	F	not available	not available	not available	not available	70	Plate_1_F9	MRTH1-0123	not available	1	AC=EFO:0009656;NT=plasma	run 70	proteomic profiling by mass spectrometry	PRM_20251128_MarthaReselection_Plate_1_F9.raw	PRM_20251128_MarthaReselection_Plate_1_F9.raw	NT=Parallel Reaction Monitoring;AC=MS:1002956	AC=MS:1002038;NT=label free sample	1	NT=High-performance liquid chromatography;AC=PRIDE:0000565	1	AC=MS:1001251;NT=Trypsin	not available	NT=Stellar;AC=MS:1003409	NT=Carbamidomethyl;AC=UNIMOD:4;TA=C;MT=Fixed	NT=Higher-energy Collisional Dissociation;AC=MS:1000422	27 NCE	40 ppm	0.05 Da	MRTH
PRM_20251128_MarthaReselection_Plate_1_G9	G	9	MRTH	81	RG9	0.1	C:\Xcalibur\methods\method1	smb://storage3.ad.scilifelab.se/massstorage/edfors%20lab/01_hot/Martha/RAW	PRM_20251128_MarthaReselection_Plate_1_G9	Homo sapiens	blood plasma	Plate_1	MarthaReselection	not available	not available	F	not available	not available	not available	not available	71	Plate_1_G9	MRTH1-0913	not available	1	AC=EFO:0009656;NT=plasma	run 71	proteomic profiling by mass spectrometry	PRM_20251128_MarthaReselection_Plate_1_G9.raw	PRM_20251128_MarthaReselection_Plate_1_G9.raw	NT=Parallel Reaction Monitoring;AC=MS:1002956	AC=MS:1002038;NT=label free sample	1	NT=High-performance liquid chromatography;AC=PRIDE:0000565	1	AC=MS:1001251;NT=Trypsin	not available	NT=Stellar;AC=MS:1003409	NT=Carbamidomethyl;AC=UNIMOD:4;TA=C;MT=Fixed	NT=Higher-energy Collisional Dissociation;AC=MS:1000422	27 NCE	40 ppm	0.05 Da	MRTH
PRM_20251128_MarthaReselection_Plate_1_H9	H	9	MRTH	93	RH9	0.1	C:\Xcalibur\methods\method1	smb://storage3.ad.scilifelab.se/massstorage/edfors%20lab/01_hot/Martha/RAW	PRM_20251128_MarthaReselection_Plate_1_H9	Homo sapiens	blood plasma	Plate_1	MarthaReselection	not available	not available	F	not available	not available	not available	not available	72	Plate_1_H9	MRTH1-1265	not available	1	AC=EFO:0009656;NT=plasma	run 72	proteomic profiling by mass spectrometry	PRM_20251128_MarthaReselection_Plate_1_H9.raw	PRM_20251128_MarthaReselection_Plate_1_H9.raw	NT=Parallel Reaction Monitoring;AC=MS:1002956	AC=MS:1002038;NT=label free sample	1	NT=High-performance liquid chromatography;AC=PRIDE:0000565	1	AC=MS:1001251;NT=Trypsin	not available	NT=Stellar;AC=MS:1003409	NT=Carbamidomethyl;AC=UNIMOD:4;TA=C;MT=Fixed	NT=Higher-energy Collisional Dissociation;AC=MS:1000422	27 NCE	40 ppm	0.05 Da	MRTH
PRM_20251128_MarthaReselection_Plate_1_A10	A	10	MRTH	10	RA10	0.1	C:\Xcalibur\methods\method1	smb://storage3.ad.scilifelab.se/massstorage/edfors%20lab/01_hot/Martha/RAW	PRM_20251128_MarthaReselection_Plate_1_A10	Homo sapiens	blood plasma	Plate_1	MarthaReselection	not available	not available	M	not available	not available	not available	not available	73	Plate_1_A10	MRTH1-0724	not available	1	AC=EFO:0009656;NT=plasma	run 73	proteomic profiling by mass spectrometry	PRM_20251128_MarthaReselection_Plate_1_A10.raw	PRM_20251128_MarthaReselection_Plate_1_A10.raw	NT=Parallel Reaction Monitoring;AC=MS:1002956	AC=MS:1002038;NT=label free sample	1	NT=High-performance liquid chromatography;AC=PRIDE:0000565	1	AC=MS:1001251;NT=Trypsin	not available	NT=Stellar;AC=MS:1003409	NT=Carbamidomethyl;AC=UNIMOD:4;TA=C;MT=Fixed	NT=Higher-energy Collisional Dissociation;AC=MS:1000422	27 NCE	40 ppm	0.05 Da	MRTH
PRM_20251128_MarthaReselection_Plate_1_B10	B	10	MRTH	22	RB10	0.1	C:\Xcalibur\methods\method1	smb://storage3.ad.scilifelab.se/massstorage/edfors%20lab/01_hot/Martha/RAW	PRM_20251128_MarthaReselection_Plate_1_B10	Homo sapiens	blood plasma	Plate_1	MarthaReselection	not available	not available	F	not available	not available	not available	not available	74	Plate_1_B10	MRTH1-1203	not available	1	AC=EFO:0009656;NT=plasma	run 74	proteomic profiling by mass spectrometry	PRM_20251128_MarthaReselection_Plate_1_B10.raw	PRM_20251128_MarthaReselection_Plate_1_B10.raw	NT=Parallel Reaction Monitoring;AC=MS:1002956	AC=MS:1002038;NT=label free sample	1	NT=High-performance liquid chromatography;AC=PRIDE:0000565	1	AC=MS:1001251;NT=Trypsin	not available	NT=Stellar;AC=MS:1003409	NT=Carbamidomethyl;AC=UNIMOD:4;TA=C;MT=Fixed	NT=Higher-energy Collisional Dissociation;AC=MS:1000422	27 NCE	40 ppm	0.05 Da	MRTH
PRM_20251128_MarthaReselection_Plate_1_C10	C	10	MRTH	34	RC10	0.1	C:\Xcalibur\methods\method1	smb://storage3.ad.scilifelab.se/massstorage/edfors%20lab/01_hot/Martha/RAW	PRM_20251128_MarthaReselection_Plate_1_C10	Homo sapiens	blood plasma	Plate_1	MarthaReselection	not available	not available	F	not available	not available	not available	not available	75	Plate_1_C10	MRTH1-1375	not available	1	AC=EFO:0009656;NT=plasma	run 75	proteomic profiling by mass spectrometry	PRM_20251128_MarthaReselection_Plate_1_C10.raw	PRM_20251128_MarthaReselection_Plate_1_C10.raw	NT=Parallel Reaction Monitoring;AC=MS:1002956	AC=MS:1002038;NT=label free sample	1	NT=High-performance liquid chromatography;AC=PRIDE:0000565	1	AC=MS:1001251;NT=Trypsin	not available	NT=Stellar;AC=MS:1003409	NT=Carbamidomethyl;AC=UNIMOD:4;TA=C;MT=Fixed	NT=Higher-energy Collisional Dissociation;AC=MS:1000422	27 NCE	40 ppm	0.05 Da	MRTH
PRM_20251128_MarthaReselection_Plate_1_D10	D	10	Pool	46	RD10	0.1	C:\Xcalibur\methods\method1	smb://storage3.ad.scilifelab.se/massstorage/edfors%20lab/01_hot/Martha/RAW	PRM_20251128_MarthaReselection_Plate_1_D10	Homo sapiens	blood plasma	Plate_1	MarthaReselection	not available	not available	NA	not available	not available	not available	not available	76	Plate_1_D10	EMPTY-0001	not available	1	AC=EFO:0009656;NT=plasma	run 76	proteomic profiling by mass spectrometry	PRM_20251128_MarthaReselection_Plate_1_D10.raw	PRM_20251128_MarthaReselection_Plate_1_D10.raw	NT=Parallel Reaction Monitoring;AC=MS:1002956	AC=MS:1002038;NT=label free sample	1	NT=High-performance liquid chromatography;AC=PRIDE:0000565	1	AC=MS:1001251;NT=Trypsin	not available	NT=Stellar;AC=MS:1003409	NT=Carbamidomethyl;AC=UNIMOD:4;TA=C;MT=Fixed	NT=Higher-energy Collisional Dissociation;AC=MS:1000422	27 NCE	40 ppm	0.05 Da	Pool
PRM_20251128_MarthaReselection_Plate_1_E10	E	10	MRTH	58	RE10	0.1	C:\Xcalibur\methods\method1	smb://storage3.ad.scilifelab.se/massstorage/edfors%20lab/01_hot/Martha/RAW	PRM_20251128_MarthaReselection_Plate_1_E10	Homo sapiens	blood plasma	Plate_1	MarthaReselection	not available	not available	M	not available	not available	not available	not available	77	Plate_1_E10	MRTH1-0644	not available	1	AC=EFO:0009656;NT=plasma	run 77	proteomic profiling by mass spectrometry	PRM_20251128_MarthaReselection_Plate_1_E10.raw	PRM_20251128_MarthaReselection_Plate_1_E10.raw	NT=Parallel Reaction Monitoring;AC=MS:1002956	AC=MS:1002038;NT=label free sample	1	NT=High-performance liquid chromatography;AC=PRIDE:0000565	1	AC=MS:1001251;NT=Trypsin	not available	NT=Stellar;AC=MS:1003409	NT=Carbamidomethyl;AC=UNIMOD:4;TA=C;MT=Fixed	NT=Higher-energy Collisional Dissociation;AC=MS:1000422	27 NCE	40 ppm	0.05 Da	MRTH
PRM_20251128_MarthaReselection_Plate_1_F10	F	10	MRTH	70	RF10	0.1	C:\Xcalibur\methods\method1	smb://storage3.ad.scilifelab.se/massstorage/edfors%20lab/01_hot/Martha/RAW	PRM_20251128_MarthaReselection_Plate_1_F10	Homo sapiens	blood plasma	Plate_1	MarthaReselection	not available	not available	M	not available	not available	not available	not available	78	Plate_1_F10	MRTH1-0753	not available	1	AC=EFO:0009656;NT=plasma	run 78	proteomic profiling by mass spectrometry	PRM_20251128_MarthaReselection_Plate_1_F10.raw	PRM_20251128_MarthaReselection_Plate_1_F10.raw	NT=Parallel Reaction Monitoring;AC=MS:1002956	AC=MS:1002038;NT=label free sample	1	NT=High-performance liquid chromatography;AC=PRIDE:0000565	1	AC=MS:1001251;NT=Trypsin	not available	NT=Stellar;AC=MS:1003409	NT=Carbamidomethyl;AC=UNIMOD:4;TA=C;MT=Fixed	NT=Higher-energy Collisional Dissociation;AC=MS:1000422	27 NCE	40 ppm	0.05 Da	MRTH
PRM_20251128_MarthaReselection_Plate_1_G10	G	10	MRTH	82	RG10	0.1	C:\Xcalibur\methods\method1	smb://storage3.ad.scilifelab.se/massstorage/edfors%20lab/01_hot/Martha/RAW	PRM_20251128_MarthaReselection_Plate_1_G10	Homo sapiens	blood plasma	Plate_1	MarthaReselection	not available	not available	F	not available	not available	not available	not available	79	Plate_1_G10	MRTH1-0156	not available	1	AC=EFO:0009656;NT=plasma	run 79	proteomic profiling by mass spectrometry	PRM_20251128_MarthaReselection_Plate_1_G10.raw	PRM_20251128_MarthaReselection_Plate_1_G10.raw	NT=Parallel Reaction Monitoring;AC=MS:1002956	AC=MS:1002038;NT=label free sample	1	NT=High-performance liquid chromatography;AC=PRIDE:0000565	1	AC=MS:1001251;NT=Trypsin	not available	NT=Stellar;AC=MS:1003409	NT=Carbamidomethyl;AC=UNIMOD:4;TA=C;MT=Fixed	NT=Higher-energy Collisional Dissociation;AC=MS:1000422	27 NCE	40 ppm	0.05 Da	MRTH
PRM_20251128_MarthaReselection_Plate_1_H10	H	10	MRTH	94	RH10	0.1	C:\Xcalibur\methods\method1	smb://storage3.ad.scilifelab.se/massstorage/edfors%20lab/01_hot/Martha/RAW	PRM_20251128_MarthaReselection_Plate_1_H10	Homo sapiens	blood plasma	Plate_1	MarthaReselection	not available	not available	F	not available	not available	not available	not available	80	Plate_1_H10	MRTH1-1343	not available	1	AC=EFO:0009656;NT=plasma	run 80	proteomic profiling by mass spectrometry	PRM_20251128_MarthaReselection_Plate_1_H10.raw	PRM_20251128_MarthaReselection_Plate_1_H10.raw	NT=Parallel Reaction Monitoring;AC=MS:1002956	AC=MS:1002038;NT=label free sample	1	NT=High-performance liquid chromatography;AC=PRIDE:0000565	1	AC=MS:1001251;NT=Trypsin	not available	NT=Stellar;AC=MS:1003409	NT=Carbamidomethyl;AC=UNIMOD:4;TA=C;MT=Fixed	NT=Higher-energy Collisional Dissociation;AC=MS:1000422	27 NCE	40 ppm	0.05 Da	MRTH
PRM_20251128_MarthaReselection_Plate_1_A11	A	11	MRTH	11	RA11	0.1	C:\Xcalibur\methods\method1	smb://storage3.ad.scilifelab.se/massstorage/edfors%20lab/01_hot/Martha/RAW	PRM_20251128_MarthaReselection_Plate_1_A11	Homo sapiens	blood plasma	Plate_1	MarthaReselection	not available	not available	F	not available	not available	not available	not available	81	Plate_1_A11	MRTH1-0432	not available	1	AC=EFO:0009656;NT=plasma	run 81	proteomic profiling by mass spectrometry	PRM_20251128_MarthaReselection_Plate_1_A11.raw	PRM_20251128_MarthaReselection_Plate_1_A11.raw	NT=Parallel Reaction Monitoring;AC=MS:1002956	AC=MS:1002038;NT=label free sample	1	NT=High-performance liquid chromatography;AC=PRIDE:0000565	1	AC=MS:1001251;NT=Trypsin	not available	NT=Stellar;AC=MS:1003409	NT=Carbamidomethyl;AC=UNIMOD:4;TA=C;MT=Fixed	NT=Higher-energy Collisional Dissociation;AC=MS:1000422	27 NCE	40 ppm	0.05 Da	MRTH
PRM_20251128_MarthaReselection_Plate_1_B11	B	11	MRTH	23	RB11	0.1	C:\Xcalibur\methods\method1	smb://storage3.ad.scilifelab.se/massstorage/edfors%20lab/01_hot/Martha/RAW	PRM_20251128_MarthaReselection_Plate_1_B11	Homo sapiens	blood plasma	Plate_1	MarthaReselection	not available	not available	F	not available	not available	not available	not available	82	Plate_1_B11	MRTH1-0360	not available	1	AC=EFO:0009656;NT=plasma	run 82	proteomic profiling by mass spectrometry	PRM_20251128_MarthaReselection_Plate_1_B11.raw	PRM_20251128_MarthaReselection_Plate_1_B11.raw	NT=Parallel Reaction Monitoring;AC=MS:1002956	AC=MS:1002038;NT=label free sample	1	NT=High-performance liquid chromatography;AC=PRIDE:0000565	1	AC=MS:1001251;NT=Trypsin	not available	NT=Stellar;AC=MS:1003409	NT=Carbamidomethyl;AC=UNIMOD:4;TA=C;MT=Fixed	NT=Higher-energy Collisional Dissociation;AC=MS:1000422	27 NCE	40 ppm	0.05 Da	MRTH
PRM_20251128_MarthaReselection_Plate_1_C11	C	11	MRTH	35	RC11	0.1	C:\Xcalibur\methods\method1	smb://storage3.ad.scilifelab.se/massstorage/edfors%20lab/01_hot/Martha/RAW	PRM_20251128_MarthaReselection_Plate_1_C11	Homo sapiens	blood plasma	Plate_1	MarthaReselection	not available	not available	F	not available	not available	not available	not available	83	Plate_1_C11	MRTH1-0956	not available	1	AC=EFO:0009656;NT=plasma	run 83	proteomic profiling by mass spectrometry	PRM_20251128_MarthaReselection_Plate_1_C11.raw	PRM_20251128_MarthaReselection_Plate_1_C11.raw	NT=Parallel Reaction Monitoring;AC=MS:1002956	AC=MS:1002038;NT=label free sample	1	NT=High-performance liquid chromatography;AC=PRIDE:0000565	1	AC=MS:1001251;NT=Trypsin	not available	NT=Stellar;AC=MS:1003409	NT=Carbamidomethyl;AC=UNIMOD:4;TA=C;MT=Fixed	NT=Higher-energy Collisional Dissociation;AC=MS:1000422	27 NCE	40 ppm	0.05 Da	MRTH
PRM_20251128_MarthaReselection_Plate_1_D11	D	11	MRTH	47	RD11	0.1	C:\Xcalibur\methods\method1	smb://storage3.ad.scilifelab.se/massstorage/edfors%20lab/01_hot/Martha/RAW	PRM_20251128_MarthaReselection_Plate_1_D11	Homo sapiens	blood plasma	Plate_1	MarthaReselection	not available	not available	F	not available	not available	not available	not available	84	Plate_1_D11	MRTH1-1332	not available	1	AC=EFO:0009656;NT=plasma	run 84	proteomic profiling by mass spectrometry	PRM_20251128_MarthaReselection_Plate_1_D11.raw	PRM_20251128_MarthaReselection_Plate_1_D11.raw	NT=Parallel Reaction Monitoring;AC=MS:1002956	AC=MS:1002038;NT=label free sample	1	NT=High-performance liquid chromatography;AC=PRIDE:0000565	1	AC=MS:1001251;NT=Trypsin	not available	NT=Stellar;AC=MS:1003409	NT=Carbamidomethyl;AC=UNIMOD:4;TA=C;MT=Fixed	NT=Higher-energy Collisional Dissociation;AC=MS:1000422	27 NCE	40 ppm	0.05 Da	MRTH
PRM_20251128_MarthaReselection_Plate_1_E11	E	11	MRTH	59	RE11	0.1	C:\Xcalibur\methods\method1	smb://storage3.ad.scilifelab.se/massstorage/edfors%20lab/01_hot/Martha/RAW	PRM_20251128_MarthaReselection_Plate_1_E11	Homo sapiens	blood plasma	Plate_1	MarthaReselection	not available	not available	F	not available	not available	not available	not available	85	Plate_1_E11	MRTH1-0975	not available	1	AC=EFO:0009656;NT=plasma	run 85	proteomic profiling by mass spectrometry	PRM_20251128_MarthaReselection_Plate_1_E11.raw	PRM_20251128_MarthaReselection_Plate_1_E11.raw	NT=Parallel Reaction Monitoring;AC=MS:1002956	AC=MS:1002038;NT=label free sample	1	NT=High-performance liquid chromatography;AC=PRIDE:0000565	1	AC=MS:1001251;NT=Trypsin	not available	NT=Stellar;AC=MS:1003409	NT=Carbamidomethyl;AC=UNIMOD:4;TA=C;MT=Fixed	NT=Higher-energy Collisional Dissociation;AC=MS:1000422	27 NCE	40 ppm	0.05 Da	MRTH
PRM_20251128_MarthaReselection_Plate_1_F11	F	11	MRTH	71	RF11	0.1	C:\Xcalibur\methods\method1	smb://storage3.ad.scilifelab.se/massstorage/edfors%20lab/01_hot/Martha/RAW	PRM_20251128_MarthaReselection_Plate_1_F11	Homo sapiens	blood plasma	Plate_1	MarthaReselection	not available	not available	M	not available	not available	not available	not available	86	Plate_1_F11	MRTH1-0581	not available	1	AC=EFO:0009656;NT=plasma	run 86	proteomic profiling by mass spectrometry	PRM_20251128_MarthaReselection_Plate_1_F11.raw	PRM_20251128_MarthaReselection_Plate_1_F11.raw	NT=Parallel Reaction Monitoring;AC=MS:1002956	AC=MS:1002038;NT=label free sample	1	NT=High-performance liquid chromatography;AC=PRIDE:0000565	1	AC=MS:1001251;NT=Trypsin	not available	NT=Stellar;AC=MS:1003409	NT=Carbamidomethyl;AC=UNIMOD:4;TA=C;MT=Fixed	NT=Higher-energy Collisional Dissociation;AC=MS:1000422	27 NCE	40 ppm	0.05 Da	MRTH
PRM_20251128_MarthaReselection_Plate_1_G11	G	11	MRTH	83	RG11	0.1	C:\Xcalibur\methods\method1	smb://storage3.ad.scilifelab.se/massstorage/edfors%20lab/01_hot/Martha/RAW	PRM_20251128_MarthaReselection_Plate_1_G11	Homo sapiens	blood plasma	Plate_1	MarthaReselection	not available	not available	F	not available	not available	not available	not available	87	Plate_1_G11	MRTH1-0919	not available	1	AC=EFO:0009656;NT=plasma	run 87	proteomic profiling by mass spectrometry	PRM_20251128_MarthaReselection_Plate_1_G11.raw	PRM_20251128_MarthaReselection_Plate_1_G11.raw	NT=Parallel Reaction Monitoring;AC=MS:1002956	AC=MS:1002038;NT=label free sample	1	NT=High-performance liquid chromatography;AC=PRIDE:0000565	1	AC=MS:1001251;NT=Trypsin	not available	NT=Stellar;AC=MS:1003409	NT=Carbamidomethyl;AC=UNIMOD:4;TA=C;MT=Fixed	NT=Higher-energy Collisional Dissociation;AC=MS:1000422	27 NCE	40 ppm	0.05 Da	MRTH
PRM_20251128_MarthaReselection_Plate_1_H11	H	11	MRTH	95	RH11	0.1	C:\Xcalibur\methods\method1	smb://storage3.ad.scilifelab.se/massstorage/edfors%20lab/01_hot/Martha/RAW	PRM_20251128_MarthaReselection_Plate_1_H11	Homo sapiens	blood plasma	Plate_1	MarthaReselection	not available	not available	F	not available	not available	not available	not available	88	Plate_1_H11	MRTH1-0288	not available	1	AC=EFO:0009656;NT=plasma	run 88	proteomic profiling by mass spectrometry	PRM_20251128_MarthaReselection_Plate_1_H11.raw	PRM_20251128_MarthaReselection_Plate_1_H11.raw	NT=Parallel Reaction Monitoring;AC=MS:1002956	AC=MS:1002038;NT=label free sample	1	NT=High-performance liquid chromatography;AC=PRIDE:0000565	1	AC=MS:1001251;NT=Trypsin	not available	NT=Stellar;AC=MS:1003409	NT=Carbamidomethyl;AC=UNIMOD:4;TA=C;MT=Fixed	NT=Higher-energy Collisional Dissociation;AC=MS:1000422	27 NCE	40 ppm	0.05 Da	MRTH
PRM_20251128_MarthaReselection_Plate_1_A12	A	12	MRTH	12	RA12	0.1	C:\Xcalibur\methods\method1	smb://storage3.ad.scilifelab.se/massstorage/edfors%20lab/01_hot/Martha/RAW	PRM_20251128_MarthaReselection_Plate_1_A12	Homo sapiens	blood plasma	Plate_1	MarthaReselection	not available	not available	M	not available	not available	not available	not available	89	Plate_1_A12	MRTH1-0726	not available	1	AC=EFO:0009656;NT=plasma	run 89	proteomic profiling by mass spectrometry	PRM_20251128_MarthaReselection_Plate_1_A12.raw	PRM_20251128_MarthaReselection_Plate_1_A12.raw	NT=Parallel Reaction Monitoring;AC=MS:1002956	AC=MS:1002038;NT=label free sample	1	NT=High-performance liquid chromatography;AC=PRIDE:0000565	1	AC=MS:1001251;NT=Trypsin	not available	NT=Stellar;AC=MS:1003409	NT=Carbamidomethyl;AC=UNIMOD:4;TA=C;MT=Fixed	NT=Higher-energy Collisional Dissociation;AC=MS:1000422	27 NCE	40 ppm	0.05 Da	MRTH
PRM_20251128_MarthaReselection_Plate_1_B12	B	12	MRTH	24	RB12	0.1	C:\Xcalibur\methods\method1	smb://storage3.ad.scilifelab.se/massstorage/edfors%20lab/01_hot/Martha/RAW	PRM_20251128_MarthaReselection_Plate_1_B12	Homo sapiens	blood plasma	Plate_1	MarthaReselection	not available	not available	F	not available	not available	not available	not available	90	Plate_1_B12	MRTH1-0529	not available	1	AC=EFO:0009656;NT=plasma	run 90	proteomic profiling by mass spectrometry	PRM_20251128_MarthaReselection_Plate_1_B12.raw	PRM_20251128_MarthaReselection_Plate_1_B12.raw	NT=Parallel Reaction Monitoring;AC=MS:1002956	AC=MS:1002038;NT=label free sample	1	NT=High-performance liquid chromatography;AC=PRIDE:0000565	1	AC=MS:1001251;NT=Trypsin	not available	NT=Stellar;AC=MS:1003409	NT=Carbamidomethyl;AC=UNIMOD:4;TA=C;MT=Fixed	NT=Higher-energy Collisional Dissociation;AC=MS:1000422	27 NCE	40 ppm	0.05 Da	MRTH
PRM_20251128_MarthaReselection_Plate_1_C12	C	12	MRTH	36	RC12	0.1	C:\Xcalibur\methods\method1	smb://storage3.ad.scilifelab.se/massstorage/edfors%20lab/01_hot/Martha/RAW	PRM_20251128_MarthaReselection_Plate_1_C12	Homo sapiens	blood plasma	Plate_1	MarthaReselection	not available	not available	F	not available	not available	not available	not available	91	Plate_1_C12	MRTH1-1202	not available	1	AC=EFO:0009656;NT=plasma	run 91	proteomic profiling by mass spectrometry	PRM_20251128_MarthaReselection_Plate_1_C12.raw	PRM_20251128_MarthaReselection_Plate_1_C12.raw	NT=Parallel Reaction Monitoring;AC=MS:1002956	AC=MS:1002038;NT=label free sample	1	NT=High-performance liquid chromatography;AC=PRIDE:0000565	1	AC=MS:1001251;NT=Trypsin	not available	NT=Stellar;AC=MS:1003409	NT=Carbamidomethyl;AC=UNIMOD:4;TA=C;MT=Fixed	NT=Higher-energy Collisional Dissociation;AC=MS:1000422	27 NCE	40 ppm	0.05 Da	MRTH
PRM_20251128_MarthaReselection_Plate_1_D12	D	12	MRTH	48	RD12	0.1	C:\Xcalibur\methods\method1	smb://storage3.ad.scilifelab.se/massstorage/edfors%20lab/01_hot/Martha/RAW	PRM_20251128_MarthaReselection_Plate_1_D12	Homo sapiens	blood plasma	Plate_1	MarthaReselection	not available	not available	F	not available	not available	not available	not available	92	Plate_1_D12	MRTH1-0476	not available	1	AC=EFO:0009656;NT=plasma	run 92	proteomic profiling by mass spectrometry	PRM_20251128_MarthaReselection_Plate_1_D12.raw	PRM_20251128_MarthaReselection_Plate_1_D12.raw	NT=Parallel Reaction Monitoring;AC=MS:1002956	AC=MS:1002038;NT=label free sample	1	NT=High-performance liquid chromatography;AC=PRIDE:0000565	1	AC=MS:1001251;NT=Trypsin	not available	NT=Stellar;AC=MS:1003409	NT=Carbamidomethyl;AC=UNIMOD:4;TA=C;MT=Fixed	NT=Higher-energy Collisional Dissociation;AC=MS:1000422	27 NCE	40 ppm	0.05 Da	MRTH
PRM_20251128_MarthaReselection_Plate_1_E12	E	12	MRTH	60	RE12	0.1	C:\Xcalibur\methods\method1	smb://storage3.ad.scilifelab.se/massstorage/edfors%20lab/01_hot/Martha/RAW	PRM_20251128_MarthaReselection_Plate_1_E12	Homo sapiens	blood plasma	Plate_1	MarthaReselection	not available	not available	F	not available	not available	not available	not available	93	Plate_1_E12	MRTH1-0356	not available	1	AC=EFO:0009656;NT=plasma	run 93	proteomic profiling by mass spectrometry	PRM_20251128_MarthaReselection_Plate_1_E12.raw	PRM_20251128_MarthaReselection_Plate_1_E12.raw	NT=Parallel Reaction Monitoring;AC=MS:1002956	AC=MS:1002038;NT=label free sample	1	NT=High-performance liquid chromatography;AC=PRIDE:0000565	1	AC=MS:1001251;NT=Trypsin	not available	NT=Stellar;AC=MS:1003409	NT=Carbamidomethyl;AC=UNIMOD:4;TA=C;MT=Fixed	NT=Higher-energy Collisional Dissociation;AC=MS:1000422	27 NCE	40 ppm	0.05 Da	MRTH
PRM_20251128_MarthaReselection_Plate_1_F12	F	12	Pool	72	RF12	0.1	C:\Xcalibur\methods\method1	smb://storage3.ad.scilifelab.se/massstorage/edfors%20lab/01_hot/Martha/RAW	PRM_20251128_MarthaReselection_Plate_1_F12	Homo sapiens	blood plasma	Plate_1	MarthaReselection	not available	not available	NA	not available	not available	not available	not available	94	Plate_1_F12	EMPTY-0001	not available	1	AC=EFO:0009656;NT=plasma	run 94	proteomic profiling by mass spectrometry	PRM_20251128_MarthaReselection_Plate_1_F12.raw	PRM_20251128_MarthaReselection_Plate_1_F12.raw	NT=Parallel Reaction Monitoring;AC=MS:1002956	AC=MS:1002038;NT=label free sample	1	NT=High-performance liquid chromatography;AC=PRIDE:0000565	1	AC=MS:1001251;NT=Trypsin	not available	NT=Stellar;AC=MS:1003409	NT=Carbamidomethyl;AC=UNIMOD:4;TA=C;MT=Fixed	NT=Higher-energy Collisional Dissociation;AC=MS:1000422	27 NCE	40 ppm	0.05 Da	Pool
PRM_20251128_MarthaReselection_Plate_1_G12	G	12	Pool	84	RG12	0.1	C:\Xcalibur\methods\method1	smb://storage3.ad.scilifelab.se/massstorage/edfors%20lab/01_hot/Martha/RAW	PRM_20251128_MarthaReselection_Plate_1_G12	Homo sapiens	blood plasma	Plate_1	MarthaReselection	not available	not available	NA	not available	not available	not available	not available	95	Plate_1_G12	EMPTY-0001	not available	1	AC=EFO:0009656;NT=plasma	run 95	proteomic profiling by mass spectrometry	PRM_20251128_MarthaReselection_Plate_1_G12.raw	PRM_20251128_MarthaReselection_Plate_1_G12.raw	NT=Parallel Reaction Monitoring;AC=MS:1002956	AC=MS:1002038;NT=label free sample	1	NT=High-performance liquid chromatography;AC=PRIDE:0000565	1	AC=MS:1001251;NT=Trypsin	not available	NT=Stellar;AC=MS:1003409	NT=Carbamidomethyl;AC=UNIMOD:4;TA=C;MT=Fixed	NT=Higher-energy Collisional Dissociation;AC=MS:1000422	27 NCE	40 ppm	0.05 Da	Pool
PRM_20251128_MarthaReselection_Plate_1_H12	H	12	Pool	96	RH12	0.1	C:\Xcalibur\methods\method1	smb://storage3.ad.scilifelab.se/massstorage/edfors%20lab/01_hot/Martha/RAW	PRM_20251128_MarthaReselection_Plate_1_H12	Homo sapiens	blood plasma	Plate_1	MarthaReselection	not available	not available	NA	not available	not available	not available	not available	96	Plate_1_H12	EMPTY-0001	not available	1	AC=EFO:0009656;NT=plasma	run 96	proteomic profiling by mass spectrometry	PRM_20251128_MarthaReselection_Plate_1_H12.raw	PRM_20251128_MarthaReselection_Plate_1_H12.raw	NT=Parallel Reaction Monitoring;AC=MS:1002956	AC=MS:1002038;NT=label free sample	1	NT=High-performance liquid chromatography;AC=PRIDE:0000565	1	AC=MS:1001251;NT=Trypsin	not available	NT=Stellar;AC=MS:1003409	NT=Carbamidomethyl;AC=UNIMOD:4;TA=C;MT=Fixed	NT=Higher-energy Collisional Dissociation;AC=MS:1000422	27 NCE	40 ppm	0.05 Da	Pool
PRM_20251128_MarthaReselection_Plate_2_A1	A	1	MRTH	1	RA1	0.1	C:\Xcalibur\methods\method1	smb://storage3.ad.scilifelab.se/massstorage/edfors%20lab/01_hot/Martha/RAW	PRM_20251128_MarthaReselection_Plate_2_A1	Homo sapiens	blood plasma	Plate_2	MarthaReselection	not available	not available	M	not available	not available	not available	not available	1	Plate_2_A1	MRTH1-0602	not available	1	AC=EFO:0009656;NT=plasma	run 97	proteomic profiling by mass spectrometry	PRM_20251128_MarthaReselection_Plate_2_A1.raw	PRM_20251128_MarthaReselection_Plate_2_A1.raw	NT=Parallel Reaction Monitoring;AC=MS:1002956	AC=MS:1002038;NT=label free sample	1	NT=High-performance liquid chromatography;AC=PRIDE:0000565	1	AC=MS:1001251;NT=Trypsin	not available	NT=Stellar;AC=MS:1003409	NT=Carbamidomethyl;AC=UNIMOD:4;TA=C;MT=Fixed	NT=Higher-energy Collisional Dissociation;AC=MS:1000422	27 NCE	40 ppm	0.05 Da	MRTH
PRM_20251128_MarthaReselection_Plate_2_B1	B	1	MRTH	13	RB1	0.1	C:\Xcalibur\methods\method1	smb://storage3.ad.scilifelab.se/massstorage/edfors%20lab/01_hot/Martha/RAW	PRM_20251128_MarthaReselection_Plate_2_B1	Homo sapiens	blood plasma	Plate_2	MarthaReselection	not available	not available	F	not available	not available	not available	not available	2	Plate_2_B1	MRTH1-1192	not available	1	AC=EFO:0009656;NT=plasma	run 98	proteomic profiling by mass spectrometry	PRM_20251128_MarthaReselection_Plate_2_B1.raw	PRM_20251128_MarthaReselection_Plate_2_B1.raw	NT=Parallel Reaction Monitoring;AC=MS:1002956	AC=MS:1002038;NT=label free sample	1	NT=High-performance liquid chromatography;AC=PRIDE:0000565	1	AC=MS:1001251;NT=Trypsin	not available	NT=Stellar;AC=MS:1003409	NT=Carbamidomethyl;AC=UNIMOD:4;TA=C;MT=Fixed	NT=Higher-energy Collisional Dissociation;AC=MS:1000422	27 NCE	40 ppm	0.05 Da	MRTH
PRM_20251128_MarthaReselection_Plate_2_C1	C	1	MRTH	25	RC1	0.1	C:\Xcalibur\methods\method1	smb://storage3.ad.scilifelab.se/massstorage/edfors%20lab/01_hot/Martha/RAW	PRM_20251128_MarthaReselection_Plate_2_C1	Homo sapiens	blood plasma	Plate_2	MarthaReselection	not available	not available	M	not available	not available	not available	not available	3	Plate_2_C1	MRTH1-0338	not available	1	AC=EFO:0009656;NT=plasma	run 99	proteomic profiling by mass spectrometry	PRM_20251128_MarthaReselection_Plate_2_C1.raw	PRM_20251128_MarthaReselection_Plate_2_C1.raw	NT=Parallel Reaction Monitoring;AC=MS:1002956	AC=MS:1002038;NT=label free sample	1	NT=High-performance liquid chromatography;AC=PRIDE:0000565	1	AC=MS:1001251;NT=Trypsin	not available	NT=Stellar;AC=MS:1003409	NT=Carbamidomethyl;AC=UNIMOD:4;TA=C;MT=Fixed	NT=Higher-energy Collisional Dissociation;AC=MS:1000422	27 NCE	40 ppm	0.05 Da	MRTH
PRM_20251128_MarthaReselection_Plate_2_D1	D	1	MRTH	37	RD1	0.1	C:\Xcalibur\methods\method1	smb://storage3.ad.scilifelab.se/massstorage/edfors%20lab/01_hot/Martha/RAW	PRM_20251128_MarthaReselection_Plate_2_D1	Homo sapiens	blood plasma	Plate_2	MarthaReselection	not available	not available	F	not available	not available	not available	not available	4	Plate_2_D1	MRTH1-0431	not available	1	AC=EFO:0009656;NT=plasma	run 100	proteomic profiling by mass spectrometry	PRM_20251128_MarthaReselection_Plate_2_D1.raw	PRM_20251128_MarthaReselection_Plate_2_D1.raw	NT=Parallel Reaction Monitoring;AC=MS:1002956	AC=MS:1002038;NT=label free sample	1	NT=High-performance liquid chromatography;AC=PRIDE:0000565	1	AC=MS:1001251;NT=Trypsin	not available	NT=Stellar;AC=MS:1003409	NT=Carbamidomethyl;AC=UNIMOD:4;TA=C;MT=Fixed	NT=Higher-energy Collisional Dissociation;AC=MS:1000422	27 NCE	40 ppm	0.05 Da	MRTH
PRM_20251128_MarthaReselection_Plate_2_E1	E	1	MRTH	49	RE1	0.1	C:\Xcalibur\methods\method1	smb://storage3.ad.scilifelab.se/massstorage/edfors%20lab/01_hot/Martha/RAW	PRM_20251128_MarthaReselection_Plate_2_E1	Homo sapiens	blood plasma	Plate_2	MarthaReselection	not available	not available	M	not available	not available	not available	not available	5	Plate_2_E1	MRTH1-0607	not available	1	AC=EFO:0009656;NT=plasma	run 101	proteomic profiling by mass spectrometry	PRM_20251128_MarthaReselection_Plate_2_E1.raw	PRM_20251128_MarthaReselection_Plate_2_E1.raw	NT=Parallel Reaction Monitoring;AC=MS:1002956	AC=MS:1002038;NT=label free sample	1	NT=High-performance liquid chromatography;AC=PRIDE:0000565	1	AC=MS:1001251;NT=Trypsin	not available	NT=Stellar;AC=MS:1003409	NT=Carbamidomethyl;AC=UNIMOD:4;TA=C;MT=Fixed	NT=Higher-energy Collisional Dissociation;AC=MS:1000422	27 NCE	40 ppm	0.05 Da	MRTH
PRM_20251128_MarthaReselection_Plate_2_F1	F	1	MRTH	61	RF1	0.1	C:\Xcalibur\methods\method1	smb://storage3.ad.scilifelab.se/massstorage/edfors%20lab/01_hot/Martha/RAW	PRM_20251128_MarthaReselection_Plate_2_F1	Homo sapiens	blood plasma	Plate_2	MarthaReselection	not available	not available	F	not available	not available	not available	not available	6	Plate_2_F1	MRTH1-0658	not available	1	AC=EFO:0009656;NT=plasma	run 102	proteomic profiling by mass spectrometry	PRM_20251128_MarthaReselection_Plate_2_F1.raw	PRM_20251128_MarthaReselection_Plate_2_F1.raw	NT=Parallel Reaction Monitoring;AC=MS:1002956	AC=MS:1002038;NT=label free sample	1	NT=High-performance liquid chromatography;AC=PRIDE:0000565	1	AC=MS:1001251;NT=Trypsin	not available	NT=Stellar;AC=MS:1003409	NT=Carbamidomethyl;AC=UNIMOD:4;TA=C;MT=Fixed	NT=Higher-energy Collisional Dissociation;AC=MS:1000422	27 NCE	40 ppm	0.05 Da	MRTH
PRM_20251128_MarthaReselection_Plate_2_G1	G	1	MRTH	73	RG1	0.1	C:\Xcalibur\methods\method1	smb://storage3.ad.scilifelab.se/massstorage/edfors%20lab/01_hot/Martha/RAW	PRM_20251128_MarthaReselection_Plate_2_G1	Homo sapiens	blood plasma	Plate_2	MarthaReselection	not available	not available	F	not available	not available	not available	not available	7	Plate_2_G1	MRTH1-0099	not available	1	AC=EFO:0009656;NT=plasma	run 103	proteomic profiling by mass spectrometry	PRM_20251128_MarthaReselection_Plate_2_G1.raw	PRM_20251128_MarthaReselection_Plate_2_G1.raw	NT=Parallel Reaction Monitoring;AC=MS:1002956	AC=MS:1002038;NT=label free sample	1	NT=High-performance liquid chromatography;AC=PRIDE:0000565	1	AC=MS:1001251;NT=Trypsin	not available	NT=Stellar;AC=MS:1003409	NT=Carbamidomethyl;AC=UNIMOD:4;TA=C;MT=Fixed	NT=Higher-energy Collisional Dissociation;AC=MS:1000422	27 NCE	40 ppm	0.05 Da	MRTH
PRM_20251128_MarthaReselection_Plate_2_H1	H	1	MRTH	85	RH1	0.1	C:\Xcalibur\methods\method1	smb://storage3.ad.scilifelab.se/massstorage/edfors%20lab/01_hot/Martha/RAW	PRM_20251128_MarthaReselection_Plate_2_H1	Homo sapiens	blood plasma	Plate_2	MarthaReselection	not available	not available	F	not available	not available	not available	not available	8	Plate_2_H1	MRTH1-1233	not available	1	AC=EFO:0009656;NT=plasma	run 104	proteomic profiling by mass spectrometry	PRM_20251128_MarthaReselection_Plate_2_H1.raw	PRM_20251128_MarthaReselection_Plate_2_H1.raw	NT=Parallel Reaction Monitoring;AC=MS:1002956	AC=MS:1002038;NT=label free sample	1	NT=High-performance liquid chromatography;AC=PRIDE:0000565	1	AC=MS:1001251;NT=Trypsin	not available	NT=Stellar;AC=MS:1003409	NT=Carbamidomethyl;AC=UNIMOD:4;TA=C;MT=Fixed	NT=Higher-energy Collisional Dissociation;AC=MS:1000422	27 NCE	40 ppm	0.05 Da	MRTH
PRM_20251128_MarthaReselection_Plate_2_A2	A	2	MRTH	2	RA2	0.1	C:\Xcalibur\methods\method1	smb://storage3.ad.scilifelab.se/massstorage/edfors%20lab/01_hot/Martha/RAW	PRM_20251128_MarthaReselection_Plate_2_A2	Homo sapiens	blood plasma	Plate_2	MarthaReselection	not available	not available	F	not available	not available	not available	not available	9	Plate_2_A2	MRTH1-0811	not available	1	AC=EFO:0009656;NT=plasma	run 105	proteomic profiling by mass spectrometry	PRM_20251128_MarthaReselection_Plate_2_A2.raw	PRM_20251128_MarthaReselection_Plate_2_A2.raw	NT=Parallel Reaction Monitoring;AC=MS:1002956	AC=MS:1002038;NT=label free sample	1	NT=High-performance liquid chromatography;AC=PRIDE:0000565	1	AC=MS:1001251;NT=Trypsin	not available	NT=Stellar;AC=MS:1003409	NT=Carbamidomethyl;AC=UNIMOD:4;TA=C;MT=Fixed	NT=Higher-energy Collisional Dissociation;AC=MS:1000422	27 NCE	40 ppm	0.05 Da	MRTH
PRM_20251128_MarthaReselection_Plate_2_B2	B	2	MRTH	14	RB2	0.1	C:\Xcalibur\methods\method1	smb://storage3.ad.scilifelab.se/massstorage/edfors%20lab/01_hot/Martha/RAW	PRM_20251128_MarthaReselection_Plate_2_B2	Homo sapiens	blood plasma	Plate_2	MarthaReselection	not available	not available	F	not available	not available	not available	not available	10	Plate_2_B2	MRTH1-1366	not available	1	AC=EFO:0009656;NT=plasma	run 106	proteomic profiling by mass spectrometry	PRM_20251128_MarthaReselection_Plate_2_B2.raw	PRM_20251128_MarthaReselection_Plate_2_B2.raw	NT=Parallel Reaction Monitoring;AC=MS:1002956	AC=MS:1002038;NT=label free sample	1	NT=High-performance liquid chromatography;AC=PRIDE:0000565	1	AC=MS:1001251;NT=Trypsin	not available	NT=Stellar;AC=MS:1003409	NT=Carbamidomethyl;AC=UNIMOD:4;TA=C;MT=Fixed	NT=Higher-energy Collisional Dissociation;AC=MS:1000422	27 NCE	40 ppm	0.05 Da	MRTH
PRM_20251128_MarthaReselection_Plate_2_C2	C	2	Pool	26	RC2	0.1	C:\Xcalibur\methods\method1	smb://storage3.ad.scilifelab.se/massstorage/edfors%20lab/01_hot/Martha/RAW	PRM_20251128_MarthaReselection_Plate_2_C2	Homo sapiens	blood plasma	Plate_2	MarthaReselection	not available	not available	NA	not available	not available	not available	not available	11	Plate_2_C2	EMPTY-0001	not available	1	AC=EFO:0009656;NT=plasma	run 107	proteomic profiling by mass spectrometry	PRM_20251128_MarthaReselection_Plate_2_C2.raw	PRM_20251128_MarthaReselection_Plate_2_C2.raw	NT=Parallel Reaction Monitoring;AC=MS:1002956	AC=MS:1002038;NT=label free sample	1	NT=High-performance liquid chromatography;AC=PRIDE:0000565	1	AC=MS:1001251;NT=Trypsin	not available	NT=Stellar;AC=MS:1003409	NT=Carbamidomethyl;AC=UNIMOD:4;TA=C;MT=Fixed	NT=Higher-energy Collisional Dissociation;AC=MS:1000422	27 NCE	40 ppm	0.05 Da	Pool
PRM_20251128_MarthaReselection_Plate_2_D2	D	2	MRTH	38	RD2	0.1	C:\Xcalibur\methods\method1	smb://storage3.ad.scilifelab.se/massstorage/edfors%20lab/01_hot/Martha/RAW	PRM_20251128_MarthaReselection_Plate_2_D2	Homo sapiens	blood plasma	Plate_2	MarthaReselection	not available	not available	F	not available	not available	not available	not available	12	Plate_2_D2	MRTH1-1344	not available	1	AC=EFO:0009656;NT=plasma	run 108	proteomic profiling by mass spectrometry	PRM_20251128_MarthaReselection_Plate_2_D2.raw	PRM_20251128_MarthaReselection_Plate_2_D2.raw	NT=Parallel Reaction Monitoring;AC=MS:1002956	AC=MS:1002038;NT=label free sample	1	NT=High-performance liquid chromatography;AC=PRIDE:0000565	1	AC=MS:1001251;NT=Trypsin	not available	NT=Stellar;AC=MS:1003409	NT=Carbamidomethyl;AC=UNIMOD:4;TA=C;MT=Fixed	NT=Higher-energy Collisional Dissociation;AC=MS:1000422	27 NCE	40 ppm	0.05 Da	MRTH
PRM_20251128_MarthaReselection_Plate_2_E2	E	2	MRTH	50	RE2	0.1	C:\Xcalibur\methods\method1	smb://storage3.ad.scilifelab.se/massstorage/edfors%20lab/01_hot/Martha/RAW	PRM_20251128_MarthaReselection_Plate_2_E2	Homo sapiens	blood plasma	Plate_2	MarthaReselection	not available	not available	F	not available	not available	not available	not available	13	Plate_2_E2	MRTH1-0044	not available	1	AC=EFO:0009656;NT=plasma	run 109	proteomic profiling by mass spectrometry	PRM_20251128_MarthaReselection_Plate_2_E2.raw	PRM_20251128_MarthaReselection_Plate_2_E2.raw	NT=Parallel Reaction Monitoring;AC=MS:1002956	AC=MS:1002038;NT=label free sample	1	NT=High-performance liquid chromatography;AC=PRIDE:0000565	1	AC=MS:1001251;NT=Trypsin	not available	NT=Stellar;AC=MS:1003409	NT=Carbamidomethyl;AC=UNIMOD:4;TA=C;MT=Fixed	NT=Higher-energy Collisional Dissociation;AC=MS:1000422	27 NCE	40 ppm	0.05 Da	MRTH
PRM_20251128_MarthaReselection_Plate_2_F2	F	2	MRTH	62	RF2	0.1	C:\Xcalibur\methods\method1	smb://storage3.ad.scilifelab.se/massstorage/edfors%20lab/01_hot/Martha/RAW	PRM_20251128_MarthaReselection_Plate_2_F2	Homo sapiens	blood plasma	Plate_2	MarthaReselection	not available	not available	M	not available	not available	not available	not available	14	Plate_2_F2	MRTH1-0906	not available	1	AC=EFO:0009656;NT=plasma	run 110	proteomic profiling by mass spectrometry	PRM_20251128_MarthaReselection_Plate_2_F2.raw	PRM_20251128_MarthaReselection_Plate_2_F2.raw	NT=Parallel Reaction Monitoring;AC=MS:1002956	AC=MS:1002038;NT=label free sample	1	NT=High-performance liquid chromatography;AC=PRIDE:0000565	1	AC=MS:1001251;NT=Trypsin	not available	NT=Stellar;AC=MS:1003409	NT=Carbamidomethyl;AC=UNIMOD:4;TA=C;MT=Fixed	NT=Higher-energy Collisional Dissociation;AC=MS:1000422	27 NCE	40 ppm	0.05 Da	MRTH
PRM_20251128_MarthaReselection_Plate_2_G2	G	2	MRTH	74	RG2	0.1	C:\Xcalibur\methods\method1	smb://storage3.ad.scilifelab.se/massstorage/edfors%20lab/01_hot/Martha/RAW	PRM_20251128_MarthaReselection_Plate_2_G2	Homo sapiens	blood plasma	Plate_2	MarthaReselection	not available	not available	M	not available	not available	not available	not available	15	Plate_2_G2	MRTH1-0908	not available	1	AC=EFO:0009656;NT=plasma	run 111	proteomic profiling by mass spectrometry	PRM_20251128_MarthaReselection_Plate_2_G2.raw	PRM_20251128_MarthaReselection_Plate_2_G2.raw	NT=Parallel Reaction Monitoring;AC=MS:1002956	AC=MS:1002038;NT=label free sample	1	NT=High-performance liquid chromatography;AC=PRIDE:0000565	1	AC=MS:1001251;NT=Trypsin	not available	NT=Stellar;AC=MS:1003409	NT=Carbamidomethyl;AC=UNIMOD:4;TA=C;MT=Fixed	NT=Higher-energy Collisional Dissociation;AC=MS:1000422	27 NCE	40 ppm	0.05 Da	MRTH
PRM_20251128_MarthaReselection_Plate_2_H2	H	2	MRTH	86	RH2	0.1	C:\Xcalibur\methods\method1	smb://storage3.ad.scilifelab.se/massstorage/edfors%20lab/01_hot/Martha/RAW	PRM_20251128_MarthaReselection_Plate_2_H2	Homo sapiens	blood plasma	Plate_2	MarthaReselection	not available	not available	M	not available	not available	not available	not available	16	Plate_2_H2	MRTH1-0588	not available	1	AC=EFO:0009656;NT=plasma	run 112	proteomic profiling by mass spectrometry	PRM_20251128_MarthaReselection_Plate_2_H2.raw	PRM_20251128_MarthaReselection_Plate_2_H2.raw	NT=Parallel Reaction Monitoring;AC=MS:1002956	AC=MS:1002038;NT=label free sample	1	NT=High-performance liquid chromatography;AC=PRIDE:0000565	1	AC=MS:1001251;NT=Trypsin	not available	NT=Stellar;AC=MS:1003409	NT=Carbamidomethyl;AC=UNIMOD:4;TA=C;MT=Fixed	NT=Higher-energy Collisional Dissociation;AC=MS:1000422	27 NCE	40 ppm	0.05 Da	MRTH
PRM_20251128_MarthaReselection_Plate_2_A3	A	3	MRTH	3	RA3	0.1	C:\Xcalibur\methods\method1	smb://storage3.ad.scilifelab.se/massstorage/edfors%20lab/01_hot/Martha/RAW	PRM_20251128_MarthaReselection_Plate_2_A3	Homo sapiens	blood plasma	Plate_2	MarthaReselection	not available	not available	F	not available	not available	not available	not available	17	Plate_2_A3	MRTH1-0808	not available	1	AC=EFO:0009656;NT=plasma	run 113	proteomic profiling by mass spectrometry	PRM_20251128_MarthaReselection_Plate_2_A3.raw	PRM_20251128_MarthaReselection_Plate_2_A3.raw	NT=Parallel Reaction Monitoring;AC=MS:1002956	AC=MS:1002038;NT=label free sample	1	NT=High-performance liquid chromatography;AC=PRIDE:0000565	1	AC=MS:1001251;NT=Trypsin	not available	NT=Stellar;AC=MS:1003409	NT=Carbamidomethyl;AC=UNIMOD:4;TA=C;MT=Fixed	NT=Higher-energy Collisional Dissociation;AC=MS:1000422	27 NCE	40 ppm	0.05 Da	MRTH
PRM_20251128_MarthaReselection_Plate_2_B3	B	3	MRTH	15	RB3	0.1	C:\Xcalibur\methods\method1	smb://storage3.ad.scilifelab.se/massstorage/edfors%20lab/01_hot/Martha/RAW	PRM_20251128_MarthaReselection_Plate_2_B3	Homo sapiens	blood plasma	Plate_2	MarthaReselection	not available	not available	F	not available	not available	not available	not available	18	Plate_2_B3	MRTH1-0214	not available	1	AC=EFO:0009656;NT=plasma	run 114	proteomic profiling by mass spectrometry	PRM_20251128_MarthaReselection_Plate_2_B3.raw	PRM_20251128_MarthaReselection_Plate_2_B3.raw	NT=Parallel Reaction Monitoring;AC=MS:1002956	AC=MS:1002038;NT=label free sample	1	NT=High-performance liquid chromatography;AC=PRIDE:0000565	1	AC=MS:1001251;NT=Trypsin	not available	NT=Stellar;AC=MS:1003409	NT=Carbamidomethyl;AC=UNIMOD:4;TA=C;MT=Fixed	NT=Higher-energy Collisional Dissociation;AC=MS:1000422	27 NCE	40 ppm	0.05 Da	MRTH
PRM_20251128_MarthaReselection_Plate_2_C3	C	3	MRTH	27	RC3	0.1	C:\Xcalibur\methods\method1	smb://storage3.ad.scilifelab.se/massstorage/edfors%20lab/01_hot/Martha/RAW	PRM_20251128_MarthaReselection_Plate_2_C3	Homo sapiens	blood plasma	Plate_2	MarthaReselection	not available	not available	F	not available	not available	not available	not available	19	Plate_2_C3	MRTH1-1153	not available	1	AC=EFO:0009656;NT=plasma	run 115	proteomic profiling by mass spectrometry	PRM_20251128_MarthaReselection_Plate_2_C3.raw	PRM_20251128_MarthaReselection_Plate_2_C3.raw	NT=Parallel Reaction Monitoring;AC=MS:1002956	AC=MS:1002038;NT=label free sample	1	NT=High-performance liquid chromatography;AC=PRIDE:0000565	1	AC=MS:1001251;NT=Trypsin	not available	NT=Stellar;AC=MS:1003409	NT=Carbamidomethyl;AC=UNIMOD:4;TA=C;MT=Fixed	NT=Higher-energy Collisional Dissociation;AC=MS:1000422	27 NCE	40 ppm	0.05 Da	MRTH
PRM_20251128_MarthaReselection_Plate_2_D3	D	3	MRTH	39	RD3	0.1	C:\Xcalibur\methods\method1	smb://storage3.ad.scilifelab.se/massstorage/edfors%20lab/01_hot/Martha/RAW	PRM_20251128_MarthaReselection_Plate_2_D3	Homo sapiens	blood plasma	Plate_2	MarthaReselection	not available	not available	F	not available	not available	not available	not available	20	Plate_2_D3	MRTH1-1046	not available	1	AC=EFO:0009656;NT=plasma	run 116	proteomic profiling by mass spectrometry	PRM_20251128_MarthaReselection_Plate_2_D3.raw	PRM_20251128_MarthaReselection_Plate_2_D3.raw	NT=Parallel Reaction Monitoring;AC=MS:1002956	AC=MS:1002038;NT=label free sample	1	NT=High-performance liquid chromatography;AC=PRIDE:0000565	1	AC=MS:1001251;NT=Trypsin	not available	NT=Stellar;AC=MS:1003409	NT=Carbamidomethyl;AC=UNIMOD:4;TA=C;MT=Fixed	NT=Higher-energy Collisional Dissociation;AC=MS:1000422	27 NCE	40 ppm	0.05 Da	MRTH
PRM_20251128_MarthaReselection_Plate_2_E3	E	3	MRTH	51	RE3	0.1	C:\Xcalibur\methods\method1	smb://storage3.ad.scilifelab.se/massstorage/edfors%20lab/01_hot/Martha/RAW	PRM_20251128_MarthaReselection_Plate_2_E3	Homo sapiens	blood plasma	Plate_2	MarthaReselection	not available	not available	M	not available	not available	not available	not available	21	Plate_2_E3	MRTH1-0822	not available	1	AC=EFO:0009656;NT=plasma	run 117	proteomic profiling by mass spectrometry	PRM_20251128_MarthaReselection_Plate_2_E3.raw	PRM_20251128_MarthaReselection_Plate_2_E3.raw	NT=Parallel Reaction Monitoring;AC=MS:1002956	AC=MS:1002038;NT=label free sample	1	NT=High-performance liquid chromatography;AC=PRIDE:0000565	1	AC=MS:1001251;NT=Trypsin	not available	NT=Stellar;AC=MS:1003409	NT=Carbamidomethyl;AC=UNIMOD:4;TA=C;MT=Fixed	NT=Higher-energy Collisional Dissociation;AC=MS:1000422	27 NCE	40 ppm	0.05 Da	MRTH
PRM_20251128_MarthaReselection_Plate_2_F3	F	3	MRTH	63	RF3	0.1	C:\Xcalibur\methods\method1	smb://storage3.ad.scilifelab.se/massstorage/edfors%20lab/01_hot/Martha/RAW	PRM_20251128_MarthaReselection_Plate_2_F3	Homo sapiens	blood plasma	Plate_2	MarthaReselection	not available	not available	M	not available	not available	not available	not available	22	Plate_2_F3	MRTH1-1221	not available	1	AC=EFO:0009656;NT=plasma	run 118	proteomic profiling by mass spectrometry	PRM_20251128_MarthaReselection_Plate_2_F3.raw	PRM_20251128_MarthaReselection_Plate_2_F3.raw	NT=Parallel Reaction Monitoring;AC=MS:1002956	AC=MS:1002038;NT=label free sample	1	NT=High-performance liquid chromatography;AC=PRIDE:0000565	1	AC=MS:1001251;NT=Trypsin	not available	NT=Stellar;AC=MS:1003409	NT=Carbamidomethyl;AC=UNIMOD:4;TA=C;MT=Fixed	NT=Higher-energy Collisional Dissociation;AC=MS:1000422	27 NCE	40 ppm	0.05 Da	MRTH
PRM_20251128_MarthaReselection_Plate_2_G3	G	3	MRTH	75	RG3	0.1	C:\Xcalibur\methods\method1	smb://storage3.ad.scilifelab.se/massstorage/edfors%20lab/01_hot/Martha/RAW	PRM_20251128_MarthaReselection_Plate_2_G3	Homo sapiens	blood plasma	Plate_2	MarthaReselection	not available	not available	M	not available	not available	not available	not available	23	Plate_2_G3	MRTH1-0870	not available	1	AC=EFO:0009656;NT=plasma	run 119	proteomic profiling by mass spectrometry	PRM_20251128_MarthaReselection_Plate_2_G3.raw	PRM_20251128_MarthaReselection_Plate_2_G3.raw	NT=Parallel Reaction Monitoring;AC=MS:1002956	AC=MS:1002038;NT=label free sample	1	NT=High-performance liquid chromatography;AC=PRIDE:0000565	1	AC=MS:1001251;NT=Trypsin	not available	NT=Stellar;AC=MS:1003409	NT=Carbamidomethyl;AC=UNIMOD:4;TA=C;MT=Fixed	NT=Higher-energy Collisional Dissociation;AC=MS:1000422	27 NCE	40 ppm	0.05 Da	MRTH
PRM_20251128_MarthaReselection_Plate_2_H3	H	3	MRTH	87	RH3	0.1	C:\Xcalibur\methods\method1	smb://storage3.ad.scilifelab.se/massstorage/edfors%20lab/01_hot/Martha/RAW	PRM_20251128_MarthaReselection_Plate_2_H3	Homo sapiens	blood plasma	Plate_2	MarthaReselection	not available	not available	F	not available	not available	not available	not available	24	Plate_2_H3	MRTH1-0495	not available	1	AC=EFO:0009656;NT=plasma	run 120	proteomic profiling by mass spectrometry	PRM_20251128_MarthaReselection_Plate_2_H3.raw	PRM_20251128_MarthaReselection_Plate_2_H3.raw	NT=Parallel Reaction Monitoring;AC=MS:1002956	AC=MS:1002038;NT=label free sample	1	NT=High-performance liquid chromatography;AC=PRIDE:0000565	1	AC=MS:1001251;NT=Trypsin	not available	NT=Stellar;AC=MS:1003409	NT=Carbamidomethyl;AC=UNIMOD:4;TA=C;MT=Fixed	NT=Higher-energy Collisional Dissociation;AC=MS:1000422	27 NCE	40 ppm	0.05 Da	MRTH
PRM_20251128_MarthaReselection_Plate_2_A4	A	4	MRTH	4	RA4	0.1	C:\Xcalibur\methods\method1	smb://storage3.ad.scilifelab.se/massstorage/edfors%20lab/01_hot/Martha/RAW	PRM_20251128_MarthaReselection_Plate_2_A4	Homo sapiens	blood plasma	Plate_2	MarthaReselection	not available	not available	F	not available	not available	not available	not available	25	Plate_2_A4	MRTH1-0910	not available	1	AC=EFO:0009656;NT=plasma	run 121	proteomic profiling by mass spectrometry	PRM_20251128_MarthaReselection_Plate_2_A4.raw	PRM_20251128_MarthaReselection_Plate_2_A4.raw	NT=Parallel Reaction Monitoring;AC=MS:1002956	AC=MS:1002038;NT=label free sample	1	NT=High-performance liquid chromatography;AC=PRIDE:0000565	1	AC=MS:1001251;NT=Trypsin	not available	NT=Stellar;AC=MS:1003409	NT=Carbamidomethyl;AC=UNIMOD:4;TA=C;MT=Fixed	NT=Higher-energy Collisional Dissociation;AC=MS:1000422	27 NCE	40 ppm	0.05 Da	MRTH
PRM_20251128_MarthaReselection_Plate_2_B4	B	4	MRTH	16	RB4	0.1	C:\Xcalibur\methods\method1	smb://storage3.ad.scilifelab.se/massstorage/edfors%20lab/01_hot/Martha/RAW	PRM_20251128_MarthaReselection_Plate_2_B4	Homo sapiens	blood plasma	Plate_2	MarthaReselection	not available	not available	F	not available	not available	not available	not available	26	Plate_2_B4	MRTH1-0486	not available	1	AC=EFO:0009656;NT=plasma	run 122	proteomic profiling by mass spectrometry	PRM_20251128_MarthaReselection_Plate_2_B4.raw	PRM_20251128_MarthaReselection_Plate_2_B4.raw	NT=Parallel Reaction Monitoring;AC=MS:1002956	AC=MS:1002038;NT=label free sample	1	NT=High-performance liquid chromatography;AC=PRIDE:0000565	1	AC=MS:1001251;NT=Trypsin	not available	NT=Stellar;AC=MS:1003409	NT=Carbamidomethyl;AC=UNIMOD:4;TA=C;MT=Fixed	NT=Higher-energy Collisional Dissociation;AC=MS:1000422	27 NCE	40 ppm	0.05 Da	MRTH
PRM_20251128_MarthaReselection_Plate_2_C4	C	4	MRTH	28	RC4	0.1	C:\Xcalibur\methods\method1	smb://storage3.ad.scilifelab.se/massstorage/edfors%20lab/01_hot/Martha/RAW	PRM_20251128_MarthaReselection_Plate_2_C4	Homo sapiens	blood plasma	Plate_2	MarthaReselection	not available	not available	F	not available	not available	not available	not available	27	Plate_2_C4	MRTH1-0973	not available	1	AC=EFO:0009656;NT=plasma	run 123	proteomic profiling by mass spectrometry	PRM_20251128_MarthaReselection_Plate_2_C4.raw	PRM_20251128_MarthaReselection_Plate_2_C4.raw	NT=Parallel Reaction Monitoring;AC=MS:1002956	AC=MS:1002038;NT=label free sample	1	NT=High-performance liquid chromatography;AC=PRIDE:0000565	1	AC=MS:1001251;NT=Trypsin	not available	NT=Stellar;AC=MS:1003409	NT=Carbamidomethyl;AC=UNIMOD:4;TA=C;MT=Fixed	NT=Higher-energy Collisional Dissociation;AC=MS:1000422	27 NCE	40 ppm	0.05 Da	MRTH
PRM_20251128_MarthaReselection_Plate_2_D4	D	4	MRTH	40	RD4	0.1	C:\Xcalibur\methods\method1	smb://storage3.ad.scilifelab.se/massstorage/edfors%20lab/01_hot/Martha/RAW	PRM_20251128_MarthaReselection_Plate_2_D4	Homo sapiens	blood plasma	Plate_2	MarthaReselection	not available	not available	F	not available	not available	not available	not available	28	Plate_2_D4	MRTH1-0768	not available	1	AC=EFO:0009656;NT=plasma	run 124	proteomic profiling by mass spectrometry	PRM_20251128_MarthaReselection_Plate_2_D4.raw	PRM_20251128_MarthaReselection_Plate_2_D4.raw	NT=Parallel Reaction Monitoring;AC=MS:1002956	AC=MS:1002038;NT=label free sample	1	NT=High-performance liquid chromatography;AC=PRIDE:0000565	1	AC=MS:1001251;NT=Trypsin	not available	NT=Stellar;AC=MS:1003409	NT=Carbamidomethyl;AC=UNIMOD:4;TA=C;MT=Fixed	NT=Higher-energy Collisional Dissociation;AC=MS:1000422	27 NCE	40 ppm	0.05 Da	MRTH
PRM_20251128_MarthaReselection_Plate_2_E4	E	4	MRTH	52	RE4	0.1	C:\Xcalibur\methods\method1	smb://storage3.ad.scilifelab.se/massstorage/edfors%20lab/01_hot/Martha/RAW	PRM_20251128_MarthaReselection_Plate_2_E4	Homo sapiens	blood plasma	Plate_2	MarthaReselection	not available	not available	F	not available	not available	not available	not available	29	Plate_2_E4	MRTH1-1109	not available	1	AC=EFO:0009656;NT=plasma	run 125	proteomic profiling by mass spectrometry	PRM_20251128_MarthaReselection_Plate_2_E4.raw	PRM_20251128_MarthaReselection_Plate_2_E4.raw	NT=Parallel Reaction Monitoring;AC=MS:1002956	AC=MS:1002038;NT=label free sample	1	NT=High-performance liquid chromatography;AC=PRIDE:0000565	1	AC=MS:1001251;NT=Trypsin	not available	NT=Stellar;AC=MS:1003409	NT=Carbamidomethyl;AC=UNIMOD:4;TA=C;MT=Fixed	NT=Higher-energy Collisional Dissociation;AC=MS:1000422	27 NCE	40 ppm	0.05 Da	MRTH
PRM_20251128_MarthaReselection_Plate_2_F4	F	4	MRTH	64	RF4	0.1	C:\Xcalibur\methods\method1	smb://storage3.ad.scilifelab.se/massstorage/edfors%20lab/01_hot/Martha/RAW	PRM_20251128_MarthaReselection_Plate_2_F4	Homo sapiens	blood plasma	Plate_2	MarthaReselection	not available	not available	F	not available	not available	not available	not available	30	Plate_2_F4	MRTH1-1385	not available	1	AC=EFO:0009656;NT=plasma	run 126	proteomic profiling by mass spectrometry	PRM_20251128_MarthaReselection_Plate_2_F4.raw	PRM_20251128_MarthaReselection_Plate_2_F4.raw	NT=Parallel Reaction Monitoring;AC=MS:1002956	AC=MS:1002038;NT=label free sample	1	NT=High-performance liquid chromatography;AC=PRIDE:0000565	1	AC=MS:1001251;NT=Trypsin	not available	NT=Stellar;AC=MS:1003409	NT=Carbamidomethyl;AC=UNIMOD:4;TA=C;MT=Fixed	NT=Higher-energy Collisional Dissociation;AC=MS:1000422	27 NCE	40 ppm	0.05 Da	MRTH
PRM_20251128_MarthaReselection_Plate_2_G4	G	4	MRTH	76	RG4	0.1	C:\Xcalibur\methods\method1	smb://storage3.ad.scilifelab.se/massstorage/edfors%20lab/01_hot/Martha/RAW	PRM_20251128_MarthaReselection_Plate_2_G4	Homo sapiens	blood plasma	Plate_2	MarthaReselection	not available	not available	F	not available	not available	not available	not available	31	Plate_2_G4	MRTH1-1138	not available	1	AC=EFO:0009656;NT=plasma	run 127	proteomic profiling by mass spectrometry	PRM_20251128_MarthaReselection_Plate_2_G4.raw	PRM_20251128_MarthaReselection_Plate_2_G4.raw	NT=Parallel Reaction Monitoring;AC=MS:1002956	AC=MS:1002038;NT=label free sample	1	NT=High-performance liquid chromatography;AC=PRIDE:0000565	1	AC=MS:1001251;NT=Trypsin	not available	NT=Stellar;AC=MS:1003409	NT=Carbamidomethyl;AC=UNIMOD:4;TA=C;MT=Fixed	NT=Higher-energy Collisional Dissociation;AC=MS:1000422	27 NCE	40 ppm	0.05 Da	MRTH
PRM_20251128_MarthaReselection_Plate_2_H4	H	4	MRTH	88	RH4	0.1	C:\Xcalibur\methods\method1	smb://storage3.ad.scilifelab.se/massstorage/edfors%20lab/01_hot/Martha/RAW	PRM_20251128_MarthaReselection_Plate_2_H4	Homo sapiens	blood plasma	Plate_2	MarthaReselection	not available	not available	F	not available	not available	not available	not available	32	Plate_2_H4	MRTH1-1188	not available	1	AC=EFO:0009656;NT=plasma	run 128	proteomic profiling by mass spectrometry	PRM_20251128_MarthaReselection_Plate_2_H4.raw	PRM_20251128_MarthaReselection_Plate_2_H4.raw	NT=Parallel Reaction Monitoring;AC=MS:1002956	AC=MS:1002038;NT=label free sample	1	NT=High-performance liquid chromatography;AC=PRIDE:0000565	1	AC=MS:1001251;NT=Trypsin	not available	NT=Stellar;AC=MS:1003409	NT=Carbamidomethyl;AC=UNIMOD:4;TA=C;MT=Fixed	NT=Higher-energy Collisional Dissociation;AC=MS:1000422	27 NCE	40 ppm	0.05 Da	MRTH
PRM_20251128_MarthaReselection_Plate_2_A5	A	5	MRTH	5	RA5	0.1	C:\Xcalibur\methods\method1	smb://storage3.ad.scilifelab.se/massstorage/edfors%20lab/01_hot/Martha/RAW	PRM_20251128_MarthaReselection_Plate_2_A5	Homo sapiens	blood plasma	Plate_2	MarthaReselection	not available	not available	M	not available	not available	not available	not available	33	Plate_2_A5	MRTH1-0018	not available	1	AC=EFO:0009656;NT=plasma	run 129	proteomic profiling by mass spectrometry	PRM_20251128_MarthaReselection_Plate_2_A5.raw	PRM_20251128_MarthaReselection_Plate_2_A5.raw	NT=Parallel Reaction Monitoring;AC=MS:1002956	AC=MS:1002038;NT=label free sample	1	NT=High-performance liquid chromatography;AC=PRIDE:0000565	1	AC=MS:1001251;NT=Trypsin	not available	NT=Stellar;AC=MS:1003409	NT=Carbamidomethyl;AC=UNIMOD:4;TA=C;MT=Fixed	NT=Higher-energy Collisional Dissociation;AC=MS:1000422	27 NCE	40 ppm	0.05 Da	MRTH
PRM_20251128_MarthaReselection_Plate_2_B5	B	5	MRTH	17	RB5	0.1	C:\Xcalibur\methods\method1	smb://storage3.ad.scilifelab.se/massstorage/edfors%20lab/01_hot/Martha/RAW	PRM_20251128_MarthaReselection_Plate_2_B5	Homo sapiens	blood plasma	Plate_2	MarthaReselection	not available	not available	F	not available	not available	not available	not available	34	Plate_2_B5	MRTH1-0570	not available	1	AC=EFO:0009656;NT=plasma	run 130	proteomic profiling by mass spectrometry	PRM_20251128_MarthaReselection_Plate_2_B5.raw	PRM_20251128_MarthaReselection_Plate_2_B5.raw	NT=Parallel Reaction Monitoring;AC=MS:1002956	AC=MS:1002038;NT=label free sample	1	NT=High-performance liquid chromatography;AC=PRIDE:0000565	1	AC=MS:1001251;NT=Trypsin	not available	NT=Stellar;AC=MS:1003409	NT=Carbamidomethyl;AC=UNIMOD:4;TA=C;MT=Fixed	NT=Higher-energy Collisional Dissociation;AC=MS:1000422	27 NCE	40 ppm	0.05 Da	MRTH
PRM_20251128_MarthaReselection_Plate_2_C5	C	5	MRTH	29	RC5	0.1	C:\Xcalibur\methods\method1	smb://storage3.ad.scilifelab.se/massstorage/edfors%20lab/01_hot/Martha/RAW	PRM_20251128_MarthaReselection_Plate_2_C5	Homo sapiens	blood plasma	Plate_2	MarthaReselection	not available	not available	F	not available	not available	not available	not available	35	Plate_2_C5	MRTH1-0634	not available	1	AC=EFO:0009656;NT=plasma	run 131	proteomic profiling by mass spectrometry	PRM_20251128_MarthaReselection_Plate_2_C5.raw	PRM_20251128_MarthaReselection_Plate_2_C5.raw	NT=Parallel Reaction Monitoring;AC=MS:1002956	AC=MS:1002038;NT=label free sample	1	NT=High-performance liquid chromatography;AC=PRIDE:0000565	1	AC=MS:1001251;NT=Trypsin	not available	NT=Stellar;AC=MS:1003409	NT=Carbamidomethyl;AC=UNIMOD:4;TA=C;MT=Fixed	NT=Higher-energy Collisional Dissociation;AC=MS:1000422	27 NCE	40 ppm	0.05 Da	MRTH
PRM_20251128_MarthaReselection_Plate_2_D5	D	5	MRTH	41	RD5	0.1	C:\Xcalibur\methods\method1	smb://storage3.ad.scilifelab.se/massstorage/edfors%20lab/01_hot/Martha/RAW	PRM_20251128_MarthaReselection_Plate_2_D5	Homo sapiens	blood plasma	Plate_2	MarthaReselection	not available	not available	F	not available	not available	not available	not available	36	Plate_2_D5	MRTH1-0576	not available	1	AC=EFO:0009656;NT=plasma	run 132	proteomic profiling by mass spectrometry	PRM_20251128_MarthaReselection_Plate_2_D5.raw	PRM_20251128_MarthaReselection_Plate_2_D5.raw	NT=Parallel Reaction Monitoring;AC=MS:1002956	AC=MS:1002038;NT=label free sample	1	NT=High-performance liquid chromatography;AC=PRIDE:0000565	1	AC=MS:1001251;NT=Trypsin	not available	NT=Stellar;AC=MS:1003409	NT=Carbamidomethyl;AC=UNIMOD:4;TA=C;MT=Fixed	NT=Higher-energy Collisional Dissociation;AC=MS:1000422	27 NCE	40 ppm	0.05 Da	MRTH
PRM_20251128_MarthaReselection_Plate_2_F5	F	5	MRTH	65	RF5	0.1	C:\Xcalibur\methods\method1	smb://storage3.ad.scilifelab.se/massstorage/edfors%20lab/01_hot/Martha/RAW	PRM_20251128_MarthaReselection_Plate_2_F5	Homo sapiens	blood plasma	Plate_2	MarthaReselection	not available	not available	F	not available	not available	not available	not available	38	Plate_2_F5	MRTH1-1273	not available	1	AC=EFO:0009656;NT=plasma	run 133	proteomic profiling by mass spectrometry	PRM_20251128_MarthaReselection_Plate_2_F5.raw	PRM_20251128_MarthaReselection_Plate_2_F5.raw	NT=Parallel Reaction Monitoring;AC=MS:1002956	AC=MS:1002038;NT=label free sample	1	NT=High-performance liquid chromatography;AC=PRIDE:0000565	1	AC=MS:1001251;NT=Trypsin	not available	NT=Stellar;AC=MS:1003409	NT=Carbamidomethyl;AC=UNIMOD:4;TA=C;MT=Fixed	NT=Higher-energy Collisional Dissociation;AC=MS:1000422	27 NCE	40 ppm	0.05 Da	MRTH
PRM_20251128_MarthaReselection_Plate_2_G5	G	5	MRTH	77	RG5	0.1	C:\Xcalibur\methods\method1	smb://storage3.ad.scilifelab.se/massstorage/edfors%20lab/01_hot/Martha/RAW	PRM_20251128_MarthaReselection_Plate_2_G5	Homo sapiens	blood plasma	Plate_2	MarthaReselection	not available	not available	M	not available	not available	not available	not available	39	Plate_2_G5	MRTH1-0836	not available	1	AC=EFO:0009656;NT=plasma	run 134	proteomic profiling by mass spectrometry	PRM_20251128_MarthaReselection_Plate_2_G5.raw	PRM_20251128_MarthaReselection_Plate_2_G5.raw	NT=Parallel Reaction Monitoring;AC=MS:1002956	AC=MS:1002038;NT=label free sample	1	NT=High-performance liquid chromatography;AC=PRIDE:0000565	1	AC=MS:1001251;NT=Trypsin	not available	NT=Stellar;AC=MS:1003409	NT=Carbamidomethyl;AC=UNIMOD:4;TA=C;MT=Fixed	NT=Higher-energy Collisional Dissociation;AC=MS:1000422	27 NCE	40 ppm	0.05 Da	MRTH
PRM_20251128_MarthaReselection_Plate_2_H5	H	5	MRTH	89	RH5	0.1	C:\Xcalibur\methods\method1	smb://storage3.ad.scilifelab.se/massstorage/edfors%20lab/01_hot/Martha/RAW	PRM_20251128_MarthaReselection_Plate_2_H5	Homo sapiens	blood plasma	Plate_2	MarthaReselection	not available	not available	M	not available	not available	not available	not available	40	Plate_2_H5	MRTH1-0320	not available	1	AC=EFO:0009656;NT=plasma	run 135	proteomic profiling by mass spectrometry	PRM_20251128_MarthaReselection_Plate_2_H5.raw	PRM_20251128_MarthaReselection_Plate_2_H5.raw	NT=Parallel Reaction Monitoring;AC=MS:1002956	AC=MS:1002038;NT=label free sample	1	NT=High-performance liquid chromatography;AC=PRIDE:0000565	1	AC=MS:1001251;NT=Trypsin	not available	NT=Stellar;AC=MS:1003409	NT=Carbamidomethyl;AC=UNIMOD:4;TA=C;MT=Fixed	NT=Higher-energy Collisional Dissociation;AC=MS:1000422	27 NCE	40 ppm	0.05 Da	MRTH
PRM_20251128_MarthaReselection_Plate_2_A6	A	6	MRTH	6	RA6	0.1	C:\Xcalibur\methods\method1	smb://storage3.ad.scilifelab.se/massstorage/edfors%20lab/01_hot/Martha/RAW	PRM_20251128_MarthaReselection_Plate_2_A6	Homo sapiens	blood plasma	Plate_2	MarthaReselection	not available	not available	F	not available	not available	not available	not available	41	Plate_2_A6	MRTH1-0469	not available	1	AC=EFO:0009656;NT=plasma	run 136	proteomic profiling by mass spectrometry	PRM_20251128_MarthaReselection_Plate_2_A6.raw	PRM_20251128_MarthaReselection_Plate_2_A6.raw	NT=Parallel Reaction Monitoring;AC=MS:1002956	AC=MS:1002038;NT=label free sample	1	NT=High-performance liquid chromatography;AC=PRIDE:0000565	1	AC=MS:1001251;NT=Trypsin	not available	NT=Stellar;AC=MS:1003409	NT=Carbamidomethyl;AC=UNIMOD:4;TA=C;MT=Fixed	NT=Higher-energy Collisional Dissociation;AC=MS:1000422	27 NCE	40 ppm	0.05 Da	MRTH
PRM_20251128_MarthaReselection_Plate_2_B6	B	6	MRTH	18	RB6	0.1	C:\Xcalibur\methods\method1	smb://storage3.ad.scilifelab.se/massstorage/edfors%20lab/01_hot/Martha/RAW	PRM_20251128_MarthaReselection_Plate_2_B6	Homo sapiens	blood plasma	Plate_2	MarthaReselection	not available	not available	M	not available	not available	not available	not available	42	Plate_2_B6	MRTH1-0854	not available	1	AC=EFO:0009656;NT=plasma	run 137	proteomic profiling by mass spectrometry	PRM_20251128_MarthaReselection_Plate_2_B6.raw	PRM_20251128_MarthaReselection_Plate_2_B6.raw	NT=Parallel Reaction Monitoring;AC=MS:1002956	AC=MS:1002038;NT=label free sample	1	NT=High-performance liquid chromatography;AC=PRIDE:0000565	1	AC=MS:1001251;NT=Trypsin	not available	NT=Stellar;AC=MS:1003409	NT=Carbamidomethyl;AC=UNIMOD:4;TA=C;MT=Fixed	NT=Higher-energy Collisional Dissociation;AC=MS:1000422	27 NCE	40 ppm	0.05 Da	MRTH
PRM_20251128_MarthaReselection_Plate_2_C6	C	6	MRTH	30	RC6	0.1	C:\Xcalibur\methods\method1	smb://storage3.ad.scilifelab.se/massstorage/edfors%20lab/01_hot/Martha/RAW	PRM_20251128_MarthaReselection_Plate_2_C6	Homo sapiens	blood plasma	Plate_2	MarthaReselection	not available	not available	F	not available	not available	not available	not available	43	Plate_2_C6	MRTH1-0143	not available	1	AC=EFO:0009656;NT=plasma	run 138	proteomic profiling by mass spectrometry	PRM_20251128_MarthaReselection_Plate_2_C6.raw	PRM_20251128_MarthaReselection_Plate_2_C6.raw	NT=Parallel Reaction Monitoring;AC=MS:1002956	AC=MS:1002038;NT=label free sample	1	NT=High-performance liquid chromatography;AC=PRIDE:0000565	1	AC=MS:1001251;NT=Trypsin	not available	NT=Stellar;AC=MS:1003409	NT=Carbamidomethyl;AC=UNIMOD:4;TA=C;MT=Fixed	NT=Higher-energy Collisional Dissociation;AC=MS:1000422	27 NCE	40 ppm	0.05 Da	MRTH
PRM_20251128_MarthaReselection_Plate_2_D6	D	6	MRTH	42	RD6	0.1	C:\Xcalibur\methods\method1	smb://storage3.ad.scilifelab.se/massstorage/edfors%20lab/01_hot/Martha/RAW	PRM_20251128_MarthaReselection_Plate_2_D6	Homo sapiens	blood plasma	Plate_2	MarthaReselection	not available	not available	F	not available	not available	not available	not available	44	Plate_2_D6	MRTH1-0924	not available	1	AC=EFO:0009656;NT=plasma	run 139	proteomic profiling by mass spectrometry	PRM_20251128_MarthaReselection_Plate_2_D6.raw	PRM_20251128_MarthaReselection_Plate_2_D6.raw	NT=Parallel Reaction Monitoring;AC=MS:1002956	AC=MS:1002038;NT=label free sample	1	NT=High-performance liquid chromatography;AC=PRIDE:0000565	1	AC=MS:1001251;NT=Trypsin	not available	NT=Stellar;AC=MS:1003409	NT=Carbamidomethyl;AC=UNIMOD:4;TA=C;MT=Fixed	NT=Higher-energy Collisional Dissociation;AC=MS:1000422	27 NCE	40 ppm	0.05 Da	MRTH
PRM_20251128_MarthaReselection_Plate_2_E6	E	6	MRTH	54	RE6	0.1	C:\Xcalibur\methods\method1	smb://storage3.ad.scilifelab.se/massstorage/edfors%20lab/01_hot/Martha/RAW	PRM_20251128_MarthaReselection_Plate_2_E6	Homo sapiens	blood plasma	Plate_2	MarthaReselection	not available	not available	F	not available	not available	not available	not available	45	Plate_2_E6	MRTH1-0472	not available	1	AC=EFO:0009656;NT=plasma	run 140	proteomic profiling by mass spectrometry	PRM_20251128_MarthaReselection_Plate_2_E6.raw	PRM_20251128_MarthaReselection_Plate_2_E6.raw	NT=Parallel Reaction Monitoring;AC=MS:1002956	AC=MS:1002038;NT=label free sample	1	NT=High-performance liquid chromatography;AC=PRIDE:0000565	1	AC=MS:1001251;NT=Trypsin	not available	NT=Stellar;AC=MS:1003409	NT=Carbamidomethyl;AC=UNIMOD:4;TA=C;MT=Fixed	NT=Higher-energy Collisional Dissociation;AC=MS:1000422	27 NCE	40 ppm	0.05 Da	MRTH
PRM_20251128_MarthaReselection_Plate_2_F6	F	6	MRTH	66	RF6	0.1	C:\Xcalibur\methods\method1	smb://storage3.ad.scilifelab.se/massstorage/edfors%20lab/01_hot/Martha/RAW	PRM_20251128_MarthaReselection_Plate_2_F6	Homo sapiens	blood plasma	Plate_2	MarthaReselection	not available	not available	M	not available	not available	not available	not available	46	Plate_2_F6	MRTH1-0833	not available	1	AC=EFO:0009656;NT=plasma	run 141	proteomic profiling by mass spectrometry	PRM_20251128_MarthaReselection_Plate_2_F6.raw	PRM_20251128_MarthaReselection_Plate_2_F6.raw	NT=Parallel Reaction Monitoring;AC=MS:1002956	AC=MS:1002038;NT=label free sample	1	NT=High-performance liquid chromatography;AC=PRIDE:0000565	1	AC=MS:1001251;NT=Trypsin	not available	NT=Stellar;AC=MS:1003409	NT=Carbamidomethyl;AC=UNIMOD:4;TA=C;MT=Fixed	NT=Higher-energy Collisional Dissociation;AC=MS:1000422	27 NCE	40 ppm	0.05 Da	MRTH
PRM_20251128_MarthaReselection_Plate_2_G6	G	6	MRTH	78	RG6	0.1	C:\Xcalibur\methods\method1	smb://storage3.ad.scilifelab.se/massstorage/edfors%20lab/01_hot/Martha/RAW	PRM_20251128_MarthaReselection_Plate_2_G6	Homo sapiens	blood plasma	Plate_2	MarthaReselection	not available	not available	F	not available	not available	not available	not available	47	Plate_2_G6	MRTH1-0683	not available	1	AC=EFO:0009656;NT=plasma	run 142	proteomic profiling by mass spectrometry	PRM_20251128_MarthaReselection_Plate_2_G6.raw	PRM_20251128_MarthaReselection_Plate_2_G6.raw	NT=Parallel Reaction Monitoring;AC=MS:1002956	AC=MS:1002038;NT=label free sample	1	NT=High-performance liquid chromatography;AC=PRIDE:0000565	1	AC=MS:1001251;NT=Trypsin	not available	NT=Stellar;AC=MS:1003409	NT=Carbamidomethyl;AC=UNIMOD:4;TA=C;MT=Fixed	NT=Higher-energy Collisional Dissociation;AC=MS:1000422	27 NCE	40 ppm	0.05 Da	MRTH
PRM_20251128_MarthaReselection_Plate_2_H6	H	6	MRTH	90	RH6	0.1	C:\Xcalibur\methods\method1	smb://storage3.ad.scilifelab.se/massstorage/edfors%20lab/01_hot/Martha/RAW	PRM_20251128_MarthaReselection_Plate_2_H6	Homo sapiens	blood plasma	Plate_2	MarthaReselection	not available	not available	F	not available	not available	not available	not available	48	Plate_2_H6	MRTH1-0489	not available	1	AC=EFO:0009656;NT=plasma	run 143	proteomic profiling by mass spectrometry	PRM_20251128_MarthaReselection_Plate_2_H6.raw	PRM_20251128_MarthaReselection_Plate_2_H6.raw	NT=Parallel Reaction Monitoring;AC=MS:1002956	AC=MS:1002038;NT=label free sample	1	NT=High-performance liquid chromatography;AC=PRIDE:0000565	1	AC=MS:1001251;NT=Trypsin	not available	NT=Stellar;AC=MS:1003409	NT=Carbamidomethyl;AC=UNIMOD:4;TA=C;MT=Fixed	NT=Higher-energy Collisional Dissociation;AC=MS:1000422	27 NCE	40 ppm	0.05 Da	MRTH
PRM_20251128_MarthaReselection_Plate_2_A7	A	7	MRTH	7	RA7	0.1	C:\Xcalibur\methods\method1	smb://storage3.ad.scilifelab.se/massstorage/edfors%20lab/01_hot/Martha/RAW	PRM_20251128_MarthaReselection_Plate_2_A7	Homo sapiens	blood plasma	Plate_2	MarthaReselection	not available	not available	M	not available	not available	not available	not available	49	Plate_2_A7	MRTH1-0081	not available	1	AC=EFO:0009656;NT=plasma	run 144	proteomic profiling by mass spectrometry	PRM_20251128_MarthaReselection_Plate_2_A7.raw	PRM_20251128_MarthaReselection_Plate_2_A7.raw	NT=Parallel Reaction Monitoring;AC=MS:1002956	AC=MS:1002038;NT=label free sample	1	NT=High-performance liquid chromatography;AC=PRIDE:0000565	1	AC=MS:1001251;NT=Trypsin	not available	NT=Stellar;AC=MS:1003409	NT=Carbamidomethyl;AC=UNIMOD:4;TA=C;MT=Fixed	NT=Higher-energy Collisional Dissociation;AC=MS:1000422	27 NCE	40 ppm	0.05 Da	MRTH
PRM_20251128_MarthaReselection_Plate_2_B7	B	7	MRTH	19	RB7	0.1	C:\Xcalibur\methods\method1	smb://storage3.ad.scilifelab.se/massstorage/edfors%20lab/01_hot/Martha/RAW	PRM_20251128_MarthaReselection_Plate_2_B7	Homo sapiens	blood plasma	Plate_2	MarthaReselection	not available	not available	F	not available	not available	not available	not available	50	Plate_2_B7	MRTH1-0069	not available	1	AC=EFO:0009656;NT=plasma	run 145	proteomic profiling by mass spectrometry	PRM_20251128_MarthaReselection_Plate_2_B7.raw	PRM_20251128_MarthaReselection_Plate_2_B7.raw	NT=Parallel Reaction Monitoring;AC=MS:1002956	AC=MS:1002038;NT=label free sample	1	NT=High-performance liquid chromatography;AC=PRIDE:0000565	1	AC=MS:1001251;NT=Trypsin	not available	NT=Stellar;AC=MS:1003409	NT=Carbamidomethyl;AC=UNIMOD:4;TA=C;MT=Fixed	NT=Higher-energy Collisional Dissociation;AC=MS:1000422	27 NCE	40 ppm	0.05 Da	MRTH
PRM_20251128_MarthaReselection_Plate_2_C7	C	7	MRTH	31	RC7	0.1	C:\Xcalibur\methods\method1	smb://storage3.ad.scilifelab.se/massstorage/edfors%20lab/01_hot/Martha/RAW	PRM_20251128_MarthaReselection_Plate_2_C7	Homo sapiens	blood plasma	Plate_2	MarthaReselection	not available	not available	F	not available	not available	not available	not available	51	Plate_2_C7	MRTH1-0025	not available	1	AC=EFO:0009656;NT=plasma	run 146	proteomic profiling by mass spectrometry	PRM_20251128_MarthaReselection_Plate_2_C7.raw	PRM_20251128_MarthaReselection_Plate_2_C7.raw	NT=Parallel Reaction Monitoring;AC=MS:1002956	AC=MS:1002038;NT=label free sample	1	NT=High-performance liquid chromatography;AC=PRIDE:0000565	1	AC=MS:1001251;NT=Trypsin	not available	NT=Stellar;AC=MS:1003409	NT=Carbamidomethyl;AC=UNIMOD:4;TA=C;MT=Fixed	NT=Higher-energy Collisional Dissociation;AC=MS:1000422	27 NCE	40 ppm	0.05 Da	MRTH
PRM_20251128_MarthaReselection_Plate_2_D7	D	7	MRTH	43	RD7	0.1	C:\Xcalibur\methods\method1	smb://storage3.ad.scilifelab.se/massstorage/edfors%20lab/01_hot/Martha/RAW	PRM_20251128_MarthaReselection_Plate_2_D7	Homo sapiens	blood plasma	Plate_2	MarthaReselection	not available	not available	M	not available	not available	not available	not available	52	Plate_2_D7	MRTH1-0741	not available	1	AC=EFO:0009656;NT=plasma	run 147	proteomic profiling by mass spectrometry	PRM_20251128_MarthaReselection_Plate_2_D7.raw	PRM_20251128_MarthaReselection_Plate_2_D7.raw	NT=Parallel Reaction Monitoring;AC=MS:1002956	AC=MS:1002038;NT=label free sample	1	NT=High-performance liquid chromatography;AC=PRIDE:0000565	1	AC=MS:1001251;NT=Trypsin	not available	NT=Stellar;AC=MS:1003409	NT=Carbamidomethyl;AC=UNIMOD:4;TA=C;MT=Fixed	NT=Higher-energy Collisional Dissociation;AC=MS:1000422	27 NCE	40 ppm	0.05 Da	MRTH
PRM_20251128_MarthaReselection_Plate_2_E7	E	7	MRTH	55	RE7	0.1	C:\Xcalibur\methods\method1	smb://storage3.ad.scilifelab.se/massstorage/edfors%20lab/01_hot/Martha/RAW	PRM_20251128_MarthaReselection_Plate_2_E7	Homo sapiens	blood plasma	Plate_2	MarthaReselection	not available	not available	M	not available	not available	not available	not available	53	Plate_2_E7	MRTH1-1352	not available	1	AC=EFO:0009656;NT=plasma	run 148	proteomic profiling by mass spectrometry	PRM_20251128_MarthaReselection_Plate_2_E7.raw	PRM_20251128_MarthaReselection_Plate_2_E7.raw	NT=Parallel Reaction Monitoring;AC=MS:1002956	AC=MS:1002038;NT=label free sample	1	NT=High-performance liquid chromatography;AC=PRIDE:0000565	1	AC=MS:1001251;NT=Trypsin	not available	NT=Stellar;AC=MS:1003409	NT=Carbamidomethyl;AC=UNIMOD:4;TA=C;MT=Fixed	NT=Higher-energy Collisional Dissociation;AC=MS:1000422	27 NCE	40 ppm	0.05 Da	MRTH
PRM_20251128_MarthaReselection_Plate_2_F7	F	7	MRTH	67	RF7	0.1	C:\Xcalibur\methods\method1	smb://storage3.ad.scilifelab.se/massstorage/edfors%20lab/01_hot/Martha/RAW	PRM_20251128_MarthaReselection_Plate_2_F7	Homo sapiens	blood plasma	Plate_2	MarthaReselection	not available	not available	F	not available	not available	not available	not available	54	Plate_2_F7	MRTH1-1068	not available	1	AC=EFO:0009656;NT=plasma	run 149	proteomic profiling by mass spectrometry	PRM_20251128_MarthaReselection_Plate_2_F7.raw	PRM_20251128_MarthaReselection_Plate_2_F7.raw	NT=Parallel Reaction Monitoring;AC=MS:1002956	AC=MS:1002038;NT=label free sample	1	NT=High-performance liquid chromatography;AC=PRIDE:0000565	1	AC=MS:1001251;NT=Trypsin	not available	NT=Stellar;AC=MS:1003409	NT=Carbamidomethyl;AC=UNIMOD:4;TA=C;MT=Fixed	NT=Higher-energy Collisional Dissociation;AC=MS:1000422	27 NCE	40 ppm	0.05 Da	MRTH
PRM_20251128_MarthaReselection_Plate_2_G7	G	7	MRTH	79	RG7	0.1	C:\Xcalibur\methods\method1	smb://storage3.ad.scilifelab.se/massstorage/edfors%20lab/01_hot/Martha/RAW	PRM_20251128_MarthaReselection_Plate_2_G7	Homo sapiens	blood plasma	Plate_2	MarthaReselection	not available	not available	F	not available	not available	not available	not available	55	Plate_2_G7	MRTH1-0166	not available	1	AC=EFO:0009656;NT=plasma	run 150	proteomic profiling by mass spectrometry	PRM_20251128_MarthaReselection_Plate_2_G7.raw	PRM_20251128_MarthaReselection_Plate_2_G7.raw	NT=Parallel Reaction Monitoring;AC=MS:1002956	AC=MS:1002038;NT=label free sample	1	NT=High-performance liquid chromatography;AC=PRIDE:0000565	1	AC=MS:1001251;NT=Trypsin	not available	NT=Stellar;AC=MS:1003409	NT=Carbamidomethyl;AC=UNIMOD:4;TA=C;MT=Fixed	NT=Higher-energy Collisional Dissociation;AC=MS:1000422	27 NCE	40 ppm	0.05 Da	MRTH
PRM_20251128_MarthaReselection_Plate_2_H7	H	7	MRTH	91	RH7	0.1	C:\Xcalibur\methods\method1	smb://storage3.ad.scilifelab.se/massstorage/edfors%20lab/01_hot/Martha/RAW	PRM_20251128_MarthaReselection_Plate_2_H7	Homo sapiens	blood plasma	Plate_2	MarthaReselection	not available	not available	M	not available	not available	not available	not available	56	Plate_2_H7	MRTH1-1222	not available	1	AC=EFO:0009656;NT=plasma	run 151	proteomic profiling by mass spectrometry	PRM_20251128_MarthaReselection_Plate_2_H7.raw	PRM_20251128_MarthaReselection_Plate_2_H7.raw	NT=Parallel Reaction Monitoring;AC=MS:1002956	AC=MS:1002038;NT=label free sample	1	NT=High-performance liquid chromatography;AC=PRIDE:0000565	1	AC=MS:1001251;NT=Trypsin	not available	NT=Stellar;AC=MS:1003409	NT=Carbamidomethyl;AC=UNIMOD:4;TA=C;MT=Fixed	NT=Higher-energy Collisional Dissociation;AC=MS:1000422	27 NCE	40 ppm	0.05 Da	MRTH
PRM_20251128_MarthaReselection_Plate_2_A8	A	8	MRTH	8	RA8	0.1	C:\Xcalibur\methods\method1	smb://storage3.ad.scilifelab.se/massstorage/edfors%20lab/01_hot/Martha/RAW	PRM_20251128_MarthaReselection_Plate_2_A8	Homo sapiens	blood plasma	Plate_2	MarthaReselection	not available	not available	F	not available	not available	not available	not available	57	Plate_2_A8	MRTH1-1023	not available	1	AC=EFO:0009656;NT=plasma	run 152	proteomic profiling by mass spectrometry	PRM_20251128_MarthaReselection_Plate_2_A8.raw	PRM_20251128_MarthaReselection_Plate_2_A8.raw	NT=Parallel Reaction Monitoring;AC=MS:1002956	AC=MS:1002038;NT=label free sample	1	NT=High-performance liquid chromatography;AC=PRIDE:0000565	1	AC=MS:1001251;NT=Trypsin	not available	NT=Stellar;AC=MS:1003409	NT=Carbamidomethyl;AC=UNIMOD:4;TA=C;MT=Fixed	NT=Higher-energy Collisional Dissociation;AC=MS:1000422	27 NCE	40 ppm	0.05 Da	MRTH
PRM_20251128_MarthaReselection_Plate_2_B8	B	8	MRTH	20	RB8	0.1	C:\Xcalibur\methods\method1	smb://storage3.ad.scilifelab.se/massstorage/edfors%20lab/01_hot/Martha/RAW	PRM_20251128_MarthaReselection_Plate_2_B8	Homo sapiens	blood plasma	Plate_2	MarthaReselection	not available	not available	M	not available	not available	not available	not available	58	Plate_2_B8	MRTH1-1156	not available	1	AC=EFO:0009656;NT=plasma	run 153	proteomic profiling by mass spectrometry	PRM_20251128_MarthaReselection_Plate_2_B8.raw	PRM_20251128_MarthaReselection_Plate_2_B8.raw	NT=Parallel Reaction Monitoring;AC=MS:1002956	AC=MS:1002038;NT=label free sample	1	NT=High-performance liquid chromatography;AC=PRIDE:0000565	1	AC=MS:1001251;NT=Trypsin	not available	NT=Stellar;AC=MS:1003409	NT=Carbamidomethyl;AC=UNIMOD:4;TA=C;MT=Fixed	NT=Higher-energy Collisional Dissociation;AC=MS:1000422	27 NCE	40 ppm	0.05 Da	MRTH
PRM_20251128_MarthaReselection_Plate_2_C8	C	8	MRTH	32	RC8	0.1	C:\Xcalibur\methods\method1	smb://storage3.ad.scilifelab.se/massstorage/edfors%20lab/01_hot/Martha/RAW	PRM_20251128_MarthaReselection_Plate_2_C8	Homo sapiens	blood plasma	Plate_2	MarthaReselection	not available	not available	F	not available	not available	not available	not available	59	Plate_2_C8	MRTH1-1262	not available	1	AC=EFO:0009656;NT=plasma	run 154	proteomic profiling by mass spectrometry	PRM_20251128_MarthaReselection_Plate_2_C8.raw	PRM_20251128_MarthaReselection_Plate_2_C8.raw	NT=Parallel Reaction Monitoring;AC=MS:1002956	AC=MS:1002038;NT=label free sample	1	NT=High-performance liquid chromatography;AC=PRIDE:0000565	1	AC=MS:1001251;NT=Trypsin	not available	NT=Stellar;AC=MS:1003409	NT=Carbamidomethyl;AC=UNIMOD:4;TA=C;MT=Fixed	NT=Higher-energy Collisional Dissociation;AC=MS:1000422	27 NCE	40 ppm	0.05 Da	MRTH
PRM_20251128_MarthaReselection_Plate_2_D8	D	8	MRTH	44	RD8	0.1	C:\Xcalibur\methods\method1	smb://storage3.ad.scilifelab.se/massstorage/edfors%20lab/01_hot/Martha/RAW	PRM_20251128_MarthaReselection_Plate_2_D8	Homo sapiens	blood plasma	Plate_2	MarthaReselection	not available	not available	M	not available	not available	not available	not available	60	Plate_2_D8	MRTH1-0250	not available	1	AC=EFO:0009656;NT=plasma	run 155	proteomic profiling by mass spectrometry	PRM_20251128_MarthaReselection_Plate_2_D8.raw	PRM_20251128_MarthaReselection_Plate_2_D8.raw	NT=Parallel Reaction Monitoring;AC=MS:1002956	AC=MS:1002038;NT=label free sample	1	NT=High-performance liquid chromatography;AC=PRIDE:0000565	1	AC=MS:1001251;NT=Trypsin	not available	NT=Stellar;AC=MS:1003409	NT=Carbamidomethyl;AC=UNIMOD:4;TA=C;MT=Fixed	NT=Higher-energy Collisional Dissociation;AC=MS:1000422	27 NCE	40 ppm	0.05 Da	MRTH
PRM_20251128_MarthaReselection_Plate_2_E8	E	8	MRTH	56	RE8	0.1	C:\Xcalibur\methods\method1	smb://storage3.ad.scilifelab.se/massstorage/edfors%20lab/01_hot/Martha/RAW	PRM_20251128_MarthaReselection_Plate_2_E8	Homo sapiens	blood plasma	Plate_2	MarthaReselection	not available	not available	F	not available	not available	not available	not available	61	Plate_2_E8	MRTH1-0823	not available	1	AC=EFO:0009656;NT=plasma	run 156	proteomic profiling by mass spectrometry	PRM_20251128_MarthaReselection_Plate_2_E8.raw	PRM_20251128_MarthaReselection_Plate_2_E8.raw	NT=Parallel Reaction Monitoring;AC=MS:1002956	AC=MS:1002038;NT=label free sample	1	NT=High-performance liquid chromatography;AC=PRIDE:0000565	1	AC=MS:1001251;NT=Trypsin	not available	NT=Stellar;AC=MS:1003409	NT=Carbamidomethyl;AC=UNIMOD:4;TA=C;MT=Fixed	NT=Higher-energy Collisional Dissociation;AC=MS:1000422	27 NCE	40 ppm	0.05 Da	MRTH
PRM_20251128_MarthaReselection_Plate_2_F8	F	8	MRTH	68	RF8	0.1	C:\Xcalibur\methods\method1	smb://storage3.ad.scilifelab.se/massstorage/edfors%20lab/01_hot/Martha/RAW	PRM_20251128_MarthaReselection_Plate_2_F8	Homo sapiens	blood plasma	Plate_2	MarthaReselection	not available	not available	F	not available	not available	not available	not available	62	Plate_2_F8	MRTH1-1024	not available	1	AC=EFO:0009656;NT=plasma	run 157	proteomic profiling by mass spectrometry	PRM_20251128_MarthaReselection_Plate_2_F8.raw	PRM_20251128_MarthaReselection_Plate_2_F8.raw	NT=Parallel Reaction Monitoring;AC=MS:1002956	AC=MS:1002038;NT=label free sample	1	NT=High-performance liquid chromatography;AC=PRIDE:0000565	1	AC=MS:1001251;NT=Trypsin	not available	NT=Stellar;AC=MS:1003409	NT=Carbamidomethyl;AC=UNIMOD:4;TA=C;MT=Fixed	NT=Higher-energy Collisional Dissociation;AC=MS:1000422	27 NCE	40 ppm	0.05 Da	MRTH
PRM_20251128_MarthaReselection_Plate_2_G8	G	8	MRTH	80	RG8	0.1	C:\Xcalibur\methods\method1	smb://storage3.ad.scilifelab.se/massstorage/edfors%20lab/01_hot/Martha/RAW	PRM_20251128_MarthaReselection_Plate_2_G8	Homo sapiens	blood plasma	Plate_2	MarthaReselection	not available	not available	F	not available	not available	not available	not available	63	Plate_2_G8	MRTH1-0204	not available	1	AC=EFO:0009656;NT=plasma	run 158	proteomic profiling by mass spectrometry	PRM_20251128_MarthaReselection_Plate_2_G8.raw	PRM_20251128_MarthaReselection_Plate_2_G8.raw	NT=Parallel Reaction Monitoring;AC=MS:1002956	AC=MS:1002038;NT=label free sample	1	NT=High-performance liquid chromatography;AC=PRIDE:0000565	1	AC=MS:1001251;NT=Trypsin	not available	NT=Stellar;AC=MS:1003409	NT=Carbamidomethyl;AC=UNIMOD:4;TA=C;MT=Fixed	NT=Higher-energy Collisional Dissociation;AC=MS:1000422	27 NCE	40 ppm	0.05 Da	MRTH
PRM_20251128_MarthaReselection_Plate_2_H8	H	8	MRTH	92	RH8	0.1	C:\Xcalibur\methods\method1	smb://storage3.ad.scilifelab.se/massstorage/edfors%20lab/01_hot/Martha/RAW	PRM_20251128_MarthaReselection_Plate_2_H8	Homo sapiens	blood plasma	Plate_2	MarthaReselection	not available	not available	F	not available	not available	not available	not available	64	Plate_2_H8	MRTH1-0630	not available	1	AC=EFO:0009656;NT=plasma	run 159	proteomic profiling by mass spectrometry	PRM_20251128_MarthaReselection_Plate_2_H8.raw	PRM_20251128_MarthaReselection_Plate_2_H8.raw	NT=Parallel Reaction Monitoring;AC=MS:1002956	AC=MS:1002038;NT=label free sample	1	NT=High-performance liquid chromatography;AC=PRIDE:0000565	1	AC=MS:1001251;NT=Trypsin	not available	NT=Stellar;AC=MS:1003409	NT=Carbamidomethyl;AC=UNIMOD:4;TA=C;MT=Fixed	NT=Higher-energy Collisional Dissociation;AC=MS:1000422	27 NCE	40 ppm	0.05 Da	MRTH
PRM_20251128_MarthaReselection_Plate_2_A9	A	9	MRTH	9	RA9	0.1	C:\Xcalibur\methods\method1	smb://storage3.ad.scilifelab.se/massstorage/edfors%20lab/01_hot/Martha/RAW	PRM_20251128_MarthaReselection_Plate_2_A9	Homo sapiens	blood plasma	Plate_2	MarthaReselection	not available	not available	F	not available	not available	not available	not available	65	Plate_2_A9	MRTH1-0609	not available	1	AC=EFO:0009656;NT=plasma	run 160	proteomic profiling by mass spectrometry	PRM_20251128_MarthaReselection_Plate_2_A9.raw	PRM_20251128_MarthaReselection_Plate_2_A9.raw	NT=Parallel Reaction Monitoring;AC=MS:1002956	AC=MS:1002038;NT=label free sample	1	NT=High-performance liquid chromatography;AC=PRIDE:0000565	1	AC=MS:1001251;NT=Trypsin	not available	NT=Stellar;AC=MS:1003409	NT=Carbamidomethyl;AC=UNIMOD:4;TA=C;MT=Fixed	NT=Higher-energy Collisional Dissociation;AC=MS:1000422	27 NCE	40 ppm	0.05 Da	MRTH
PRM_20251128_MarthaReselection_Plate_2_B9	B	9	MRTH	21	RB9	0.1	C:\Xcalibur\methods\method1	smb://storage3.ad.scilifelab.se/massstorage/edfors%20lab/01_hot/Martha/RAW	PRM_20251128_MarthaReselection_Plate_2_B9	Homo sapiens	blood plasma	Plate_2	MarthaReselection	not available	not available	M	not available	not available	not available	not available	66	Plate_2_B9	MRTH1-0776	not available	1	AC=EFO:0009656;NT=plasma	run 161	proteomic profiling by mass spectrometry	PRM_20251128_MarthaReselection_Plate_2_B9.raw	PRM_20251128_MarthaReselection_Plate_2_B9.raw	NT=Parallel Reaction Monitoring;AC=MS:1002956	AC=MS:1002038;NT=label free sample	1	NT=High-performance liquid chromatography;AC=PRIDE:0000565	1	AC=MS:1001251;NT=Trypsin	not available	NT=Stellar;AC=MS:1003409	NT=Carbamidomethyl;AC=UNIMOD:4;TA=C;MT=Fixed	NT=Higher-energy Collisional Dissociation;AC=MS:1000422	27 NCE	40 ppm	0.05 Da	MRTH
PRM_20251128_MarthaReselection_Plate_2_C9	C	9	MRTH	33	RC9	0.1	C:\Xcalibur\methods\method1	smb://storage3.ad.scilifelab.se/massstorage/edfors%20lab/01_hot/Martha/RAW	PRM_20251128_MarthaReselection_Plate_2_C9	Homo sapiens	blood plasma	Plate_2	MarthaReselection	not available	not available	M	not available	not available	not available	not available	67	Plate_2_C9	MRTH1-1213	not available	1	AC=EFO:0009656;NT=plasma	run 162	proteomic profiling by mass spectrometry	PRM_20251128_MarthaReselection_Plate_2_C9.raw	PRM_20251128_MarthaReselection_Plate_2_C9.raw	NT=Parallel Reaction Monitoring;AC=MS:1002956	AC=MS:1002038;NT=label free sample	1	NT=High-performance liquid chromatography;AC=PRIDE:0000565	1	AC=MS:1001251;NT=Trypsin	not available	NT=Stellar;AC=MS:1003409	NT=Carbamidomethyl;AC=UNIMOD:4;TA=C;MT=Fixed	NT=Higher-energy Collisional Dissociation;AC=MS:1000422	27 NCE	40 ppm	0.05 Da	MRTH
PRM_20251128_MarthaReselection_Plate_2_D9	D	9	MRTH	45	RD9	0.1	C:\Xcalibur\methods\method1	smb://storage3.ad.scilifelab.se/massstorage/edfors%20lab/01_hot/Martha/RAW	PRM_20251128_MarthaReselection_Plate_2_D9	Homo sapiens	blood plasma	Plate_2	MarthaReselection	not available	not available	F	not available	not available	not available	not available	68	Plate_2_D9	MRTH1-0815	not available	1	AC=EFO:0009656;NT=plasma	run 163	proteomic profiling by mass spectrometry	PRM_20251128_MarthaReselection_Plate_2_D9.raw	PRM_20251128_MarthaReselection_Plate_2_D9.raw	NT=Parallel Reaction Monitoring;AC=MS:1002956	AC=MS:1002038;NT=label free sample	1	NT=High-performance liquid chromatography;AC=PRIDE:0000565	1	AC=MS:1001251;NT=Trypsin	not available	NT=Stellar;AC=MS:1003409	NT=Carbamidomethyl;AC=UNIMOD:4;TA=C;MT=Fixed	NT=Higher-energy Collisional Dissociation;AC=MS:1000422	27 NCE	40 ppm	0.05 Da	MRTH
PRM_20251128_MarthaReselection_Plate_2_E9	E	9	MRTH	57	RE9	0.1	C:\Xcalibur\methods\method1	smb://storage3.ad.scilifelab.se/massstorage/edfors%20lab/01_hot/Martha/RAW	PRM_20251128_MarthaReselection_Plate_2_E9	Homo sapiens	blood plasma	Plate_2	MarthaReselection	not available	not available	M	not available	not available	not available	not available	69	Plate_2_E9	MRTH1-0553	not available	1	AC=EFO:0009656;NT=plasma	run 164	proteomic profiling by mass spectrometry	PRM_20251128_MarthaReselection_Plate_2_E9.raw	PRM_20251128_MarthaReselection_Plate_2_E9.raw	NT=Parallel Reaction Monitoring;AC=MS:1002956	AC=MS:1002038;NT=label free sample	1	NT=High-performance liquid chromatography;AC=PRIDE:0000565	1	AC=MS:1001251;NT=Trypsin	not available	NT=Stellar;AC=MS:1003409	NT=Carbamidomethyl;AC=UNIMOD:4;TA=C;MT=Fixed	NT=Higher-energy Collisional Dissociation;AC=MS:1000422	27 NCE	40 ppm	0.05 Da	MRTH
PRM_20251128_MarthaReselection_Plate_2_F9	F	9	MRTH	69	RF9	0.1	C:\Xcalibur\methods\method1	smb://storage3.ad.scilifelab.se/massstorage/edfors%20lab/01_hot/Martha/RAW	PRM_20251128_MarthaReselection_Plate_2_F9	Homo sapiens	blood plasma	Plate_2	MarthaReselection	not available	not available	F	not available	not available	not available	not available	70	Plate_2_F9	MRTH1-0761	not available	1	AC=EFO:0009656;NT=plasma	run 165	proteomic profiling by mass spectrometry	PRM_20251128_MarthaReselection_Plate_2_F9.raw	PRM_20251128_MarthaReselection_Plate_2_F9.raw	NT=Parallel Reaction Monitoring;AC=MS:1002956	AC=MS:1002038;NT=label free sample	1	NT=High-performance liquid chromatography;AC=PRIDE:0000565	1	AC=MS:1001251;NT=Trypsin	not available	NT=Stellar;AC=MS:1003409	NT=Carbamidomethyl;AC=UNIMOD:4;TA=C;MT=Fixed	NT=Higher-energy Collisional Dissociation;AC=MS:1000422	27 NCE	40 ppm	0.05 Da	MRTH
PRM_20251128_MarthaReselection_Plate_2_G9	G	9	MRTH	81	RG9	0.1	C:\Xcalibur\methods\method1	smb://storage3.ad.scilifelab.se/massstorage/edfors%20lab/01_hot/Martha/RAW	PRM_20251128_MarthaReselection_Plate_2_G9	Homo sapiens	blood plasma	Plate_2	MarthaReselection	not available	not available	M	not available	not available	not available	not available	71	Plate_2_G9	MRTH1-0215	not available	1	AC=EFO:0009656;NT=plasma	run 166	proteomic profiling by mass spectrometry	PRM_20251128_MarthaReselection_Plate_2_G9.raw	PRM_20251128_MarthaReselection_Plate_2_G9.raw	NT=Parallel Reaction Monitoring;AC=MS:1002956	AC=MS:1002038;NT=label free sample	1	NT=High-performance liquid chromatography;AC=PRIDE:0000565	1	AC=MS:1001251;NT=Trypsin	not available	NT=Stellar;AC=MS:1003409	NT=Carbamidomethyl;AC=UNIMOD:4;TA=C;MT=Fixed	NT=Higher-energy Collisional Dissociation;AC=MS:1000422	27 NCE	40 ppm	0.05 Da	MRTH
PRM_20251128_MarthaReselection_Plate_2_H9	H	9	MRTH	93	RH9	0.1	C:\Xcalibur\methods\method1	smb://storage3.ad.scilifelab.se/massstorage/edfors%20lab/01_hot/Martha/RAW	PRM_20251128_MarthaReselection_Plate_2_H9	Homo sapiens	blood plasma	Plate_2	MarthaReselection	not available	not available	F	not available	not available	not available	not available	72	Plate_2_H9	MRTH1-0053	not available	1	AC=EFO:0009656;NT=plasma	run 167	proteomic profiling by mass spectrometry	PRM_20251128_MarthaReselection_Plate_2_H9.raw	PRM_20251128_MarthaReselection_Plate_2_H9.raw	NT=Parallel Reaction Monitoring;AC=MS:1002956	AC=MS:1002038;NT=label free sample	1	NT=High-performance liquid chromatography;AC=PRIDE:0000565	1	AC=MS:1001251;NT=Trypsin	not available	NT=Stellar;AC=MS:1003409	NT=Carbamidomethyl;AC=UNIMOD:4;TA=C;MT=Fixed	NT=Higher-energy Collisional Dissociation;AC=MS:1000422	27 NCE	40 ppm	0.05 Da	MRTH
PRM_20251128_MarthaReselection_Plate_2_A10	A	10	MRTH	10	RA10	0.1	C:\Xcalibur\methods\method1	smb://storage3.ad.scilifelab.se/massstorage/edfors%20lab/01_hot/Martha/RAW	PRM_20251128_MarthaReselection_Plate_2_A10	Homo sapiens	blood plasma	Plate_2	MarthaReselection	not available	not available	M	not available	not available	not available	not available	73	Plate_2_A10	MRTH1-0954	not available	1	AC=EFO:0009656;NT=plasma	run 168	proteomic profiling by mass spectrometry	PRM_20251128_MarthaReselection_Plate_2_A10.raw	PRM_20251128_MarthaReselection_Plate_2_A10.raw	NT=Parallel Reaction Monitoring;AC=MS:1002956	AC=MS:1002038;NT=label free sample	1	NT=High-performance liquid chromatography;AC=PRIDE:0000565	1	AC=MS:1001251;NT=Trypsin	not available	NT=Stellar;AC=MS:1003409	NT=Carbamidomethyl;AC=UNIMOD:4;TA=C;MT=Fixed	NT=Higher-energy Collisional Dissociation;AC=MS:1000422	27 NCE	40 ppm	0.05 Da	MRTH
PRM_20251128_MarthaReselection_Plate_2_B10	B	10	MRTH	22	RB10	0.1	C:\Xcalibur\methods\method1	smb://storage3.ad.scilifelab.se/massstorage/edfors%20lab/01_hot/Martha/RAW	PRM_20251128_MarthaReselection_Plate_2_B10	Homo sapiens	blood plasma	Plate_2	MarthaReselection	not available	not available	M	not available	not available	not available	not available	74	Plate_2_B10	MRTH1-1052	not available	1	AC=EFO:0009656;NT=plasma	run 169	proteomic profiling by mass spectrometry	PRM_20251128_MarthaReselection_Plate_2_B10.raw	PRM_20251128_MarthaReselection_Plate_2_B10.raw	NT=Parallel Reaction Monitoring;AC=MS:1002956	AC=MS:1002038;NT=label free sample	1	NT=High-performance liquid chromatography;AC=PRIDE:0000565	1	AC=MS:1001251;NT=Trypsin	not available	NT=Stellar;AC=MS:1003409	NT=Carbamidomethyl;AC=UNIMOD:4;TA=C;MT=Fixed	NT=Higher-energy Collisional Dissociation;AC=MS:1000422	27 NCE	40 ppm	0.05 Da	MRTH
PRM_20251128_MarthaReselection_Plate_2_C10	C	10	MRTH	34	RC10	0.1	C:\Xcalibur\methods\method1	smb://storage3.ad.scilifelab.se/massstorage/edfors%20lab/01_hot/Martha/RAW	PRM_20251128_MarthaReselection_Plate_2_C10	Homo sapiens	blood plasma	Plate_2	MarthaReselection	not available	not available	F	not available	not available	not available	not available	75	Plate_2_C10	MRTH1-0194	not available	1	AC=EFO:0009656;NT=plasma	run 170	proteomic profiling by mass spectrometry	PRM_20251128_MarthaReselection_Plate_2_C10.raw	PRM_20251128_MarthaReselection_Plate_2_C10.raw	NT=Parallel Reaction Monitoring;AC=MS:1002956	AC=MS:1002038;NT=label free sample	1	NT=High-performance liquid chromatography;AC=PRIDE:0000565	1	AC=MS:1001251;NT=Trypsin	not available	NT=Stellar;AC=MS:1003409	NT=Carbamidomethyl;AC=UNIMOD:4;TA=C;MT=Fixed	NT=Higher-energy Collisional Dissociation;AC=MS:1000422	27 NCE	40 ppm	0.05 Da	MRTH
PRM_20251128_MarthaReselection_Plate_2_D10	D	10	MRTH	46	RD10	0.1	C:\Xcalibur\methods\method1	smb://storage3.ad.scilifelab.se/massstorage/edfors%20lab/01_hot/Martha/RAW	PRM_20251128_MarthaReselection_Plate_2_D10	Homo sapiens	blood plasma	Plate_2	MarthaReselection	not available	not available	F	not available	not available	not available	not available	76	Plate_2_D10	MRTH1-0993	not available	1	AC=EFO:0009656;NT=plasma	run 171	proteomic profiling by mass spectrometry	PRM_20251128_MarthaReselection_Plate_2_D10.raw	PRM_20251128_MarthaReselection_Plate_2_D10.raw	NT=Parallel Reaction Monitoring;AC=MS:1002956	AC=MS:1002038;NT=label free sample	1	NT=High-performance liquid chromatography;AC=PRIDE:0000565	1	AC=MS:1001251;NT=Trypsin	not available	NT=Stellar;AC=MS:1003409	NT=Carbamidomethyl;AC=UNIMOD:4;TA=C;MT=Fixed	NT=Higher-energy Collisional Dissociation;AC=MS:1000422	27 NCE	40 ppm	0.05 Da	MRTH
PRM_20251128_MarthaReselection_Plate_2_E10	E	10	Pool	58	RE10	0.1	C:\Xcalibur\methods\method1	smb://storage3.ad.scilifelab.se/massstorage/edfors%20lab/01_hot/Martha/RAW	PRM_20251128_MarthaReselection_Plate_2_E10	Homo sapiens	blood plasma	Plate_2	MarthaReselection	not available	not available	NA	not available	not available	not available	not available	77	Plate_2_E10	EMPTY-0001	not available	1	AC=EFO:0009656;NT=plasma	run 172	proteomic profiling by mass spectrometry	PRM_20251128_MarthaReselection_Plate_2_E10.raw	PRM_20251128_MarthaReselection_Plate_2_E10.raw	NT=Parallel Reaction Monitoring;AC=MS:1002956	AC=MS:1002038;NT=label free sample	1	NT=High-performance liquid chromatography;AC=PRIDE:0000565	1	AC=MS:1001251;NT=Trypsin	not available	NT=Stellar;AC=MS:1003409	NT=Carbamidomethyl;AC=UNIMOD:4;TA=C;MT=Fixed	NT=Higher-energy Collisional Dissociation;AC=MS:1000422	27 NCE	40 ppm	0.05 Da	Pool
PRM_20251128_MarthaReselection_Plate_2_F10	F	10	MRTH	70	RF10	0.1	C:\Xcalibur\methods\method1	smb://storage3.ad.scilifelab.se/massstorage/edfors%20lab/01_hot/Martha/RAW	PRM_20251128_MarthaReselection_Plate_2_F10	Homo sapiens	blood plasma	Plate_2	MarthaReselection	not available	not available	F	not available	not available	not available	not available	78	Plate_2_F10	MRTH1-0655	not available	1	AC=EFO:0009656;NT=plasma	run 173	proteomic profiling by mass spectrometry	PRM_20251128_MarthaReselection_Plate_2_F10.raw	PRM_20251128_MarthaReselection_Plate_2_F10.raw	NT=Parallel Reaction Monitoring;AC=MS:1002956	AC=MS:1002038;NT=label free sample	1	NT=High-performance liquid chromatography;AC=PRIDE:0000565	1	AC=MS:1001251;NT=Trypsin	not available	NT=Stellar;AC=MS:1003409	NT=Carbamidomethyl;AC=UNIMOD:4;TA=C;MT=Fixed	NT=Higher-energy Collisional Dissociation;AC=MS:1000422	27 NCE	40 ppm	0.05 Da	MRTH
PRM_20251128_MarthaReselection_Plate_2_G10	G	10	MRTH	82	RG10	0.1	C:\Xcalibur\methods\method1	smb://storage3.ad.scilifelab.se/massstorage/edfors%20lab/01_hot/Martha/RAW	PRM_20251128_MarthaReselection_Plate_2_G10	Homo sapiens	blood plasma	Plate_2	MarthaReselection	not available	not available	F	not available	not available	not available	not available	79	Plate_2_G10	MRTH1-0902	not available	1	AC=EFO:0009656;NT=plasma	run 174	proteomic profiling by mass spectrometry	PRM_20251128_MarthaReselection_Plate_2_G10.raw	PRM_20251128_MarthaReselection_Plate_2_G10.raw	NT=Parallel Reaction Monitoring;AC=MS:1002956	AC=MS:1002038;NT=label free sample	1	NT=High-performance liquid chromatography;AC=PRIDE:0000565	1	AC=MS:1001251;NT=Trypsin	not available	NT=Stellar;AC=MS:1003409	NT=Carbamidomethyl;AC=UNIMOD:4;TA=C;MT=Fixed	NT=Higher-energy Collisional Dissociation;AC=MS:1000422	27 NCE	40 ppm	0.05 Da	MRTH
PRM_20251128_MarthaReselection_Plate_2_H10	H	10	MRTH	94	RH10	0.1	C:\Xcalibur\methods\method1	smb://storage3.ad.scilifelab.se/massstorage/edfors%20lab/01_hot/Martha/RAW	PRM_20251128_MarthaReselection_Plate_2_H10	Homo sapiens	blood plasma	Plate_2	MarthaReselection	not available	not available	M	not available	not available	not available	not available	80	Plate_2_H10	MRTH1-0716	not available	1	AC=EFO:0009656;NT=plasma	run 175	proteomic profiling by mass spectrometry	PRM_20251128_MarthaReselection_Plate_2_H10.raw	PRM_20251128_MarthaReselection_Plate_2_H10.raw	NT=Parallel Reaction Monitoring;AC=MS:1002956	AC=MS:1002038;NT=label free sample	1	NT=High-performance liquid chromatography;AC=PRIDE:0000565	1	AC=MS:1001251;NT=Trypsin	not available	NT=Stellar;AC=MS:1003409	NT=Carbamidomethyl;AC=UNIMOD:4;TA=C;MT=Fixed	NT=Higher-energy Collisional Dissociation;AC=MS:1000422	27 NCE	40 ppm	0.05 Da	MRTH
PRM_20251128_MarthaReselection_Plate_2_A11	A	11	MRTH	11	RA11	0.1	C:\Xcalibur\methods\method1	smb://storage3.ad.scilifelab.se/massstorage/edfors%20lab/01_hot/Martha/RAW	PRM_20251128_MarthaReselection_Plate_2_A11	Homo sapiens	blood plasma	Plate_2	MarthaReselection	not available	not available	F	not available	not available	not available	not available	81	Plate_2_A11	MRTH1-0311	not available	1	AC=EFO:0009656;NT=plasma	run 176	proteomic profiling by mass spectrometry	PRM_20251128_MarthaReselection_Plate_2_A11.raw	PRM_20251128_MarthaReselection_Plate_2_A11.raw	NT=Parallel Reaction Monitoring;AC=MS:1002956	AC=MS:1002038;NT=label free sample	1	NT=High-performance liquid chromatography;AC=PRIDE:0000565	1	AC=MS:1001251;NT=Trypsin	not available	NT=Stellar;AC=MS:1003409	NT=Carbamidomethyl;AC=UNIMOD:4;TA=C;MT=Fixed	NT=Higher-energy Collisional Dissociation;AC=MS:1000422	27 NCE	40 ppm	0.05 Da	MRTH
PRM_20251128_MarthaReselection_Plate_2_B11	B	11	MRTH	23	RB11	0.1	C:\Xcalibur\methods\method1	smb://storage3.ad.scilifelab.se/massstorage/edfors%20lab/01_hot/Martha/RAW	PRM_20251128_MarthaReselection_Plate_2_B11	Homo sapiens	blood plasma	Plate_2	MarthaReselection	not available	not available	F	not available	not available	not available	not available	82	Plate_2_B11	MRTH1-0712	not available	1	AC=EFO:0009656;NT=plasma	run 177	proteomic profiling by mass spectrometry	PRM_20251128_MarthaReselection_Plate_2_B11.raw	PRM_20251128_MarthaReselection_Plate_2_B11.raw	NT=Parallel Reaction Monitoring;AC=MS:1002956	AC=MS:1002038;NT=label free sample	1	NT=High-performance liquid chromatography;AC=PRIDE:0000565	1	AC=MS:1001251;NT=Trypsin	not available	NT=Stellar;AC=MS:1003409	NT=Carbamidomethyl;AC=UNIMOD:4;TA=C;MT=Fixed	NT=Higher-energy Collisional Dissociation;AC=MS:1000422	27 NCE	40 ppm	0.05 Da	MRTH
PRM_20251128_MarthaReselection_Plate_2_C11	C	11	MRTH	35	RC11	0.1	C:\Xcalibur\methods\method1	smb://storage3.ad.scilifelab.se/massstorage/edfors%20lab/01_hot/Martha/RAW	PRM_20251128_MarthaReselection_Plate_2_C11	Homo sapiens	blood plasma	Plate_2	MarthaReselection	not available	not available	F	not available	not available	not available	not available	83	Plate_2_C11	MRTH1-1107	not available	1	AC=EFO:0009656;NT=plasma	run 178	proteomic profiling by mass spectrometry	PRM_20251128_MarthaReselection_Plate_2_C11.raw	PRM_20251128_MarthaReselection_Plate_2_C11.raw	NT=Parallel Reaction Monitoring;AC=MS:1002956	AC=MS:1002038;NT=label free sample	1	NT=High-performance liquid chromatography;AC=PRIDE:0000565	1	AC=MS:1001251;NT=Trypsin	not available	NT=Stellar;AC=MS:1003409	NT=Carbamidomethyl;AC=UNIMOD:4;TA=C;MT=Fixed	NT=Higher-energy Collisional Dissociation;AC=MS:1000422	27 NCE	40 ppm	0.05 Da	MRTH
PRM_20251128_MarthaReselection_Plate_2_D11	D	11	MRTH	47	RD11	0.1	C:\Xcalibur\methods\method1	smb://storage3.ad.scilifelab.se/massstorage/edfors%20lab/01_hot/Martha/RAW	PRM_20251128_MarthaReselection_Plate_2_D11	Homo sapiens	blood plasma	Plate_2	MarthaReselection	not available	not available	F	not available	not available	not available	not available	84	Plate_2_D11	MRTH1-0872	not available	1	AC=EFO:0009656;NT=plasma	run 179	proteomic profiling by mass spectrometry	PRM_20251128_MarthaReselection_Plate_2_D11.raw	PRM_20251128_MarthaReselection_Plate_2_D11.raw	NT=Parallel Reaction Monitoring;AC=MS:1002956	AC=MS:1002038;NT=label free sample	1	NT=High-performance liquid chromatography;AC=PRIDE:0000565	1	AC=MS:1001251;NT=Trypsin	not available	NT=Stellar;AC=MS:1003409	NT=Carbamidomethyl;AC=UNIMOD:4;TA=C;MT=Fixed	NT=Higher-energy Collisional Dissociation;AC=MS:1000422	27 NCE	40 ppm	0.05 Da	MRTH
PRM_20251128_MarthaReselection_Plate_2_F11	F	11	MRTH	71	RF11	0.1	C:\Xcalibur\methods\method1	smb://storage3.ad.scilifelab.se/massstorage/edfors%20lab/01_hot/Martha/RAW	PRM_20251128_MarthaReselection_Plate_2_F11	Homo sapiens	blood plasma	Plate_2	MarthaReselection	not available	not available	F	not available	not available	not available	not available	86	Plate_2_F11	MRTH1-1148	not available	1	AC=EFO:0009656;NT=plasma	run 180	proteomic profiling by mass spectrometry	PRM_20251128_MarthaReselection_Plate_2_F11.raw	PRM_20251128_MarthaReselection_Plate_2_F11.raw	NT=Parallel Reaction Monitoring;AC=MS:1002956	AC=MS:1002038;NT=label free sample	1	NT=High-performance liquid chromatography;AC=PRIDE:0000565	1	AC=MS:1001251;NT=Trypsin	not available	NT=Stellar;AC=MS:1003409	NT=Carbamidomethyl;AC=UNIMOD:4;TA=C;MT=Fixed	NT=Higher-energy Collisional Dissociation;AC=MS:1000422	27 NCE	40 ppm	0.05 Da	MRTH
PRM_20251128_MarthaReselection_Plate_2_G11	G	11	MRTH	83	RG11	0.1	C:\Xcalibur\methods\method1	smb://storage3.ad.scilifelab.se/massstorage/edfors%20lab/01_hot/Martha/RAW	PRM_20251128_MarthaReselection_Plate_2_G11	Homo sapiens	blood plasma	Plate_2	MarthaReselection	not available	not available	M	not available	not available	not available	not available	87	Plate_2_G11	MRTH1-0615	not available	1	AC=EFO:0009656;NT=plasma	run 181	proteomic profiling by mass spectrometry	PRM_20251128_MarthaReselection_Plate_2_G11.raw	PRM_20251128_MarthaReselection_Plate_2_G11.raw	NT=Parallel Reaction Monitoring;AC=MS:1002956	AC=MS:1002038;NT=label free sample	1	NT=High-performance liquid chromatography;AC=PRIDE:0000565	1	AC=MS:1001251;NT=Trypsin	not available	NT=Stellar;AC=MS:1003409	NT=Carbamidomethyl;AC=UNIMOD:4;TA=C;MT=Fixed	NT=Higher-energy Collisional Dissociation;AC=MS:1000422	27 NCE	40 ppm	0.05 Da	MRTH
PRM_20251128_MarthaReselection_Plate_2_H11	H	11	MRTH	95	RH11	0.1	C:\Xcalibur\methods\method1	smb://storage3.ad.scilifelab.se/massstorage/edfors%20lab/01_hot/Martha/RAW	PRM_20251128_MarthaReselection_Plate_2_H11	Homo sapiens	blood plasma	Plate_2	MarthaReselection	not available	not available	F	not available	not available	not available	not available	88	Plate_2_H11	MRTH1-0282	not available	1	AC=EFO:0009656;NT=plasma	run 182	proteomic profiling by mass spectrometry	PRM_20251128_MarthaReselection_Plate_2_H11.raw	PRM_20251128_MarthaReselection_Plate_2_H11.raw	NT=Parallel Reaction Monitoring;AC=MS:1002956	AC=MS:1002038;NT=label free sample	1	NT=High-performance liquid chromatography;AC=PRIDE:0000565	1	AC=MS:1001251;NT=Trypsin	not available	NT=Stellar;AC=MS:1003409	NT=Carbamidomethyl;AC=UNIMOD:4;TA=C;MT=Fixed	NT=Higher-energy Collisional Dissociation;AC=MS:1000422	27 NCE	40 ppm	0.05 Da	MRTH
PRM_20251128_MarthaReselection_Plate_2_A12	A	12	MRTH	12	RA12	0.1	C:\Xcalibur\methods\method1	smb://storage3.ad.scilifelab.se/massstorage/edfors%20lab/01_hot/Martha/RAW	PRM_20251128_MarthaReselection_Plate_2_A12	Homo sapiens	blood plasma	Plate_2	MarthaReselection	not available	not available	F	not available	not available	not available	not available	89	Plate_2_A12	MRTH1-0927	not available	1	AC=EFO:0009656;NT=plasma	run 183	proteomic profiling by mass spectrometry	PRM_20251128_MarthaReselection_Plate_2_A12.raw	PRM_20251128_MarthaReselection_Plate_2_A12.raw	NT=Parallel Reaction Monitoring;AC=MS:1002956	AC=MS:1002038;NT=label free sample	1	NT=High-performance liquid chromatography;AC=PRIDE:0000565	1	AC=MS:1001251;NT=Trypsin	not available	NT=Stellar;AC=MS:1003409	NT=Carbamidomethyl;AC=UNIMOD:4;TA=C;MT=Fixed	NT=Higher-energy Collisional Dissociation;AC=MS:1000422	27 NCE	40 ppm	0.05 Da	MRTH
PRM_20251128_MarthaReselection_Plate_2_B12	B	12	MRTH	24	RB12	0.1	C:\Xcalibur\methods\method1	smb://storage3.ad.scilifelab.se/massstorage/edfors%20lab/01_hot/Martha/RAW	PRM_20251128_MarthaReselection_Plate_2_B12	Homo sapiens	blood plasma	Plate_2	MarthaReselection	not available	not available	M	not available	not available	not available	not available	90	Plate_2_B12	MRTH1-0941	not available	1	AC=EFO:0009656;NT=plasma	run 184	proteomic profiling by mass spectrometry	PRM_20251128_MarthaReselection_Plate_2_B12.raw	PRM_20251128_MarthaReselection_Plate_2_B12.raw	NT=Parallel Reaction Monitoring;AC=MS:1002956	AC=MS:1002038;NT=label free sample	1	NT=High-performance liquid chromatography;AC=PRIDE:0000565	1	AC=MS:1001251;NT=Trypsin	not available	NT=Stellar;AC=MS:1003409	NT=Carbamidomethyl;AC=UNIMOD:4;TA=C;MT=Fixed	NT=Higher-energy Collisional Dissociation;AC=MS:1000422	27 NCE	40 ppm	0.05 Da	MRTH
PRM_20251128_MarthaReselection_Plate_2_C12	C	12	MRTH	36	RC12	0.1	C:\Xcalibur\methods\method1	smb://storage3.ad.scilifelab.se/massstorage/edfors%20lab/01_hot/Martha/RAW	PRM_20251128_MarthaReselection_Plate_2_C12	Homo sapiens	blood plasma	Plate_2	MarthaReselection	not available	not available	M	not available	not available	not available	not available	91	Plate_2_C12	MRTH1-0654	not available	1	AC=EFO:0009656;NT=plasma	run 185	proteomic profiling by mass spectrometry	PRM_20251128_MarthaReselection_Plate_2_C12.raw	PRM_20251128_MarthaReselection_Plate_2_C12.raw	NT=Parallel Reaction Monitoring;AC=MS:1002956	AC=MS:1002038;NT=label free sample	1	NT=High-performance liquid chromatography;AC=PRIDE:0000565	1	AC=MS:1001251;NT=Trypsin	not available	NT=Stellar;AC=MS:1003409	NT=Carbamidomethyl;AC=UNIMOD:4;TA=C;MT=Fixed	NT=Higher-energy Collisional Dissociation;AC=MS:1000422	27 NCE	40 ppm	0.05 Da	MRTH
PRM_20251128_MarthaReselection_Plate_2_D12	D	12	MRTH	48	RD12	0.1	C:\Xcalibur\methods\method1	smb://storage3.ad.scilifelab.se/massstorage/edfors%20lab/01_hot/Martha/RAW	PRM_20251128_MarthaReselection_Plate_2_D12	Homo sapiens	blood plasma	Plate_2	MarthaReselection	not available	not available	F	not available	not available	not available	not available	92	Plate_2_D12	MRTH1-0003	not available	1	AC=EFO:0009656;NT=plasma	run 186	proteomic profiling by mass spectrometry	PRM_20251128_MarthaReselection_Plate_2_D12.raw	PRM_20251128_MarthaReselection_Plate_2_D12.raw	NT=Parallel Reaction Monitoring;AC=MS:1002956	AC=MS:1002038;NT=label free sample	1	NT=High-performance liquid chromatography;AC=PRIDE:0000565	1	AC=MS:1001251;NT=Trypsin	not available	NT=Stellar;AC=MS:1003409	NT=Carbamidomethyl;AC=UNIMOD:4;TA=C;MT=Fixed	NT=Higher-energy Collisional Dissociation;AC=MS:1000422	27 NCE	40 ppm	0.05 Da	MRTH
PRM_20251128_MarthaReselection_Plate_2_F12	F	12	Pool	72	RF12	0.1	C:\Xcalibur\methods\method1	smb://storage3.ad.scilifelab.se/massstorage/edfors%20lab/01_hot/Martha/RAW	PRM_20251128_MarthaReselection_Plate_2_F12	Homo sapiens	blood plasma	Plate_2	MarthaReselection	not available	not available	NA	not available	not available	not available	not available	94	Plate_2_F12	EMPTY-0001	not available	1	AC=EFO:0009656;NT=plasma	run 187	proteomic profiling by mass spectrometry	PRM_20251128_MarthaReselection_Plate_2_F12.raw	PRM_20251128_MarthaReselection_Plate_2_F12.raw	NT=Parallel Reaction Monitoring;AC=MS:1002956	AC=MS:1002038;NT=label free sample	1	NT=High-performance liquid chromatography;AC=PRIDE:0000565	1	AC=MS:1001251;NT=Trypsin	not available	NT=Stellar;AC=MS:1003409	NT=Carbamidomethyl;AC=UNIMOD:4;TA=C;MT=Fixed	NT=Higher-energy Collisional Dissociation;AC=MS:1000422	27 NCE	40 ppm	0.05 Da	Pool
PRM_20251128_MarthaReselection_Plate_2_G12	G	12	Pool	84	RG12	0.1	C:\Xcalibur\methods\method1	smb://storage3.ad.scilifelab.se/massstorage/edfors%20lab/01_hot/Martha/RAW	PRM_20251128_MarthaReselection_Plate_2_G12	Homo sapiens	blood plasma	Plate_2	MarthaReselection	not available	not available	NA	not available	not available	not available	not available	95	Plate_2_G12	EMPTY-0001	not available	1	AC=EFO:0009656;NT=plasma	run 188	proteomic profiling by mass spectrometry	PRM_20251128_MarthaReselection_Plate_2_G12.raw	PRM_20251128_MarthaReselection_Plate_2_G12.raw	NT=Parallel Reaction Monitoring;AC=MS:1002956	AC=MS:1002038;NT=label free sample	1	NT=High-performance liquid chromatography;AC=PRIDE:0000565	1	AC=MS:1001251;NT=Trypsin	not available	NT=Stellar;AC=MS:1003409	NT=Carbamidomethyl;AC=UNIMOD:4;TA=C;MT=Fixed	NT=Higher-energy Collisional Dissociation;AC=MS:1000422	27 NCE	40 ppm	0.05 Da	Pool
PRM_20251128_MarthaReselection_Plate_2_H12	H	12	Pool	96	RH12	0.1	C:\Xcalibur\methods\method1	smb://storage3.ad.scilifelab.se/massstorage/edfors%20lab/01_hot/Martha/RAW	PRM_20251128_MarthaReselection_Plate_2_H12	Homo sapiens	blood plasma	Plate_2	MarthaReselection	not available	not available	NA	not available	not available	not available	not available	96	Plate_2_H12	EMPTY-0001	not available	1	AC=EFO:0009656;NT=plasma	run 189	proteomic profiling by mass spectrometry	PRM_20251128_MarthaReselection_Plate_2_H12.raw	PRM_20251128_MarthaReselection_Plate_2_H12.raw	NT=Parallel Reaction Monitoring;AC=MS:1002956	AC=MS:1002038;NT=label free sample	1	NT=High-performance liquid chromatography;AC=PRIDE:0000565	1	AC=MS:1001251;NT=Trypsin	not available	NT=Stellar;AC=MS:1003409	NT=Carbamidomethyl;AC=UNIMOD:4;TA=C;MT=Fixed	NT=Higher-energy Collisional Dissociation;AC=MS:1000422	27 NCE	40 ppm	0.05 Da	Pool
PRM_20251203_MarthaReselection_Plate_3_A1	A	1	MRTH	1	RA1	0.1	C:\Xcalibur\methods\method1	smb://storage3.ad.scilifelab.se/massstorage/edfors%20lab/01_hot/Martha/RAW	PRM_20251203_MarthaReselection_Plate_3_A1	Homo sapiens	blood plasma	Plate_3	MarthaReselection	not available	not available	M	not available	not available	not available	not available	1	Plate_3_A1	MRTH1-1165	not available	1	AC=EFO:0009656;NT=plasma	run 190	proteomic profiling by mass spectrometry	PRM_20251203_MarthaReselection_Plate_3_A1.raw	PRM_20251203_MarthaReselection_Plate_3_A1.raw	NT=Parallel Reaction Monitoring;AC=MS:1002956	AC=MS:1002038;NT=label free sample	1	NT=High-performance liquid chromatography;AC=PRIDE:0000565	1	AC=MS:1001251;NT=Trypsin	not available	NT=Stellar;AC=MS:1003409	NT=Carbamidomethyl;AC=UNIMOD:4;TA=C;MT=Fixed	NT=Higher-energy Collisional Dissociation;AC=MS:1000422	27 NCE	40 ppm	0.05 Da	MRTH
PRM_20251203_MarthaReselection_Plate_3_B1	B	1	MRTH	13	RB1	0.1	C:\Xcalibur\methods\method1	smb://storage3.ad.scilifelab.se/massstorage/edfors%20lab/01_hot/Martha/RAW	PRM_20251203_MarthaReselection_Plate_3_B1	Homo sapiens	blood plasma	Plate_3	MarthaReselection	not available	not available	F	not available	not available	not available	not available	2	Plate_3_B1	MRTH1-1050	not available	1	AC=EFO:0009656;NT=plasma	run 191	proteomic profiling by mass spectrometry	PRM_20251203_MarthaReselection_Plate_3_B1.raw	PRM_20251203_MarthaReselection_Plate_3_B1.raw	NT=Parallel Reaction Monitoring;AC=MS:1002956	AC=MS:1002038;NT=label free sample	1	NT=High-performance liquid chromatography;AC=PRIDE:0000565	1	AC=MS:1001251;NT=Trypsin	not available	NT=Stellar;AC=MS:1003409	NT=Carbamidomethyl;AC=UNIMOD:4;TA=C;MT=Fixed	NT=Higher-energy Collisional Dissociation;AC=MS:1000422	27 NCE	40 ppm	0.05 Da	MRTH
PRM_20251203_MarthaReselection_Plate_3_C1	C	1	MRTH	25	RC1	0.1	C:\Xcalibur\methods\method1	smb://storage3.ad.scilifelab.se/massstorage/edfors%20lab/01_hot/Martha/RAW	PRM_20251203_MarthaReselection_Plate_3_C1	Homo sapiens	blood plasma	Plate_3	MarthaReselection	not available	not available	M	not available	not available	not available	not available	3	Plate_3_C1	MRTH1-1066	not available	1	AC=EFO:0009656;NT=plasma	run 192	proteomic profiling by mass spectrometry	PRM_20251203_MarthaReselection_Plate_3_C1.raw	PRM_20251203_MarthaReselection_Plate_3_C1.raw	NT=Parallel Reaction Monitoring;AC=MS:1002956	AC=MS:1002038;NT=label free sample	1	NT=High-performance liquid chromatography;AC=PRIDE:0000565	1	AC=MS:1001251;NT=Trypsin	not available	NT=Stellar;AC=MS:1003409	NT=Carbamidomethyl;AC=UNIMOD:4;TA=C;MT=Fixed	NT=Higher-energy Collisional Dissociation;AC=MS:1000422	27 NCE	40 ppm	0.05 Da	MRTH
PRM_20251203_MarthaReselection_Plate_3_D1	D	1	MRTH	37	RD1	0.1	C:\Xcalibur\methods\method1	smb://storage3.ad.scilifelab.se/massstorage/edfors%20lab/01_hot/Martha/RAW	PRM_20251203_MarthaReselection_Plate_3_D1	Homo sapiens	blood plasma	Plate_3	MarthaReselection	not available	not available	M	not available	not available	not available	not available	4	Plate_3_D1	MRTH1-0059	not available	1	AC=EFO:0009656;NT=plasma	run 193	proteomic profiling by mass spectrometry	PRM_20251203_MarthaReselection_Plate_3_D1.raw	PRM_20251203_MarthaReselection_Plate_3_D1.raw	NT=Parallel Reaction Monitoring;AC=MS:1002956	AC=MS:1002038;NT=label free sample	1	NT=High-performance liquid chromatography;AC=PRIDE:0000565	1	AC=MS:1001251;NT=Trypsin	not available	NT=Stellar;AC=MS:1003409	NT=Carbamidomethyl;AC=UNIMOD:4;TA=C;MT=Fixed	NT=Higher-energy Collisional Dissociation;AC=MS:1000422	27 NCE	40 ppm	0.05 Da	MRTH
PRM_20251203_MarthaReselection_Plate_3_E1	E	1	MRTH	49	RE1	0.1	C:\Xcalibur\methods\method1	smb://storage3.ad.scilifelab.se/massstorage/edfors%20lab/01_hot/Martha/RAW	PRM_20251203_MarthaReselection_Plate_3_E1	Homo sapiens	blood plasma	Plate_3	MarthaReselection	not available	not available	M	not available	not available	not available	not available	5	Plate_3_E1	MRTH1-1286	not available	1	AC=EFO:0009656;NT=plasma	run 194	proteomic profiling by mass spectrometry	PRM_20251203_MarthaReselection_Plate_3_E1.raw	PRM_20251203_MarthaReselection_Plate_3_E1.raw	NT=Parallel Reaction Monitoring;AC=MS:1002956	AC=MS:1002038;NT=label free sample	1	NT=High-performance liquid chromatography;AC=PRIDE:0000565	1	AC=MS:1001251;NT=Trypsin	not available	NT=Stellar;AC=MS:1003409	NT=Carbamidomethyl;AC=UNIMOD:4;TA=C;MT=Fixed	NT=Higher-energy Collisional Dissociation;AC=MS:1000422	27 NCE	40 ppm	0.05 Da	MRTH
PRM_20251203_MarthaReselection_Plate_3_F1	F	1	MRTH	61	RF1	0.1	C:\Xcalibur\methods\method1	smb://storage3.ad.scilifelab.se/massstorage/edfors%20lab/01_hot/Martha/RAW	PRM_20251203_MarthaReselection_Plate_3_F1	Homo sapiens	blood plasma	Plate_3	MarthaReselection	not available	not available	M	not available	not available	not available	not available	6	Plate_3_F1	MRTH1-0947	not available	1	AC=EFO:0009656;NT=plasma	run 195	proteomic profiling by mass spectrometry	PRM_20251203_MarthaReselection_Plate_3_F1.raw	PRM_20251203_MarthaReselection_Plate_3_F1.raw	NT=Parallel Reaction Monitoring;AC=MS:1002956	AC=MS:1002038;NT=label free sample	1	NT=High-performance liquid chromatography;AC=PRIDE:0000565	1	AC=MS:1001251;NT=Trypsin	not available	NT=Stellar;AC=MS:1003409	NT=Carbamidomethyl;AC=UNIMOD:4;TA=C;MT=Fixed	NT=Higher-energy Collisional Dissociation;AC=MS:1000422	27 NCE	40 ppm	0.05 Da	MRTH
PRM_20251203_MarthaReselection_Plate_3_G1	G	1	MRTH	73	RG1	0.1	C:\Xcalibur\methods\method1	smb://storage3.ad.scilifelab.se/massstorage/edfors%20lab/01_hot/Martha/RAW	PRM_20251203_MarthaReselection_Plate_3_G1	Homo sapiens	blood plasma	Plate_3	MarthaReselection	not available	not available	F	not available	not available	not available	not available	7	Plate_3_G1	MRTH1-0376	not available	1	AC=EFO:0009656;NT=plasma	run 196	proteomic profiling by mass spectrometry	PRM_20251203_MarthaReselection_Plate_3_G1.raw	PRM_20251203_MarthaReselection_Plate_3_G1.raw	NT=Parallel Reaction Monitoring;AC=MS:1002956	AC=MS:1002038;NT=label free sample	1	NT=High-performance liquid chromatography;AC=PRIDE:0000565	1	AC=MS:1001251;NT=Trypsin	not available	NT=Stellar;AC=MS:1003409	NT=Carbamidomethyl;AC=UNIMOD:4;TA=C;MT=Fixed	NT=Higher-energy Collisional Dissociation;AC=MS:1000422	27 NCE	40 ppm	0.05 Da	MRTH
PRM_20251203_MarthaReselection_Plate_3_H1	H	1	MRTH	85	RH1	0.1	C:\Xcalibur\methods\method1	smb://storage3.ad.scilifelab.se/massstorage/edfors%20lab/01_hot/Martha/RAW	PRM_20251203_MarthaReselection_Plate_3_H1	Homo sapiens	blood plasma	Plate_3	MarthaReselection	not available	not available	F	not available	not available	not available	not available	8	Plate_3_H1	MRTH1-1011	not available	1	AC=EFO:0009656;NT=plasma	run 197	proteomic profiling by mass spectrometry	PRM_20251203_MarthaReselection_Plate_3_H1.raw	PRM_20251203_MarthaReselection_Plate_3_H1.raw	NT=Parallel Reaction Monitoring;AC=MS:1002956	AC=MS:1002038;NT=label free sample	1	NT=High-performance liquid chromatography;AC=PRIDE:0000565	1	AC=MS:1001251;NT=Trypsin	not available	NT=Stellar;AC=MS:1003409	NT=Carbamidomethyl;AC=UNIMOD:4;TA=C;MT=Fixed	NT=Higher-energy Collisional Dissociation;AC=MS:1000422	27 NCE	40 ppm	0.05 Da	MRTH
PRM_20251203_MarthaReselection_Plate_3_A2	A	2	MRTH	2	RA2	0.1	C:\Xcalibur\methods\method1	smb://storage3.ad.scilifelab.se/massstorage/edfors%20lab/01_hot/Martha/RAW	PRM_20251203_MarthaReselection_Plate_3_A2	Homo sapiens	blood plasma	Plate_3	MarthaReselection	not available	not available	F	not available	not available	not available	not available	9	Plate_3_A2	MRTH1-0244	not available	1	AC=EFO:0009656;NT=plasma	run 198	proteomic profiling by mass spectrometry	PRM_20251203_MarthaReselection_Plate_3_A2.raw	PRM_20251203_MarthaReselection_Plate_3_A2.raw	NT=Parallel Reaction Monitoring;AC=MS:1002956	AC=MS:1002038;NT=label free sample	1	NT=High-performance liquid chromatography;AC=PRIDE:0000565	1	AC=MS:1001251;NT=Trypsin	not available	NT=Stellar;AC=MS:1003409	NT=Carbamidomethyl;AC=UNIMOD:4;TA=C;MT=Fixed	NT=Higher-energy Collisional Dissociation;AC=MS:1000422	27 NCE	40 ppm	0.05 Da	MRTH
PRM_20251203_MarthaReselection_Plate_3_B2	B	2	MRTH	14	RB2	0.1	C:\Xcalibur\methods\method1	smb://storage3.ad.scilifelab.se/massstorage/edfors%20lab/01_hot/Martha/RAW	PRM_20251203_MarthaReselection_Plate_3_B2	Homo sapiens	blood plasma	Plate_3	MarthaReselection	not available	not available	M	not available	not available	not available	not available	10	Plate_3_B2	MRTH1-0873	not available	1	AC=EFO:0009656;NT=plasma	run 199	proteomic profiling by mass spectrometry	PRM_20251203_MarthaReselection_Plate_3_B2.raw	PRM_20251203_MarthaReselection_Plate_3_B2.raw	NT=Parallel Reaction Monitoring;AC=MS:1002956	AC=MS:1002038;NT=label free sample	1	NT=High-performance liquid chromatography;AC=PRIDE:0000565	1	AC=MS:1001251;NT=Trypsin	not available	NT=Stellar;AC=MS:1003409	NT=Carbamidomethyl;AC=UNIMOD:4;TA=C;MT=Fixed	NT=Higher-energy Collisional Dissociation;AC=MS:1000422	27 NCE	40 ppm	0.05 Da	MRTH
PRM_20251203_MarthaReselection_Plate_3_C2	C	2	MRTH	26	RC2	0.1	C:\Xcalibur\methods\method1	smb://storage3.ad.scilifelab.se/massstorage/edfors%20lab/01_hot/Martha/RAW	PRM_20251203_MarthaReselection_Plate_3_C2	Homo sapiens	blood plasma	Plate_3	MarthaReselection	not available	not available	F	not available	not available	not available	not available	11	Plate_3_C2	MRTH1-1387	not available	1	AC=EFO:0009656;NT=plasma	run 200	proteomic profiling by mass spectrometry	PRM_20251203_MarthaReselection_Plate_3_C2.raw	PRM_20251203_MarthaReselection_Plate_3_C2.raw	NT=Parallel Reaction Monitoring;AC=MS:1002956	AC=MS:1002038;NT=label free sample	1	NT=High-performance liquid chromatography;AC=PRIDE:0000565	1	AC=MS:1001251;NT=Trypsin	not available	NT=Stellar;AC=MS:1003409	NT=Carbamidomethyl;AC=UNIMOD:4;TA=C;MT=Fixed	NT=Higher-energy Collisional Dissociation;AC=MS:1000422	27 NCE	40 ppm	0.05 Da	MRTH
PRM_20251203_MarthaReselection_Plate_3_D2	D	2	Pool	38	RD2	0.1	C:\Xcalibur\methods\method1	smb://storage3.ad.scilifelab.se/massstorage/edfors%20lab/01_hot/Martha/RAW	PRM_20251203_MarthaReselection_Plate_3_D2	Homo sapiens	blood plasma	Plate_3	MarthaReselection	not available	not available	NA	not available	not available	not available	not available	12	Plate_3_D2	EMPTY-0001	not available	1	AC=EFO:0009656;NT=plasma	run 201	proteomic profiling by mass spectrometry	PRM_20251203_MarthaReselection_Plate_3_D2.raw	PRM_20251203_MarthaReselection_Plate_3_D2.raw	NT=Parallel Reaction Monitoring;AC=MS:1002956	AC=MS:1002038;NT=label free sample	1	NT=High-performance liquid chromatography;AC=PRIDE:0000565	1	AC=MS:1001251;NT=Trypsin	not available	NT=Stellar;AC=MS:1003409	NT=Carbamidomethyl;AC=UNIMOD:4;TA=C;MT=Fixed	NT=Higher-energy Collisional Dissociation;AC=MS:1000422	27 NCE	40 ppm	0.05 Da	Pool
PRM_20251203_MarthaReselection_Plate_3_E2	E	2	MRTH	50	RE2	0.1	C:\Xcalibur\methods\method1	smb://storage3.ad.scilifelab.se/massstorage/edfors%20lab/01_hot/Martha/RAW	PRM_20251203_MarthaReselection_Plate_3_E2	Homo sapiens	blood plasma	Plate_3	MarthaReselection	not available	not available	F	not available	not available	not available	not available	13	Plate_3_E2	MRTH1-0666	not available	1	AC=EFO:0009656;NT=plasma	run 202	proteomic profiling by mass spectrometry	PRM_20251203_MarthaReselection_Plate_3_E2.raw	PRM_20251203_MarthaReselection_Plate_3_E2.raw	NT=Parallel Reaction Monitoring;AC=MS:1002956	AC=MS:1002038;NT=label free sample	1	NT=High-performance liquid chromatography;AC=PRIDE:0000565	1	AC=MS:1001251;NT=Trypsin	not available	NT=Stellar;AC=MS:1003409	NT=Carbamidomethyl;AC=UNIMOD:4;TA=C;MT=Fixed	NT=Higher-energy Collisional Dissociation;AC=MS:1000422	27 NCE	40 ppm	0.05 Da	MRTH
PRM_20251203_MarthaReselection_Plate_3_F2	F	2	MRTH	62	RF2	0.1	C:\Xcalibur\methods\method1	smb://storage3.ad.scilifelab.se/massstorage/edfors%20lab/01_hot/Martha/RAW	PRM_20251203_MarthaReselection_Plate_3_F2	Homo sapiens	blood plasma	Plate_3	MarthaReselection	not available	not available	F	not available	not available	not available	not available	14	Plate_3_F2	MRTH1-1193	not available	1	AC=EFO:0009656;NT=plasma	run 203	proteomic profiling by mass spectrometry	PRM_20251203_MarthaReselection_Plate_3_F2.raw	PRM_20251203_MarthaReselection_Plate_3_F2.raw	NT=Parallel Reaction Monitoring;AC=MS:1002956	AC=MS:1002038;NT=label free sample	1	NT=High-performance liquid chromatography;AC=PRIDE:0000565	1	AC=MS:1001251;NT=Trypsin	not available	NT=Stellar;AC=MS:1003409	NT=Carbamidomethyl;AC=UNIMOD:4;TA=C;MT=Fixed	NT=Higher-energy Collisional Dissociation;AC=MS:1000422	27 NCE	40 ppm	0.05 Da	MRTH
PRM_20251203_MarthaReselection_Plate_3_G2	G	2	MRTH	74	RG2	0.1	C:\Xcalibur\methods\method1	smb://storage3.ad.scilifelab.se/massstorage/edfors%20lab/01_hot/Martha/RAW	PRM_20251203_MarthaReselection_Plate_3_G2	Homo sapiens	blood plasma	Plate_3	MarthaReselection	not available	not available	F	not available	not available	not available	not available	15	Plate_3_G2	MRTH1-0980	not available	1	AC=EFO:0009656;NT=plasma	run 204	proteomic profiling by mass spectrometry	PRM_20251203_MarthaReselection_Plate_3_G2.raw	PRM_20251203_MarthaReselection_Plate_3_G2.raw	NT=Parallel Reaction Monitoring;AC=MS:1002956	AC=MS:1002038;NT=label free sample	1	NT=High-performance liquid chromatography;AC=PRIDE:0000565	1	AC=MS:1001251;NT=Trypsin	not available	NT=Stellar;AC=MS:1003409	NT=Carbamidomethyl;AC=UNIMOD:4;TA=C;MT=Fixed	NT=Higher-energy Collisional Dissociation;AC=MS:1000422	27 NCE	40 ppm	0.05 Da	MRTH
PRM_20251203_MarthaReselection_Plate_3_H2	H	2	MRTH	86	RH2	0.1	C:\Xcalibur\methods\method1	smb://storage3.ad.scilifelab.se/massstorage/edfors%20lab/01_hot/Martha/RAW	PRM_20251203_MarthaReselection_Plate_3_H2	Homo sapiens	blood plasma	Plate_3	MarthaReselection	not available	not available	F	not available	not available	not available	not available	16	Plate_3_H2	MRTH1-0532	not available	1	AC=EFO:0009656;NT=plasma	run 205	proteomic profiling by mass spectrometry	PRM_20251203_MarthaReselection_Plate_3_H2.raw	PRM_20251203_MarthaReselection_Plate_3_H2.raw	NT=Parallel Reaction Monitoring;AC=MS:1002956	AC=MS:1002038;NT=label free sample	1	NT=High-performance liquid chromatography;AC=PRIDE:0000565	1	AC=MS:1001251;NT=Trypsin	not available	NT=Stellar;AC=MS:1003409	NT=Carbamidomethyl;AC=UNIMOD:4;TA=C;MT=Fixed	NT=Higher-energy Collisional Dissociation;AC=MS:1000422	27 NCE	40 ppm	0.05 Da	MRTH
PRM_20251203_MarthaReselection_Plate_3_A3	A	3	MRTH	3	RA3	0.1	C:\Xcalibur\methods\method1	smb://storage3.ad.scilifelab.se/massstorage/edfors%20lab/01_hot/Martha/RAW	PRM_20251203_MarthaReselection_Plate_3_A3	Homo sapiens	blood plasma	Plate_3	MarthaReselection	not available	not available	F	not available	not available	not available	not available	17	Plate_3_A3	MRTH1-0049	not available	1	AC=EFO:0009656;NT=plasma	run 206	proteomic profiling by mass spectrometry	PRM_20251203_MarthaReselection_Plate_3_A3.raw	PRM_20251203_MarthaReselection_Plate_3_A3.raw	NT=Parallel Reaction Monitoring;AC=MS:1002956	AC=MS:1002038;NT=label free sample	1	NT=High-performance liquid chromatography;AC=PRIDE:0000565	1	AC=MS:1001251;NT=Trypsin	not available	NT=Stellar;AC=MS:1003409	NT=Carbamidomethyl;AC=UNIMOD:4;TA=C;MT=Fixed	NT=Higher-energy Collisional Dissociation;AC=MS:1000422	27 NCE	40 ppm	0.05 Da	MRTH
PRM_20251203_MarthaReselection_Plate_3_B3	B	3	MRTH	15	RB3	0.1	C:\Xcalibur\methods\method1	smb://storage3.ad.scilifelab.se/massstorage/edfors%20lab/01_hot/Martha/RAW	PRM_20251203_MarthaReselection_Plate_3_B3	Homo sapiens	blood plasma	Plate_3	MarthaReselection	not available	not available	M	not available	not available	not available	not available	18	Plate_3_B3	MRTH1-0254	not available	1	AC=EFO:0009656;NT=plasma	run 207	proteomic profiling by mass spectrometry	PRM_20251203_MarthaReselection_Plate_3_B3.raw	PRM_20251203_MarthaReselection_Plate_3_B3.raw	NT=Parallel Reaction Monitoring;AC=MS:1002956	AC=MS:1002038;NT=label free sample	1	NT=High-performance liquid chromatography;AC=PRIDE:0000565	1	AC=MS:1001251;NT=Trypsin	not available	NT=Stellar;AC=MS:1003409	NT=Carbamidomethyl;AC=UNIMOD:4;TA=C;MT=Fixed	NT=Higher-energy Collisional Dissociation;AC=MS:1000422	27 NCE	40 ppm	0.05 Da	MRTH
PRM_20251203_MarthaReselection_Plate_3_C3	C	3	MRTH	27	RC3	0.1	C:\Xcalibur\methods\method1	smb://storage3.ad.scilifelab.se/massstorage/edfors%20lab/01_hot/Martha/RAW	PRM_20251203_MarthaReselection_Plate_3_C3	Homo sapiens	blood plasma	Plate_3	MarthaReselection	not available	not available	M	not available	not available	not available	not available	19	Plate_3_C3	MRTH1-1173	not available	1	AC=EFO:0009656;NT=plasma	run 208	proteomic profiling by mass spectrometry	PRM_20251203_MarthaReselection_Plate_3_C3.raw	PRM_20251203_MarthaReselection_Plate_3_C3.raw	NT=Parallel Reaction Monitoring;AC=MS:1002956	AC=MS:1002038;NT=label free sample	1	NT=High-performance liquid chromatography;AC=PRIDE:0000565	1	AC=MS:1001251;NT=Trypsin	not available	NT=Stellar;AC=MS:1003409	NT=Carbamidomethyl;AC=UNIMOD:4;TA=C;MT=Fixed	NT=Higher-energy Collisional Dissociation;AC=MS:1000422	27 NCE	40 ppm	0.05 Da	MRTH
PRM_20251203_MarthaReselection_Plate_3_D3	D	3	MRTH	39	RD3	0.1	C:\Xcalibur\methods\method1	smb://storage3.ad.scilifelab.se/massstorage/edfors%20lab/01_hot/Martha/RAW	PRM_20251203_MarthaReselection_Plate_3_D3	Homo sapiens	blood plasma	Plate_3	MarthaReselection	not available	not available	F	not available	not available	not available	not available	20	Plate_3_D3	MRTH1-0898	not available	1	AC=EFO:0009656;NT=plasma	run 209	proteomic profiling by mass spectrometry	PRM_20251203_MarthaReselection_Plate_3_D3.raw	PRM_20251203_MarthaReselection_Plate_3_D3.raw	NT=Parallel Reaction Monitoring;AC=MS:1002956	AC=MS:1002038;NT=label free sample	1	NT=High-performance liquid chromatography;AC=PRIDE:0000565	1	AC=MS:1001251;NT=Trypsin	not available	NT=Stellar;AC=MS:1003409	NT=Carbamidomethyl;AC=UNIMOD:4;TA=C;MT=Fixed	NT=Higher-energy Collisional Dissociation;AC=MS:1000422	27 NCE	40 ppm	0.05 Da	MRTH
PRM_20251203_MarthaReselection_Plate_3_E3	E	3	MRTH	51	RE3	0.1	C:\Xcalibur\methods\method1	smb://storage3.ad.scilifelab.se/massstorage/edfors%20lab/01_hot/Martha/RAW	PRM_20251203_MarthaReselection_Plate_3_E3	Homo sapiens	blood plasma	Plate_3	MarthaReselection	not available	not available	F	not available	not available	not available	not available	21	Plate_3_E3	MRTH1-0762	not available	1	AC=EFO:0009656;NT=plasma	run 210	proteomic profiling by mass spectrometry	PRM_20251203_MarthaReselection_Plate_3_E3.raw	PRM_20251203_MarthaReselection_Plate_3_E3.raw	NT=Parallel Reaction Monitoring;AC=MS:1002956	AC=MS:1002038;NT=label free sample	1	NT=High-performance liquid chromatography;AC=PRIDE:0000565	1	AC=MS:1001251;NT=Trypsin	not available	NT=Stellar;AC=MS:1003409	NT=Carbamidomethyl;AC=UNIMOD:4;TA=C;MT=Fixed	NT=Higher-energy Collisional Dissociation;AC=MS:1000422	27 NCE	40 ppm	0.05 Da	MRTH
PRM_20251203_MarthaReselection_Plate_3_F3	F	3	MRTH	63	RF3	0.1	C:\Xcalibur\methods\method1	smb://storage3.ad.scilifelab.se/massstorage/edfors%20lab/01_hot/Martha/RAW	PRM_20251203_MarthaReselection_Plate_3_F3	Homo sapiens	blood plasma	Plate_3	MarthaReselection	not available	not available	F	not available	not available	not available	not available	22	Plate_3_F3	MRTH1-0054	not available	1	AC=EFO:0009656;NT=plasma	run 211	proteomic profiling by mass spectrometry	PRM_20251203_MarthaReselection_Plate_3_F3.raw	PRM_20251203_MarthaReselection_Plate_3_F3.raw	NT=Parallel Reaction Monitoring;AC=MS:1002956	AC=MS:1002038;NT=label free sample	1	NT=High-performance liquid chromatography;AC=PRIDE:0000565	1	AC=MS:1001251;NT=Trypsin	not available	NT=Stellar;AC=MS:1003409	NT=Carbamidomethyl;AC=UNIMOD:4;TA=C;MT=Fixed	NT=Higher-energy Collisional Dissociation;AC=MS:1000422	27 NCE	40 ppm	0.05 Da	MRTH
PRM_20251203_MarthaReselection_Plate_3_G3	G	3	MRTH	75	RG3	0.1	C:\Xcalibur\methods\method1	smb://storage3.ad.scilifelab.se/massstorage/edfors%20lab/01_hot/Martha/RAW	PRM_20251203_MarthaReselection_Plate_3_G3	Homo sapiens	blood plasma	Plate_3	MarthaReselection	not available	not available	M	not available	not available	not available	not available	23	Plate_3_G3	MRTH1-1168	not available	1	AC=EFO:0009656;NT=plasma	run 212	proteomic profiling by mass spectrometry	PRM_20251203_MarthaReselection_Plate_3_G3.raw	PRM_20251203_MarthaReselection_Plate_3_G3.raw	NT=Parallel Reaction Monitoring;AC=MS:1002956	AC=MS:1002038;NT=label free sample	1	NT=High-performance liquid chromatography;AC=PRIDE:0000565	1	AC=MS:1001251;NT=Trypsin	not available	NT=Stellar;AC=MS:1003409	NT=Carbamidomethyl;AC=UNIMOD:4;TA=C;MT=Fixed	NT=Higher-energy Collisional Dissociation;AC=MS:1000422	27 NCE	40 ppm	0.05 Da	MRTH
PRM_20251203_MarthaReselection_Plate_3_H3	H	3	MRTH	87	RH3	0.1	C:\Xcalibur\methods\method1	smb://storage3.ad.scilifelab.se/massstorage/edfors%20lab/01_hot/Martha/RAW	PRM_20251203_MarthaReselection_Plate_3_H3	Homo sapiens	blood plasma	Plate_3	MarthaReselection	not available	not available	F	not available	not available	not available	not available	24	Plate_3_H3	MRTH1-0520	not available	1	AC=EFO:0009656;NT=plasma	run 213	proteomic profiling by mass spectrometry	PRM_20251203_MarthaReselection_Plate_3_H3.raw	PRM_20251203_MarthaReselection_Plate_3_H3.raw	NT=Parallel Reaction Monitoring;AC=MS:1002956	AC=MS:1002038;NT=label free sample	1	NT=High-performance liquid chromatography;AC=PRIDE:0000565	1	AC=MS:1001251;NT=Trypsin	not available	NT=Stellar;AC=MS:1003409	NT=Carbamidomethyl;AC=UNIMOD:4;TA=C;MT=Fixed	NT=Higher-energy Collisional Dissociation;AC=MS:1000422	27 NCE	40 ppm	0.05 Da	MRTH
PRM_20251203_MarthaReselection_Plate_3_A4	A	4	MRTH	4	RA4	0.1	C:\Xcalibur\methods\method1	smb://storage3.ad.scilifelab.se/massstorage/edfors%20lab/01_hot/Martha/RAW	PRM_20251203_MarthaReselection_Plate_3_A4	Homo sapiens	blood plasma	Plate_3	MarthaReselection	not available	not available	F	not available	not available	not available	not available	25	Plate_3_A4	MRTH1-0070	not available	1	AC=EFO:0009656;NT=plasma	run 214	proteomic profiling by mass spectrometry	PRM_20251203_MarthaReselection_Plate_3_A4.raw	PRM_20251203_MarthaReselection_Plate_3_A4.raw	NT=Parallel Reaction Monitoring;AC=MS:1002956	AC=MS:1002038;NT=label free sample	1	NT=High-performance liquid chromatography;AC=PRIDE:0000565	1	AC=MS:1001251;NT=Trypsin	not available	NT=Stellar;AC=MS:1003409	NT=Carbamidomethyl;AC=UNIMOD:4;TA=C;MT=Fixed	NT=Higher-energy Collisional Dissociation;AC=MS:1000422	27 NCE	40 ppm	0.05 Da	MRTH
PRM_20251203_MarthaReselection_Plate_3_B4	B	4	MRTH	16	RB4	0.1	C:\Xcalibur\methods\method1	smb://storage3.ad.scilifelab.se/massstorage/edfors%20lab/01_hot/Martha/RAW	PRM_20251203_MarthaReselection_Plate_3_B4	Homo sapiens	blood plasma	Plate_3	MarthaReselection	not available	not available	F	not available	not available	not available	not available	26	Plate_3_B4	MRTH1-0340	not available	1	AC=EFO:0009656;NT=plasma	run 215	proteomic profiling by mass spectrometry	PRM_20251203_MarthaReselection_Plate_3_B4.raw	PRM_20251203_MarthaReselection_Plate_3_B4.raw	NT=Parallel Reaction Monitoring;AC=MS:1002956	AC=MS:1002038;NT=label free sample	1	NT=High-performance liquid chromatography;AC=PRIDE:0000565	1	AC=MS:1001251;NT=Trypsin	not available	NT=Stellar;AC=MS:1003409	NT=Carbamidomethyl;AC=UNIMOD:4;TA=C;MT=Fixed	NT=Higher-energy Collisional Dissociation;AC=MS:1000422	27 NCE	40 ppm	0.05 Da	MRTH
PRM_20251203_MarthaReselection_Plate_3_C4	C	4	MRTH	28	RC4	0.1	C:\Xcalibur\methods\method1	smb://storage3.ad.scilifelab.se/massstorage/edfors%20lab/01_hot/Martha/RAW	PRM_20251203_MarthaReselection_Plate_3_C4	Homo sapiens	blood plasma	Plate_3	MarthaReselection	not available	not available	F	not available	not available	not available	not available	27	Plate_3_C4	MRTH1-0144	not available	1	AC=EFO:0009656;NT=plasma	run 216	proteomic profiling by mass spectrometry	PRM_20251203_MarthaReselection_Plate_3_C4.raw	PRM_20251203_MarthaReselection_Plate_3_C4.raw	NT=Parallel Reaction Monitoring;AC=MS:1002956	AC=MS:1002038;NT=label free sample	1	NT=High-performance liquid chromatography;AC=PRIDE:0000565	1	AC=MS:1001251;NT=Trypsin	not available	NT=Stellar;AC=MS:1003409	NT=Carbamidomethyl;AC=UNIMOD:4;TA=C;MT=Fixed	NT=Higher-energy Collisional Dissociation;AC=MS:1000422	27 NCE	40 ppm	0.05 Da	MRTH
PRM_20251203_MarthaReselection_Plate_3_D4	D	4	MRTH	40	RD4	0.1	C:\Xcalibur\methods\method1	smb://storage3.ad.scilifelab.se/massstorage/edfors%20lab/01_hot/Martha/RAW	PRM_20251203_MarthaReselection_Plate_3_D4	Homo sapiens	blood plasma	Plate_3	MarthaReselection	not available	not available	M	not available	not available	not available	not available	28	Plate_3_D4	MRTH1-0097	not available	1	AC=EFO:0009656;NT=plasma	run 217	proteomic profiling by mass spectrometry	PRM_20251203_MarthaReselection_Plate_3_D4.raw	PRM_20251203_MarthaReselection_Plate_3_D4.raw	NT=Parallel Reaction Monitoring;AC=MS:1002956	AC=MS:1002038;NT=label free sample	1	NT=High-performance liquid chromatography;AC=PRIDE:0000565	1	AC=MS:1001251;NT=Trypsin	not available	NT=Stellar;AC=MS:1003409	NT=Carbamidomethyl;AC=UNIMOD:4;TA=C;MT=Fixed	NT=Higher-energy Collisional Dissociation;AC=MS:1000422	27 NCE	40 ppm	0.05 Da	MRTH
PRM_20251203_MarthaReselection_Plate_3_E4	E	4	MRTH	52	RE4	0.1	C:\Xcalibur\methods\method1	smb://storage3.ad.scilifelab.se/massstorage/edfors%20lab/01_hot/Martha/RAW	PRM_20251203_MarthaReselection_Plate_3_E4	Homo sapiens	blood plasma	Plate_3	MarthaReselection	not available	not available	F	not available	not available	not available	not available	29	Plate_3_E4	MRTH1-0889	not available	1	AC=EFO:0009656;NT=plasma	run 218	proteomic profiling by mass spectrometry	PRM_20251203_MarthaReselection_Plate_3_E4.raw	PRM_20251203_MarthaReselection_Plate_3_E4.raw	NT=Parallel Reaction Monitoring;AC=MS:1002956	AC=MS:1002038;NT=label free sample	1	NT=High-performance liquid chromatography;AC=PRIDE:0000565	1	AC=MS:1001251;NT=Trypsin	not available	NT=Stellar;AC=MS:1003409	NT=Carbamidomethyl;AC=UNIMOD:4;TA=C;MT=Fixed	NT=Higher-energy Collisional Dissociation;AC=MS:1000422	27 NCE	40 ppm	0.05 Da	MRTH
PRM_20251203_MarthaReselection_Plate_3_F4	F	4	MRTH	64	RF4	0.1	C:\Xcalibur\methods\method1	smb://storage3.ad.scilifelab.se/massstorage/edfors%20lab/01_hot/Martha/RAW	PRM_20251203_MarthaReselection_Plate_3_F4	Homo sapiens	blood plasma	Plate_3	MarthaReselection	not available	not available	F	not available	not available	not available	not available	30	Plate_3_F4	MRTH1-1318	not available	1	AC=EFO:0009656;NT=plasma	run 219	proteomic profiling by mass spectrometry	PRM_20251203_MarthaReselection_Plate_3_F4.raw	PRM_20251203_MarthaReselection_Plate_3_F4.raw	NT=Parallel Reaction Monitoring;AC=MS:1002956	AC=MS:1002038;NT=label free sample	1	NT=High-performance liquid chromatography;AC=PRIDE:0000565	1	AC=MS:1001251;NT=Trypsin	not available	NT=Stellar;AC=MS:1003409	NT=Carbamidomethyl;AC=UNIMOD:4;TA=C;MT=Fixed	NT=Higher-energy Collisional Dissociation;AC=MS:1000422	27 NCE	40 ppm	0.05 Da	MRTH
PRM_20251203_MarthaReselection_Plate_3_G4	G	4	MRTH	76	RG4	0.1	C:\Xcalibur\methods\method1	smb://storage3.ad.scilifelab.se/massstorage/edfors%20lab/01_hot/Martha/RAW	PRM_20251203_MarthaReselection_Plate_3_G4	Homo sapiens	blood plasma	Plate_3	MarthaReselection	not available	not available	M	not available	not available	not available	not available	31	Plate_3_G4	MRTH1-0535	not available	1	AC=EFO:0009656;NT=plasma	run 220	proteomic profiling by mass spectrometry	PRM_20251203_MarthaReselection_Plate_3_G4.raw	PRM_20251203_MarthaReselection_Plate_3_G4.raw	NT=Parallel Reaction Monitoring;AC=MS:1002956	AC=MS:1002038;NT=label free sample	1	NT=High-performance liquid chromatography;AC=PRIDE:0000565	1	AC=MS:1001251;NT=Trypsin	not available	NT=Stellar;AC=MS:1003409	NT=Carbamidomethyl;AC=UNIMOD:4;TA=C;MT=Fixed	NT=Higher-energy Collisional Dissociation;AC=MS:1000422	27 NCE	40 ppm	0.05 Da	MRTH
PRM_20251203_MarthaReselection_Plate_3_H4	H	4	MRTH	88	RH4	0.1	C:\Xcalibur\methods\method1	smb://storage3.ad.scilifelab.se/massstorage/edfors%20lab/01_hot/Martha/RAW	PRM_20251203_MarthaReselection_Plate_3_H4	Homo sapiens	blood plasma	Plate_3	MarthaReselection	not available	not available	F	not available	not available	not available	not available	32	Plate_3_H4	MRTH1-0647	not available	1	AC=EFO:0009656;NT=plasma	run 221	proteomic profiling by mass spectrometry	PRM_20251203_MarthaReselection_Plate_3_H4.raw	PRM_20251203_MarthaReselection_Plate_3_H4.raw	NT=Parallel Reaction Monitoring;AC=MS:1002956	AC=MS:1002038;NT=label free sample	1	NT=High-performance liquid chromatography;AC=PRIDE:0000565	1	AC=MS:1001251;NT=Trypsin	not available	NT=Stellar;AC=MS:1003409	NT=Carbamidomethyl;AC=UNIMOD:4;TA=C;MT=Fixed	NT=Higher-energy Collisional Dissociation;AC=MS:1000422	27 NCE	40 ppm	0.05 Da	MRTH
PRM_20251203_MarthaReselection_Plate_3_A5	A	5	MRTH	5	RA5	0.1	C:\Xcalibur\methods\method1	smb://storage3.ad.scilifelab.se/massstorage/edfors%20lab/01_hot/Martha/RAW	PRM_20251203_MarthaReselection_Plate_3_A5	Homo sapiens	blood plasma	Plate_3	MarthaReselection	not available	not available	M	not available	not available	not available	not available	33	Plate_3_A5	MRTH1-0262	not available	1	AC=EFO:0009656;NT=plasma	run 222	proteomic profiling by mass spectrometry	PRM_20251203_MarthaReselection_Plate_3_A5.raw	PRM_20251203_MarthaReselection_Plate_3_A5.raw	NT=Parallel Reaction Monitoring;AC=MS:1002956	AC=MS:1002038;NT=label free sample	1	NT=High-performance liquid chromatography;AC=PRIDE:0000565	1	AC=MS:1001251;NT=Trypsin	not available	NT=Stellar;AC=MS:1003409	NT=Carbamidomethyl;AC=UNIMOD:4;TA=C;MT=Fixed	NT=Higher-energy Collisional Dissociation;AC=MS:1000422	27 NCE	40 ppm	0.05 Da	MRTH
PRM_20251203_MarthaReselection_Plate_3_B5	B	5	MRTH	17	RB5	0.1	C:\Xcalibur\methods\method1	smb://storage3.ad.scilifelab.se/massstorage/edfors%20lab/01_hot/Martha/RAW	PRM_20251203_MarthaReselection_Plate_3_B5	Homo sapiens	blood plasma	Plate_3	MarthaReselection	not available	not available	M	not available	not available	not available	not available	34	Plate_3_B5	MRTH1-0926	not available	1	AC=EFO:0009656;NT=plasma	run 223	proteomic profiling by mass spectrometry	PRM_20251203_MarthaReselection_Plate_3_B5.raw	PRM_20251203_MarthaReselection_Plate_3_B5.raw	NT=Parallel Reaction Monitoring;AC=MS:1002956	AC=MS:1002038;NT=label free sample	1	NT=High-performance liquid chromatography;AC=PRIDE:0000565	1	AC=MS:1001251;NT=Trypsin	not available	NT=Stellar;AC=MS:1003409	NT=Carbamidomethyl;AC=UNIMOD:4;TA=C;MT=Fixed	NT=Higher-energy Collisional Dissociation;AC=MS:1000422	27 NCE	40 ppm	0.05 Da	MRTH
PRM_20251203_MarthaReselection_Plate_3_C5	C	5	MRTH	29	RC5	0.1	C:\Xcalibur\methods\method1	smb://storage3.ad.scilifelab.se/massstorage/edfors%20lab/01_hot/Martha/RAW	PRM_20251203_MarthaReselection_Plate_3_C5	Homo sapiens	blood plasma	Plate_3	MarthaReselection	not available	not available	M	not available	not available	not available	not available	35	Plate_3_C5	MRTH1-1348	not available	1	AC=EFO:0009656;NT=plasma	run 224	proteomic profiling by mass spectrometry	PRM_20251203_MarthaReselection_Plate_3_C5.raw	PRM_20251203_MarthaReselection_Plate_3_C5.raw	NT=Parallel Reaction Monitoring;AC=MS:1002956	AC=MS:1002038;NT=label free sample	1	NT=High-performance liquid chromatography;AC=PRIDE:0000565	1	AC=MS:1001251;NT=Trypsin	not available	NT=Stellar;AC=MS:1003409	NT=Carbamidomethyl;AC=UNIMOD:4;TA=C;MT=Fixed	NT=Higher-energy Collisional Dissociation;AC=MS:1000422	27 NCE	40 ppm	0.05 Da	MRTH
PRM_20251203_MarthaReselection_Plate_3_D5	D	5	MRTH	41	RD5	0.1	C:\Xcalibur\methods\method1	smb://storage3.ad.scilifelab.se/massstorage/edfors%20lab/01_hot/Martha/RAW	PRM_20251203_MarthaReselection_Plate_3_D5	Homo sapiens	blood plasma	Plate_3	MarthaReselection	not available	not available	M	not available	not available	not available	not available	36	Plate_3_D5	MRTH1-1074	not available	1	AC=EFO:0009656;NT=plasma	run 225	proteomic profiling by mass spectrometry	PRM_20251203_MarthaReselection_Plate_3_D5.raw	PRM_20251203_MarthaReselection_Plate_3_D5.raw	NT=Parallel Reaction Monitoring;AC=MS:1002956	AC=MS:1002038;NT=label free sample	1	NT=High-performance liquid chromatography;AC=PRIDE:0000565	1	AC=MS:1001251;NT=Trypsin	not available	NT=Stellar;AC=MS:1003409	NT=Carbamidomethyl;AC=UNIMOD:4;TA=C;MT=Fixed	NT=Higher-energy Collisional Dissociation;AC=MS:1000422	27 NCE	40 ppm	0.05 Da	MRTH
PRM_20251203_MarthaReselection_Plate_3_E5	E	5	MRTH	53	RE5	0.1	C:\Xcalibur\methods\method1	smb://storage3.ad.scilifelab.se/massstorage/edfors%20lab/01_hot/Martha/RAW	PRM_20251203_MarthaReselection_Plate_3_E5	Homo sapiens	blood plasma	Plate_3	MarthaReselection	not available	not available	F	not available	not available	not available	not available	37	Plate_3_E5	MRTH1-1033	not available	1	AC=EFO:0009656;NT=plasma	run 226	proteomic profiling by mass spectrometry	PRM_20251203_MarthaReselection_Plate_3_E5.raw	PRM_20251203_MarthaReselection_Plate_3_E5.raw	NT=Parallel Reaction Monitoring;AC=MS:1002956	AC=MS:1002038;NT=label free sample	1	NT=High-performance liquid chromatography;AC=PRIDE:0000565	1	AC=MS:1001251;NT=Trypsin	not available	NT=Stellar;AC=MS:1003409	NT=Carbamidomethyl;AC=UNIMOD:4;TA=C;MT=Fixed	NT=Higher-energy Collisional Dissociation;AC=MS:1000422	27 NCE	40 ppm	0.05 Da	MRTH
PRM_20251203_MarthaReselection_Plate_3_F5	F	5	MRTH	65	RF5	0.1	C:\Xcalibur\methods\method1	smb://storage3.ad.scilifelab.se/massstorage/edfors%20lab/01_hot/Martha/RAW	PRM_20251203_MarthaReselection_Plate_3_F5	Homo sapiens	blood plasma	Plate_3	MarthaReselection	not available	not available	F	not available	not available	not available	not available	38	Plate_3_F5	MRTH1-1001	not available	1	AC=EFO:0009656;NT=plasma	run 227	proteomic profiling by mass spectrometry	PRM_20251203_MarthaReselection_Plate_3_F5.raw	PRM_20251203_MarthaReselection_Plate_3_F5.raw	NT=Parallel Reaction Monitoring;AC=MS:1002956	AC=MS:1002038;NT=label free sample	1	NT=High-performance liquid chromatography;AC=PRIDE:0000565	1	AC=MS:1001251;NT=Trypsin	not available	NT=Stellar;AC=MS:1003409	NT=Carbamidomethyl;AC=UNIMOD:4;TA=C;MT=Fixed	NT=Higher-energy Collisional Dissociation;AC=MS:1000422	27 NCE	40 ppm	0.05 Da	MRTH
PRM_20251203_MarthaReselection_Plate_3_G5	G	5	MRTH	77	RG5	0.1	C:\Xcalibur\methods\method1	smb://storage3.ad.scilifelab.se/massstorage/edfors%20lab/01_hot/Martha/RAW	PRM_20251203_MarthaReselection_Plate_3_G5	Homo sapiens	blood plasma	Plate_3	MarthaReselection	not available	not available	F	not available	not available	not available	not available	39	Plate_3_G5	MRTH1-1020	not available	1	AC=EFO:0009656;NT=plasma	run 228	proteomic profiling by mass spectrometry	PRM_20251203_MarthaReselection_Plate_3_G5.raw	PRM_20251203_MarthaReselection_Plate_3_G5.raw	NT=Parallel Reaction Monitoring;AC=MS:1002956	AC=MS:1002038;NT=label free sample	1	NT=High-performance liquid chromatography;AC=PRIDE:0000565	1	AC=MS:1001251;NT=Trypsin	not available	NT=Stellar;AC=MS:1003409	NT=Carbamidomethyl;AC=UNIMOD:4;TA=C;MT=Fixed	NT=Higher-energy Collisional Dissociation;AC=MS:1000422	27 NCE	40 ppm	0.05 Da	MRTH
PRM_20251203_MarthaReselection_Plate_3_H5	H	5	MRTH	89	RH5	0.1	C:\Xcalibur\methods\method1	smb://storage3.ad.scilifelab.se/massstorage/edfors%20lab/01_hot/Martha/RAW	PRM_20251203_MarthaReselection_Plate_3_H5	Homo sapiens	blood plasma	Plate_3	MarthaReselection	not available	not available	F	not available	not available	not available	not available	40	Plate_3_H5	MRTH1-1183	not available	1	AC=EFO:0009656;NT=plasma	run 229	proteomic profiling by mass spectrometry	PRM_20251203_MarthaReselection_Plate_3_H5.raw	PRM_20251203_MarthaReselection_Plate_3_H5.raw	NT=Parallel Reaction Monitoring;AC=MS:1002956	AC=MS:1002038;NT=label free sample	1	NT=High-performance liquid chromatography;AC=PRIDE:0000565	1	AC=MS:1001251;NT=Trypsin	not available	NT=Stellar;AC=MS:1003409	NT=Carbamidomethyl;AC=UNIMOD:4;TA=C;MT=Fixed	NT=Higher-energy Collisional Dissociation;AC=MS:1000422	27 NCE	40 ppm	0.05 Da	MRTH
PRM_20251203_MarthaReselection_Plate_3_A6	A	6	MRTH	6	RA6	0.1	C:\Xcalibur\methods\method1	smb://storage3.ad.scilifelab.se/massstorage/edfors%20lab/01_hot/Martha/RAW	PRM_20251203_MarthaReselection_Plate_3_A6	Homo sapiens	blood plasma	Plate_3	MarthaReselection	not available	not available	F	not available	not available	not available	not available	41	Plate_3_A6	MRTH1-0417	not available	1	AC=EFO:0009656;NT=plasma	run 230	proteomic profiling by mass spectrometry	PRM_20251203_MarthaReselection_Plate_3_A6.raw	PRM_20251203_MarthaReselection_Plate_3_A6.raw	NT=Parallel Reaction Monitoring;AC=MS:1002956	AC=MS:1002038;NT=label free sample	1	NT=High-performance liquid chromatography;AC=PRIDE:0000565	1	AC=MS:1001251;NT=Trypsin	not available	NT=Stellar;AC=MS:1003409	NT=Carbamidomethyl;AC=UNIMOD:4;TA=C;MT=Fixed	NT=Higher-energy Collisional Dissociation;AC=MS:1000422	27 NCE	40 ppm	0.05 Da	MRTH
PRM_20251203_MarthaReselection_Plate_3_B6	B	6	MRTH	18	RB6	0.1	C:\Xcalibur\methods\method1	smb://storage3.ad.scilifelab.se/massstorage/edfors%20lab/01_hot/Martha/RAW	PRM_20251203_MarthaReselection_Plate_3_B6	Homo sapiens	blood plasma	Plate_3	MarthaReselection	not available	not available	F	not available	not available	not available	not available	42	Plate_3_B6	MRTH1-1271	not available	1	AC=EFO:0009656;NT=plasma	run 231	proteomic profiling by mass spectrometry	PRM_20251203_MarthaReselection_Plate_3_B6.raw	PRM_20251203_MarthaReselection_Plate_3_B6.raw	NT=Parallel Reaction Monitoring;AC=MS:1002956	AC=MS:1002038;NT=label free sample	1	NT=High-performance liquid chromatography;AC=PRIDE:0000565	1	AC=MS:1001251;NT=Trypsin	not available	NT=Stellar;AC=MS:1003409	NT=Carbamidomethyl;AC=UNIMOD:4;TA=C;MT=Fixed	NT=Higher-energy Collisional Dissociation;AC=MS:1000422	27 NCE	40 ppm	0.05 Da	MRTH
PRM_20251203_MarthaReselection_Plate_3_C6	C	6	MRTH	30	RC6	0.1	C:\Xcalibur\methods\method1	smb://storage3.ad.scilifelab.se/massstorage/edfors%20lab/01_hot/Martha/RAW	PRM_20251203_MarthaReselection_Plate_3_C6	Homo sapiens	blood plasma	Plate_3	MarthaReselection	not available	not available	F	not available	not available	not available	not available	43	Plate_3_C6	MRTH1-0629	not available	1	AC=EFO:0009656;NT=plasma	run 232	proteomic profiling by mass spectrometry	PRM_20251203_MarthaReselection_Plate_3_C6.raw	PRM_20251203_MarthaReselection_Plate_3_C6.raw	NT=Parallel Reaction Monitoring;AC=MS:1002956	AC=MS:1002038;NT=label free sample	1	NT=High-performance liquid chromatography;AC=PRIDE:0000565	1	AC=MS:1001251;NT=Trypsin	not available	NT=Stellar;AC=MS:1003409	NT=Carbamidomethyl;AC=UNIMOD:4;TA=C;MT=Fixed	NT=Higher-energy Collisional Dissociation;AC=MS:1000422	27 NCE	40 ppm	0.05 Da	MRTH
PRM_20251203_MarthaReselection_Plate_3_D6	D	6	MRTH	42	RD6	0.1	C:\Xcalibur\methods\method1	smb://storage3.ad.scilifelab.se/massstorage/edfors%20lab/01_hot/Martha/RAW	PRM_20251203_MarthaReselection_Plate_3_D6	Homo sapiens	blood plasma	Plate_3	MarthaReselection	not available	not available	F	not available	not available	not available	not available	44	Plate_3_D6	MRTH1-1090	not available	1	AC=EFO:0009656;NT=plasma	run 233	proteomic profiling by mass spectrometry	PRM_20251203_MarthaReselection_Plate_3_D6.raw	PRM_20251203_MarthaReselection_Plate_3_D6.raw	NT=Parallel Reaction Monitoring;AC=MS:1002956	AC=MS:1002038;NT=label free sample	1	NT=High-performance liquid chromatography;AC=PRIDE:0000565	1	AC=MS:1001251;NT=Trypsin	not available	NT=Stellar;AC=MS:1003409	NT=Carbamidomethyl;AC=UNIMOD:4;TA=C;MT=Fixed	NT=Higher-energy Collisional Dissociation;AC=MS:1000422	27 NCE	40 ppm	0.05 Da	MRTH
PRM_20251203_MarthaReselection_Plate_3_E6	E	6	MRTH	54	RE6	0.1	C:\Xcalibur\methods\method1	smb://storage3.ad.scilifelab.se/massstorage/edfors%20lab/01_hot/Martha/RAW	PRM_20251203_MarthaReselection_Plate_3_E6	Homo sapiens	blood plasma	Plate_3	MarthaReselection	not available	not available	M	not available	not available	not available	not available	45	Plate_3_E6	MRTH1-1247	not available	1	AC=EFO:0009656;NT=plasma	run 234	proteomic profiling by mass spectrometry	PRM_20251203_MarthaReselection_Plate_3_E6.raw	PRM_20251203_MarthaReselection_Plate_3_E6.raw	NT=Parallel Reaction Monitoring;AC=MS:1002956	AC=MS:1002038;NT=label free sample	1	NT=High-performance liquid chromatography;AC=PRIDE:0000565	1	AC=MS:1001251;NT=Trypsin	not available	NT=Stellar;AC=MS:1003409	NT=Carbamidomethyl;AC=UNIMOD:4;TA=C;MT=Fixed	NT=Higher-energy Collisional Dissociation;AC=MS:1000422	27 NCE	40 ppm	0.05 Da	MRTH
PRM_20251203_MarthaReselection_Plate_3_F6	F	6	MRTH	66	RF6	0.1	C:\Xcalibur\methods\method1	smb://storage3.ad.scilifelab.se/massstorage/edfors%20lab/01_hot/Martha/RAW	PRM_20251203_MarthaReselection_Plate_3_F6	Homo sapiens	blood plasma	Plate_3	MarthaReselection	not available	not available	F	not available	not available	not available	not available	46	Plate_3_F6	MRTH1-0931	not available	1	AC=EFO:0009656;NT=plasma	run 235	proteomic profiling by mass spectrometry	PRM_20251203_MarthaReselection_Plate_3_F6.raw	PRM_20251203_MarthaReselection_Plate_3_F6.raw	NT=Parallel Reaction Monitoring;AC=MS:1002956	AC=MS:1002038;NT=label free sample	1	NT=High-performance liquid chromatography;AC=PRIDE:0000565	1	AC=MS:1001251;NT=Trypsin	not available	NT=Stellar;AC=MS:1003409	NT=Carbamidomethyl;AC=UNIMOD:4;TA=C;MT=Fixed	NT=Higher-energy Collisional Dissociation;AC=MS:1000422	27 NCE	40 ppm	0.05 Da	MRTH
PRM_20251203_MarthaReselection_Plate_3_G6	G	6	MRTH	78	RG6	0.1	C:\Xcalibur\methods\method1	smb://storage3.ad.scilifelab.se/massstorage/edfors%20lab/01_hot/Martha/RAW	PRM_20251203_MarthaReselection_Plate_3_G6	Homo sapiens	blood plasma	Plate_3	MarthaReselection	not available	not available	M	not available	not available	not available	not available	47	Plate_3_G6	MRTH1-0864	not available	1	AC=EFO:0009656;NT=plasma	run 236	proteomic profiling by mass spectrometry	PRM_20251203_MarthaReselection_Plate_3_G6.raw	PRM_20251203_MarthaReselection_Plate_3_G6.raw	NT=Parallel Reaction Monitoring;AC=MS:1002956	AC=MS:1002038;NT=label free sample	1	NT=High-performance liquid chromatography;AC=PRIDE:0000565	1	AC=MS:1001251;NT=Trypsin	not available	NT=Stellar;AC=MS:1003409	NT=Carbamidomethyl;AC=UNIMOD:4;TA=C;MT=Fixed	NT=Higher-energy Collisional Dissociation;AC=MS:1000422	27 NCE	40 ppm	0.05 Da	MRTH
PRM_20251203_MarthaReselection_Plate_3_H6	H	6	MRTH	90	RH6	0.1	C:\Xcalibur\methods\method1	smb://storage3.ad.scilifelab.se/massstorage/edfors%20lab/01_hot/Martha/RAW	PRM_20251203_MarthaReselection_Plate_3_H6	Homo sapiens	blood plasma	Plate_3	MarthaReselection	not available	not available	F	not available	not available	not available	not available	48	Plate_3_H6	MRTH1-0238	not available	1	AC=EFO:0009656;NT=plasma	run 237	proteomic profiling by mass spectrometry	PRM_20251203_MarthaReselection_Plate_3_H6.raw	PRM_20251203_MarthaReselection_Plate_3_H6.raw	NT=Parallel Reaction Monitoring;AC=MS:1002956	AC=MS:1002038;NT=label free sample	1	NT=High-performance liquid chromatography;AC=PRIDE:0000565	1	AC=MS:1001251;NT=Trypsin	not available	NT=Stellar;AC=MS:1003409	NT=Carbamidomethyl;AC=UNIMOD:4;TA=C;MT=Fixed	NT=Higher-energy Collisional Dissociation;AC=MS:1000422	27 NCE	40 ppm	0.05 Da	MRTH
PRM_20251203_MarthaReselection_Plate_3_A7	A	7	MRTH	7	RA7	0.1	C:\Xcalibur\methods\method1	smb://storage3.ad.scilifelab.se/massstorage/edfors%20lab/01_hot/Martha/RAW	PRM_20251203_MarthaReselection_Plate_3_A7	Homo sapiens	blood plasma	Plate_3	MarthaReselection	not available	not available	M	not available	not available	not available	not available	49	Plate_3_A7	MRTH1-0665	not available	1	AC=EFO:0009656;NT=plasma	run 238	proteomic profiling by mass spectrometry	PRM_20251203_MarthaReselection_Plate_3_A7.raw	PRM_20251203_MarthaReselection_Plate_3_A7.raw	NT=Parallel Reaction Monitoring;AC=MS:1002956	AC=MS:1002038;NT=label free sample	1	NT=High-performance liquid chromatography;AC=PRIDE:0000565	1	AC=MS:1001251;NT=Trypsin	not available	NT=Stellar;AC=MS:1003409	NT=Carbamidomethyl;AC=UNIMOD:4;TA=C;MT=Fixed	NT=Higher-energy Collisional Dissociation;AC=MS:1000422	27 NCE	40 ppm	0.05 Da	MRTH
PRM_20251203_MarthaReselection_Plate_3_B7	B	7	MRTH	19	RB7	0.1	C:\Xcalibur\methods\method1	smb://storage3.ad.scilifelab.se/massstorage/edfors%20lab/01_hot/Martha/RAW	PRM_20251203_MarthaReselection_Plate_3_B7	Homo sapiens	blood plasma	Plate_3	MarthaReselection	not available	not available	F	not available	not available	not available	not available	50	Plate_3_B7	MRTH1-1037	not available	1	AC=EFO:0009656;NT=plasma	run 239	proteomic profiling by mass spectrometry	PRM_20251203_MarthaReselection_Plate_3_B7.raw	PRM_20251203_MarthaReselection_Plate_3_B7.raw	NT=Parallel Reaction Monitoring;AC=MS:1002956	AC=MS:1002038;NT=label free sample	1	NT=High-performance liquid chromatography;AC=PRIDE:0000565	1	AC=MS:1001251;NT=Trypsin	not available	NT=Stellar;AC=MS:1003409	NT=Carbamidomethyl;AC=UNIMOD:4;TA=C;MT=Fixed	NT=Higher-energy Collisional Dissociation;AC=MS:1000422	27 NCE	40 ppm	0.05 Da	MRTH
PRM_20251203_MarthaReselection_Plate_3_C7	C	7	MRTH	31	RC7	0.1	C:\Xcalibur\methods\method1	smb://storage3.ad.scilifelab.se/massstorage/edfors%20lab/01_hot/Martha/RAW	PRM_20251203_MarthaReselection_Plate_3_C7	Homo sapiens	blood plasma	Plate_3	MarthaReselection	not available	not available	F	not available	not available	not available	not available	51	Plate_3_C7	MRTH1-0096	not available	1	AC=EFO:0009656;NT=plasma	run 240	proteomic profiling by mass spectrometry	PRM_20251203_MarthaReselection_Plate_3_C7.raw	PRM_20251203_MarthaReselection_Plate_3_C7.raw	NT=Parallel Reaction Monitoring;AC=MS:1002956	AC=MS:1002038;NT=label free sample	1	NT=High-performance liquid chromatography;AC=PRIDE:0000565	1	AC=MS:1001251;NT=Trypsin	not available	NT=Stellar;AC=MS:1003409	NT=Carbamidomethyl;AC=UNIMOD:4;TA=C;MT=Fixed	NT=Higher-energy Collisional Dissociation;AC=MS:1000422	27 NCE	40 ppm	0.05 Da	MRTH
PRM_20251203_MarthaReselection_Plate_3_D7	D	7	MRTH	43	RD7	0.1	C:\Xcalibur\methods\method1	smb://storage3.ad.scilifelab.se/massstorage/edfors%20lab/01_hot/Martha/RAW	PRM_20251203_MarthaReselection_Plate_3_D7	Homo sapiens	blood plasma	Plate_3	MarthaReselection	not available	not available	F	not available	not available	not available	not available	52	Plate_3_D7	MRTH1-1167	not available	1	AC=EFO:0009656;NT=plasma	run 241	proteomic profiling by mass spectrometry	PRM_20251203_MarthaReselection_Plate_3_D7.raw	PRM_20251203_MarthaReselection_Plate_3_D7.raw	NT=Parallel Reaction Monitoring;AC=MS:1002956	AC=MS:1002038;NT=label free sample	1	NT=High-performance liquid chromatography;AC=PRIDE:0000565	1	AC=MS:1001251;NT=Trypsin	not available	NT=Stellar;AC=MS:1003409	NT=Carbamidomethyl;AC=UNIMOD:4;TA=C;MT=Fixed	NT=Higher-energy Collisional Dissociation;AC=MS:1000422	27 NCE	40 ppm	0.05 Da	MRTH
PRM_20251203_MarthaReselection_Plate_3_E7	E	7	MRTH	55	RE7	0.1	C:\Xcalibur\methods\method1	smb://storage3.ad.scilifelab.se/massstorage/edfors%20lab/01_hot/Martha/RAW	PRM_20251203_MarthaReselection_Plate_3_E7	Homo sapiens	blood plasma	Plate_3	MarthaReselection	not available	not available	F	not available	not available	not available	not available	53	Plate_3_E7	MRTH1-0005	not available	1	AC=EFO:0009656;NT=plasma	run 242	proteomic profiling by mass spectrometry	PRM_20251203_MarthaReselection_Plate_3_E7.raw	PRM_20251203_MarthaReselection_Plate_3_E7.raw	NT=Parallel Reaction Monitoring;AC=MS:1002956	AC=MS:1002038;NT=label free sample	1	NT=High-performance liquid chromatography;AC=PRIDE:0000565	1	AC=MS:1001251;NT=Trypsin	not available	NT=Stellar;AC=MS:1003409	NT=Carbamidomethyl;AC=UNIMOD:4;TA=C;MT=Fixed	NT=Higher-energy Collisional Dissociation;AC=MS:1000422	27 NCE	40 ppm	0.05 Da	MRTH
PRM_20251203_MarthaReselection_Plate_3_F7	F	7	MRTH	67	RF7	0.1	C:\Xcalibur\methods\method1	smb://storage3.ad.scilifelab.se/massstorage/edfors%20lab/01_hot/Martha/RAW	PRM_20251203_MarthaReselection_Plate_3_F7	Homo sapiens	blood plasma	Plate_3	MarthaReselection	not available	not available	M	not available	not available	not available	not available	54	Plate_3_F7	MRTH1-0135	not available	1	AC=EFO:0009656;NT=plasma	run 243	proteomic profiling by mass spectrometry	PRM_20251203_MarthaReselection_Plate_3_F7.raw	PRM_20251203_MarthaReselection_Plate_3_F7.raw	NT=Parallel Reaction Monitoring;AC=MS:1002956	AC=MS:1002038;NT=label free sample	1	NT=High-performance liquid chromatography;AC=PRIDE:0000565	1	AC=MS:1001251;NT=Trypsin	not available	NT=Stellar;AC=MS:1003409	NT=Carbamidomethyl;AC=UNIMOD:4;TA=C;MT=Fixed	NT=Higher-energy Collisional Dissociation;AC=MS:1000422	27 NCE	40 ppm	0.05 Da	MRTH
PRM_20251203_MarthaReselection_Plate_3_G7	G	7	MRTH	79	RG7	0.1	C:\Xcalibur\methods\method1	smb://storage3.ad.scilifelab.se/massstorage/edfors%20lab/01_hot/Martha/RAW	PRM_20251203_MarthaReselection_Plate_3_G7	Homo sapiens	blood plasma	Plate_3	MarthaReselection	not available	not available	F	not available	not available	not available	not available	55	Plate_3_G7	MRTH1-0831	not available	1	AC=EFO:0009656;NT=plasma	run 244	proteomic profiling by mass spectrometry	PRM_20251203_MarthaReselection_Plate_3_G7.raw	PRM_20251203_MarthaReselection_Plate_3_G7.raw	NT=Parallel Reaction Monitoring;AC=MS:1002956	AC=MS:1002038;NT=label free sample	1	NT=High-performance liquid chromatography;AC=PRIDE:0000565	1	AC=MS:1001251;NT=Trypsin	not available	NT=Stellar;AC=MS:1003409	NT=Carbamidomethyl;AC=UNIMOD:4;TA=C;MT=Fixed	NT=Higher-energy Collisional Dissociation;AC=MS:1000422	27 NCE	40 ppm	0.05 Da	MRTH
PRM_20251203_MarthaReselection_Plate_3_H7	H	7	MRTH	91	RH7	0.1	C:\Xcalibur\methods\method1	smb://storage3.ad.scilifelab.se/massstorage/edfors%20lab/01_hot/Martha/RAW	PRM_20251203_MarthaReselection_Plate_3_H7	Homo sapiens	blood plasma	Plate_3	MarthaReselection	not available	not available	M	not available	not available	not available	not available	56	Plate_3_H7	MRTH1-1038	not available	1	AC=EFO:0009656;NT=plasma	run 245	proteomic profiling by mass spectrometry	PRM_20251203_MarthaReselection_Plate_3_H7.raw	PRM_20251203_MarthaReselection_Plate_3_H7.raw	NT=Parallel Reaction Monitoring;AC=MS:1002956	AC=MS:1002038;NT=label free sample	1	NT=High-performance liquid chromatography;AC=PRIDE:0000565	1	AC=MS:1001251;NT=Trypsin	not available	NT=Stellar;AC=MS:1003409	NT=Carbamidomethyl;AC=UNIMOD:4;TA=C;MT=Fixed	NT=Higher-energy Collisional Dissociation;AC=MS:1000422	27 NCE	40 ppm	0.05 Da	MRTH
PRM_20251203_MarthaReselection_Plate_3_A8	A	8	MRTH	8	RA8	0.1	C:\Xcalibur\methods\method1	smb://storage3.ad.scilifelab.se/massstorage/edfors%20lab/01_hot/Martha/RAW	PRM_20251203_MarthaReselection_Plate_3_A8	Homo sapiens	blood plasma	Plate_3	MarthaReselection	not available	not available	F	not available	not available	not available	not available	57	Plate_3_A8	MRTH1-1207	not available	1	AC=EFO:0009656;NT=plasma	run 246	proteomic profiling by mass spectrometry	PRM_20251203_MarthaReselection_Plate_3_A8.raw	PRM_20251203_MarthaReselection_Plate_3_A8.raw	NT=Parallel Reaction Monitoring;AC=MS:1002956	AC=MS:1002038;NT=label free sample	1	NT=High-performance liquid chromatography;AC=PRIDE:0000565	1	AC=MS:1001251;NT=Trypsin	not available	NT=Stellar;AC=MS:1003409	NT=Carbamidomethyl;AC=UNIMOD:4;TA=C;MT=Fixed	NT=Higher-energy Collisional Dissociation;AC=MS:1000422	27 NCE	40 ppm	0.05 Da	MRTH
PRM_20251203_MarthaReselection_Plate_3_B8	B	8	MRTH	20	RB8	0.1	C:\Xcalibur\methods\method1	smb://storage3.ad.scilifelab.se/massstorage/edfors%20lab/01_hot/Martha/RAW	PRM_20251203_MarthaReselection_Plate_3_B8	Homo sapiens	blood plasma	Plate_3	MarthaReselection	not available	not available	F	not available	not available	not available	not available	58	Plate_3_B8	MRTH1-0374	not available	1	AC=EFO:0009656;NT=plasma	run 247	proteomic profiling by mass spectrometry	PRM_20251203_MarthaReselection_Plate_3_B8.raw	PRM_20251203_MarthaReselection_Plate_3_B8.raw	NT=Parallel Reaction Monitoring;AC=MS:1002956	AC=MS:1002038;NT=label free sample	1	NT=High-performance liquid chromatography;AC=PRIDE:0000565	1	AC=MS:1001251;NT=Trypsin	not available	NT=Stellar;AC=MS:1003409	NT=Carbamidomethyl;AC=UNIMOD:4;TA=C;MT=Fixed	NT=Higher-energy Collisional Dissociation;AC=MS:1000422	27 NCE	40 ppm	0.05 Da	MRTH
PRM_20251203_MarthaReselection_Plate_3_C8	C	8	MRTH	32	RC8	0.1	C:\Xcalibur\methods\method1	smb://storage3.ad.scilifelab.se/massstorage/edfors%20lab/01_hot/Martha/RAW	PRM_20251203_MarthaReselection_Plate_3_C8	Homo sapiens	blood plasma	Plate_3	MarthaReselection	not available	not available	F	not available	not available	not available	not available	59	Plate_3_C8	MRTH1-0979	not available	1	AC=EFO:0009656;NT=plasma	run 248	proteomic profiling by mass spectrometry	PRM_20251203_MarthaReselection_Plate_3_C8.raw	PRM_20251203_MarthaReselection_Plate_3_C8.raw	NT=Parallel Reaction Monitoring;AC=MS:1002956	AC=MS:1002038;NT=label free sample	1	NT=High-performance liquid chromatography;AC=PRIDE:0000565	1	AC=MS:1001251;NT=Trypsin	not available	NT=Stellar;AC=MS:1003409	NT=Carbamidomethyl;AC=UNIMOD:4;TA=C;MT=Fixed	NT=Higher-energy Collisional Dissociation;AC=MS:1000422	27 NCE	40 ppm	0.05 Da	MRTH
PRM_20251203_MarthaReselection_Plate_3_D8	D	8	MRTH	44	RD8	0.1	C:\Xcalibur\methods\method1	smb://storage3.ad.scilifelab.se/massstorage/edfors%20lab/01_hot/Martha/RAW	PRM_20251203_MarthaReselection_Plate_3_D8	Homo sapiens	blood plasma	Plate_3	MarthaReselection	not available	not available	F	not available	not available	not available	not available	60	Plate_3_D8	MRTH1-0987	not available	1	AC=EFO:0009656;NT=plasma	run 249	proteomic profiling by mass spectrometry	PRM_20251203_MarthaReselection_Plate_3_D8.raw	PRM_20251203_MarthaReselection_Plate_3_D8.raw	NT=Parallel Reaction Monitoring;AC=MS:1002956	AC=MS:1002038;NT=label free sample	1	NT=High-performance liquid chromatography;AC=PRIDE:0000565	1	AC=MS:1001251;NT=Trypsin	not available	NT=Stellar;AC=MS:1003409	NT=Carbamidomethyl;AC=UNIMOD:4;TA=C;MT=Fixed	NT=Higher-energy Collisional Dissociation;AC=MS:1000422	27 NCE	40 ppm	0.05 Da	MRTH
PRM_20251203_MarthaReselection_Plate_3_E8	E	8	MRTH	56	RE8	0.1	C:\Xcalibur\methods\method1	smb://storage3.ad.scilifelab.se/massstorage/edfors%20lab/01_hot/Martha/RAW	PRM_20251203_MarthaReselection_Plate_3_E8	Homo sapiens	blood plasma	Plate_3	MarthaReselection	not available	not available	M	not available	not available	not available	not available	61	Plate_3_E8	MRTH1-0388	not available	1	AC=EFO:0009656;NT=plasma	run 250	proteomic profiling by mass spectrometry	PRM_20251203_MarthaReselection_Plate_3_E8.raw	PRM_20251203_MarthaReselection_Plate_3_E8.raw	NT=Parallel Reaction Monitoring;AC=MS:1002956	AC=MS:1002038;NT=label free sample	1	NT=High-performance liquid chromatography;AC=PRIDE:0000565	1	AC=MS:1001251;NT=Trypsin	not available	NT=Stellar;AC=MS:1003409	NT=Carbamidomethyl;AC=UNIMOD:4;TA=C;MT=Fixed	NT=Higher-energy Collisional Dissociation;AC=MS:1000422	27 NCE	40 ppm	0.05 Da	MRTH
PRM_20251203_MarthaReselection_Plate_3_F8	F	8	MRTH	68	RF8	0.1	C:\Xcalibur\methods\method1	smb://storage3.ad.scilifelab.se/massstorage/edfors%20lab/01_hot/Martha/RAW	PRM_20251203_MarthaReselection_Plate_3_F8	Homo sapiens	blood plasma	Plate_3	MarthaReselection	not available	not available	M	not available	not available	not available	not available	62	Plate_3_F8	MRTH1-0839	not available	1	AC=EFO:0009656;NT=plasma	run 251	proteomic profiling by mass spectrometry	PRM_20251203_MarthaReselection_Plate_3_F8.raw	PRM_20251203_MarthaReselection_Plate_3_F8.raw	NT=Parallel Reaction Monitoring;AC=MS:1002956	AC=MS:1002038;NT=label free sample	1	NT=High-performance liquid chromatography;AC=PRIDE:0000565	1	AC=MS:1001251;NT=Trypsin	not available	NT=Stellar;AC=MS:1003409	NT=Carbamidomethyl;AC=UNIMOD:4;TA=C;MT=Fixed	NT=Higher-energy Collisional Dissociation;AC=MS:1000422	27 NCE	40 ppm	0.05 Da	MRTH
PRM_20251203_MarthaReselection_Plate_3_G8	G	8	MRTH	80	RG8	0.1	C:\Xcalibur\methods\method1	smb://storage3.ad.scilifelab.se/massstorage/edfors%20lab/01_hot/Martha/RAW	PRM_20251203_MarthaReselection_Plate_3_G8	Homo sapiens	blood plasma	Plate_3	MarthaReselection	not available	not available	M	not available	not available	not available	not available	63	Plate_3_G8	MRTH1-0844	not available	1	AC=EFO:0009656;NT=plasma	run 252	proteomic profiling by mass spectrometry	PRM_20251203_MarthaReselection_Plate_3_G8.raw	PRM_20251203_MarthaReselection_Plate_3_G8.raw	NT=Parallel Reaction Monitoring;AC=MS:1002956	AC=MS:1002038;NT=label free sample	1	NT=High-performance liquid chromatography;AC=PRIDE:0000565	1	AC=MS:1001251;NT=Trypsin	not available	NT=Stellar;AC=MS:1003409	NT=Carbamidomethyl;AC=UNIMOD:4;TA=C;MT=Fixed	NT=Higher-energy Collisional Dissociation;AC=MS:1000422	27 NCE	40 ppm	0.05 Da	MRTH
PRM_20251203_MarthaReselection_Plate_3_H8	H	8	MRTH	92	RH8	0.1	C:\Xcalibur\methods\method1	smb://storage3.ad.scilifelab.se/massstorage/edfors%20lab/01_hot/Martha/RAW	PRM_20251203_MarthaReselection_Plate_3_H8	Homo sapiens	blood plasma	Plate_3	MarthaReselection	not available	not available	M	not available	not available	not available	not available	64	Plate_3_H8	MRTH1-0036	not available	1	AC=EFO:0009656;NT=plasma	run 253	proteomic profiling by mass spectrometry	PRM_20251203_MarthaReselection_Plate_3_H8.raw	PRM_20251203_MarthaReselection_Plate_3_H8.raw	NT=Parallel Reaction Monitoring;AC=MS:1002956	AC=MS:1002038;NT=label free sample	1	NT=High-performance liquid chromatography;AC=PRIDE:0000565	1	AC=MS:1001251;NT=Trypsin	not available	NT=Stellar;AC=MS:1003409	NT=Carbamidomethyl;AC=UNIMOD:4;TA=C;MT=Fixed	NT=Higher-energy Collisional Dissociation;AC=MS:1000422	27 NCE	40 ppm	0.05 Da	MRTH
PRM_20251203_MarthaReselection_Plate_3_A9	A	9	MRTH	9	RA9	0.1	C:\Xcalibur\methods\method1	smb://storage3.ad.scilifelab.se/massstorage/edfors%20lab/01_hot/Martha/RAW	PRM_20251203_MarthaReselection_Plate_3_A9	Homo sapiens	blood plasma	Plate_3	MarthaReselection	not available	not available	F	not available	not available	not available	not available	65	Plate_3_A9	MRTH1-0974	not available	1	AC=EFO:0009656;NT=plasma	run 254	proteomic profiling by mass spectrometry	PRM_20251203_MarthaReselection_Plate_3_A9.raw	PRM_20251203_MarthaReselection_Plate_3_A9.raw	NT=Parallel Reaction Monitoring;AC=MS:1002956	AC=MS:1002038;NT=label free sample	1	NT=High-performance liquid chromatography;AC=PRIDE:0000565	1	AC=MS:1001251;NT=Trypsin	not available	NT=Stellar;AC=MS:1003409	NT=Carbamidomethyl;AC=UNIMOD:4;TA=C;MT=Fixed	NT=Higher-energy Collisional Dissociation;AC=MS:1000422	27 NCE	40 ppm	0.05 Da	MRTH
PRM_20251203_MarthaReselection_Plate_3_B9	B	9	MRTH	21	RB9	0.1	C:\Xcalibur\methods\method1	smb://storage3.ad.scilifelab.se/massstorage/edfors%20lab/01_hot/Martha/RAW	PRM_20251203_MarthaReselection_Plate_3_B9	Homo sapiens	blood plasma	Plate_3	MarthaReselection	not available	not available	M	not available	not available	not available	not available	66	Plate_3_B9	MRTH1-1043	not available	1	AC=EFO:0009656;NT=plasma	run 255	proteomic profiling by mass spectrometry	PRM_20251203_MarthaReselection_Plate_3_B9.raw	PRM_20251203_MarthaReselection_Plate_3_B9.raw	NT=Parallel Reaction Monitoring;AC=MS:1002956	AC=MS:1002038;NT=label free sample	1	NT=High-performance liquid chromatography;AC=PRIDE:0000565	1	AC=MS:1001251;NT=Trypsin	not available	NT=Stellar;AC=MS:1003409	NT=Carbamidomethyl;AC=UNIMOD:4;TA=C;MT=Fixed	NT=Higher-energy Collisional Dissociation;AC=MS:1000422	27 NCE	40 ppm	0.05 Da	MRTH
PRM_20251203_MarthaReselection_Plate_3_C9	C	9	MRTH	33	RC9	0.1	C:\Xcalibur\methods\method1	smb://storage3.ad.scilifelab.se/massstorage/edfors%20lab/01_hot/Martha/RAW	PRM_20251203_MarthaReselection_Plate_3_C9	Homo sapiens	blood plasma	Plate_3	MarthaReselection	not available	not available	F	not available	not available	not available	not available	67	Plate_3_C9	MRTH1-1361	not available	1	AC=EFO:0009656;NT=plasma	run 256	proteomic profiling by mass spectrometry	PRM_20251203_MarthaReselection_Plate_3_C9.raw	PRM_20251203_MarthaReselection_Plate_3_C9.raw	NT=Parallel Reaction Monitoring;AC=MS:1002956	AC=MS:1002038;NT=label free sample	1	NT=High-performance liquid chromatography;AC=PRIDE:0000565	1	AC=MS:1001251;NT=Trypsin	not available	NT=Stellar;AC=MS:1003409	NT=Carbamidomethyl;AC=UNIMOD:4;TA=C;MT=Fixed	NT=Higher-energy Collisional Dissociation;AC=MS:1000422	27 NCE	40 ppm	0.05 Da	MRTH
PRM_20251203_MarthaReselection_Plate_3_D9	D	9	MRTH	45	RD9	0.1	C:\Xcalibur\methods\method1	smb://storage3.ad.scilifelab.se/massstorage/edfors%20lab/01_hot/Martha/RAW	PRM_20251203_MarthaReselection_Plate_3_D9	Homo sapiens	blood plasma	Plate_3	MarthaReselection	not available	not available	F	not available	not available	not available	not available	68	Plate_3_D9	MRTH1-0458	not available	1	AC=EFO:0009656;NT=plasma	run 257	proteomic profiling by mass spectrometry	PRM_20251203_MarthaReselection_Plate_3_D9.raw	PRM_20251203_MarthaReselection_Plate_3_D9.raw	NT=Parallel Reaction Monitoring;AC=MS:1002956	AC=MS:1002038;NT=label free sample	1	NT=High-performance liquid chromatography;AC=PRIDE:0000565	1	AC=MS:1001251;NT=Trypsin	not available	NT=Stellar;AC=MS:1003409	NT=Carbamidomethyl;AC=UNIMOD:4;TA=C;MT=Fixed	NT=Higher-energy Collisional Dissociation;AC=MS:1000422	27 NCE	40 ppm	0.05 Da	MRTH
PRM_20251203_MarthaReselection_Plate_3_E9	E	9	MRTH	57	RE9	0.1	C:\Xcalibur\methods\method1	smb://storage3.ad.scilifelab.se/massstorage/edfors%20lab/01_hot/Martha/RAW	PRM_20251203_MarthaReselection_Plate_3_E9	Homo sapiens	blood plasma	Plate_3	MarthaReselection	not available	not available	F	not available	not available	not available	not available	69	Plate_3_E9	MRTH1-0962	not available	1	AC=EFO:0009656;NT=plasma	run 258	proteomic profiling by mass spectrometry	PRM_20251203_MarthaReselection_Plate_3_E9.raw	PRM_20251203_MarthaReselection_Plate_3_E9.raw	NT=Parallel Reaction Monitoring;AC=MS:1002956	AC=MS:1002038;NT=label free sample	1	NT=High-performance liquid chromatography;AC=PRIDE:0000565	1	AC=MS:1001251;NT=Trypsin	not available	NT=Stellar;AC=MS:1003409	NT=Carbamidomethyl;AC=UNIMOD:4;TA=C;MT=Fixed	NT=Higher-energy Collisional Dissociation;AC=MS:1000422	27 NCE	40 ppm	0.05 Da	MRTH
PRM_20251203_MarthaReselection_Plate_3_F9	F	9	MRTH	69	RF9	0.1	C:\Xcalibur\methods\method1	smb://storage3.ad.scilifelab.se/massstorage/edfors%20lab/01_hot/Martha/RAW	PRM_20251203_MarthaReselection_Plate_3_F9	Homo sapiens	blood plasma	Plate_3	MarthaReselection	not available	not available	F	not available	not available	not available	not available	70	Plate_3_F9	MRTH1-0988	not available	1	AC=EFO:0009656;NT=plasma	run 259	proteomic profiling by mass spectrometry	PRM_20251203_MarthaReselection_Plate_3_F9.raw	PRM_20251203_MarthaReselection_Plate_3_F9.raw	NT=Parallel Reaction Monitoring;AC=MS:1002956	AC=MS:1002038;NT=label free sample	1	NT=High-performance liquid chromatography;AC=PRIDE:0000565	1	AC=MS:1001251;NT=Trypsin	not available	NT=Stellar;AC=MS:1003409	NT=Carbamidomethyl;AC=UNIMOD:4;TA=C;MT=Fixed	NT=Higher-energy Collisional Dissociation;AC=MS:1000422	27 NCE	40 ppm	0.05 Da	MRTH
PRM_20251203_MarthaReselection_Plate_3_G9	G	9	MRTH	81	RG9	0.1	C:\Xcalibur\methods\method1	smb://storage3.ad.scilifelab.se/massstorage/edfors%20lab/01_hot/Martha/RAW	PRM_20251203_MarthaReselection_Plate_3_G9	Homo sapiens	blood plasma	Plate_3	MarthaReselection	not available	not available	M	not available	not available	not available	not available	71	Plate_3_G9	MRTH1-0182	not available	1	AC=EFO:0009656;NT=plasma	run 260	proteomic profiling by mass spectrometry	PRM_20251203_MarthaReselection_Plate_3_G9.raw	PRM_20251203_MarthaReselection_Plate_3_G9.raw	NT=Parallel Reaction Monitoring;AC=MS:1002956	AC=MS:1002038;NT=label free sample	1	NT=High-performance liquid chromatography;AC=PRIDE:0000565	1	AC=MS:1001251;NT=Trypsin	not available	NT=Stellar;AC=MS:1003409	NT=Carbamidomethyl;AC=UNIMOD:4;TA=C;MT=Fixed	NT=Higher-energy Collisional Dissociation;AC=MS:1000422	27 NCE	40 ppm	0.05 Da	MRTH
PRM_20251203_MarthaReselection_Plate_3_H9	H	9	MRTH	93	RH9	0.1	C:\Xcalibur\methods\method1	smb://storage3.ad.scilifelab.se/massstorage/edfors%20lab/01_hot/Martha/RAW	PRM_20251203_MarthaReselection_Plate_3_H9	Homo sapiens	blood plasma	Plate_3	MarthaReselection	not available	not available	M	not available	not available	not available	not available	72	Plate_3_H9	MRTH1-0672	not available	1	AC=EFO:0009656;NT=plasma	run 261	proteomic profiling by mass spectrometry	PRM_20251203_MarthaReselection_Plate_3_H9.raw	PRM_20251203_MarthaReselection_Plate_3_H9.raw	NT=Parallel Reaction Monitoring;AC=MS:1002956	AC=MS:1002038;NT=label free sample	1	NT=High-performance liquid chromatography;AC=PRIDE:0000565	1	AC=MS:1001251;NT=Trypsin	not available	NT=Stellar;AC=MS:1003409	NT=Carbamidomethyl;AC=UNIMOD:4;TA=C;MT=Fixed	NT=Higher-energy Collisional Dissociation;AC=MS:1000422	27 NCE	40 ppm	0.05 Da	MRTH
PRM_20251203_MarthaReselection_Plate_3_A10	A	10	MRTH	10	RA10	0.1	C:\Xcalibur\methods\method1	smb://storage3.ad.scilifelab.se/massstorage/edfors%20lab/01_hot/Martha/RAW	PRM_20251203_MarthaReselection_Plate_3_A10	Homo sapiens	blood plasma	Plate_3	MarthaReselection	not available	not available	M	not available	not available	not available	not available	73	Plate_3_A10	MRTH1-0695	not available	1	AC=EFO:0009656;NT=plasma	run 262	proteomic profiling by mass spectrometry	PRM_20251203_MarthaReselection_Plate_3_A10.raw	PRM_20251203_MarthaReselection_Plate_3_A10.raw	NT=Parallel Reaction Monitoring;AC=MS:1002956	AC=MS:1002038;NT=label free sample	1	NT=High-performance liquid chromatography;AC=PRIDE:0000565	1	AC=MS:1001251;NT=Trypsin	not available	NT=Stellar;AC=MS:1003409	NT=Carbamidomethyl;AC=UNIMOD:4;TA=C;MT=Fixed	NT=Higher-energy Collisional Dissociation;AC=MS:1000422	27 NCE	40 ppm	0.05 Da	MRTH
PRM_20251203_MarthaReselection_Plate_3_B10	B	10	MRTH	22	RB10	0.1	C:\Xcalibur\methods\method1	smb://storage3.ad.scilifelab.se/massstorage/edfors%20lab/01_hot/Martha/RAW	PRM_20251203_MarthaReselection_Plate_3_B10	Homo sapiens	blood plasma	Plate_3	MarthaReselection	not available	not available	F	not available	not available	not available	not available	74	Plate_3_B10	MRTH1-1329	not available	1	AC=EFO:0009656;NT=plasma	run 263	proteomic profiling by mass spectrometry	PRM_20251203_MarthaReselection_Plate_3_B10.raw	PRM_20251203_MarthaReselection_Plate_3_B10.raw	NT=Parallel Reaction Monitoring;AC=MS:1002956	AC=MS:1002038;NT=label free sample	1	NT=High-performance liquid chromatography;AC=PRIDE:0000565	1	AC=MS:1001251;NT=Trypsin	not available	NT=Stellar;AC=MS:1003409	NT=Carbamidomethyl;AC=UNIMOD:4;TA=C;MT=Fixed	NT=Higher-energy Collisional Dissociation;AC=MS:1000422	27 NCE	40 ppm	0.05 Da	MRTH
PRM_20251203_MarthaReselection_Plate_3_C10	C	10	MRTH	34	RC10	0.1	C:\Xcalibur\methods\method1	smb://storage3.ad.scilifelab.se/massstorage/edfors%20lab/01_hot/Martha/RAW	PRM_20251203_MarthaReselection_Plate_3_C10	Homo sapiens	blood plasma	Plate_3	MarthaReselection	not available	not available	F	not available	not available	not available	not available	75	Plate_3_C10	MRTH1-0145	not available	1	AC=EFO:0009656;NT=plasma	run 264	proteomic profiling by mass spectrometry	PRM_20251203_MarthaReselection_Plate_3_C10.raw	PRM_20251203_MarthaReselection_Plate_3_C10.raw	NT=Parallel Reaction Monitoring;AC=MS:1002956	AC=MS:1002038;NT=label free sample	1	NT=High-performance liquid chromatography;AC=PRIDE:0000565	1	AC=MS:1001251;NT=Trypsin	not available	NT=Stellar;AC=MS:1003409	NT=Carbamidomethyl;AC=UNIMOD:4;TA=C;MT=Fixed	NT=Higher-energy Collisional Dissociation;AC=MS:1000422	27 NCE	40 ppm	0.05 Da	MRTH
PRM_20251203_MarthaReselection_Plate_3_D10	D	10	MRTH	46	RD10	0.1	C:\Xcalibur\methods\method1	smb://storage3.ad.scilifelab.se/massstorage/edfors%20lab/01_hot/Martha/RAW	PRM_20251203_MarthaReselection_Plate_3_D10	Homo sapiens	blood plasma	Plate_3	MarthaReselection	not available	not available	F	not available	not available	not available	not available	76	Plate_3_D10	MRTH1-1176	not available	1	AC=EFO:0009656;NT=plasma	run 265	proteomic profiling by mass spectrometry	PRM_20251203_MarthaReselection_Plate_3_D10.raw	PRM_20251203_MarthaReselection_Plate_3_D10.raw	NT=Parallel Reaction Monitoring;AC=MS:1002956	AC=MS:1002038;NT=label free sample	1	NT=High-performance liquid chromatography;AC=PRIDE:0000565	1	AC=MS:1001251;NT=Trypsin	not available	NT=Stellar;AC=MS:1003409	NT=Carbamidomethyl;AC=UNIMOD:4;TA=C;MT=Fixed	NT=Higher-energy Collisional Dissociation;AC=MS:1000422	27 NCE	40 ppm	0.05 Da	MRTH
PRM_20251203_MarthaReselection_Plate_3_E10	E	10	MRTH	58	RE10	0.1	C:\Xcalibur\methods\method1	smb://storage3.ad.scilifelab.se/massstorage/edfors%20lab/01_hot/Martha/RAW	PRM_20251203_MarthaReselection_Plate_3_E10	Homo sapiens	blood plasma	Plate_3	MarthaReselection	not available	not available	F	not available	not available	not available	not available	77	Plate_3_E10	MRTH1-0797	not available	1	AC=EFO:0009656;NT=plasma	run 266	proteomic profiling by mass spectrometry	PRM_20251203_MarthaReselection_Plate_3_E10.raw	PRM_20251203_MarthaReselection_Plate_3_E10.raw	NT=Parallel Reaction Monitoring;AC=MS:1002956	AC=MS:1002038;NT=label free sample	1	NT=High-performance liquid chromatography;AC=PRIDE:0000565	1	AC=MS:1001251;NT=Trypsin	not available	NT=Stellar;AC=MS:1003409	NT=Carbamidomethyl;AC=UNIMOD:4;TA=C;MT=Fixed	NT=Higher-energy Collisional Dissociation;AC=MS:1000422	27 NCE	40 ppm	0.05 Da	MRTH
PRM_20251203_MarthaReselection_Plate_3_F10	F	10	Pool	70	RF10	0.1	C:\Xcalibur\methods\method1	smb://storage3.ad.scilifelab.se/massstorage/edfors%20lab/01_hot/Martha/RAW	PRM_20251203_MarthaReselection_Plate_3_F10	Homo sapiens	blood plasma	Plate_3	MarthaReselection	not available	not available	NA	not available	not available	not available	not available	78	Plate_3_F10	EMPTY-0001	not available	1	AC=EFO:0009656;NT=plasma	run 267	proteomic profiling by mass spectrometry	PRM_20251203_MarthaReselection_Plate_3_F10.raw	PRM_20251203_MarthaReselection_Plate_3_F10.raw	NT=Parallel Reaction Monitoring;AC=MS:1002956	AC=MS:1002038;NT=label free sample	1	NT=High-performance liquid chromatography;AC=PRIDE:0000565	1	AC=MS:1001251;NT=Trypsin	not available	NT=Stellar;AC=MS:1003409	NT=Carbamidomethyl;AC=UNIMOD:4;TA=C;MT=Fixed	NT=Higher-energy Collisional Dissociation;AC=MS:1000422	27 NCE	40 ppm	0.05 Da	Pool
PRM_20251203_MarthaReselection_Plate_3_G10	G	10	MRTH	82	RG10	0.1	C:\Xcalibur\methods\method1	smb://storage3.ad.scilifelab.se/massstorage/edfors%20lab/01_hot/Martha/RAW	PRM_20251203_MarthaReselection_Plate_3_G10	Homo sapiens	blood plasma	Plate_3	MarthaReselection	not available	not available	F	not available	not available	not available	not available	79	Plate_3_G10	MRTH1-0480	not available	1	AC=EFO:0009656;NT=plasma	run 268	proteomic profiling by mass spectrometry	PRM_20251203_MarthaReselection_Plate_3_G10.raw	PRM_20251203_MarthaReselection_Plate_3_G10.raw	NT=Parallel Reaction Monitoring;AC=MS:1002956	AC=MS:1002038;NT=label free sample	1	NT=High-performance liquid chromatography;AC=PRIDE:0000565	1	AC=MS:1001251;NT=Trypsin	not available	NT=Stellar;AC=MS:1003409	NT=Carbamidomethyl;AC=UNIMOD:4;TA=C;MT=Fixed	NT=Higher-energy Collisional Dissociation;AC=MS:1000422	27 NCE	40 ppm	0.05 Da	MRTH
PRM_20251203_MarthaReselection_Plate_3_H10	H	10	MRTH	94	RH10	0.1	C:\Xcalibur\methods\method1	smb://storage3.ad.scilifelab.se/massstorage/edfors%20lab/01_hot/Martha/RAW	PRM_20251203_MarthaReselection_Plate_3_H10	Homo sapiens	blood plasma	Plate_3	MarthaReselection	not available	not available	F	not available	not available	not available	not available	80	Plate_3_H10	MRTH1-0725	not available	1	AC=EFO:0009656;NT=plasma	run 269	proteomic profiling by mass spectrometry	PRM_20251203_MarthaReselection_Plate_3_H10.raw	PRM_20251203_MarthaReselection_Plate_3_H10.raw	NT=Parallel Reaction Monitoring;AC=MS:1002956	AC=MS:1002038;NT=label free sample	1	NT=High-performance liquid chromatography;AC=PRIDE:0000565	1	AC=MS:1001251;NT=Trypsin	not available	NT=Stellar;AC=MS:1003409	NT=Carbamidomethyl;AC=UNIMOD:4;TA=C;MT=Fixed	NT=Higher-energy Collisional Dissociation;AC=MS:1000422	27 NCE	40 ppm	0.05 Da	MRTH
PRM_20251203_MarthaReselection_Plate_3_A11	A	11	MRTH	11	RA11	0.1	C:\Xcalibur\methods\method1	smb://storage3.ad.scilifelab.se/massstorage/edfors%20lab/01_hot/Martha/RAW	PRM_20251203_MarthaReselection_Plate_3_A11	Homo sapiens	blood plasma	Plate_3	MarthaReselection	not available	not available	F	not available	not available	not available	not available	81	Plate_3_A11	MRTH1-0381	not available	1	AC=EFO:0009656;NT=plasma	run 270	proteomic profiling by mass spectrometry	PRM_20251203_MarthaReselection_Plate_3_A11.raw	PRM_20251203_MarthaReselection_Plate_3_A11.raw	NT=Parallel Reaction Monitoring;AC=MS:1002956	AC=MS:1002038;NT=label free sample	1	NT=High-performance liquid chromatography;AC=PRIDE:0000565	1	AC=MS:1001251;NT=Trypsin	not available	NT=Stellar;AC=MS:1003409	NT=Carbamidomethyl;AC=UNIMOD:4;TA=C;MT=Fixed	NT=Higher-energy Collisional Dissociation;AC=MS:1000422	27 NCE	40 ppm	0.05 Da	MRTH
PRM_20251203_MarthaReselection_Plate_3_B11	B	11	MRTH	23	RB11	0.1	C:\Xcalibur\methods\method1	smb://storage3.ad.scilifelab.se/massstorage/edfors%20lab/01_hot/Martha/RAW	PRM_20251203_MarthaReselection_Plate_3_B11	Homo sapiens	blood plasma	Plate_3	MarthaReselection	not available	not available	F	not available	not available	not available	not available	82	Plate_3_B11	MRTH1-0963	not available	1	AC=EFO:0009656;NT=plasma	run 271	proteomic profiling by mass spectrometry	PRM_20251203_MarthaReselection_Plate_3_B11.raw	PRM_20251203_MarthaReselection_Plate_3_B11.raw	NT=Parallel Reaction Monitoring;AC=MS:1002956	AC=MS:1002038;NT=label free sample	1	NT=High-performance liquid chromatography;AC=PRIDE:0000565	1	AC=MS:1001251;NT=Trypsin	not available	NT=Stellar;AC=MS:1003409	NT=Carbamidomethyl;AC=UNIMOD:4;TA=C;MT=Fixed	NT=Higher-energy Collisional Dissociation;AC=MS:1000422	27 NCE	40 ppm	0.05 Da	MRTH
PRM_20251203_MarthaReselection_Plate_3_C11	C	11	MRTH	35	RC11	0.1	C:\Xcalibur\methods\method1	smb://storage3.ad.scilifelab.se/massstorage/edfors%20lab/01_hot/Martha/RAW	PRM_20251203_MarthaReselection_Plate_3_C11	Homo sapiens	blood plasma	Plate_3	MarthaReselection	not available	not available	F	not available	not available	not available	not available	83	Plate_3_C11	MRTH1-0899	not available	1	AC=EFO:0009656;NT=plasma	run 272	proteomic profiling by mass spectrometry	PRM_20251203_MarthaReselection_Plate_3_C11.raw	PRM_20251203_MarthaReselection_Plate_3_C11.raw	NT=Parallel Reaction Monitoring;AC=MS:1002956	AC=MS:1002038;NT=label free sample	1	NT=High-performance liquid chromatography;AC=PRIDE:0000565	1	AC=MS:1001251;NT=Trypsin	not available	NT=Stellar;AC=MS:1003409	NT=Carbamidomethyl;AC=UNIMOD:4;TA=C;MT=Fixed	NT=Higher-energy Collisional Dissociation;AC=MS:1000422	27 NCE	40 ppm	0.05 Da	MRTH
PRM_20251203_MarthaReselection_Plate_3_D11	D	11	MRTH	47	RD11	0.1	C:\Xcalibur\methods\method1	smb://storage3.ad.scilifelab.se/massstorage/edfors%20lab/01_hot/Martha/RAW	PRM_20251203_MarthaReselection_Plate_3_D11	Homo sapiens	blood plasma	Plate_3	MarthaReselection	not available	not available	M	not available	not available	not available	not available	84	Plate_3_D11	MRTH1-0734	not available	1	AC=EFO:0009656;NT=plasma	run 273	proteomic profiling by mass spectrometry	PRM_20251203_MarthaReselection_Plate_3_D11.raw	PRM_20251203_MarthaReselection_Plate_3_D11.raw	NT=Parallel Reaction Monitoring;AC=MS:1002956	AC=MS:1002038;NT=label free sample	1	NT=High-performance liquid chromatography;AC=PRIDE:0000565	1	AC=MS:1001251;NT=Trypsin	not available	NT=Stellar;AC=MS:1003409	NT=Carbamidomethyl;AC=UNIMOD:4;TA=C;MT=Fixed	NT=Higher-energy Collisional Dissociation;AC=MS:1000422	27 NCE	40 ppm	0.05 Da	MRTH
PRM_20251203_MarthaReselection_Plate_3_E11	E	11	MRTH	59	RE11	0.1	C:\Xcalibur\methods\method1	smb://storage3.ad.scilifelab.se/massstorage/edfors%20lab/01_hot/Martha/RAW	PRM_20251203_MarthaReselection_Plate_3_E11	Homo sapiens	blood plasma	Plate_3	MarthaReselection	not available	not available	F	not available	not available	not available	not available	85	Plate_3_E11	MRTH1-0242	not available	1	AC=EFO:0009656;NT=plasma	run 274	proteomic profiling by mass spectrometry	PRM_20251203_MarthaReselection_Plate_3_E11.raw	PRM_20251203_MarthaReselection_Plate_3_E11.raw	NT=Parallel Reaction Monitoring;AC=MS:1002956	AC=MS:1002038;NT=label free sample	1	NT=High-performance liquid chromatography;AC=PRIDE:0000565	1	AC=MS:1001251;NT=Trypsin	not available	NT=Stellar;AC=MS:1003409	NT=Carbamidomethyl;AC=UNIMOD:4;TA=C;MT=Fixed	NT=Higher-energy Collisional Dissociation;AC=MS:1000422	27 NCE	40 ppm	0.05 Da	MRTH
PRM_20251203_MarthaReselection_Plate_3_F11	F	11	MRTH	71	RF11	0.1	C:\Xcalibur\methods\method1	smb://storage3.ad.scilifelab.se/massstorage/edfors%20lab/01_hot/Martha/RAW	PRM_20251203_MarthaReselection_Plate_3_F11	Homo sapiens	blood plasma	Plate_3	MarthaReselection	not available	not available	F	not available	not available	not available	not available	86	Plate_3_F11	MRTH1-1015	not available	1	AC=EFO:0009656;NT=plasma	run 275	proteomic profiling by mass spectrometry	PRM_20251203_MarthaReselection_Plate_3_F11.raw	PRM_20251203_MarthaReselection_Plate_3_F11.raw	NT=Parallel Reaction Monitoring;AC=MS:1002956	AC=MS:1002038;NT=label free sample	1	NT=High-performance liquid chromatography;AC=PRIDE:0000565	1	AC=MS:1001251;NT=Trypsin	not available	NT=Stellar;AC=MS:1003409	NT=Carbamidomethyl;AC=UNIMOD:4;TA=C;MT=Fixed	NT=Higher-energy Collisional Dissociation;AC=MS:1000422	27 NCE	40 ppm	0.05 Da	MRTH
PRM_20251203_MarthaReselection_Plate_3_G11	G	11	MRTH	83	RG11	0.1	C:\Xcalibur\methods\method1	smb://storage3.ad.scilifelab.se/massstorage/edfors%20lab/01_hot/Martha/RAW	PRM_20251203_MarthaReselection_Plate_3_G11	Homo sapiens	blood plasma	Plate_3	MarthaReselection	not available	not available	M	not available	not available	not available	not available	87	Plate_3_G11	MRTH1-1292	not available	1	AC=EFO:0009656;NT=plasma	run 276	proteomic profiling by mass spectrometry	PRM_20251203_MarthaReselection_Plate_3_G11.raw	PRM_20251203_MarthaReselection_Plate_3_G11.raw	NT=Parallel Reaction Monitoring;AC=MS:1002956	AC=MS:1002038;NT=label free sample	1	NT=High-performance liquid chromatography;AC=PRIDE:0000565	1	AC=MS:1001251;NT=Trypsin	not available	NT=Stellar;AC=MS:1003409	NT=Carbamidomethyl;AC=UNIMOD:4;TA=C;MT=Fixed	NT=Higher-energy Collisional Dissociation;AC=MS:1000422	27 NCE	40 ppm	0.05 Da	MRTH
PRM_20251203_MarthaReselection_Plate_3_H11	H	11	MRTH	95	RH11	0.1	C:\Xcalibur\methods\method1	smb://storage3.ad.scilifelab.se/massstorage/edfors%20lab/01_hot/Martha/RAW	PRM_20251203_MarthaReselection_Plate_3_H11	Homo sapiens	blood plasma	Plate_3	MarthaReselection	not available	not available	F	not available	not available	not available	not available	88	Plate_3_H11	MRTH1-0208	not available	1	AC=EFO:0009656;NT=plasma	run 277	proteomic profiling by mass spectrometry	PRM_20251203_MarthaReselection_Plate_3_H11.raw	PRM_20251203_MarthaReselection_Plate_3_H11.raw	NT=Parallel Reaction Monitoring;AC=MS:1002956	AC=MS:1002038;NT=label free sample	1	NT=High-performance liquid chromatography;AC=PRIDE:0000565	1	AC=MS:1001251;NT=Trypsin	not available	NT=Stellar;AC=MS:1003409	NT=Carbamidomethyl;AC=UNIMOD:4;TA=C;MT=Fixed	NT=Higher-energy Collisional Dissociation;AC=MS:1000422	27 NCE	40 ppm	0.05 Da	MRTH
PRM_20251203_MarthaReselection_Plate_3_A12	A	12	MRTH	12	RA12	0.1	C:\Xcalibur\methods\method1	smb://storage3.ad.scilifelab.se/massstorage/edfors%20lab/01_hot/Martha/RAW	PRM_20251203_MarthaReselection_Plate_3_A12	Homo sapiens	blood plasma	Plate_3	MarthaReselection	not available	not available	F	not available	not available	not available	not available	89	Plate_3_A12	MRTH1-0419	not available	1	AC=EFO:0009656;NT=plasma	run 278	proteomic profiling by mass spectrometry	PRM_20251203_MarthaReselection_Plate_3_A12.raw	PRM_20251203_MarthaReselection_Plate_3_A12.raw	NT=Parallel Reaction Monitoring;AC=MS:1002956	AC=MS:1002038;NT=label free sample	1	NT=High-performance liquid chromatography;AC=PRIDE:0000565	1	AC=MS:1001251;NT=Trypsin	not available	NT=Stellar;AC=MS:1003409	NT=Carbamidomethyl;AC=UNIMOD:4;TA=C;MT=Fixed	NT=Higher-energy Collisional Dissociation;AC=MS:1000422	27 NCE	40 ppm	0.05 Da	MRTH
PRM_20251203_MarthaReselection_Plate_3_B12	B	12	MRTH	24	RB12	0.1	C:\Xcalibur\methods\method1	smb://storage3.ad.scilifelab.se/massstorage/edfors%20lab/01_hot/Martha/RAW	PRM_20251203_MarthaReselection_Plate_3_B12	Homo sapiens	blood plasma	Plate_3	MarthaReselection	not available	not available	M	not available	not available	not available	not available	90	Plate_3_B12	MRTH1-0803	not available	1	AC=EFO:0009656;NT=plasma	run 279	proteomic profiling by mass spectrometry	PRM_20251203_MarthaReselection_Plate_3_B12.raw	PRM_20251203_MarthaReselection_Plate_3_B12.raw	NT=Parallel Reaction Monitoring;AC=MS:1002956	AC=MS:1002038;NT=label free sample	1	NT=High-performance liquid chromatography;AC=PRIDE:0000565	1	AC=MS:1001251;NT=Trypsin	not available	NT=Stellar;AC=MS:1003409	NT=Carbamidomethyl;AC=UNIMOD:4;TA=C;MT=Fixed	NT=Higher-energy Collisional Dissociation;AC=MS:1000422	27 NCE	40 ppm	0.05 Da	MRTH
PRM_20251203_MarthaReselection_Plate_3_C12	C	12	MRTH	36	RC12	0.1	C:\Xcalibur\methods\method1	smb://storage3.ad.scilifelab.se/massstorage/edfors%20lab/01_hot/Martha/RAW	PRM_20251203_MarthaReselection_Plate_3_C12	Homo sapiens	blood plasma	Plate_3	MarthaReselection	not available	not available	F	not available	not available	not available	not available	91	Plate_3_C12	MRTH1-0538	not available	1	AC=EFO:0009656;NT=plasma	run 280	proteomic profiling by mass spectrometry	PRM_20251203_MarthaReselection_Plate_3_C12.raw	PRM_20251203_MarthaReselection_Plate_3_C12.raw	NT=Parallel Reaction Monitoring;AC=MS:1002956	AC=MS:1002038;NT=label free sample	1	NT=High-performance liquid chromatography;AC=PRIDE:0000565	1	AC=MS:1001251;NT=Trypsin	not available	NT=Stellar;AC=MS:1003409	NT=Carbamidomethyl;AC=UNIMOD:4;TA=C;MT=Fixed	NT=Higher-energy Collisional Dissociation;AC=MS:1000422	27 NCE	40 ppm	0.05 Da	MRTH
PRM_20251203_MarthaReselection_Plate_3_D12	D	12	MRTH	48	RD12	0.1	C:\Xcalibur\methods\method1	smb://storage3.ad.scilifelab.se/massstorage/edfors%20lab/01_hot/Martha/RAW	PRM_20251203_MarthaReselection_Plate_3_D12	Homo sapiens	blood plasma	Plate_3	MarthaReselection	not available	not available	F	not available	not available	not available	not available	92	Plate_3_D12	MRTH1-1243	not available	1	AC=EFO:0009656;NT=plasma	run 281	proteomic profiling by mass spectrometry	PRM_20251203_MarthaReselection_Plate_3_D12.raw	PRM_20251203_MarthaReselection_Plate_3_D12.raw	NT=Parallel Reaction Monitoring;AC=MS:1002956	AC=MS:1002038;NT=label free sample	1	NT=High-performance liquid chromatography;AC=PRIDE:0000565	1	AC=MS:1001251;NT=Trypsin	not available	NT=Stellar;AC=MS:1003409	NT=Carbamidomethyl;AC=UNIMOD:4;TA=C;MT=Fixed	NT=Higher-energy Collisional Dissociation;AC=MS:1000422	27 NCE	40 ppm	0.05 Da	MRTH
PRM_20251203_MarthaReselection_Plate_3_E12	E	12	MRTH	60	RE12	0.1	C:\Xcalibur\methods\method1	smb://storage3.ad.scilifelab.se/massstorage/edfors%20lab/01_hot/Martha/RAW	PRM_20251203_MarthaReselection_Plate_3_E12	Homo sapiens	blood plasma	Plate_3	MarthaReselection	not available	not available	F	not available	not available	not available	not available	93	Plate_3_E12	MRTH1-0467	not available	1	AC=EFO:0009656;NT=plasma	run 282	proteomic profiling by mass spectrometry	PRM_20251203_MarthaReselection_Plate_3_E12.raw	PRM_20251203_MarthaReselection_Plate_3_E12.raw	NT=Parallel Reaction Monitoring;AC=MS:1002956	AC=MS:1002038;NT=label free sample	1	NT=High-performance liquid chromatography;AC=PRIDE:0000565	1	AC=MS:1001251;NT=Trypsin	not available	NT=Stellar;AC=MS:1003409	NT=Carbamidomethyl;AC=UNIMOD:4;TA=C;MT=Fixed	NT=Higher-energy Collisional Dissociation;AC=MS:1000422	27 NCE	40 ppm	0.05 Da	MRTH
PRM_20251203_MarthaReselection_Plate_3_F12	F	12	Pool	72	RF12	0.1	C:\Xcalibur\methods\method1	smb://storage3.ad.scilifelab.se/massstorage/edfors%20lab/01_hot/Martha/RAW	PRM_20251203_MarthaReselection_Plate_3_F12	Homo sapiens	blood plasma	Plate_3	MarthaReselection	not available	not available	NA	not available	not available	not available	not available	94	Plate_3_F12	EMPTY-0001	not available	1	AC=EFO:0009656;NT=plasma	run 283	proteomic profiling by mass spectrometry	PRM_20251203_MarthaReselection_Plate_3_F12.raw	PRM_20251203_MarthaReselection_Plate_3_F12.raw	NT=Parallel Reaction Monitoring;AC=MS:1002956	AC=MS:1002038;NT=label free sample	1	NT=High-performance liquid chromatography;AC=PRIDE:0000565	1	AC=MS:1001251;NT=Trypsin	not available	NT=Stellar;AC=MS:1003409	NT=Carbamidomethyl;AC=UNIMOD:4;TA=C;MT=Fixed	NT=Higher-energy Collisional Dissociation;AC=MS:1000422	27 NCE	40 ppm	0.05 Da	Pool
PRM_20251203_MarthaReselection_Plate_3_G12	G	12	Pool	84	RG12	0.1	C:\Xcalibur\methods\method1	smb://storage3.ad.scilifelab.se/massstorage/edfors%20lab/01_hot/Martha/RAW	PRM_20251203_MarthaReselection_Plate_3_G12	Homo sapiens	blood plasma	Plate_3	MarthaReselection	not available	not available	NA	not available	not available	not available	not available	95	Plate_3_G12	EMPTY-0001	not available	1	AC=EFO:0009656;NT=plasma	run 284	proteomic profiling by mass spectrometry	PRM_20251203_MarthaReselection_Plate_3_G12.raw	PRM_20251203_MarthaReselection_Plate_3_G12.raw	NT=Parallel Reaction Monitoring;AC=MS:1002956	AC=MS:1002038;NT=label free sample	1	NT=High-performance liquid chromatography;AC=PRIDE:0000565	1	AC=MS:1001251;NT=Trypsin	not available	NT=Stellar;AC=MS:1003409	NT=Carbamidomethyl;AC=UNIMOD:4;TA=C;MT=Fixed	NT=Higher-energy Collisional Dissociation;AC=MS:1000422	27 NCE	40 ppm	0.05 Da	Pool
PRM_20251203_MarthaReselection_Plate_3_H12	H	12	Pool	96	RH12	0.1	C:\Xcalibur\methods\method1	smb://storage3.ad.scilifelab.se/massstorage/edfors%20lab/01_hot/Martha/RAW	PRM_20251203_MarthaReselection_Plate_3_H12	Homo sapiens	blood plasma	Plate_3	MarthaReselection	not available	not available	NA	not available	not available	not available	not available	96	Plate_3_H12	EMPTY-0001	not available	1	AC=EFO:0009656;NT=plasma	run 285	proteomic profiling by mass spectrometry	PRM_20251203_MarthaReselection_Plate_3_H12.raw	PRM_20251203_MarthaReselection_Plate_3_H12.raw	NT=Parallel Reaction Monitoring;AC=MS:1002956	AC=MS:1002038;NT=label free sample	1	NT=High-performance liquid chromatography;AC=PRIDE:0000565	1	AC=MS:1001251;NT=Trypsin	not available	NT=Stellar;AC=MS:1003409	NT=Carbamidomethyl;AC=UNIMOD:4;TA=C;MT=Fixed	NT=Higher-energy Collisional Dissociation;AC=MS:1000422	27 NCE	40 ppm	0.05 Da	Pool
PRM_20251204_MarthaReselection_Plate_4_A1	A	1	MRTH	1	RA1	0.1	C:\Xcalibur\methods\method1	smb://storage3.ad.scilifelab.se/massstorage/edfors%20lab/01_hot/Martha/RAW	PRM_20251204_MarthaReselection_Plate_4_A1	Homo sapiens	blood plasma	Plate_4	MarthaReselection	not available	not available	M	not available	not available	not available	not available	1	Plate_4_A1	MRTH1-1026	not available	1	AC=EFO:0009656;NT=plasma	run 286	proteomic profiling by mass spectrometry	PRM_20251204_MarthaReselection_Plate_4_A1.raw	PRM_20251204_MarthaReselection_Plate_4_A1.raw	NT=Parallel Reaction Monitoring;AC=MS:1002956	AC=MS:1002038;NT=label free sample	1	NT=High-performance liquid chromatography;AC=PRIDE:0000565	1	AC=MS:1001251;NT=Trypsin	not available	NT=Stellar;AC=MS:1003409	NT=Carbamidomethyl;AC=UNIMOD:4;TA=C;MT=Fixed	NT=Higher-energy Collisional Dissociation;AC=MS:1000422	27 NCE	40 ppm	0.05 Da	MRTH
PRM_20251204_MarthaReselection_Plate_4_B1	B	1	MRTH	13	RB1	0.1	C:\Xcalibur\methods\method1	smb://storage3.ad.scilifelab.se/massstorage/edfors%20lab/01_hot/Martha/RAW	PRM_20251204_MarthaReselection_Plate_4_B1	Homo sapiens	blood plasma	Plate_4	MarthaReselection	not available	not available	M	not available	not available	not available	not available	2	Plate_4_B1	MRTH1-1260	not available	1	AC=EFO:0009656;NT=plasma	run 287	proteomic profiling by mass spectrometry	PRM_20251204_MarthaReselection_Plate_4_B1.raw	PRM_20251204_MarthaReselection_Plate_4_B1.raw	NT=Parallel Reaction Monitoring;AC=MS:1002956	AC=MS:1002038;NT=label free sample	1	NT=High-performance liquid chromatography;AC=PRIDE:0000565	1	AC=MS:1001251;NT=Trypsin	not available	NT=Stellar;AC=MS:1003409	NT=Carbamidomethyl;AC=UNIMOD:4;TA=C;MT=Fixed	NT=Higher-energy Collisional Dissociation;AC=MS:1000422	27 NCE	40 ppm	0.05 Da	MRTH
PRM_20251204_MarthaReselection_Plate_4_C1	C	1	MRTH	25	RC1	0.1	C:\Xcalibur\methods\method1	smb://storage3.ad.scilifelab.se/massstorage/edfors%20lab/01_hot/Martha/RAW	PRM_20251204_MarthaReselection_Plate_4_C1	Homo sapiens	blood plasma	Plate_4	MarthaReselection	not available	not available	F	not available	not available	not available	not available	3	Plate_4_C1	MRTH1-0628	not available	1	AC=EFO:0009656;NT=plasma	run 288	proteomic profiling by mass spectrometry	PRM_20251204_MarthaReselection_Plate_4_C1.raw	PRM_20251204_MarthaReselection_Plate_4_C1.raw	NT=Parallel Reaction Monitoring;AC=MS:1002956	AC=MS:1002038;NT=label free sample	1	NT=High-performance liquid chromatography;AC=PRIDE:0000565	1	AC=MS:1001251;NT=Trypsin	not available	NT=Stellar;AC=MS:1003409	NT=Carbamidomethyl;AC=UNIMOD:4;TA=C;MT=Fixed	NT=Higher-energy Collisional Dissociation;AC=MS:1000422	27 NCE	40 ppm	0.05 Da	MRTH
PRM_20251204_MarthaReselection_Plate_4_D1	D	1	MRTH	37	RD1	0.1	C:\Xcalibur\methods\method1	smb://storage3.ad.scilifelab.se/massstorage/edfors%20lab/01_hot/Martha/RAW	PRM_20251204_MarthaReselection_Plate_4_D1	Homo sapiens	blood plasma	Plate_4	MarthaReselection	not available	not available	F	not available	not available	not available	not available	4	Plate_4_D1	MRTH1-0708	not available	1	AC=EFO:0009656;NT=plasma	run 289	proteomic profiling by mass spectrometry	PRM_20251204_MarthaReselection_Plate_4_D1.raw	PRM_20251204_MarthaReselection_Plate_4_D1.raw	NT=Parallel Reaction Monitoring;AC=MS:1002956	AC=MS:1002038;NT=label free sample	1	NT=High-performance liquid chromatography;AC=PRIDE:0000565	1	AC=MS:1001251;NT=Trypsin	not available	NT=Stellar;AC=MS:1003409	NT=Carbamidomethyl;AC=UNIMOD:4;TA=C;MT=Fixed	NT=Higher-energy Collisional Dissociation;AC=MS:1000422	27 NCE	40 ppm	0.05 Da	MRTH
PRM_20251204_MarthaReselection_Plate_4_E1	E	1	MRTH	49	RE1	0.1	C:\Xcalibur\methods\method1	smb://storage3.ad.scilifelab.se/massstorage/edfors%20lab/01_hot/Martha/RAW	PRM_20251204_MarthaReselection_Plate_4_E1	Homo sapiens	blood plasma	Plate_4	MarthaReselection	not available	not available	M	not available	not available	not available	not available	5	Plate_4_E1	MRTH1-0986	not available	1	AC=EFO:0009656;NT=plasma	run 290	proteomic profiling by mass spectrometry	PRM_20251204_MarthaReselection_Plate_4_E1.raw	PRM_20251204_MarthaReselection_Plate_4_E1.raw	NT=Parallel Reaction Monitoring;AC=MS:1002956	AC=MS:1002038;NT=label free sample	1	NT=High-performance liquid chromatography;AC=PRIDE:0000565	1	AC=MS:1001251;NT=Trypsin	not available	NT=Stellar;AC=MS:1003409	NT=Carbamidomethyl;AC=UNIMOD:4;TA=C;MT=Fixed	NT=Higher-energy Collisional Dissociation;AC=MS:1000422	27 NCE	40 ppm	0.05 Da	MRTH
PRM_20251204_MarthaReselection_Plate_4_F1	F	1	MRTH	61	RF1	0.1	C:\Xcalibur\methods\method1	smb://storage3.ad.scilifelab.se/massstorage/edfors%20lab/01_hot/Martha/RAW	PRM_20251204_MarthaReselection_Plate_4_F1	Homo sapiens	blood plasma	Plate_4	MarthaReselection	not available	not available	M	not available	not available	not available	not available	6	Plate_4_F1	MRTH1-0886	not available	1	AC=EFO:0009656;NT=plasma	run 291	proteomic profiling by mass spectrometry	PRM_20251204_MarthaReselection_Plate_4_F1.raw	PRM_20251204_MarthaReselection_Plate_4_F1.raw	NT=Parallel Reaction Monitoring;AC=MS:1002956	AC=MS:1002038;NT=label free sample	1	NT=High-performance liquid chromatography;AC=PRIDE:0000565	1	AC=MS:1001251;NT=Trypsin	not available	NT=Stellar;AC=MS:1003409	NT=Carbamidomethyl;AC=UNIMOD:4;TA=C;MT=Fixed	NT=Higher-energy Collisional Dissociation;AC=MS:1000422	27 NCE	40 ppm	0.05 Da	MRTH
PRM_20251204_MarthaReselection_Plate_4_G1	G	1	MRTH	73	RG1	0.1	C:\Xcalibur\methods\method1	smb://storage3.ad.scilifelab.se/massstorage/edfors%20lab/01_hot/Martha/RAW	PRM_20251204_MarthaReselection_Plate_4_G1	Homo sapiens	blood plasma	Plate_4	MarthaReselection	not available	not available	F	not available	not available	not available	not available	7	Plate_4_G1	MRTH1-0241	not available	1	AC=EFO:0009656;NT=plasma	run 292	proteomic profiling by mass spectrometry	PRM_20251204_MarthaReselection_Plate_4_G1.raw	PRM_20251204_MarthaReselection_Plate_4_G1.raw	NT=Parallel Reaction Monitoring;AC=MS:1002956	AC=MS:1002038;NT=label free sample	1	NT=High-performance liquid chromatography;AC=PRIDE:0000565	1	AC=MS:1001251;NT=Trypsin	not available	NT=Stellar;AC=MS:1003409	NT=Carbamidomethyl;AC=UNIMOD:4;TA=C;MT=Fixed	NT=Higher-energy Collisional Dissociation;AC=MS:1000422	27 NCE	40 ppm	0.05 Da	MRTH
PRM_20251204_MarthaReselection_Plate_4_H1	H	1	MRTH	85	RH1	0.1	C:\Xcalibur\methods\method1	smb://storage3.ad.scilifelab.se/massstorage/edfors%20lab/01_hot/Martha/RAW	PRM_20251204_MarthaReselection_Plate_4_H1	Homo sapiens	blood plasma	Plate_4	MarthaReselection	not available	not available	F	not available	not available	not available	not available	8	Plate_4_H1	MRTH1-0541	not available	1	AC=EFO:0009656;NT=plasma	run 293	proteomic profiling by mass spectrometry	PRM_20251204_MarthaReselection_Plate_4_H1.raw	PRM_20251204_MarthaReselection_Plate_4_H1.raw	NT=Parallel Reaction Monitoring;AC=MS:1002956	AC=MS:1002038;NT=label free sample	1	NT=High-performance liquid chromatography;AC=PRIDE:0000565	1	AC=MS:1001251;NT=Trypsin	not available	NT=Stellar;AC=MS:1003409	NT=Carbamidomethyl;AC=UNIMOD:4;TA=C;MT=Fixed	NT=Higher-energy Collisional Dissociation;AC=MS:1000422	27 NCE	40 ppm	0.05 Da	MRTH
PRM_20251204_MarthaReselection_Plate_4_A2	A	2	MRTH	2	RA2	0.1	C:\Xcalibur\methods\method1	smb://storage3.ad.scilifelab.se/massstorage/edfors%20lab/01_hot/Martha/RAW	PRM_20251204_MarthaReselection_Plate_4_A2	Homo sapiens	blood plasma	Plate_4	MarthaReselection	not available	not available	F	not available	not available	not available	not available	9	Plate_4_A2	MRTH1-0459	not available	1	AC=EFO:0009656;NT=plasma	run 294	proteomic profiling by mass spectrometry	PRM_20251204_MarthaReselection_Plate_4_A2.raw	PRM_20251204_MarthaReselection_Plate_4_A2.raw	NT=Parallel Reaction Monitoring;AC=MS:1002956	AC=MS:1002038;NT=label free sample	1	NT=High-performance liquid chromatography;AC=PRIDE:0000565	1	AC=MS:1001251;NT=Trypsin	not available	NT=Stellar;AC=MS:1003409	NT=Carbamidomethyl;AC=UNIMOD:4;TA=C;MT=Fixed	NT=Higher-energy Collisional Dissociation;AC=MS:1000422	27 NCE	40 ppm	0.05 Da	MRTH
PRM_20251204_MarthaReselection_Plate_4_B2	B	2	MRTH	14	RB2	0.1	C:\Xcalibur\methods\method1	smb://storage3.ad.scilifelab.se/massstorage/edfors%20lab/01_hot/Martha/RAW	PRM_20251204_MarthaReselection_Plate_4_B2	Homo sapiens	blood plasma	Plate_4	MarthaReselection	not available	not available	F	not available	not available	not available	not available	10	Plate_4_B2	MRTH1-0281	not available	1	AC=EFO:0009656;NT=plasma	run 295	proteomic profiling by mass spectrometry	PRM_20251204_MarthaReselection_Plate_4_B2.raw	PRM_20251204_MarthaReselection_Plate_4_B2.raw	NT=Parallel Reaction Monitoring;AC=MS:1002956	AC=MS:1002038;NT=label free sample	1	NT=High-performance liquid chromatography;AC=PRIDE:0000565	1	AC=MS:1001251;NT=Trypsin	not available	NT=Stellar;AC=MS:1003409	NT=Carbamidomethyl;AC=UNIMOD:4;TA=C;MT=Fixed	NT=Higher-energy Collisional Dissociation;AC=MS:1000422	27 NCE	40 ppm	0.05 Da	MRTH
PRM_20251204_MarthaReselection_Plate_4_C2	C	2	MRTH	26	RC2	0.1	C:\Xcalibur\methods\method1	smb://storage3.ad.scilifelab.se/massstorage/edfors%20lab/01_hot/Martha/RAW	PRM_20251204_MarthaReselection_Plate_4_C2	Homo sapiens	blood plasma	Plate_4	MarthaReselection	not available	not available	F	not available	not available	not available	not available	11	Plate_4_C2	MRTH1-0268	not available	1	AC=EFO:0009656;NT=plasma	run 296	proteomic profiling by mass spectrometry	PRM_20251204_MarthaReselection_Plate_4_C2.raw	PRM_20251204_MarthaReselection_Plate_4_C2.raw	NT=Parallel Reaction Monitoring;AC=MS:1002956	AC=MS:1002038;NT=label free sample	1	NT=High-performance liquid chromatography;AC=PRIDE:0000565	1	AC=MS:1001251;NT=Trypsin	not available	NT=Stellar;AC=MS:1003409	NT=Carbamidomethyl;AC=UNIMOD:4;TA=C;MT=Fixed	NT=Higher-energy Collisional Dissociation;AC=MS:1000422	27 NCE	40 ppm	0.05 Da	MRTH
PRM_20251204_MarthaReselection_Plate_4_D2	D	2	MRTH	38	RD2	0.1	C:\Xcalibur\methods\method1	smb://storage3.ad.scilifelab.se/massstorage/edfors%20lab/01_hot/Martha/RAW	PRM_20251204_MarthaReselection_Plate_4_D2	Homo sapiens	blood plasma	Plate_4	MarthaReselection	not available	not available	F	not available	not available	not available	not available	12	Plate_4_D2	MRTH1-0301	not available	1	AC=EFO:0009656;NT=plasma	run 297	proteomic profiling by mass spectrometry	PRM_20251204_MarthaReselection_Plate_4_D2.raw	PRM_20251204_MarthaReselection_Plate_4_D2.raw	NT=Parallel Reaction Monitoring;AC=MS:1002956	AC=MS:1002038;NT=label free sample	1	NT=High-performance liquid chromatography;AC=PRIDE:0000565	1	AC=MS:1001251;NT=Trypsin	not available	NT=Stellar;AC=MS:1003409	NT=Carbamidomethyl;AC=UNIMOD:4;TA=C;MT=Fixed	NT=Higher-energy Collisional Dissociation;AC=MS:1000422	27 NCE	40 ppm	0.05 Da	MRTH
PRM_20251204_MarthaReselection_Plate_4_E2	E	2	Pool	50	RE2	0.1	C:\Xcalibur\methods\method1	smb://storage3.ad.scilifelab.se/massstorage/edfors%20lab/01_hot/Martha/RAW	PRM_20251204_MarthaReselection_Plate_4_E2	Homo sapiens	blood plasma	Plate_4	MarthaReselection	not available	not available	NA	not available	not available	not available	not available	13	Plate_4_E2	EMPTY-0001	not available	1	AC=EFO:0009656;NT=plasma	run 298	proteomic profiling by mass spectrometry	PRM_20251204_MarthaReselection_Plate_4_E2.raw	PRM_20251204_MarthaReselection_Plate_4_E2.raw	NT=Parallel Reaction Monitoring;AC=MS:1002956	AC=MS:1002038;NT=label free sample	1	NT=High-performance liquid chromatography;AC=PRIDE:0000565	1	AC=MS:1001251;NT=Trypsin	not available	NT=Stellar;AC=MS:1003409	NT=Carbamidomethyl;AC=UNIMOD:4;TA=C;MT=Fixed	NT=Higher-energy Collisional Dissociation;AC=MS:1000422	27 NCE	40 ppm	0.05 Da	Pool
PRM_20251204_MarthaReselection_Plate_4_F2	F	2	MRTH	62	RF2	0.1	C:\Xcalibur\methods\method1	smb://storage3.ad.scilifelab.se/massstorage/edfors%20lab/01_hot/Martha/RAW	PRM_20251204_MarthaReselection_Plate_4_F2	Homo sapiens	blood plasma	Plate_4	MarthaReselection	not available	not available	M	not available	not available	not available	not available	14	Plate_4_F2	MRTH1-0958	not available	1	AC=EFO:0009656;NT=plasma	run 299	proteomic profiling by mass spectrometry	PRM_20251204_MarthaReselection_Plate_4_F2.raw	PRM_20251204_MarthaReselection_Plate_4_F2.raw	NT=Parallel Reaction Monitoring;AC=MS:1002956	AC=MS:1002038;NT=label free sample	1	NT=High-performance liquid chromatography;AC=PRIDE:0000565	1	AC=MS:1001251;NT=Trypsin	not available	NT=Stellar;AC=MS:1003409	NT=Carbamidomethyl;AC=UNIMOD:4;TA=C;MT=Fixed	NT=Higher-energy Collisional Dissociation;AC=MS:1000422	27 NCE	40 ppm	0.05 Da	MRTH
PRM_20251204_MarthaReselection_Plate_4_G2	G	2	MRTH	74	RG2	0.1	C:\Xcalibur\methods\method1	smb://storage3.ad.scilifelab.se/massstorage/edfors%20lab/01_hot/Martha/RAW	PRM_20251204_MarthaReselection_Plate_4_G2	Homo sapiens	blood plasma	Plate_4	MarthaReselection	not available	not available	M	not available	not available	not available	not available	15	Plate_4_G2	MRTH1-1078	not available	1	AC=EFO:0009656;NT=plasma	run 300	proteomic profiling by mass spectrometry	PRM_20251204_MarthaReselection_Plate_4_G2.raw	PRM_20251204_MarthaReselection_Plate_4_G2.raw	NT=Parallel Reaction Monitoring;AC=MS:1002956	AC=MS:1002038;NT=label free sample	1	NT=High-performance liquid chromatography;AC=PRIDE:0000565	1	AC=MS:1001251;NT=Trypsin	not available	NT=Stellar;AC=MS:1003409	NT=Carbamidomethyl;AC=UNIMOD:4;TA=C;MT=Fixed	NT=Higher-energy Collisional Dissociation;AC=MS:1000422	27 NCE	40 ppm	0.05 Da	MRTH
PRM_20251204_MarthaReselection_Plate_4_H2	H	2	MRTH	86	RH2	0.1	C:\Xcalibur\methods\method1	smb://storage3.ad.scilifelab.se/massstorage/edfors%20lab/01_hot/Martha/RAW	PRM_20251204_MarthaReselection_Plate_4_H2	Homo sapiens	blood plasma	Plate_4	MarthaReselection	not available	not available	M	not available	not available	not available	not available	16	Plate_4_H2	MRTH1-0111	not available	1	AC=EFO:0009656;NT=plasma	run 301	proteomic profiling by mass spectrometry	PRM_20251204_MarthaReselection_Plate_4_H2.raw	PRM_20251204_MarthaReselection_Plate_4_H2.raw	NT=Parallel Reaction Monitoring;AC=MS:1002956	AC=MS:1002038;NT=label free sample	1	NT=High-performance liquid chromatography;AC=PRIDE:0000565	1	AC=MS:1001251;NT=Trypsin	not available	NT=Stellar;AC=MS:1003409	NT=Carbamidomethyl;AC=UNIMOD:4;TA=C;MT=Fixed	NT=Higher-energy Collisional Dissociation;AC=MS:1000422	27 NCE	40 ppm	0.05 Da	MRTH
PRM_20251204_MarthaReselection_Plate_4_A3	A	3	MRTH	3	RA3	0.1	C:\Xcalibur\methods\method1	smb://storage3.ad.scilifelab.se/massstorage/edfors%20lab/01_hot/Martha/RAW	PRM_20251204_MarthaReselection_Plate_4_A3	Homo sapiens	blood plasma	Plate_4	MarthaReselection	not available	not available	F	not available	not available	not available	not available	17	Plate_4_A3	MRTH1-0373	not available	1	AC=EFO:0009656;NT=plasma	run 302	proteomic profiling by mass spectrometry	PRM_20251204_MarthaReselection_Plate_4_A3.raw	PRM_20251204_MarthaReselection_Plate_4_A3.raw	NT=Parallel Reaction Monitoring;AC=MS:1002956	AC=MS:1002038;NT=label free sample	1	NT=High-performance liquid chromatography;AC=PRIDE:0000565	1	AC=MS:1001251;NT=Trypsin	not available	NT=Stellar;AC=MS:1003409	NT=Carbamidomethyl;AC=UNIMOD:4;TA=C;MT=Fixed	NT=Higher-energy Collisional Dissociation;AC=MS:1000422	27 NCE	40 ppm	0.05 Da	MRTH
PRM_20251204_MarthaReselection_Plate_4_B3	B	3	MRTH	15	RB3	0.1	C:\Xcalibur\methods\method1	smb://storage3.ad.scilifelab.se/massstorage/edfors%20lab/01_hot/Martha/RAW	PRM_20251204_MarthaReselection_Plate_4_B3	Homo sapiens	blood plasma	Plate_4	MarthaReselection	not available	not available	M	not available	not available	not available	not available	18	Plate_4_B3	MRTH1-0239	not available	1	AC=EFO:0009656;NT=plasma	run 303	proteomic profiling by mass spectrometry	PRM_20251204_MarthaReselection_Plate_4_B3.raw	PRM_20251204_MarthaReselection_Plate_4_B3.raw	NT=Parallel Reaction Monitoring;AC=MS:1002956	AC=MS:1002038;NT=label free sample	1	NT=High-performance liquid chromatography;AC=PRIDE:0000565	1	AC=MS:1001251;NT=Trypsin	not available	NT=Stellar;AC=MS:1003409	NT=Carbamidomethyl;AC=UNIMOD:4;TA=C;MT=Fixed	NT=Higher-energy Collisional Dissociation;AC=MS:1000422	27 NCE	40 ppm	0.05 Da	MRTH
PRM_20251204_MarthaReselection_Plate_4_C3	C	3	MRTH	27	RC3	0.1	C:\Xcalibur\methods\method1	smb://storage3.ad.scilifelab.se/massstorage/edfors%20lab/01_hot/Martha/RAW	PRM_20251204_MarthaReselection_Plate_4_C3	Homo sapiens	blood plasma	Plate_4	MarthaReselection	not available	not available	F	not available	not available	not available	not available	19	Plate_4_C3	MRTH1-0857	not available	1	AC=EFO:0009656;NT=plasma	run 304	proteomic profiling by mass spectrometry	PRM_20251204_MarthaReselection_Plate_4_C3.raw	PRM_20251204_MarthaReselection_Plate_4_C3.raw	NT=Parallel Reaction Monitoring;AC=MS:1002956	AC=MS:1002038;NT=label free sample	1	NT=High-performance liquid chromatography;AC=PRIDE:0000565	1	AC=MS:1001251;NT=Trypsin	not available	NT=Stellar;AC=MS:1003409	NT=Carbamidomethyl;AC=UNIMOD:4;TA=C;MT=Fixed	NT=Higher-energy Collisional Dissociation;AC=MS:1000422	27 NCE	40 ppm	0.05 Da	MRTH
PRM_20251204_MarthaReselection_Plate_4_D3	D	3	MRTH	39	RD3	0.1	C:\Xcalibur\methods\method1	smb://storage3.ad.scilifelab.se/massstorage/edfors%20lab/01_hot/Martha/RAW	PRM_20251204_MarthaReselection_Plate_4_D3	Homo sapiens	blood plasma	Plate_4	MarthaReselection	not available	not available	F	not available	not available	not available	not available	20	Plate_4_D3	MRTH1-0949	not available	1	AC=EFO:0009656;NT=plasma	run 305	proteomic profiling by mass spectrometry	PRM_20251204_MarthaReselection_Plate_4_D3.raw	PRM_20251204_MarthaReselection_Plate_4_D3.raw	NT=Parallel Reaction Monitoring;AC=MS:1002956	AC=MS:1002038;NT=label free sample	1	NT=High-performance liquid chromatography;AC=PRIDE:0000565	1	AC=MS:1001251;NT=Trypsin	not available	NT=Stellar;AC=MS:1003409	NT=Carbamidomethyl;AC=UNIMOD:4;TA=C;MT=Fixed	NT=Higher-energy Collisional Dissociation;AC=MS:1000422	27 NCE	40 ppm	0.05 Da	MRTH
PRM_20251204_MarthaReselection_Plate_4_E3	E	3	MRTH	51	RE3	0.1	C:\Xcalibur\methods\method1	smb://storage3.ad.scilifelab.se/massstorage/edfors%20lab/01_hot/Martha/RAW	PRM_20251204_MarthaReselection_Plate_4_E3	Homo sapiens	blood plasma	Plate_4	MarthaReselection	not available	not available	F	not available	not available	not available	not available	21	Plate_4_E3	MRTH1-1297	not available	1	AC=EFO:0009656;NT=plasma	run 306	proteomic profiling by mass spectrometry	PRM_20251204_MarthaReselection_Plate_4_E3.raw	PRM_20251204_MarthaReselection_Plate_4_E3.raw	NT=Parallel Reaction Monitoring;AC=MS:1002956	AC=MS:1002038;NT=label free sample	1	NT=High-performance liquid chromatography;AC=PRIDE:0000565	1	AC=MS:1001251;NT=Trypsin	not available	NT=Stellar;AC=MS:1003409	NT=Carbamidomethyl;AC=UNIMOD:4;TA=C;MT=Fixed	NT=Higher-energy Collisional Dissociation;AC=MS:1000422	27 NCE	40 ppm	0.05 Da	MRTH
PRM_20251204_MarthaReselection_Plate_4_F3	F	3	MRTH	63	RF3	0.1	C:\Xcalibur\methods\method1	smb://storage3.ad.scilifelab.se/massstorage/edfors%20lab/01_hot/Martha/RAW	PRM_20251204_MarthaReselection_Plate_4_F3	Homo sapiens	blood plasma	Plate_4	MarthaReselection	not available	not available	F	not available	not available	not available	not available	22	Plate_4_F3	MRTH1-1356	not available	1	AC=EFO:0009656;NT=plasma	run 307	proteomic profiling by mass spectrometry	PRM_20251204_MarthaReselection_Plate_4_F3.raw	PRM_20251204_MarthaReselection_Plate_4_F3.raw	NT=Parallel Reaction Monitoring;AC=MS:1002956	AC=MS:1002038;NT=label free sample	1	NT=High-performance liquid chromatography;AC=PRIDE:0000565	1	AC=MS:1001251;NT=Trypsin	not available	NT=Stellar;AC=MS:1003409	NT=Carbamidomethyl;AC=UNIMOD:4;TA=C;MT=Fixed	NT=Higher-energy Collisional Dissociation;AC=MS:1000422	27 NCE	40 ppm	0.05 Da	MRTH
PRM_20251204_MarthaReselection_Plate_4_G3	G	3	MRTH	75	RG3	0.1	C:\Xcalibur\methods\method1	smb://storage3.ad.scilifelab.se/massstorage/edfors%20lab/01_hot/Martha/RAW	PRM_20251204_MarthaReselection_Plate_4_G3	Homo sapiens	blood plasma	Plate_4	MarthaReselection	not available	not available	F	not available	not available	not available	not available	23	Plate_4_G3	MRTH1-0443	not available	1	AC=EFO:0009656;NT=plasma	run 308	proteomic profiling by mass spectrometry	PRM_20251204_MarthaReselection_Plate_4_G3.raw	PRM_20251204_MarthaReselection_Plate_4_G3.raw	NT=Parallel Reaction Monitoring;AC=MS:1002956	AC=MS:1002038;NT=label free sample	1	NT=High-performance liquid chromatography;AC=PRIDE:0000565	1	AC=MS:1001251;NT=Trypsin	not available	NT=Stellar;AC=MS:1003409	NT=Carbamidomethyl;AC=UNIMOD:4;TA=C;MT=Fixed	NT=Higher-energy Collisional Dissociation;AC=MS:1000422	27 NCE	40 ppm	0.05 Da	MRTH
PRM_20251204_MarthaReselection_Plate_4_H3	H	3	MRTH	87	RH3	0.1	C:\Xcalibur\methods\method1	smb://storage3.ad.scilifelab.se/massstorage/edfors%20lab/01_hot/Martha/RAW	PRM_20251204_MarthaReselection_Plate_4_H3	Homo sapiens	blood plasma	Plate_4	MarthaReselection	not available	not available	F	not available	not available	not available	not available	24	Plate_4_H3	MRTH1-0998	not available	1	AC=EFO:0009656;NT=plasma	run 309	proteomic profiling by mass spectrometry	PRM_20251204_MarthaReselection_Plate_4_H3.raw	PRM_20251204_MarthaReselection_Plate_4_H3.raw	NT=Parallel Reaction Monitoring;AC=MS:1002956	AC=MS:1002038;NT=label free sample	1	NT=High-performance liquid chromatography;AC=PRIDE:0000565	1	AC=MS:1001251;NT=Trypsin	not available	NT=Stellar;AC=MS:1003409	NT=Carbamidomethyl;AC=UNIMOD:4;TA=C;MT=Fixed	NT=Higher-energy Collisional Dissociation;AC=MS:1000422	27 NCE	40 ppm	0.05 Da	MRTH
PRM_20251204_MarthaReselection_Plate_4_A4	A	4	MRTH	4	RA4	0.1	C:\Xcalibur\methods\method1	smb://storage3.ad.scilifelab.se/massstorage/edfors%20lab/01_hot/Martha/RAW	PRM_20251204_MarthaReselection_Plate_4_A4	Homo sapiens	blood plasma	Plate_4	MarthaReselection	not available	not available	M	not available	not available	not available	not available	25	Plate_4_A4	MRTH1-1380	not available	1	AC=EFO:0009656;NT=plasma	run 310	proteomic profiling by mass spectrometry	PRM_20251204_MarthaReselection_Plate_4_A4.raw	PRM_20251204_MarthaReselection_Plate_4_A4.raw	NT=Parallel Reaction Monitoring;AC=MS:1002956	AC=MS:1002038;NT=label free sample	1	NT=High-performance liquid chromatography;AC=PRIDE:0000565	1	AC=MS:1001251;NT=Trypsin	not available	NT=Stellar;AC=MS:1003409	NT=Carbamidomethyl;AC=UNIMOD:4;TA=C;MT=Fixed	NT=Higher-energy Collisional Dissociation;AC=MS:1000422	27 NCE	40 ppm	0.05 Da	MRTH
PRM_20251204_MarthaReselection_Plate_4_B4	B	4	MRTH	16	RB4	0.1	C:\Xcalibur\methods\method1	smb://storage3.ad.scilifelab.se/massstorage/edfors%20lab/01_hot/Martha/RAW	PRM_20251204_MarthaReselection_Plate_4_B4	Homo sapiens	blood plasma	Plate_4	MarthaReselection	not available	not available	F	not available	not available	not available	not available	26	Plate_4_B4	MRTH1-0229	not available	1	AC=EFO:0009656;NT=plasma	run 311	proteomic profiling by mass spectrometry	PRM_20251204_MarthaReselection_Plate_4_B4.raw	PRM_20251204_MarthaReselection_Plate_4_B4.raw	NT=Parallel Reaction Monitoring;AC=MS:1002956	AC=MS:1002038;NT=label free sample	1	NT=High-performance liquid chromatography;AC=PRIDE:0000565	1	AC=MS:1001251;NT=Trypsin	not available	NT=Stellar;AC=MS:1003409	NT=Carbamidomethyl;AC=UNIMOD:4;TA=C;MT=Fixed	NT=Higher-energy Collisional Dissociation;AC=MS:1000422	27 NCE	40 ppm	0.05 Da	MRTH
PRM_20251204_MarthaReselection_Plate_4_C4	C	4	MRTH	28	RC4	0.1	C:\Xcalibur\methods\method1	smb://storage3.ad.scilifelab.se/massstorage/edfors%20lab/01_hot/Martha/RAW	PRM_20251204_MarthaReselection_Plate_4_C4	Homo sapiens	blood plasma	Plate_4	MarthaReselection	not available	not available	F	not available	not available	not available	not available	27	Plate_4_C4	MRTH1-1002	not available	1	AC=EFO:0009656;NT=plasma	run 312	proteomic profiling by mass spectrometry	PRM_20251204_MarthaReselection_Plate_4_C4.raw	PRM_20251204_MarthaReselection_Plate_4_C4.raw	NT=Parallel Reaction Monitoring;AC=MS:1002956	AC=MS:1002038;NT=label free sample	1	NT=High-performance liquid chromatography;AC=PRIDE:0000565	1	AC=MS:1001251;NT=Trypsin	not available	NT=Stellar;AC=MS:1003409	NT=Carbamidomethyl;AC=UNIMOD:4;TA=C;MT=Fixed	NT=Higher-energy Collisional Dissociation;AC=MS:1000422	27 NCE	40 ppm	0.05 Da	MRTH
PRM_20251204_MarthaReselection_Plate_4_D4	D	4	MRTH	40	RD4	0.1	C:\Xcalibur\methods\method1	smb://storage3.ad.scilifelab.se/massstorage/edfors%20lab/01_hot/Martha/RAW	PRM_20251204_MarthaReselection_Plate_4_D4	Homo sapiens	blood plasma	Plate_4	MarthaReselection	not available	not available	F	not available	not available	not available	not available	28	Plate_4_D4	MRTH1-0122	not available	1	AC=EFO:0009656;NT=plasma	run 313	proteomic profiling by mass spectrometry	PRM_20251204_MarthaReselection_Plate_4_D4.raw	PRM_20251204_MarthaReselection_Plate_4_D4.raw	NT=Parallel Reaction Monitoring;AC=MS:1002956	AC=MS:1002038;NT=label free sample	1	NT=High-performance liquid chromatography;AC=PRIDE:0000565	1	AC=MS:1001251;NT=Trypsin	not available	NT=Stellar;AC=MS:1003409	NT=Carbamidomethyl;AC=UNIMOD:4;TA=C;MT=Fixed	NT=Higher-energy Collisional Dissociation;AC=MS:1000422	27 NCE	40 ppm	0.05 Da	MRTH
PRM_20251204_MarthaReselection_Plate_4_E4	E	4	MRTH	52	RE4	0.1	C:\Xcalibur\methods\method1	smb://storage3.ad.scilifelab.se/massstorage/edfors%20lab/01_hot/Martha/RAW	PRM_20251204_MarthaReselection_Plate_4_E4	Homo sapiens	blood plasma	Plate_4	MarthaReselection	not available	not available	F	not available	not available	not available	not available	29	Plate_4_E4	MRTH1-1047	not available	1	AC=EFO:0009656;NT=plasma	run 314	proteomic profiling by mass spectrometry	PRM_20251204_MarthaReselection_Plate_4_E4.raw	PRM_20251204_MarthaReselection_Plate_4_E4.raw	NT=Parallel Reaction Monitoring;AC=MS:1002956	AC=MS:1002038;NT=label free sample	1	NT=High-performance liquid chromatography;AC=PRIDE:0000565	1	AC=MS:1001251;NT=Trypsin	not available	NT=Stellar;AC=MS:1003409	NT=Carbamidomethyl;AC=UNIMOD:4;TA=C;MT=Fixed	NT=Higher-energy Collisional Dissociation;AC=MS:1000422	27 NCE	40 ppm	0.05 Da	MRTH
PRM_20251204_MarthaReselection_Plate_4_F4	F	4	MRTH	64	RF4	0.1	C:\Xcalibur\methods\method1	smb://storage3.ad.scilifelab.se/massstorage/edfors%20lab/01_hot/Martha/RAW	PRM_20251204_MarthaReselection_Plate_4_F4	Homo sapiens	blood plasma	Plate_4	MarthaReselection	not available	not available	F	not available	not available	not available	not available	30	Plate_4_F4	MRTH1-0384	not available	1	AC=EFO:0009656;NT=plasma	run 315	proteomic profiling by mass spectrometry	PRM_20251204_MarthaReselection_Plate_4_F4.raw	PRM_20251204_MarthaReselection_Plate_4_F4.raw	NT=Parallel Reaction Monitoring;AC=MS:1002956	AC=MS:1002038;NT=label free sample	1	NT=High-performance liquid chromatography;AC=PRIDE:0000565	1	AC=MS:1001251;NT=Trypsin	not available	NT=Stellar;AC=MS:1003409	NT=Carbamidomethyl;AC=UNIMOD:4;TA=C;MT=Fixed	NT=Higher-energy Collisional Dissociation;AC=MS:1000422	27 NCE	40 ppm	0.05 Da	MRTH
PRM_20251204_MarthaReselection_Plate_4_G4	G	4	MRTH	76	RG4	0.1	C:\Xcalibur\methods\method1	smb://storage3.ad.scilifelab.se/massstorage/edfors%20lab/01_hot/Martha/RAW	PRM_20251204_MarthaReselection_Plate_4_G4	Homo sapiens	blood plasma	Plate_4	MarthaReselection	not available	not available	F	not available	not available	not available	not available	31	Plate_4_G4	MRTH1-0138	not available	1	AC=EFO:0009656;NT=plasma	run 316	proteomic profiling by mass spectrometry	PRM_20251204_MarthaReselection_Plate_4_G4.raw	PRM_20251204_MarthaReselection_Plate_4_G4.raw	NT=Parallel Reaction Monitoring;AC=MS:1002956	AC=MS:1002038;NT=label free sample	1	NT=High-performance liquid chromatography;AC=PRIDE:0000565	1	AC=MS:1001251;NT=Trypsin	not available	NT=Stellar;AC=MS:1003409	NT=Carbamidomethyl;AC=UNIMOD:4;TA=C;MT=Fixed	NT=Higher-energy Collisional Dissociation;AC=MS:1000422	27 NCE	40 ppm	0.05 Da	MRTH
PRM_20251204_MarthaReselection_Plate_4_H4	H	4	MRTH	88	RH4	0.1	C:\Xcalibur\methods\method1	smb://storage3.ad.scilifelab.se/massstorage/edfors%20lab/01_hot/Martha/RAW	PRM_20251204_MarthaReselection_Plate_4_H4	Homo sapiens	blood plasma	Plate_4	MarthaReselection	not available	not available	F	not available	not available	not available	not available	32	Plate_4_H4	MRTH1-0243	not available	1	AC=EFO:0009656;NT=plasma	run 317	proteomic profiling by mass spectrometry	PRM_20251204_MarthaReselection_Plate_4_H4.raw	PRM_20251204_MarthaReselection_Plate_4_H4.raw	NT=Parallel Reaction Monitoring;AC=MS:1002956	AC=MS:1002038;NT=label free sample	1	NT=High-performance liquid chromatography;AC=PRIDE:0000565	1	AC=MS:1001251;NT=Trypsin	not available	NT=Stellar;AC=MS:1003409	NT=Carbamidomethyl;AC=UNIMOD:4;TA=C;MT=Fixed	NT=Higher-energy Collisional Dissociation;AC=MS:1000422	27 NCE	40 ppm	0.05 Da	MRTH
PRM_20251204_MarthaReselection_Plate_4_A5	A	5	MRTH	5	RA5	0.1	C:\Xcalibur\methods\method1	smb://storage3.ad.scilifelab.se/massstorage/edfors%20lab/01_hot/Martha/RAW	PRM_20251204_MarthaReselection_Plate_4_A5	Homo sapiens	blood plasma	Plate_4	MarthaReselection	not available	not available	F	not available	not available	not available	not available	33	Plate_4_A5	MRTH1-0339	not available	1	AC=EFO:0009656;NT=plasma	run 318	proteomic profiling by mass spectrometry	PRM_20251204_MarthaReselection_Plate_4_A5.raw	PRM_20251204_MarthaReselection_Plate_4_A5.raw	NT=Parallel Reaction Monitoring;AC=MS:1002956	AC=MS:1002038;NT=label free sample	1	NT=High-performance liquid chromatography;AC=PRIDE:0000565	1	AC=MS:1001251;NT=Trypsin	not available	NT=Stellar;AC=MS:1003409	NT=Carbamidomethyl;AC=UNIMOD:4;TA=C;MT=Fixed	NT=Higher-energy Collisional Dissociation;AC=MS:1000422	27 NCE	40 ppm	0.05 Da	MRTH
PRM_20251204_MarthaReselection_Plate_4_B5	B	5	MRTH	17	RB5	0.1	C:\Xcalibur\methods\method1	smb://storage3.ad.scilifelab.se/massstorage/edfors%20lab/01_hot/Martha/RAW	PRM_20251204_MarthaReselection_Plate_4_B5	Homo sapiens	blood plasma	Plate_4	MarthaReselection	not available	not available	M	not available	not available	not available	not available	34	Plate_4_B5	MRTH1-0452	not available	1	AC=EFO:0009656;NT=plasma	run 319	proteomic profiling by mass spectrometry	PRM_20251204_MarthaReselection_Plate_4_B5.raw	PRM_20251204_MarthaReselection_Plate_4_B5.raw	NT=Parallel Reaction Monitoring;AC=MS:1002956	AC=MS:1002038;NT=label free sample	1	NT=High-performance liquid chromatography;AC=PRIDE:0000565	1	AC=MS:1001251;NT=Trypsin	not available	NT=Stellar;AC=MS:1003409	NT=Carbamidomethyl;AC=UNIMOD:4;TA=C;MT=Fixed	NT=Higher-energy Collisional Dissociation;AC=MS:1000422	27 NCE	40 ppm	0.05 Da	MRTH
PRM_20251204_MarthaReselection_Plate_4_C5	C	5	MRTH	29	RC5	0.1	C:\Xcalibur\methods\method1	smb://storage3.ad.scilifelab.se/massstorage/edfors%20lab/01_hot/Martha/RAW	PRM_20251204_MarthaReselection_Plate_4_C5	Homo sapiens	blood plasma	Plate_4	MarthaReselection	not available	not available	M	not available	not available	not available	not available	35	Plate_4_C5	MRTH1-0948	not available	1	AC=EFO:0009656;NT=plasma	run 320	proteomic profiling by mass spectrometry	PRM_20251204_MarthaReselection_Plate_4_C5.raw	PRM_20251204_MarthaReselection_Plate_4_C5.raw	NT=Parallel Reaction Monitoring;AC=MS:1002956	AC=MS:1002038;NT=label free sample	1	NT=High-performance liquid chromatography;AC=PRIDE:0000565	1	AC=MS:1001251;NT=Trypsin	not available	NT=Stellar;AC=MS:1003409	NT=Carbamidomethyl;AC=UNIMOD:4;TA=C;MT=Fixed	NT=Higher-energy Collisional Dissociation;AC=MS:1000422	27 NCE	40 ppm	0.05 Da	MRTH
PRM_20251204_MarthaReselection_Plate_4_D5	D	5	MRTH	41	RD5	0.1	C:\Xcalibur\methods\method1	smb://storage3.ad.scilifelab.se/massstorage/edfors%20lab/01_hot/Martha/RAW	PRM_20251204_MarthaReselection_Plate_4_D5	Homo sapiens	blood plasma	Plate_4	MarthaReselection	not available	not available	M	not available	not available	not available	not available	36	Plate_4_D5	MRTH1-0407	not available	1	AC=EFO:0009656;NT=plasma	run 321	proteomic profiling by mass spectrometry	PRM_20251204_MarthaReselection_Plate_4_D5.raw	PRM_20251204_MarthaReselection_Plate_4_D5.raw	NT=Parallel Reaction Monitoring;AC=MS:1002956	AC=MS:1002038;NT=label free sample	1	NT=High-performance liquid chromatography;AC=PRIDE:0000565	1	AC=MS:1001251;NT=Trypsin	not available	NT=Stellar;AC=MS:1003409	NT=Carbamidomethyl;AC=UNIMOD:4;TA=C;MT=Fixed	NT=Higher-energy Collisional Dissociation;AC=MS:1000422	27 NCE	40 ppm	0.05 Da	MRTH
PRM_20251204_MarthaReselection_Plate_4_E5	E	5	MRTH	53	RE5	0.1	C:\Xcalibur\methods\method1	smb://storage3.ad.scilifelab.se/massstorage/edfors%20lab/01_hot/Martha/RAW	PRM_20251204_MarthaReselection_Plate_4_E5	Homo sapiens	blood plasma	Plate_4	MarthaReselection	not available	not available	F	not available	not available	not available	not available	37	Plate_4_E5	MRTH1-0475	not available	1	AC=EFO:0009656;NT=plasma	run 322	proteomic profiling by mass spectrometry	PRM_20251204_MarthaReselection_Plate_4_E5.raw	PRM_20251204_MarthaReselection_Plate_4_E5.raw	NT=Parallel Reaction Monitoring;AC=MS:1002956	AC=MS:1002038;NT=label free sample	1	NT=High-performance liquid chromatography;AC=PRIDE:0000565	1	AC=MS:1001251;NT=Trypsin	not available	NT=Stellar;AC=MS:1003409	NT=Carbamidomethyl;AC=UNIMOD:4;TA=C;MT=Fixed	NT=Higher-energy Collisional Dissociation;AC=MS:1000422	27 NCE	40 ppm	0.05 Da	MRTH
PRM_20251204_MarthaReselection_Plate_4_F5	F	5	MRTH	65	RF5	0.1	C:\Xcalibur\methods\method1	smb://storage3.ad.scilifelab.se/massstorage/edfors%20lab/01_hot/Martha/RAW	PRM_20251204_MarthaReselection_Plate_4_F5	Homo sapiens	blood plasma	Plate_4	MarthaReselection	not available	not available	M	not available	not available	not available	not available	38	Plate_4_F5	MRTH1-1104	not available	1	AC=EFO:0009656;NT=plasma	run 323	proteomic profiling by mass spectrometry	PRM_20251204_MarthaReselection_Plate_4_F5.raw	PRM_20251204_MarthaReselection_Plate_4_F5.raw	NT=Parallel Reaction Monitoring;AC=MS:1002956	AC=MS:1002038;NT=label free sample	1	NT=High-performance liquid chromatography;AC=PRIDE:0000565	1	AC=MS:1001251;NT=Trypsin	not available	NT=Stellar;AC=MS:1003409	NT=Carbamidomethyl;AC=UNIMOD:4;TA=C;MT=Fixed	NT=Higher-energy Collisional Dissociation;AC=MS:1000422	27 NCE	40 ppm	0.05 Da	MRTH
PRM_20251204_MarthaReselection_Plate_4_G5	G	5	MRTH	77	RG5	0.1	C:\Xcalibur\methods\method1	smb://storage3.ad.scilifelab.se/massstorage/edfors%20lab/01_hot/Martha/RAW	PRM_20251204_MarthaReselection_Plate_4_G5	Homo sapiens	blood plasma	Plate_4	MarthaReselection	not available	not available	F	not available	not available	not available	not available	39	Plate_4_G5	MRTH1-0159	not available	1	AC=EFO:0009656;NT=plasma	run 324	proteomic profiling by mass spectrometry	PRM_20251204_MarthaReselection_Plate_4_G5.raw	PRM_20251204_MarthaReselection_Plate_4_G5.raw	NT=Parallel Reaction Monitoring;AC=MS:1002956	AC=MS:1002038;NT=label free sample	1	NT=High-performance liquid chromatography;AC=PRIDE:0000565	1	AC=MS:1001251;NT=Trypsin	not available	NT=Stellar;AC=MS:1003409	NT=Carbamidomethyl;AC=UNIMOD:4;TA=C;MT=Fixed	NT=Higher-energy Collisional Dissociation;AC=MS:1000422	27 NCE	40 ppm	0.05 Da	MRTH
PRM_20251204_MarthaReselection_Plate_4_H5	H	5	MRTH	89	RH5	0.1	C:\Xcalibur\methods\method1	smb://storage3.ad.scilifelab.se/massstorage/edfors%20lab/01_hot/Martha/RAW	PRM_20251204_MarthaReselection_Plate_4_H5	Homo sapiens	blood plasma	Plate_4	MarthaReselection	not available	not available	M	not available	not available	not available	not available	40	Plate_4_H5	MRTH1-0180	not available	1	AC=EFO:0009656;NT=plasma	run 325	proteomic profiling by mass spectrometry	PRM_20251204_MarthaReselection_Plate_4_H5.raw	PRM_20251204_MarthaReselection_Plate_4_H5.raw	NT=Parallel Reaction Monitoring;AC=MS:1002956	AC=MS:1002038;NT=label free sample	1	NT=High-performance liquid chromatography;AC=PRIDE:0000565	1	AC=MS:1001251;NT=Trypsin	not available	NT=Stellar;AC=MS:1003409	NT=Carbamidomethyl;AC=UNIMOD:4;TA=C;MT=Fixed	NT=Higher-energy Collisional Dissociation;AC=MS:1000422	27 NCE	40 ppm	0.05 Da	MRTH
PRM_20251204_MarthaReselection_Plate_4_A6	A	6	MRTH	6	RA6	0.1	C:\Xcalibur\methods\method1	smb://storage3.ad.scilifelab.se/massstorage/edfors%20lab/01_hot/Martha/RAW	PRM_20251204_MarthaReselection_Plate_4_A6	Homo sapiens	blood plasma	Plate_4	MarthaReselection	not available	not available	F	not available	not available	not available	not available	41	Plate_4_A6	MRTH1-1154	not available	1	AC=EFO:0009656;NT=plasma	run 326	proteomic profiling by mass spectrometry	PRM_20251204_MarthaReselection_Plate_4_A6.raw	PRM_20251204_MarthaReselection_Plate_4_A6.raw	NT=Parallel Reaction Monitoring;AC=MS:1002956	AC=MS:1002038;NT=label free sample	1	NT=High-performance liquid chromatography;AC=PRIDE:0000565	1	AC=MS:1001251;NT=Trypsin	not available	NT=Stellar;AC=MS:1003409	NT=Carbamidomethyl;AC=UNIMOD:4;TA=C;MT=Fixed	NT=Higher-energy Collisional Dissociation;AC=MS:1000422	27 NCE	40 ppm	0.05 Da	MRTH
PRM_20251204_MarthaReselection_Plate_4_B6	B	6	MRTH	18	RB6	0.1	C:\Xcalibur\methods\method1	smb://storage3.ad.scilifelab.se/massstorage/edfors%20lab/01_hot/Martha/RAW	PRM_20251204_MarthaReselection_Plate_4_B6	Homo sapiens	blood plasma	Plate_4	MarthaReselection	not available	not available	M	not available	not available	not available	not available	42	Plate_4_B6	MRTH1-1045	not available	1	AC=EFO:0009656;NT=plasma	run 327	proteomic profiling by mass spectrometry	PRM_20251204_MarthaReselection_Plate_4_B6.raw	PRM_20251204_MarthaReselection_Plate_4_B6.raw	NT=Parallel Reaction Monitoring;AC=MS:1002956	AC=MS:1002038;NT=label free sample	1	NT=High-performance liquid chromatography;AC=PRIDE:0000565	1	AC=MS:1001251;NT=Trypsin	not available	NT=Stellar;AC=MS:1003409	NT=Carbamidomethyl;AC=UNIMOD:4;TA=C;MT=Fixed	NT=Higher-energy Collisional Dissociation;AC=MS:1000422	27 NCE	40 ppm	0.05 Da	MRTH
PRM_20251204_MarthaReselection_Plate_4_C6	C	6	MRTH	30	RC6	0.1	C:\Xcalibur\methods\method1	smb://storage3.ad.scilifelab.se/massstorage/edfors%20lab/01_hot/Martha/RAW	PRM_20251204_MarthaReselection_Plate_4_C6	Homo sapiens	blood plasma	Plate_4	MarthaReselection	not available	not available	M	not available	not available	not available	not available	43	Plate_4_C6	MRTH1-0778	not available	1	AC=EFO:0009656;NT=plasma	run 328	proteomic profiling by mass spectrometry	PRM_20251204_MarthaReselection_Plate_4_C6.raw	PRM_20251204_MarthaReselection_Plate_4_C6.raw	NT=Parallel Reaction Monitoring;AC=MS:1002956	AC=MS:1002038;NT=label free sample	1	NT=High-performance liquid chromatography;AC=PRIDE:0000565	1	AC=MS:1001251;NT=Trypsin	not available	NT=Stellar;AC=MS:1003409	NT=Carbamidomethyl;AC=UNIMOD:4;TA=C;MT=Fixed	NT=Higher-energy Collisional Dissociation;AC=MS:1000422	27 NCE	40 ppm	0.05 Da	MRTH
PRM_20251204_MarthaReselection_Plate_4_D6	D	6	MRTH	42	RD6	0.1	C:\Xcalibur\methods\method1	smb://storage3.ad.scilifelab.se/massstorage/edfors%20lab/01_hot/Martha/RAW	PRM_20251204_MarthaReselection_Plate_4_D6	Homo sapiens	blood plasma	Plate_4	MarthaReselection	not available	not available	M	not available	not available	not available	not available	44	Plate_4_D6	MRTH1-0845	not available	1	AC=EFO:0009656;NT=plasma	run 329	proteomic profiling by mass spectrometry	PRM_20251204_MarthaReselection_Plate_4_D6.raw	PRM_20251204_MarthaReselection_Plate_4_D6.raw	NT=Parallel Reaction Monitoring;AC=MS:1002956	AC=MS:1002038;NT=label free sample	1	NT=High-performance liquid chromatography;AC=PRIDE:0000565	1	AC=MS:1001251;NT=Trypsin	not available	NT=Stellar;AC=MS:1003409	NT=Carbamidomethyl;AC=UNIMOD:4;TA=C;MT=Fixed	NT=Higher-energy Collisional Dissociation;AC=MS:1000422	27 NCE	40 ppm	0.05 Da	MRTH
PRM_20251204_MarthaReselection_Plate_4_E6	E	6	MRTH	54	RE6	0.1	C:\Xcalibur\methods\method1	smb://storage3.ad.scilifelab.se/massstorage/edfors%20lab/01_hot/Martha/RAW	PRM_20251204_MarthaReselection_Plate_4_E6	Homo sapiens	blood plasma	Plate_4	MarthaReselection	not available	not available	M	not available	not available	not available	not available	45	Plate_4_E6	MRTH1-1184	not available	1	AC=EFO:0009656;NT=plasma	run 330	proteomic profiling by mass spectrometry	PRM_20251204_MarthaReselection_Plate_4_E6.raw	PRM_20251204_MarthaReselection_Plate_4_E6.raw	NT=Parallel Reaction Monitoring;AC=MS:1002956	AC=MS:1002038;NT=label free sample	1	NT=High-performance liquid chromatography;AC=PRIDE:0000565	1	AC=MS:1001251;NT=Trypsin	not available	NT=Stellar;AC=MS:1003409	NT=Carbamidomethyl;AC=UNIMOD:4;TA=C;MT=Fixed	NT=Higher-energy Collisional Dissociation;AC=MS:1000422	27 NCE	40 ppm	0.05 Da	MRTH
PRM_20251204_MarthaReselection_Plate_4_F6	F	6	MRTH	66	RF6	0.1	C:\Xcalibur\methods\method1	smb://storage3.ad.scilifelab.se/massstorage/edfors%20lab/01_hot/Martha/RAW	PRM_20251204_MarthaReselection_Plate_4_F6	Homo sapiens	blood plasma	Plate_4	MarthaReselection	not available	not available	F	not available	not available	not available	not available	46	Plate_4_F6	MRTH1-0786	not available	1	AC=EFO:0009656;NT=plasma	run 331	proteomic profiling by mass spectrometry	PRM_20251204_MarthaReselection_Plate_4_F6.raw	PRM_20251204_MarthaReselection_Plate_4_F6.raw	NT=Parallel Reaction Monitoring;AC=MS:1002956	AC=MS:1002038;NT=label free sample	1	NT=High-performance liquid chromatography;AC=PRIDE:0000565	1	AC=MS:1001251;NT=Trypsin	not available	NT=Stellar;AC=MS:1003409	NT=Carbamidomethyl;AC=UNIMOD:4;TA=C;MT=Fixed	NT=Higher-energy Collisional Dissociation;AC=MS:1000422	27 NCE	40 ppm	0.05 Da	MRTH
PRM_20251204_MarthaReselection_Plate_4_G6	G	6	MRTH	78	RG6	0.1	C:\Xcalibur\methods\method1	smb://storage3.ad.scilifelab.se/massstorage/edfors%20lab/01_hot/Martha/RAW	PRM_20251204_MarthaReselection_Plate_4_G6	Homo sapiens	blood plasma	Plate_4	MarthaReselection	not available	not available	F	not available	not available	not available	not available	47	Plate_4_G6	MRTH1-1246	not available	1	AC=EFO:0009656;NT=plasma	run 332	proteomic profiling by mass spectrometry	PRM_20251204_MarthaReselection_Plate_4_G6.raw	PRM_20251204_MarthaReselection_Plate_4_G6.raw	NT=Parallel Reaction Monitoring;AC=MS:1002956	AC=MS:1002038;NT=label free sample	1	NT=High-performance liquid chromatography;AC=PRIDE:0000565	1	AC=MS:1001251;NT=Trypsin	not available	NT=Stellar;AC=MS:1003409	NT=Carbamidomethyl;AC=UNIMOD:4;TA=C;MT=Fixed	NT=Higher-energy Collisional Dissociation;AC=MS:1000422	27 NCE	40 ppm	0.05 Da	MRTH
PRM_20251204_MarthaReselection_Plate_4_H6	H	6	MRTH	90	RH6	0.1	C:\Xcalibur\methods\method1	smb://storage3.ad.scilifelab.se/massstorage/edfors%20lab/01_hot/Martha/RAW	PRM_20251204_MarthaReselection_Plate_4_H6	Homo sapiens	blood plasma	Plate_4	MarthaReselection	not available	not available	F	not available	not available	not available	not available	48	Plate_4_H6	MRTH1-0556	not available	1	AC=EFO:0009656;NT=plasma	run 333	proteomic profiling by mass spectrometry	PRM_20251204_MarthaReselection_Plate_4_H6.raw	PRM_20251204_MarthaReselection_Plate_4_H6.raw	NT=Parallel Reaction Monitoring;AC=MS:1002956	AC=MS:1002038;NT=label free sample	1	NT=High-performance liquid chromatography;AC=PRIDE:0000565	1	AC=MS:1001251;NT=Trypsin	not available	NT=Stellar;AC=MS:1003409	NT=Carbamidomethyl;AC=UNIMOD:4;TA=C;MT=Fixed	NT=Higher-energy Collisional Dissociation;AC=MS:1000422	27 NCE	40 ppm	0.05 Da	MRTH
PRM_20251204_MarthaReselection_Plate_4_A7	A	7	MRTH	7	RA7	0.1	C:\Xcalibur\methods\method1	smb://storage3.ad.scilifelab.se/massstorage/edfors%20lab/01_hot/Martha/RAW	PRM_20251204_MarthaReselection_Plate_4_A7	Homo sapiens	blood plasma	Plate_4	MarthaReselection	not available	not available	F	not available	not available	not available	not available	49	Plate_4_A7	MRTH1-0299	not available	1	AC=EFO:0009656;NT=plasma	run 334	proteomic profiling by mass spectrometry	PRM_20251204_MarthaReselection_Plate_4_A7.raw	PRM_20251204_MarthaReselection_Plate_4_A7.raw	NT=Parallel Reaction Monitoring;AC=MS:1002956	AC=MS:1002038;NT=label free sample	1	NT=High-performance liquid chromatography;AC=PRIDE:0000565	1	AC=MS:1001251;NT=Trypsin	not available	NT=Stellar;AC=MS:1003409	NT=Carbamidomethyl;AC=UNIMOD:4;TA=C;MT=Fixed	NT=Higher-energy Collisional Dissociation;AC=MS:1000422	27 NCE	40 ppm	0.05 Da	MRTH
PRM_20251204_MarthaReselection_Plate_4_B7	B	7	MRTH	19	RB7	0.1	C:\Xcalibur\methods\method1	smb://storage3.ad.scilifelab.se/massstorage/edfors%20lab/01_hot/Martha/RAW	PRM_20251204_MarthaReselection_Plate_4_B7	Homo sapiens	blood plasma	Plate_4	MarthaReselection	not available	not available	M	not available	not available	not available	not available	50	Plate_4_B7	MRTH1-0199	not available	1	AC=EFO:0009656;NT=plasma	run 335	proteomic profiling by mass spectrometry	PRM_20251204_MarthaReselection_Plate_4_B7.raw	PRM_20251204_MarthaReselection_Plate_4_B7.raw	NT=Parallel Reaction Monitoring;AC=MS:1002956	AC=MS:1002038;NT=label free sample	1	NT=High-performance liquid chromatography;AC=PRIDE:0000565	1	AC=MS:1001251;NT=Trypsin	not available	NT=Stellar;AC=MS:1003409	NT=Carbamidomethyl;AC=UNIMOD:4;TA=C;MT=Fixed	NT=Higher-energy Collisional Dissociation;AC=MS:1000422	27 NCE	40 ppm	0.05 Da	MRTH
PRM_20251204_MarthaReselection_Plate_4_C7	C	7	MRTH	31	RC7	0.1	C:\Xcalibur\methods\method1	smb://storage3.ad.scilifelab.se/massstorage/edfors%20lab/01_hot/Martha/RAW	PRM_20251204_MarthaReselection_Plate_4_C7	Homo sapiens	blood plasma	Plate_4	MarthaReselection	not available	not available	M	not available	not available	not available	not available	51	Plate_4_C7	MRTH1-0754	not available	1	AC=EFO:0009656;NT=plasma	run 336	proteomic profiling by mass spectrometry	PRM_20251204_MarthaReselection_Plate_4_C7.raw	PRM_20251204_MarthaReselection_Plate_4_C7.raw	NT=Parallel Reaction Monitoring;AC=MS:1002956	AC=MS:1002038;NT=label free sample	1	NT=High-performance liquid chromatography;AC=PRIDE:0000565	1	AC=MS:1001251;NT=Trypsin	not available	NT=Stellar;AC=MS:1003409	NT=Carbamidomethyl;AC=UNIMOD:4;TA=C;MT=Fixed	NT=Higher-energy Collisional Dissociation;AC=MS:1000422	27 NCE	40 ppm	0.05 Da	MRTH
PRM_20251204_MarthaReselection_Plate_4_D7	D	7	MRTH	43	RD7	0.1	C:\Xcalibur\methods\method1	smb://storage3.ad.scilifelab.se/massstorage/edfors%20lab/01_hot/Martha/RAW	PRM_20251204_MarthaReselection_Plate_4_D7	Homo sapiens	blood plasma	Plate_4	MarthaReselection	not available	not available	M	not available	not available	not available	not available	52	Plate_4_D7	MRTH1-0856	not available	1	AC=EFO:0009656;NT=plasma	run 337	proteomic profiling by mass spectrometry	PRM_20251204_MarthaReselection_Plate_4_D7.raw	PRM_20251204_MarthaReselection_Plate_4_D7.raw	NT=Parallel Reaction Monitoring;AC=MS:1002956	AC=MS:1002038;NT=label free sample	1	NT=High-performance liquid chromatography;AC=PRIDE:0000565	1	AC=MS:1001251;NT=Trypsin	not available	NT=Stellar;AC=MS:1003409	NT=Carbamidomethyl;AC=UNIMOD:4;TA=C;MT=Fixed	NT=Higher-energy Collisional Dissociation;AC=MS:1000422	27 NCE	40 ppm	0.05 Da	MRTH
PRM_20251204_MarthaReselection_Plate_4_E7	E	7	MRTH	55	RE7	0.1	C:\Xcalibur\methods\method1	smb://storage3.ad.scilifelab.se/massstorage/edfors%20lab/01_hot/Martha/RAW	PRM_20251204_MarthaReselection_Plate_4_E7	Homo sapiens	blood plasma	Plate_4	MarthaReselection	not available	not available	M	not available	not available	not available	not available	53	Plate_4_E7	MRTH1-1069	not available	1	AC=EFO:0009656;NT=plasma	run 338	proteomic profiling by mass spectrometry	PRM_20251204_MarthaReselection_Plate_4_E7.raw	PRM_20251204_MarthaReselection_Plate_4_E7.raw	NT=Parallel Reaction Monitoring;AC=MS:1002956	AC=MS:1002038;NT=label free sample	1	NT=High-performance liquid chromatography;AC=PRIDE:0000565	1	AC=MS:1001251;NT=Trypsin	not available	NT=Stellar;AC=MS:1003409	NT=Carbamidomethyl;AC=UNIMOD:4;TA=C;MT=Fixed	NT=Higher-energy Collisional Dissociation;AC=MS:1000422	27 NCE	40 ppm	0.05 Da	MRTH
PRM_20251204_MarthaReselection_Plate_4_F7	F	7	MRTH	67	RF7	0.1	C:\Xcalibur\methods\method1	smb://storage3.ad.scilifelab.se/massstorage/edfors%20lab/01_hot/Martha/RAW	PRM_20251204_MarthaReselection_Plate_4_F7	Homo sapiens	blood plasma	Plate_4	MarthaReselection	not available	not available	M	not available	not available	not available	not available	54	Plate_4_F7	MRTH1-1083	not available	1	AC=EFO:0009656;NT=plasma	run 339	proteomic profiling by mass spectrometry	PRM_20251204_MarthaReselection_Plate_4_F7.raw	PRM_20251204_MarthaReselection_Plate_4_F7.raw	NT=Parallel Reaction Monitoring;AC=MS:1002956	AC=MS:1002038;NT=label free sample	1	NT=High-performance liquid chromatography;AC=PRIDE:0000565	1	AC=MS:1001251;NT=Trypsin	not available	NT=Stellar;AC=MS:1003409	NT=Carbamidomethyl;AC=UNIMOD:4;TA=C;MT=Fixed	NT=Higher-energy Collisional Dissociation;AC=MS:1000422	27 NCE	40 ppm	0.05 Da	MRTH
PRM_20251204_MarthaReselection_Plate_4_G7	G	7	MRTH	79	RG7	0.1	C:\Xcalibur\methods\method1	smb://storage3.ad.scilifelab.se/massstorage/edfors%20lab/01_hot/Martha/RAW	PRM_20251204_MarthaReselection_Plate_4_G7	Homo sapiens	blood plasma	Plate_4	MarthaReselection	not available	not available	F	not available	not available	not available	not available	55	Plate_4_G7	MRTH1-0470	not available	1	AC=EFO:0009656;NT=plasma	run 340	proteomic profiling by mass spectrometry	PRM_20251204_MarthaReselection_Plate_4_G7.raw	PRM_20251204_MarthaReselection_Plate_4_G7.raw	NT=Parallel Reaction Monitoring;AC=MS:1002956	AC=MS:1002038;NT=label free sample	1	NT=High-performance liquid chromatography;AC=PRIDE:0000565	1	AC=MS:1001251;NT=Trypsin	not available	NT=Stellar;AC=MS:1003409	NT=Carbamidomethyl;AC=UNIMOD:4;TA=C;MT=Fixed	NT=Higher-energy Collisional Dissociation;AC=MS:1000422	27 NCE	40 ppm	0.05 Da	MRTH
PRM_20251204_MarthaReselection_Plate_4_H7	H	7	MRTH	91	RH7	0.1	C:\Xcalibur\methods\method1	smb://storage3.ad.scilifelab.se/massstorage/edfors%20lab/01_hot/Martha/RAW	PRM_20251204_MarthaReselection_Plate_4_H7	Homo sapiens	blood plasma	Plate_4	MarthaReselection	not available	not available	F	not available	not available	not available	not available	56	Plate_4_H7	MRTH1-0377	not available	1	AC=EFO:0009656;NT=plasma	run 341	proteomic profiling by mass spectrometry	PRM_20251204_MarthaReselection_Plate_4_H7.raw	PRM_20251204_MarthaReselection_Plate_4_H7.raw	NT=Parallel Reaction Monitoring;AC=MS:1002956	AC=MS:1002038;NT=label free sample	1	NT=High-performance liquid chromatography;AC=PRIDE:0000565	1	AC=MS:1001251;NT=Trypsin	not available	NT=Stellar;AC=MS:1003409	NT=Carbamidomethyl;AC=UNIMOD:4;TA=C;MT=Fixed	NT=Higher-energy Collisional Dissociation;AC=MS:1000422	27 NCE	40 ppm	0.05 Da	MRTH
PRM_20251204_MarthaReselection_Plate_4_A8	A	8	MRTH	8	RA8	0.1	C:\Xcalibur\methods\method1	smb://storage3.ad.scilifelab.se/massstorage/edfors%20lab/01_hot/Martha/RAW	PRM_20251204_MarthaReselection_Plate_4_A8	Homo sapiens	blood plasma	Plate_4	MarthaReselection	not available	not available	F	not available	not available	not available	not available	57	Plate_4_A8	MRTH1-1054	not available	1	AC=EFO:0009656;NT=plasma	run 342	proteomic profiling by mass spectrometry	PRM_20251204_MarthaReselection_Plate_4_A8.raw	PRM_20251204_MarthaReselection_Plate_4_A8.raw	NT=Parallel Reaction Monitoring;AC=MS:1002956	AC=MS:1002038;NT=label free sample	1	NT=High-performance liquid chromatography;AC=PRIDE:0000565	1	AC=MS:1001251;NT=Trypsin	not available	NT=Stellar;AC=MS:1003409	NT=Carbamidomethyl;AC=UNIMOD:4;TA=C;MT=Fixed	NT=Higher-energy Collisional Dissociation;AC=MS:1000422	27 NCE	40 ppm	0.05 Da	MRTH
PRM_20251204_MarthaReselection_Plate_4_B8	B	8	MRTH	20	RB8	0.1	C:\Xcalibur\methods\method1	smb://storage3.ad.scilifelab.se/massstorage/edfors%20lab/01_hot/Martha/RAW	PRM_20251204_MarthaReselection_Plate_4_B8	Homo sapiens	blood plasma	Plate_4	MarthaReselection	not available	not available	F	not available	not available	not available	not available	58	Plate_4_B8	MRTH1-1230	not available	1	AC=EFO:0009656;NT=plasma	run 343	proteomic profiling by mass spectrometry	PRM_20251204_MarthaReselection_Plate_4_B8.raw	PRM_20251204_MarthaReselection_Plate_4_B8.raw	NT=Parallel Reaction Monitoring;AC=MS:1002956	AC=MS:1002038;NT=label free sample	1	NT=High-performance liquid chromatography;AC=PRIDE:0000565	1	AC=MS:1001251;NT=Trypsin	not available	NT=Stellar;AC=MS:1003409	NT=Carbamidomethyl;AC=UNIMOD:4;TA=C;MT=Fixed	NT=Higher-energy Collisional Dissociation;AC=MS:1000422	27 NCE	40 ppm	0.05 Da	MRTH
PRM_20251204_MarthaReselection_Plate_4_C8	C	8	MRTH	32	RC8	0.1	C:\Xcalibur\methods\method1	smb://storage3.ad.scilifelab.se/massstorage/edfors%20lab/01_hot/Martha/RAW	PRM_20251204_MarthaReselection_Plate_4_C8	Homo sapiens	blood plasma	Plate_4	MarthaReselection	not available	not available	M	not available	not available	not available	not available	59	Plate_4_C8	MRTH1-1005	not available	1	AC=EFO:0009656;NT=plasma	run 344	proteomic profiling by mass spectrometry	PRM_20251204_MarthaReselection_Plate_4_C8.raw	PRM_20251204_MarthaReselection_Plate_4_C8.raw	NT=Parallel Reaction Monitoring;AC=MS:1002956	AC=MS:1002038;NT=label free sample	1	NT=High-performance liquid chromatography;AC=PRIDE:0000565	1	AC=MS:1001251;NT=Trypsin	not available	NT=Stellar;AC=MS:1003409	NT=Carbamidomethyl;AC=UNIMOD:4;TA=C;MT=Fixed	NT=Higher-energy Collisional Dissociation;AC=MS:1000422	27 NCE	40 ppm	0.05 Da	MRTH
PRM_20251204_MarthaReselection_Plate_4_D8	D	8	MRTH	44	RD8	0.1	C:\Xcalibur\methods\method1	smb://storage3.ad.scilifelab.se/massstorage/edfors%20lab/01_hot/Martha/RAW	PRM_20251204_MarthaReselection_Plate_4_D8	Homo sapiens	blood plasma	Plate_4	MarthaReselection	not available	not available	M	not available	not available	not available	not available	60	Plate_4_D8	MRTH1-0825	not available	1	AC=EFO:0009656;NT=plasma	run 345	proteomic profiling by mass spectrometry	PRM_20251204_MarthaReselection_Plate_4_D8.raw	PRM_20251204_MarthaReselection_Plate_4_D8.raw	NT=Parallel Reaction Monitoring;AC=MS:1002956	AC=MS:1002038;NT=label free sample	1	NT=High-performance liquid chromatography;AC=PRIDE:0000565	1	AC=MS:1001251;NT=Trypsin	not available	NT=Stellar;AC=MS:1003409	NT=Carbamidomethyl;AC=UNIMOD:4;TA=C;MT=Fixed	NT=Higher-energy Collisional Dissociation;AC=MS:1000422	27 NCE	40 ppm	0.05 Da	MRTH
PRM_20251204_MarthaReselection_Plate_4_E8	E	8	MRTH	56	RE8	0.1	C:\Xcalibur\methods\method1	smb://storage3.ad.scilifelab.se/massstorage/edfors%20lab/01_hot/Martha/RAW	PRM_20251204_MarthaReselection_Plate_4_E8	Homo sapiens	blood plasma	Plate_4	MarthaReselection	not available	not available	F	not available	not available	not available	not available	61	Plate_4_E8	MRTH1-0837	not available	1	AC=EFO:0009656;NT=plasma	run 346	proteomic profiling by mass spectrometry	PRM_20251204_MarthaReselection_Plate_4_E8.raw	PRM_20251204_MarthaReselection_Plate_4_E8.raw	NT=Parallel Reaction Monitoring;AC=MS:1002956	AC=MS:1002038;NT=label free sample	1	NT=High-performance liquid chromatography;AC=PRIDE:0000565	1	AC=MS:1001251;NT=Trypsin	not available	NT=Stellar;AC=MS:1003409	NT=Carbamidomethyl;AC=UNIMOD:4;TA=C;MT=Fixed	NT=Higher-energy Collisional Dissociation;AC=MS:1000422	27 NCE	40 ppm	0.05 Da	MRTH
PRM_20251204_MarthaReselection_Plate_4_F8	F	8	MRTH	68	RF8	0.1	C:\Xcalibur\methods\method1	smb://storage3.ad.scilifelab.se/massstorage/edfors%20lab/01_hot/Martha/RAW	PRM_20251204_MarthaReselection_Plate_4_F8	Homo sapiens	blood plasma	Plate_4	MarthaReselection	not available	not available	F	not available	not available	not available	not available	62	Plate_4_F8	MRTH1-0743	not available	1	AC=EFO:0009656;NT=plasma	run 347	proteomic profiling by mass spectrometry	PRM_20251204_MarthaReselection_Plate_4_F8.raw	PRM_20251204_MarthaReselection_Plate_4_F8.raw	NT=Parallel Reaction Monitoring;AC=MS:1002956	AC=MS:1002038;NT=label free sample	1	NT=High-performance liquid chromatography;AC=PRIDE:0000565	1	AC=MS:1001251;NT=Trypsin	not available	NT=Stellar;AC=MS:1003409	NT=Carbamidomethyl;AC=UNIMOD:4;TA=C;MT=Fixed	NT=Higher-energy Collisional Dissociation;AC=MS:1000422	27 NCE	40 ppm	0.05 Da	MRTH
PRM_20251204_MarthaReselection_Plate_4_G8	G	8	MRTH	80	RG8	0.1	C:\Xcalibur\methods\method1	smb://storage3.ad.scilifelab.se/massstorage/edfors%20lab/01_hot/Martha/RAW	PRM_20251204_MarthaReselection_Plate_4_G8	Homo sapiens	blood plasma	Plate_4	MarthaReselection	not available	not available	F	not available	not available	not available	not available	63	Plate_4_G8	MRTH1-1114	not available	1	AC=EFO:0009656;NT=plasma	run 348	proteomic profiling by mass spectrometry	PRM_20251204_MarthaReselection_Plate_4_G8.raw	PRM_20251204_MarthaReselection_Plate_4_G8.raw	NT=Parallel Reaction Monitoring;AC=MS:1002956	AC=MS:1002038;NT=label free sample	1	NT=High-performance liquid chromatography;AC=PRIDE:0000565	1	AC=MS:1001251;NT=Trypsin	not available	NT=Stellar;AC=MS:1003409	NT=Carbamidomethyl;AC=UNIMOD:4;TA=C;MT=Fixed	NT=Higher-energy Collisional Dissociation;AC=MS:1000422	27 NCE	40 ppm	0.05 Da	MRTH
PRM_20251204_MarthaReselection_Plate_4_H8	H	8	MRTH	92	RH8	0.1	C:\Xcalibur\methods\method1	smb://storage3.ad.scilifelab.se/massstorage/edfors%20lab/01_hot/Martha/RAW	PRM_20251204_MarthaReselection_Plate_4_H8	Homo sapiens	blood plasma	Plate_4	MarthaReselection	not available	not available	M	not available	not available	not available	not available	64	Plate_4_H8	MRTH1-0631	not available	1	AC=EFO:0009656;NT=plasma	run 349	proteomic profiling by mass spectrometry	PRM_20251204_MarthaReselection_Plate_4_H8.raw	PRM_20251204_MarthaReselection_Plate_4_H8.raw	NT=Parallel Reaction Monitoring;AC=MS:1002956	AC=MS:1002038;NT=label free sample	1	NT=High-performance liquid chromatography;AC=PRIDE:0000565	1	AC=MS:1001251;NT=Trypsin	not available	NT=Stellar;AC=MS:1003409	NT=Carbamidomethyl;AC=UNIMOD:4;TA=C;MT=Fixed	NT=Higher-energy Collisional Dissociation;AC=MS:1000422	27 NCE	40 ppm	0.05 Da	MRTH
PRM_20251204_MarthaReselection_Plate_4_A9	A	9	MRTH	9	RA9	0.1	C:\Xcalibur\methods\method1	smb://storage3.ad.scilifelab.se/massstorage/edfors%20lab/01_hot/Martha/RAW	PRM_20251204_MarthaReselection_Plate_4_A9	Homo sapiens	blood plasma	Plate_4	MarthaReselection	not available	not available	M	not available	not available	not available	not available	65	Plate_4_A9	MRTH1-1339	not available	1	AC=EFO:0009656;NT=plasma	run 350	proteomic profiling by mass spectrometry	PRM_20251204_MarthaReselection_Plate_4_A9.raw	PRM_20251204_MarthaReselection_Plate_4_A9.raw	NT=Parallel Reaction Monitoring;AC=MS:1002956	AC=MS:1002038;NT=label free sample	1	NT=High-performance liquid chromatography;AC=PRIDE:0000565	1	AC=MS:1001251;NT=Trypsin	not available	NT=Stellar;AC=MS:1003409	NT=Carbamidomethyl;AC=UNIMOD:4;TA=C;MT=Fixed	NT=Higher-energy Collisional Dissociation;AC=MS:1000422	27 NCE	40 ppm	0.05 Da	MRTH
PRM_20251204_MarthaReselection_Plate_4_B9	B	9	MRTH	21	RB9	0.1	C:\Xcalibur\methods\method1	smb://storage3.ad.scilifelab.se/massstorage/edfors%20lab/01_hot/Martha/RAW	PRM_20251204_MarthaReselection_Plate_4_B9	Homo sapiens	blood plasma	Plate_4	MarthaReselection	not available	not available	F	not available	not available	not available	not available	66	Plate_4_B9	MRTH1-0905	not available	1	AC=EFO:0009656;NT=plasma	run 351	proteomic profiling by mass spectrometry	PRM_20251204_MarthaReselection_Plate_4_B9.raw	PRM_20251204_MarthaReselection_Plate_4_B9.raw	NT=Parallel Reaction Monitoring;AC=MS:1002956	AC=MS:1002038;NT=label free sample	1	NT=High-performance liquid chromatography;AC=PRIDE:0000565	1	AC=MS:1001251;NT=Trypsin	not available	NT=Stellar;AC=MS:1003409	NT=Carbamidomethyl;AC=UNIMOD:4;TA=C;MT=Fixed	NT=Higher-energy Collisional Dissociation;AC=MS:1000422	27 NCE	40 ppm	0.05 Da	MRTH
PRM_20251204_MarthaReselection_Plate_4_C9	C	9	MRTH	33	RC9	0.1	C:\Xcalibur\methods\method1	smb://storage3.ad.scilifelab.se/massstorage/edfors%20lab/01_hot/Martha/RAW	PRM_20251204_MarthaReselection_Plate_4_C9	Homo sapiens	blood plasma	Plate_4	MarthaReselection	not available	not available	F	not available	not available	not available	not available	67	Plate_4_C9	MRTH1-0221	not available	1	AC=EFO:0009656;NT=plasma	run 352	proteomic profiling by mass spectrometry	PRM_20251204_MarthaReselection_Plate_4_C9.raw	PRM_20251204_MarthaReselection_Plate_4_C9.raw	NT=Parallel Reaction Monitoring;AC=MS:1002956	AC=MS:1002038;NT=label free sample	1	NT=High-performance liquid chromatography;AC=PRIDE:0000565	1	AC=MS:1001251;NT=Trypsin	not available	NT=Stellar;AC=MS:1003409	NT=Carbamidomethyl;AC=UNIMOD:4;TA=C;MT=Fixed	NT=Higher-energy Collisional Dissociation;AC=MS:1000422	27 NCE	40 ppm	0.05 Da	MRTH
PRM_20251204_MarthaReselection_Plate_4_D9	D	9	MRTH	45	RD9	0.1	C:\Xcalibur\methods\method1	smb://storage3.ad.scilifelab.se/massstorage/edfors%20lab/01_hot/Martha/RAW	PRM_20251204_MarthaReselection_Plate_4_D9	Homo sapiens	blood plasma	Plate_4	MarthaReselection	not available	not available	F	not available	not available	not available	not available	68	Plate_4_D9	MRTH1-0106	not available	1	AC=EFO:0009656;NT=plasma	run 353	proteomic profiling by mass spectrometry	PRM_20251204_MarthaReselection_Plate_4_D9.raw	PRM_20251204_MarthaReselection_Plate_4_D9.raw	NT=Parallel Reaction Monitoring;AC=MS:1002956	AC=MS:1002038;NT=label free sample	1	NT=High-performance liquid chromatography;AC=PRIDE:0000565	1	AC=MS:1001251;NT=Trypsin	not available	NT=Stellar;AC=MS:1003409	NT=Carbamidomethyl;AC=UNIMOD:4;TA=C;MT=Fixed	NT=Higher-energy Collisional Dissociation;AC=MS:1000422	27 NCE	40 ppm	0.05 Da	MRTH
PRM_20251204_MarthaReselection_Plate_4_E9	E	9	MRTH	57	RE9	0.1	C:\Xcalibur\methods\method1	smb://storage3.ad.scilifelab.se/massstorage/edfors%20lab/01_hot/Martha/RAW	PRM_20251204_MarthaReselection_Plate_4_E9	Homo sapiens	blood plasma	Plate_4	MarthaReselection	not available	not available	F	not available	not available	not available	not available	69	Plate_4_E9	MRTH1-1029	not available	1	AC=EFO:0009656;NT=plasma	run 354	proteomic profiling by mass spectrometry	PRM_20251204_MarthaReselection_Plate_4_E9.raw	PRM_20251204_MarthaReselection_Plate_4_E9.raw	NT=Parallel Reaction Monitoring;AC=MS:1002956	AC=MS:1002038;NT=label free sample	1	NT=High-performance liquid chromatography;AC=PRIDE:0000565	1	AC=MS:1001251;NT=Trypsin	not available	NT=Stellar;AC=MS:1003409	NT=Carbamidomethyl;AC=UNIMOD:4;TA=C;MT=Fixed	NT=Higher-energy Collisional Dissociation;AC=MS:1000422	27 NCE	40 ppm	0.05 Da	MRTH
PRM_20251204_MarthaReselection_Plate_4_F9	F	9	MRTH	69	RF9	0.1	C:\Xcalibur\methods\method1	smb://storage3.ad.scilifelab.se/massstorage/edfors%20lab/01_hot/Martha/RAW	PRM_20251204_MarthaReselection_Plate_4_F9	Homo sapiens	blood plasma	Plate_4	MarthaReselection	not available	not available	F	not available	not available	not available	not available	70	Plate_4_F9	MRTH1-0528	not available	1	AC=EFO:0009656;NT=plasma	run 355	proteomic profiling by mass spectrometry	PRM_20251204_MarthaReselection_Plate_4_F9.raw	PRM_20251204_MarthaReselection_Plate_4_F9.raw	NT=Parallel Reaction Monitoring;AC=MS:1002956	AC=MS:1002038;NT=label free sample	1	NT=High-performance liquid chromatography;AC=PRIDE:0000565	1	AC=MS:1001251;NT=Trypsin	not available	NT=Stellar;AC=MS:1003409	NT=Carbamidomethyl;AC=UNIMOD:4;TA=C;MT=Fixed	NT=Higher-energy Collisional Dissociation;AC=MS:1000422	27 NCE	40 ppm	0.05 Da	MRTH
PRM_20251204_MarthaReselection_Plate_4_G9	G	9	MRTH	81	RG9	0.1	C:\Xcalibur\methods\method1	smb://storage3.ad.scilifelab.se/massstorage/edfors%20lab/01_hot/Martha/RAW	PRM_20251204_MarthaReselection_Plate_4_G9	Homo sapiens	blood plasma	Plate_4	MarthaReselection	not available	not available	F	not available	not available	not available	not available	71	Plate_4_G9	MRTH1-0675	not available	1	AC=EFO:0009656;NT=plasma	run 356	proteomic profiling by mass spectrometry	PRM_20251204_MarthaReselection_Plate_4_G9.raw	PRM_20251204_MarthaReselection_Plate_4_G9.raw	NT=Parallel Reaction Monitoring;AC=MS:1002956	AC=MS:1002038;NT=label free sample	1	NT=High-performance liquid chromatography;AC=PRIDE:0000565	1	AC=MS:1001251;NT=Trypsin	not available	NT=Stellar;AC=MS:1003409	NT=Carbamidomethyl;AC=UNIMOD:4;TA=C;MT=Fixed	NT=Higher-energy Collisional Dissociation;AC=MS:1000422	27 NCE	40 ppm	0.05 Da	MRTH
PRM_20251204_MarthaReselection_Plate_4_H9	H	9	MRTH	93	RH9	0.1	C:\Xcalibur\methods\method1	smb://storage3.ad.scilifelab.se/massstorage/edfors%20lab/01_hot/Martha/RAW	PRM_20251204_MarthaReselection_Plate_4_H9	Homo sapiens	blood plasma	Plate_4	MarthaReselection	not available	not available	F	not available	not available	not available	not available	72	Plate_4_H9	MRTH1-0990	not available	1	AC=EFO:0009656;NT=plasma	run 357	proteomic profiling by mass spectrometry	PRM_20251204_MarthaReselection_Plate_4_H9.raw	PRM_20251204_MarthaReselection_Plate_4_H9.raw	NT=Parallel Reaction Monitoring;AC=MS:1002956	AC=MS:1002038;NT=label free sample	1	NT=High-performance liquid chromatography;AC=PRIDE:0000565	1	AC=MS:1001251;NT=Trypsin	not available	NT=Stellar;AC=MS:1003409	NT=Carbamidomethyl;AC=UNIMOD:4;TA=C;MT=Fixed	NT=Higher-energy Collisional Dissociation;AC=MS:1000422	27 NCE	40 ppm	0.05 Da	MRTH
PRM_20251204_MarthaReselection_Plate_4_A10	A	10	MRTH	10	RA10	0.1	C:\Xcalibur\methods\method1	smb://storage3.ad.scilifelab.se/massstorage/edfors%20lab/01_hot/Martha/RAW	PRM_20251204_MarthaReselection_Plate_4_A10	Homo sapiens	blood plasma	Plate_4	MarthaReselection	not available	not available	F	not available	not available	not available	not available	73	Plate_4_A10	MRTH1-1312	not available	1	AC=EFO:0009656;NT=plasma	run 358	proteomic profiling by mass spectrometry	PRM_20251204_MarthaReselection_Plate_4_A10.raw	PRM_20251204_MarthaReselection_Plate_4_A10.raw	NT=Parallel Reaction Monitoring;AC=MS:1002956	AC=MS:1002038;NT=label free sample	1	NT=High-performance liquid chromatography;AC=PRIDE:0000565	1	AC=MS:1001251;NT=Trypsin	not available	NT=Stellar;AC=MS:1003409	NT=Carbamidomethyl;AC=UNIMOD:4;TA=C;MT=Fixed	NT=Higher-energy Collisional Dissociation;AC=MS:1000422	27 NCE	40 ppm	0.05 Da	MRTH
PRM_20251204_MarthaReselection_Plate_4_B10	B	10	MRTH	22	RB10	0.1	C:\Xcalibur\methods\method1	smb://storage3.ad.scilifelab.se/massstorage/edfors%20lab/01_hot/Martha/RAW	PRM_20251204_MarthaReselection_Plate_4_B10	Homo sapiens	blood plasma	Plate_4	MarthaReselection	not available	not available	F	not available	not available	not available	not available	74	Plate_4_B10	MRTH1-1003	not available	1	AC=EFO:0009656;NT=plasma	run 359	proteomic profiling by mass spectrometry	PRM_20251204_MarthaReselection_Plate_4_B10.raw	PRM_20251204_MarthaReselection_Plate_4_B10.raw	NT=Parallel Reaction Monitoring;AC=MS:1002956	AC=MS:1002038;NT=label free sample	1	NT=High-performance liquid chromatography;AC=PRIDE:0000565	1	AC=MS:1001251;NT=Trypsin	not available	NT=Stellar;AC=MS:1003409	NT=Carbamidomethyl;AC=UNIMOD:4;TA=C;MT=Fixed	NT=Higher-energy Collisional Dissociation;AC=MS:1000422	27 NCE	40 ppm	0.05 Da	MRTH
PRM_20251204_MarthaReselection_Plate_4_C10	C	10	MRTH	34	RC10	0.1	C:\Xcalibur\methods\method1	smb://storage3.ad.scilifelab.se/massstorage/edfors%20lab/01_hot/Martha/RAW	PRM_20251204_MarthaReselection_Plate_4_C10	Homo sapiens	blood plasma	Plate_4	MarthaReselection	not available	not available	F	not available	not available	not available	not available	75	Plate_4_C10	MRTH1-0729	not available	1	AC=EFO:0009656;NT=plasma	run 360	proteomic profiling by mass spectrometry	PRM_20251204_MarthaReselection_Plate_4_C10.raw	PRM_20251204_MarthaReselection_Plate_4_C10.raw	NT=Parallel Reaction Monitoring;AC=MS:1002956	AC=MS:1002038;NT=label free sample	1	NT=High-performance liquid chromatography;AC=PRIDE:0000565	1	AC=MS:1001251;NT=Trypsin	not available	NT=Stellar;AC=MS:1003409	NT=Carbamidomethyl;AC=UNIMOD:4;TA=C;MT=Fixed	NT=Higher-energy Collisional Dissociation;AC=MS:1000422	27 NCE	40 ppm	0.05 Da	MRTH
PRM_20251204_MarthaReselection_Plate_4_D10	D	10	MRTH	46	RD10	0.1	C:\Xcalibur\methods\method1	smb://storage3.ad.scilifelab.se/massstorage/edfors%20lab/01_hot/Martha/RAW	PRM_20251204_MarthaReselection_Plate_4_D10	Homo sapiens	blood plasma	Plate_4	MarthaReselection	not available	not available	F	not available	not available	not available	not available	76	Plate_4_D10	MRTH1-0037	not available	1	AC=EFO:0009656;NT=plasma	run 361	proteomic profiling by mass spectrometry	PRM_20251204_MarthaReselection_Plate_4_D10.raw	PRM_20251204_MarthaReselection_Plate_4_D10.raw	NT=Parallel Reaction Monitoring;AC=MS:1002956	AC=MS:1002038;NT=label free sample	1	NT=High-performance liquid chromatography;AC=PRIDE:0000565	1	AC=MS:1001251;NT=Trypsin	not available	NT=Stellar;AC=MS:1003409	NT=Carbamidomethyl;AC=UNIMOD:4;TA=C;MT=Fixed	NT=Higher-energy Collisional Dissociation;AC=MS:1000422	27 NCE	40 ppm	0.05 Da	MRTH
PRM_20251204_MarthaReselection_Plate_4_E10	E	10	MRTH	58	RE10	0.1	C:\Xcalibur\methods\method1	smb://storage3.ad.scilifelab.se/massstorage/edfors%20lab/01_hot/Martha/RAW	PRM_20251204_MarthaReselection_Plate_4_E10	Homo sapiens	blood plasma	Plate_4	MarthaReselection	not available	not available	F	not available	not available	not available	not available	77	Plate_4_E10	MRTH1-0249	not available	1	AC=EFO:0009656;NT=plasma	run 362	proteomic profiling by mass spectrometry	PRM_20251204_MarthaReselection_Plate_4_E10.raw	PRM_20251204_MarthaReselection_Plate_4_E10.raw	NT=Parallel Reaction Monitoring;AC=MS:1002956	AC=MS:1002038;NT=label free sample	1	NT=High-performance liquid chromatography;AC=PRIDE:0000565	1	AC=MS:1001251;NT=Trypsin	not available	NT=Stellar;AC=MS:1003409	NT=Carbamidomethyl;AC=UNIMOD:4;TA=C;MT=Fixed	NT=Higher-energy Collisional Dissociation;AC=MS:1000422	27 NCE	40 ppm	0.05 Da	MRTH
PRM_20251204_MarthaReselection_Plate_4_F10	F	10	MRTH	70	RF10	0.1	C:\Xcalibur\methods\method1	smb://storage3.ad.scilifelab.se/massstorage/edfors%20lab/01_hot/Martha/RAW	PRM_20251204_MarthaReselection_Plate_4_F10	Homo sapiens	blood plasma	Plate_4	MarthaReselection	not available	not available	F	not available	not available	not available	not available	78	Plate_4_F10	MRTH1-0539	not available	1	AC=EFO:0009656;NT=plasma	run 363	proteomic profiling by mass spectrometry	PRM_20251204_MarthaReselection_Plate_4_F10.raw	PRM_20251204_MarthaReselection_Plate_4_F10.raw	NT=Parallel Reaction Monitoring;AC=MS:1002956	AC=MS:1002038;NT=label free sample	1	NT=High-performance liquid chromatography;AC=PRIDE:0000565	1	AC=MS:1001251;NT=Trypsin	not available	NT=Stellar;AC=MS:1003409	NT=Carbamidomethyl;AC=UNIMOD:4;TA=C;MT=Fixed	NT=Higher-energy Collisional Dissociation;AC=MS:1000422	27 NCE	40 ppm	0.05 Da	MRTH
PRM_20251204_MarthaReselection_Plate_4_G10	G	10	Pool	82	RG10	0.1	C:\Xcalibur\methods\method1	smb://storage3.ad.scilifelab.se/massstorage/edfors%20lab/01_hot/Martha/RAW	PRM_20251204_MarthaReselection_Plate_4_G10	Homo sapiens	blood plasma	Plate_4	MarthaReselection	not available	not available	NA	not available	not available	not available	not available	79	Plate_4_G10	EMPTY-0001	not available	1	AC=EFO:0009656;NT=plasma	run 364	proteomic profiling by mass spectrometry	PRM_20251204_MarthaReselection_Plate_4_G10.raw	PRM_20251204_MarthaReselection_Plate_4_G10.raw	NT=Parallel Reaction Monitoring;AC=MS:1002956	AC=MS:1002038;NT=label free sample	1	NT=High-performance liquid chromatography;AC=PRIDE:0000565	1	AC=MS:1001251;NT=Trypsin	not available	NT=Stellar;AC=MS:1003409	NT=Carbamidomethyl;AC=UNIMOD:4;TA=C;MT=Fixed	NT=Higher-energy Collisional Dissociation;AC=MS:1000422	27 NCE	40 ppm	0.05 Da	Pool
PRM_20251204_MarthaReselection_Plate_4_H10	H	10	MRTH	94	RH10	0.1	C:\Xcalibur\methods\method1	smb://storage3.ad.scilifelab.se/massstorage/edfors%20lab/01_hot/Martha/RAW	PRM_20251204_MarthaReselection_Plate_4_H10	Homo sapiens	blood plasma	Plate_4	MarthaReselection	not available	not available	F	not available	not available	not available	not available	80	Plate_4_H10	MRTH1-0341	not available	1	AC=EFO:0009656;NT=plasma	run 365	proteomic profiling by mass spectrometry	PRM_20251204_MarthaReselection_Plate_4_H10.raw	PRM_20251204_MarthaReselection_Plate_4_H10.raw	NT=Parallel Reaction Monitoring;AC=MS:1002956	AC=MS:1002038;NT=label free sample	1	NT=High-performance liquid chromatography;AC=PRIDE:0000565	1	AC=MS:1001251;NT=Trypsin	not available	NT=Stellar;AC=MS:1003409	NT=Carbamidomethyl;AC=UNIMOD:4;TA=C;MT=Fixed	NT=Higher-energy Collisional Dissociation;AC=MS:1000422	27 NCE	40 ppm	0.05 Da	MRTH
PRM_20251204_MarthaReselection_Plate_4_A11	A	11	MRTH	11	RA11	0.1	C:\Xcalibur\methods\method1	smb://storage3.ad.scilifelab.se/massstorage/edfors%20lab/01_hot/Martha/RAW	PRM_20251204_MarthaReselection_Plate_4_A11	Homo sapiens	blood plasma	Plate_4	MarthaReselection	not available	not available	F	not available	not available	not available	not available	81	Plate_4_A11	MRTH1-0234	not available	1	AC=EFO:0009656;NT=plasma	run 366	proteomic profiling by mass spectrometry	PRM_20251204_MarthaReselection_Plate_4_A11.raw	PRM_20251204_MarthaReselection_Plate_4_A11.raw	NT=Parallel Reaction Monitoring;AC=MS:1002956	AC=MS:1002038;NT=label free sample	1	NT=High-performance liquid chromatography;AC=PRIDE:0000565	1	AC=MS:1001251;NT=Trypsin	not available	NT=Stellar;AC=MS:1003409	NT=Carbamidomethyl;AC=UNIMOD:4;TA=C;MT=Fixed	NT=Higher-energy Collisional Dissociation;AC=MS:1000422	27 NCE	40 ppm	0.05 Da	MRTH
PRM_20251204_MarthaReselection_Plate_4_B11	B	11	MRTH	23	RB11	0.1	C:\Xcalibur\methods\method1	smb://storage3.ad.scilifelab.se/massstorage/edfors%20lab/01_hot/Martha/RAW	PRM_20251204_MarthaReselection_Plate_4_B11	Homo sapiens	blood plasma	Plate_4	MarthaReselection	not available	not available	F	not available	not available	not available	not available	82	Plate_4_B11	MRTH1-0439	not available	1	AC=EFO:0009656;NT=plasma	run 367	proteomic profiling by mass spectrometry	PRM_20251204_MarthaReselection_Plate_4_B11.raw	PRM_20251204_MarthaReselection_Plate_4_B11.raw	NT=Parallel Reaction Monitoring;AC=MS:1002956	AC=MS:1002038;NT=label free sample	1	NT=High-performance liquid chromatography;AC=PRIDE:0000565	1	AC=MS:1001251;NT=Trypsin	not available	NT=Stellar;AC=MS:1003409	NT=Carbamidomethyl;AC=UNIMOD:4;TA=C;MT=Fixed	NT=Higher-energy Collisional Dissociation;AC=MS:1000422	27 NCE	40 ppm	0.05 Da	MRTH
PRM_20251204_MarthaReselection_Plate_4_C11	C	11	MRTH	35	RC11	0.1	C:\Xcalibur\methods\method1	smb://storage3.ad.scilifelab.se/massstorage/edfors%20lab/01_hot/Martha/RAW	PRM_20251204_MarthaReselection_Plate_4_C11	Homo sapiens	blood plasma	Plate_4	MarthaReselection	not available	not available	M	not available	not available	not available	not available	83	Plate_4_C11	MRTH1-1362	not available	1	AC=EFO:0009656;NT=plasma	run 368	proteomic profiling by mass spectrometry	PRM_20251204_MarthaReselection_Plate_4_C11.raw	PRM_20251204_MarthaReselection_Plate_4_C11.raw	NT=Parallel Reaction Monitoring;AC=MS:1002956	AC=MS:1002038;NT=label free sample	1	NT=High-performance liquid chromatography;AC=PRIDE:0000565	1	AC=MS:1001251;NT=Trypsin	not available	NT=Stellar;AC=MS:1003409	NT=Carbamidomethyl;AC=UNIMOD:4;TA=C;MT=Fixed	NT=Higher-energy Collisional Dissociation;AC=MS:1000422	27 NCE	40 ppm	0.05 Da	MRTH
PRM_20251204_MarthaReselection_Plate_4_D11	D	11	MRTH	47	RD11	0.1	C:\Xcalibur\methods\method1	smb://storage3.ad.scilifelab.se/massstorage/edfors%20lab/01_hot/Martha/RAW	PRM_20251204_MarthaReselection_Plate_4_D11	Homo sapiens	blood plasma	Plate_4	MarthaReselection	not available	not available	F	not available	not available	not available	not available	84	Plate_4_D11	MRTH1-0197	not available	1	AC=EFO:0009656;NT=plasma	run 369	proteomic profiling by mass spectrometry	PRM_20251204_MarthaReselection_Plate_4_D11.raw	PRM_20251204_MarthaReselection_Plate_4_D11.raw	NT=Parallel Reaction Monitoring;AC=MS:1002956	AC=MS:1002038;NT=label free sample	1	NT=High-performance liquid chromatography;AC=PRIDE:0000565	1	AC=MS:1001251;NT=Trypsin	not available	NT=Stellar;AC=MS:1003409	NT=Carbamidomethyl;AC=UNIMOD:4;TA=C;MT=Fixed	NT=Higher-energy Collisional Dissociation;AC=MS:1000422	27 NCE	40 ppm	0.05 Da	MRTH
PRM_20251204_MarthaReselection_Plate_4_E11	E	11	MRTH	59	RE11	0.1	C:\Xcalibur\methods\method1	smb://storage3.ad.scilifelab.se/massstorage/edfors%20lab/01_hot/Martha/RAW	PRM_20251204_MarthaReselection_Plate_4_E11	Homo sapiens	blood plasma	Plate_4	MarthaReselection	not available	not available	F	not available	not available	not available	not available	85	Plate_4_E11	MRTH1-1119	not available	1	AC=EFO:0009656;NT=plasma	run 370	proteomic profiling by mass spectrometry	PRM_20251204_MarthaReselection_Plate_4_E11.raw	PRM_20251204_MarthaReselection_Plate_4_E11.raw	NT=Parallel Reaction Monitoring;AC=MS:1002956	AC=MS:1002038;NT=label free sample	1	NT=High-performance liquid chromatography;AC=PRIDE:0000565	1	AC=MS:1001251;NT=Trypsin	not available	NT=Stellar;AC=MS:1003409	NT=Carbamidomethyl;AC=UNIMOD:4;TA=C;MT=Fixed	NT=Higher-energy Collisional Dissociation;AC=MS:1000422	27 NCE	40 ppm	0.05 Da	MRTH
PRM_20251204_MarthaReselection_Plate_4_F11	F	11	MRTH	71	RF11	0.1	C:\Xcalibur\methods\method1	smb://storage3.ad.scilifelab.se/massstorage/edfors%20lab/01_hot/Martha/RAW	PRM_20251204_MarthaReselection_Plate_4_F11	Homo sapiens	blood plasma	Plate_4	MarthaReselection	not available	not available	F	not available	not available	not available	not available	86	Plate_4_F11	MRTH1-0850	not available	1	AC=EFO:0009656;NT=plasma	run 371	proteomic profiling by mass spectrometry	PRM_20251204_MarthaReselection_Plate_4_F11.raw	PRM_20251204_MarthaReselection_Plate_4_F11.raw	NT=Parallel Reaction Monitoring;AC=MS:1002956	AC=MS:1002038;NT=label free sample	1	NT=High-performance liquid chromatography;AC=PRIDE:0000565	1	AC=MS:1001251;NT=Trypsin	not available	NT=Stellar;AC=MS:1003409	NT=Carbamidomethyl;AC=UNIMOD:4;TA=C;MT=Fixed	NT=Higher-energy Collisional Dissociation;AC=MS:1000422	27 NCE	40 ppm	0.05 Da	MRTH
PRM_20251204_MarthaReselection_Plate_4_G11	G	11	MRTH	83	RG11	0.1	C:\Xcalibur\methods\method1	smb://storage3.ad.scilifelab.se/massstorage/edfors%20lab/01_hot/Martha/RAW	PRM_20251204_MarthaReselection_Plate_4_G11	Homo sapiens	blood plasma	Plate_4	MarthaReselection	not available	not available	M	not available	not available	not available	not available	87	Plate_4_G11	MRTH1-0714	not available	1	AC=EFO:0009656;NT=plasma	run 372	proteomic profiling by mass spectrometry	PRM_20251204_MarthaReselection_Plate_4_G11.raw	PRM_20251204_MarthaReselection_Plate_4_G11.raw	NT=Parallel Reaction Monitoring;AC=MS:1002956	AC=MS:1002038;NT=label free sample	1	NT=High-performance liquid chromatography;AC=PRIDE:0000565	1	AC=MS:1001251;NT=Trypsin	not available	NT=Stellar;AC=MS:1003409	NT=Carbamidomethyl;AC=UNIMOD:4;TA=C;MT=Fixed	NT=Higher-energy Collisional Dissociation;AC=MS:1000422	27 NCE	40 ppm	0.05 Da	MRTH
PRM_20251204_MarthaReselection_Plate_4_H11	H	11	MRTH	95	RH11	0.1	C:\Xcalibur\methods\method1	smb://storage3.ad.scilifelab.se/massstorage/edfors%20lab/01_hot/Martha/RAW	PRM_20251204_MarthaReselection_Plate_4_H11	Homo sapiens	blood plasma	Plate_4	MarthaReselection	not available	not available	F	not available	not available	not available	not available	88	Plate_4_H11	MRTH1-0168	not available	1	AC=EFO:0009656;NT=plasma	run 373	proteomic profiling by mass spectrometry	PRM_20251204_MarthaReselection_Plate_4_H11.raw	PRM_20251204_MarthaReselection_Plate_4_H11.raw	NT=Parallel Reaction Monitoring;AC=MS:1002956	AC=MS:1002038;NT=label free sample	1	NT=High-performance liquid chromatography;AC=PRIDE:0000565	1	AC=MS:1001251;NT=Trypsin	not available	NT=Stellar;AC=MS:1003409	NT=Carbamidomethyl;AC=UNIMOD:4;TA=C;MT=Fixed	NT=Higher-energy Collisional Dissociation;AC=MS:1000422	27 NCE	40 ppm	0.05 Da	MRTH
PRM_20251204_MarthaReselection_Plate_4_A12	A	12	MRTH	12	RA12	0.1	C:\Xcalibur\methods\method1	smb://storage3.ad.scilifelab.se/massstorage/edfors%20lab/01_hot/Martha/RAW	PRM_20251204_MarthaReselection_Plate_4_A12	Homo sapiens	blood plasma	Plate_4	MarthaReselection	not available	not available	M	not available	not available	not available	not available	89	Plate_4_A12	MRTH1-0394	not available	1	AC=EFO:0009656;NT=plasma	run 374	proteomic profiling by mass spectrometry	PRM_20251204_MarthaReselection_Plate_4_A12.raw	PRM_20251204_MarthaReselection_Plate_4_A12.raw	NT=Parallel Reaction Monitoring;AC=MS:1002956	AC=MS:1002038;NT=label free sample	1	NT=High-performance liquid chromatography;AC=PRIDE:0000565	1	AC=MS:1001251;NT=Trypsin	not available	NT=Stellar;AC=MS:1003409	NT=Carbamidomethyl;AC=UNIMOD:4;TA=C;MT=Fixed	NT=Higher-energy Collisional Dissociation;AC=MS:1000422	27 NCE	40 ppm	0.05 Da	MRTH
PRM_20251204_MarthaReselection_Plate_4_B12	B	12	MRTH	24	RB12	0.1	C:\Xcalibur\methods\method1	smb://storage3.ad.scilifelab.se/massstorage/edfors%20lab/01_hot/Martha/RAW	PRM_20251204_MarthaReselection_Plate_4_B12	Homo sapiens	blood plasma	Plate_4	MarthaReselection	not available	not available	M	not available	not available	not available	not available	90	Plate_4_B12	MRTH1-0519	not available	1	AC=EFO:0009656;NT=plasma	run 375	proteomic profiling by mass spectrometry	PRM_20251204_MarthaReselection_Plate_4_B12.raw	PRM_20251204_MarthaReselection_Plate_4_B12.raw	NT=Parallel Reaction Monitoring;AC=MS:1002956	AC=MS:1002038;NT=label free sample	1	NT=High-performance liquid chromatography;AC=PRIDE:0000565	1	AC=MS:1001251;NT=Trypsin	not available	NT=Stellar;AC=MS:1003409	NT=Carbamidomethyl;AC=UNIMOD:4;TA=C;MT=Fixed	NT=Higher-energy Collisional Dissociation;AC=MS:1000422	27 NCE	40 ppm	0.05 Da	MRTH
PRM_20251204_MarthaReselection_Plate_4_C12	C	12	MRTH	36	RC12	0.1	C:\Xcalibur\methods\method1	smb://storage3.ad.scilifelab.se/massstorage/edfors%20lab/01_hot/Martha/RAW	PRM_20251204_MarthaReselection_Plate_4_C12	Homo sapiens	blood plasma	Plate_4	MarthaReselection	not available	not available	F	not available	not available	not available	not available	91	Plate_4_C12	MRTH1-0942	not available	1	AC=EFO:0009656;NT=plasma	run 376	proteomic profiling by mass spectrometry	PRM_20251204_MarthaReselection_Plate_4_C12.raw	PRM_20251204_MarthaReselection_Plate_4_C12.raw	NT=Parallel Reaction Monitoring;AC=MS:1002956	AC=MS:1002038;NT=label free sample	1	NT=High-performance liquid chromatography;AC=PRIDE:0000565	1	AC=MS:1001251;NT=Trypsin	not available	NT=Stellar;AC=MS:1003409	NT=Carbamidomethyl;AC=UNIMOD:4;TA=C;MT=Fixed	NT=Higher-energy Collisional Dissociation;AC=MS:1000422	27 NCE	40 ppm	0.05 Da	MRTH
PRM_20251204_MarthaReselection_Plate_4_D12	D	12	MRTH	48	RD12	0.1	C:\Xcalibur\methods\method1	smb://storage3.ad.scilifelab.se/massstorage/edfors%20lab/01_hot/Martha/RAW	PRM_20251204_MarthaReselection_Plate_4_D12	Homo sapiens	blood plasma	Plate_4	MarthaReselection	not available	not available	F	not available	not available	not available	not available	92	Plate_4_D12	MRTH1-1102	not available	1	AC=EFO:0009656;NT=plasma	run 377	proteomic profiling by mass spectrometry	PRM_20251204_MarthaReselection_Plate_4_D12.raw	PRM_20251204_MarthaReselection_Plate_4_D12.raw	NT=Parallel Reaction Monitoring;AC=MS:1002956	AC=MS:1002038;NT=label free sample	1	NT=High-performance liquid chromatography;AC=PRIDE:0000565	1	AC=MS:1001251;NT=Trypsin	not available	NT=Stellar;AC=MS:1003409	NT=Carbamidomethyl;AC=UNIMOD:4;TA=C;MT=Fixed	NT=Higher-energy Collisional Dissociation;AC=MS:1000422	27 NCE	40 ppm	0.05 Da	MRTH
PRM_20251204_MarthaReselection_Plate_4_E12	E	12	MRTH	60	RE12	0.1	C:\Xcalibur\methods\method1	smb://storage3.ad.scilifelab.se/massstorage/edfors%20lab/01_hot/Martha/RAW	PRM_20251204_MarthaReselection_Plate_4_E12	Homo sapiens	blood plasma	Plate_4	MarthaReselection	not available	not available	F	not available	not available	not available	not available	93	Plate_4_E12	MRTH1-1236	not available	1	AC=EFO:0009656;NT=plasma	run 378	proteomic profiling by mass spectrometry	PRM_20251204_MarthaReselection_Plate_4_E12.raw	PRM_20251204_MarthaReselection_Plate_4_E12.raw	NT=Parallel Reaction Monitoring;AC=MS:1002956	AC=MS:1002038;NT=label free sample	1	NT=High-performance liquid chromatography;AC=PRIDE:0000565	1	AC=MS:1001251;NT=Trypsin	not available	NT=Stellar;AC=MS:1003409	NT=Carbamidomethyl;AC=UNIMOD:4;TA=C;MT=Fixed	NT=Higher-energy Collisional Dissociation;AC=MS:1000422	27 NCE	40 ppm	0.05 Da	MRTH
PRM_20251204_MarthaReselection_Plate_4_F12	F	12	Pool	72	RF12	0.1	C:\Xcalibur\methods\method1	smb://storage3.ad.scilifelab.se/massstorage/edfors%20lab/01_hot/Martha/RAW	PRM_20251204_MarthaReselection_Plate_4_F12	Homo sapiens	blood plasma	Plate_4	MarthaReselection	not available	not available	NA	not available	not available	not available	not available	94	Plate_4_F12	EMPTY-0001	not available	1	AC=EFO:0009656;NT=plasma	run 379	proteomic profiling by mass spectrometry	PRM_20251204_MarthaReselection_Plate_4_F12.raw	PRM_20251204_MarthaReselection_Plate_4_F12.raw	NT=Parallel Reaction Monitoring;AC=MS:1002956	AC=MS:1002038;NT=label free sample	1	NT=High-performance liquid chromatography;AC=PRIDE:0000565	1	AC=MS:1001251;NT=Trypsin	not available	NT=Stellar;AC=MS:1003409	NT=Carbamidomethyl;AC=UNIMOD:4;TA=C;MT=Fixed	NT=Higher-energy Collisional Dissociation;AC=MS:1000422	27 NCE	40 ppm	0.05 Da	Pool
PRM_20251204_MarthaReselection_Plate_4_G12	G	12	Pool	84	RG12	0.1	C:\Xcalibur\methods\method1	smb://storage3.ad.scilifelab.se/massstorage/edfors%20lab/01_hot/Martha/RAW	PRM_20251204_MarthaReselection_Plate_4_G12	Homo sapiens	blood plasma	Plate_4	MarthaReselection	not available	not available	NA	not available	not available	not available	not available	95	Plate_4_G12	EMPTY-0001	not available	1	AC=EFO:0009656;NT=plasma	run 380	proteomic profiling by mass spectrometry	PRM_20251204_MarthaReselection_Plate_4_G12.raw	PRM_20251204_MarthaReselection_Plate_4_G12.raw	NT=Parallel Reaction Monitoring;AC=MS:1002956	AC=MS:1002038;NT=label free sample	1	NT=High-performance liquid chromatography;AC=PRIDE:0000565	1	AC=MS:1001251;NT=Trypsin	not available	NT=Stellar;AC=MS:1003409	NT=Carbamidomethyl;AC=UNIMOD:4;TA=C;MT=Fixed	NT=Higher-energy Collisional Dissociation;AC=MS:1000422	27 NCE	40 ppm	0.05 Da	Pool
PRM_20251204_MarthaReselection_Plate_4_H12	H	12	Pool	96	RH12	0.1	C:\Xcalibur\methods\method1	smb://storage3.ad.scilifelab.se/massstorage/edfors%20lab/01_hot/Martha/RAW	PRM_20251204_MarthaReselection_Plate_4_H12	Homo sapiens	blood plasma	Plate_4	MarthaReselection	not available	not available	NA	not available	not available	not available	not available	96	Plate_4_H12	EMPTY-0001	not available	1	AC=EFO:0009656;NT=plasma	run 381	proteomic profiling by mass spectrometry	PRM_20251204_MarthaReselection_Plate_4_H12.raw	PRM_20251204_MarthaReselection_Plate_4_H12.raw	NT=Parallel Reaction Monitoring;AC=MS:1002956	AC=MS:1002038;NT=label free sample	1	NT=High-performance liquid chromatography;AC=PRIDE:0000565	1	AC=MS:1001251;NT=Trypsin	not available	NT=Stellar;AC=MS:1003409	NT=Carbamidomethyl;AC=UNIMOD:4;TA=C;MT=Fixed	NT=Higher-energy Collisional Dissociation;AC=MS:1000422	27 NCE	40 ppm	0.05 Da	Pool
PRM_20251207_MarthaReselection_Plate_5_A1	A	1	MRTH	1	RA1	0.1	C:\Xcalibur\methods\method1	smb://storage3.ad.scilifelab.se/massstorage/edfors%20lab/01_hot/Martha/RAW	PRM_20251207_MarthaReselection_Plate_5_A1	Homo sapiens	blood plasma	Plate_5	MarthaReselection	not available	not available	M	not available	not available	not available	not available	1	Plate_5_A1	MRTH1-0767	not available	1	AC=EFO:0009656;NT=plasma	run 382	proteomic profiling by mass spectrometry	PRM_20251207_MarthaReselection_Plate_5_A1.raw	PRM_20251207_MarthaReselection_Plate_5_A1.raw	NT=Parallel Reaction Monitoring;AC=MS:1002956	AC=MS:1002038;NT=label free sample	1	NT=High-performance liquid chromatography;AC=PRIDE:0000565	1	AC=MS:1001251;NT=Trypsin	not available	NT=Stellar;AC=MS:1003409	NT=Carbamidomethyl;AC=UNIMOD:4;TA=C;MT=Fixed	NT=Higher-energy Collisional Dissociation;AC=MS:1000422	27 NCE	40 ppm	0.05 Da	MRTH
PRM_20251207_MarthaReselection_Plate_5_B1	B	1	MRTH	13	RB1	0.1	C:\Xcalibur\methods\method1	smb://storage3.ad.scilifelab.se/massstorage/edfors%20lab/01_hot/Martha/RAW	PRM_20251207_MarthaReselection_Plate_5_B1	Homo sapiens	blood plasma	Plate_5	MarthaReselection	not available	not available	F	not available	not available	not available	not available	2	Plate_5_B1	MRTH1-1084	not available	1	AC=EFO:0009656;NT=plasma	run 383	proteomic profiling by mass spectrometry	PRM_20251207_MarthaReselection_Plate_5_B1.raw	PRM_20251207_MarthaReselection_Plate_5_B1.raw	NT=Parallel Reaction Monitoring;AC=MS:1002956	AC=MS:1002038;NT=label free sample	1	NT=High-performance liquid chromatography;AC=PRIDE:0000565	1	AC=MS:1001251;NT=Trypsin	not available	NT=Stellar;AC=MS:1003409	NT=Carbamidomethyl;AC=UNIMOD:4;TA=C;MT=Fixed	NT=Higher-energy Collisional Dissociation;AC=MS:1000422	27 NCE	40 ppm	0.05 Da	MRTH
PRM_20251207_MarthaReselection_Plate_5_C1	C	1	MRTH	25	RC1	0.1	C:\Xcalibur\methods\method1	smb://storage3.ad.scilifelab.se/massstorage/edfors%20lab/01_hot/Martha/RAW	PRM_20251207_MarthaReselection_Plate_5_C1	Homo sapiens	blood plasma	Plate_5	MarthaReselection	not available	not available	M	not available	not available	not available	not available	3	Plate_5_C1	MRTH1-1279	not available	1	AC=EFO:0009656;NT=plasma	run 384	proteomic profiling by mass spectrometry	PRM_20251207_MarthaReselection_Plate_5_C1.raw	PRM_20251207_MarthaReselection_Plate_5_C1.raw	NT=Parallel Reaction Monitoring;AC=MS:1002956	AC=MS:1002038;NT=label free sample	1	NT=High-performance liquid chromatography;AC=PRIDE:0000565	1	AC=MS:1001251;NT=Trypsin	not available	NT=Stellar;AC=MS:1003409	NT=Carbamidomethyl;AC=UNIMOD:4;TA=C;MT=Fixed	NT=Higher-energy Collisional Dissociation;AC=MS:1000422	27 NCE	40 ppm	0.05 Da	MRTH
PRM_20251207_MarthaReselection_Plate_5_D1	D	1	MRTH	37	RD1	0.1	C:\Xcalibur\methods\method1	smb://storage3.ad.scilifelab.se/massstorage/edfors%20lab/01_hot/Martha/RAW	PRM_20251207_MarthaReselection_Plate_5_D1	Homo sapiens	blood plasma	Plate_5	MarthaReselection	not available	not available	M	not available	not available	not available	not available	4	Plate_5_D1	MRTH1-0917	not available	1	AC=EFO:0009656;NT=plasma	run 385	proteomic profiling by mass spectrometry	PRM_20251207_MarthaReselection_Plate_5_D1.raw	PRM_20251207_MarthaReselection_Plate_5_D1.raw	NT=Parallel Reaction Monitoring;AC=MS:1002956	AC=MS:1002038;NT=label free sample	1	NT=High-performance liquid chromatography;AC=PRIDE:0000565	1	AC=MS:1001251;NT=Trypsin	not available	NT=Stellar;AC=MS:1003409	NT=Carbamidomethyl;AC=UNIMOD:4;TA=C;MT=Fixed	NT=Higher-energy Collisional Dissociation;AC=MS:1000422	27 NCE	40 ppm	0.05 Da	MRTH
PRM_20251207_MarthaReselection_Plate_5_E1	E	1	MRTH	49	RE1	0.1	C:\Xcalibur\methods\method1	smb://storage3.ad.scilifelab.se/massstorage/edfors%20lab/01_hot/Martha/RAW	PRM_20251207_MarthaReselection_Plate_5_E1	Homo sapiens	blood plasma	Plate_5	MarthaReselection	not available	not available	M	not available	not available	not available	not available	5	Plate_5_E1	MRTH1-1166	not available	1	AC=EFO:0009656;NT=plasma	run 386	proteomic profiling by mass spectrometry	PRM_20251207_MarthaReselection_Plate_5_E1.raw	PRM_20251207_MarthaReselection_Plate_5_E1.raw	NT=Parallel Reaction Monitoring;AC=MS:1002956	AC=MS:1002038;NT=label free sample	1	NT=High-performance liquid chromatography;AC=PRIDE:0000565	1	AC=MS:1001251;NT=Trypsin	not available	NT=Stellar;AC=MS:1003409	NT=Carbamidomethyl;AC=UNIMOD:4;TA=C;MT=Fixed	NT=Higher-energy Collisional Dissociation;AC=MS:1000422	27 NCE	40 ppm	0.05 Da	MRTH
PRM_20251207_MarthaReselection_Plate_5_F1	F	1	MRTH	61	RF1	0.1	C:\Xcalibur\methods\method1	smb://storage3.ad.scilifelab.se/massstorage/edfors%20lab/01_hot/Martha/RAW	PRM_20251207_MarthaReselection_Plate_5_F1	Homo sapiens	blood plasma	Plate_5	MarthaReselection	not available	not available	F	not available	not available	not available	not available	6	Plate_5_F1	MRTH1-0537	not available	1	AC=EFO:0009656;NT=plasma	run 387	proteomic profiling by mass spectrometry	PRM_20251207_MarthaReselection_Plate_5_F1.raw	PRM_20251207_MarthaReselection_Plate_5_F1.raw	NT=Parallel Reaction Monitoring;AC=MS:1002956	AC=MS:1002038;NT=label free sample	1	NT=High-performance liquid chromatography;AC=PRIDE:0000565	1	AC=MS:1001251;NT=Trypsin	not available	NT=Stellar;AC=MS:1003409	NT=Carbamidomethyl;AC=UNIMOD:4;TA=C;MT=Fixed	NT=Higher-energy Collisional Dissociation;AC=MS:1000422	27 NCE	40 ppm	0.05 Da	MRTH
PRM_20251207_MarthaReselection_Plate_5_G1	G	1	MRTH	73	RG1	0.1	C:\Xcalibur\methods\method1	smb://storage3.ad.scilifelab.se/massstorage/edfors%20lab/01_hot/Martha/RAW	PRM_20251207_MarthaReselection_Plate_5_G1	Homo sapiens	blood plasma	Plate_5	MarthaReselection	not available	not available	M	not available	not available	not available	not available	7	Plate_5_G1	MRTH1-0765	not available	1	AC=EFO:0009656;NT=plasma	run 388	proteomic profiling by mass spectrometry	PRM_20251207_MarthaReselection_Plate_5_G1.raw	PRM_20251207_MarthaReselection_Plate_5_G1.raw	NT=Parallel Reaction Monitoring;AC=MS:1002956	AC=MS:1002038;NT=label free sample	1	NT=High-performance liquid chromatography;AC=PRIDE:0000565	1	AC=MS:1001251;NT=Trypsin	not available	NT=Stellar;AC=MS:1003409	NT=Carbamidomethyl;AC=UNIMOD:4;TA=C;MT=Fixed	NT=Higher-energy Collisional Dissociation;AC=MS:1000422	27 NCE	40 ppm	0.05 Da	MRTH
PRM_20251207_MarthaReselection_Plate_5_H1	H	1	MRTH	85	RH1	0.1	C:\Xcalibur\methods\method1	smb://storage3.ad.scilifelab.se/massstorage/edfors%20lab/01_hot/Martha/RAW	PRM_20251207_MarthaReselection_Plate_5_H1	Homo sapiens	blood plasma	Plate_5	MarthaReselection	not available	not available	F	not available	not available	not available	not available	8	Plate_5_H1	MRTH1-1353	not available	1	AC=EFO:0009656;NT=plasma	run 389	proteomic profiling by mass spectrometry	PRM_20251207_MarthaReselection_Plate_5_H1.raw	PRM_20251207_MarthaReselection_Plate_5_H1.raw	NT=Parallel Reaction Monitoring;AC=MS:1002956	AC=MS:1002038;NT=label free sample	1	NT=High-performance liquid chromatography;AC=PRIDE:0000565	1	AC=MS:1001251;NT=Trypsin	not available	NT=Stellar;AC=MS:1003409	NT=Carbamidomethyl;AC=UNIMOD:4;TA=C;MT=Fixed	NT=Higher-energy Collisional Dissociation;AC=MS:1000422	27 NCE	40 ppm	0.05 Da	MRTH
PRM_20251207_MarthaReselection_Plate_5_A2	A	2	MRTH	2	RA2	0.1	C:\Xcalibur\methods\method1	smb://storage3.ad.scilifelab.se/massstorage/edfors%20lab/01_hot/Martha/RAW	PRM_20251207_MarthaReselection_Plate_5_A2	Homo sapiens	blood plasma	Plate_5	MarthaReselection	not available	not available	F	not available	not available	not available	not available	9	Plate_5_A2	MRTH1-0085	not available	1	AC=EFO:0009656;NT=plasma	run 390	proteomic profiling by mass spectrometry	PRM_20251207_MarthaReselection_Plate_5_A2.raw	PRM_20251207_MarthaReselection_Plate_5_A2.raw	NT=Parallel Reaction Monitoring;AC=MS:1002956	AC=MS:1002038;NT=label free sample	1	NT=High-performance liquid chromatography;AC=PRIDE:0000565	1	AC=MS:1001251;NT=Trypsin	not available	NT=Stellar;AC=MS:1003409	NT=Carbamidomethyl;AC=UNIMOD:4;TA=C;MT=Fixed	NT=Higher-energy Collisional Dissociation;AC=MS:1000422	27 NCE	40 ppm	0.05 Da	MRTH
PRM_20251207_MarthaReselection_Plate_5_B2	B	2	MRTH	14	RB2	0.1	C:\Xcalibur\methods\method1	smb://storage3.ad.scilifelab.se/massstorage/edfors%20lab/01_hot/Martha/RAW	PRM_20251207_MarthaReselection_Plate_5_B2	Homo sapiens	blood plasma	Plate_5	MarthaReselection	not available	not available	F	not available	not available	not available	not available	10	Plate_5_B2	MRTH1-1334	not available	1	AC=EFO:0009656;NT=plasma	run 391	proteomic profiling by mass spectrometry	PRM_20251207_MarthaReselection_Plate_5_B2.raw	PRM_20251207_MarthaReselection_Plate_5_B2.raw	NT=Parallel Reaction Monitoring;AC=MS:1002956	AC=MS:1002038;NT=label free sample	1	NT=High-performance liquid chromatography;AC=PRIDE:0000565	1	AC=MS:1001251;NT=Trypsin	not available	NT=Stellar;AC=MS:1003409	NT=Carbamidomethyl;AC=UNIMOD:4;TA=C;MT=Fixed	NT=Higher-energy Collisional Dissociation;AC=MS:1000422	27 NCE	40 ppm	0.05 Da	MRTH
PRM_20251207_MarthaReselection_Plate_5_C2	C	2	MRTH	26	RC2	0.1	C:\Xcalibur\methods\method1	smb://storage3.ad.scilifelab.se/massstorage/edfors%20lab/01_hot/Martha/RAW	PRM_20251207_MarthaReselection_Plate_5_C2	Homo sapiens	blood plasma	Plate_5	MarthaReselection	not available	not available	M	not available	not available	not available	not available	11	Plate_5_C2	MRTH1-1231	not available	1	AC=EFO:0009656;NT=plasma	run 392	proteomic profiling by mass spectrometry	PRM_20251207_MarthaReselection_Plate_5_C2.raw	PRM_20251207_MarthaReselection_Plate_5_C2.raw	NT=Parallel Reaction Monitoring;AC=MS:1002956	AC=MS:1002038;NT=label free sample	1	NT=High-performance liquid chromatography;AC=PRIDE:0000565	1	AC=MS:1001251;NT=Trypsin	not available	NT=Stellar;AC=MS:1003409	NT=Carbamidomethyl;AC=UNIMOD:4;TA=C;MT=Fixed	NT=Higher-energy Collisional Dissociation;AC=MS:1000422	27 NCE	40 ppm	0.05 Da	MRTH
PRM_20251207_MarthaReselection_Plate_5_D2	D	2	MRTH	38	RD2	0.1	C:\Xcalibur\methods\method1	smb://storage3.ad.scilifelab.se/massstorage/edfors%20lab/01_hot/Martha/RAW	PRM_20251207_MarthaReselection_Plate_5_D2	Homo sapiens	blood plasma	Plate_5	MarthaReselection	not available	not available	F	not available	not available	not available	not available	12	Plate_5_D2	MRTH1-0792	not available	1	AC=EFO:0009656;NT=plasma	run 393	proteomic profiling by mass spectrometry	PRM_20251207_MarthaReselection_Plate_5_D2.raw	PRM_20251207_MarthaReselection_Plate_5_D2.raw	NT=Parallel Reaction Monitoring;AC=MS:1002956	AC=MS:1002038;NT=label free sample	1	NT=High-performance liquid chromatography;AC=PRIDE:0000565	1	AC=MS:1001251;NT=Trypsin	not available	NT=Stellar;AC=MS:1003409	NT=Carbamidomethyl;AC=UNIMOD:4;TA=C;MT=Fixed	NT=Higher-energy Collisional Dissociation;AC=MS:1000422	27 NCE	40 ppm	0.05 Da	MRTH
PRM_20251207_MarthaReselection_Plate_5_E2	E	2	MRTH	50	RE2	0.1	C:\Xcalibur\methods\method1	smb://storage3.ad.scilifelab.se/massstorage/edfors%20lab/01_hot/Martha/RAW	PRM_20251207_MarthaReselection_Plate_5_E2	Homo sapiens	blood plasma	Plate_5	MarthaReselection	not available	not available	F	not available	not available	not available	not available	13	Plate_5_E2	MRTH1-0098	not available	1	AC=EFO:0009656;NT=plasma	run 394	proteomic profiling by mass spectrometry	PRM_20251207_MarthaReselection_Plate_5_E2.raw	PRM_20251207_MarthaReselection_Plate_5_E2.raw	NT=Parallel Reaction Monitoring;AC=MS:1002956	AC=MS:1002038;NT=label free sample	1	NT=High-performance liquid chromatography;AC=PRIDE:0000565	1	AC=MS:1001251;NT=Trypsin	not available	NT=Stellar;AC=MS:1003409	NT=Carbamidomethyl;AC=UNIMOD:4;TA=C;MT=Fixed	NT=Higher-energy Collisional Dissociation;AC=MS:1000422	27 NCE	40 ppm	0.05 Da	MRTH
PRM_20251207_MarthaReselection_Plate_5_F2	F	2	Pool	62	RF2	0.1	C:\Xcalibur\methods\method1	smb://storage3.ad.scilifelab.se/massstorage/edfors%20lab/01_hot/Martha/RAW	PRM_20251207_MarthaReselection_Plate_5_F2	Homo sapiens	blood plasma	Plate_5	MarthaReselection	not available	not available	NA	not available	not available	not available	not available	14	Plate_5_F2	EMPTY-0001	not available	1	AC=EFO:0009656;NT=plasma	run 395	proteomic profiling by mass spectrometry	PRM_20251207_MarthaReselection_Plate_5_F2.raw	PRM_20251207_MarthaReselection_Plate_5_F2.raw	NT=Parallel Reaction Monitoring;AC=MS:1002956	AC=MS:1002038;NT=label free sample	1	NT=High-performance liquid chromatography;AC=PRIDE:0000565	1	AC=MS:1001251;NT=Trypsin	not available	NT=Stellar;AC=MS:1003409	NT=Carbamidomethyl;AC=UNIMOD:4;TA=C;MT=Fixed	NT=Higher-energy Collisional Dissociation;AC=MS:1000422	27 NCE	40 ppm	0.05 Da	Pool
PRM_20251207_MarthaReselection_Plate_5_G2	G	2	MRTH	74	RG2	0.1	C:\Xcalibur\methods\method1	smb://storage3.ad.scilifelab.se/massstorage/edfors%20lab/01_hot/Martha/RAW	PRM_20251207_MarthaReselection_Plate_5_G2	Homo sapiens	blood plasma	Plate_5	MarthaReselection	not available	not available	M	not available	not available	not available	not available	15	Plate_5_G2	MRTH1-0901	not available	1	AC=EFO:0009656;NT=plasma	run 396	proteomic profiling by mass spectrometry	PRM_20251207_MarthaReselection_Plate_5_G2.raw	PRM_20251207_MarthaReselection_Plate_5_G2.raw	NT=Parallel Reaction Monitoring;AC=MS:1002956	AC=MS:1002038;NT=label free sample	1	NT=High-performance liquid chromatography;AC=PRIDE:0000565	1	AC=MS:1001251;NT=Trypsin	not available	NT=Stellar;AC=MS:1003409	NT=Carbamidomethyl;AC=UNIMOD:4;TA=C;MT=Fixed	NT=Higher-energy Collisional Dissociation;AC=MS:1000422	27 NCE	40 ppm	0.05 Da	MRTH
PRM_20251207_MarthaReselection_Plate_5_H2	H	2	MRTH	86	RH2	0.1	C:\Xcalibur\methods\method1	smb://storage3.ad.scilifelab.se/massstorage/edfors%20lab/01_hot/Martha/RAW	PRM_20251207_MarthaReselection_Plate_5_H2	Homo sapiens	blood plasma	Plate_5	MarthaReselection	not available	not available	M	not available	not available	not available	not available	16	Plate_5_H2	MRTH1-0978	not available	1	AC=EFO:0009656;NT=plasma	run 397	proteomic profiling by mass spectrometry	PRM_20251207_MarthaReselection_Plate_5_H2.raw	PRM_20251207_MarthaReselection_Plate_5_H2.raw	NT=Parallel Reaction Monitoring;AC=MS:1002956	AC=MS:1002038;NT=label free sample	1	NT=High-performance liquid chromatography;AC=PRIDE:0000565	1	AC=MS:1001251;NT=Trypsin	not available	NT=Stellar;AC=MS:1003409	NT=Carbamidomethyl;AC=UNIMOD:4;TA=C;MT=Fixed	NT=Higher-energy Collisional Dissociation;AC=MS:1000422	27 NCE	40 ppm	0.05 Da	MRTH
PRM_20251207_MarthaReselection_Plate_5_A3	A	3	MRTH	3	RA3	0.1	C:\Xcalibur\methods\method1	smb://storage3.ad.scilifelab.se/massstorage/edfors%20lab/01_hot/Martha/RAW	PRM_20251207_MarthaReselection_Plate_5_A3	Homo sapiens	blood plasma	Plate_5	MarthaReselection	not available	not available	F	not available	not available	not available	not available	17	Plate_5_A3	MRTH1-0567	not available	1	AC=EFO:0009656;NT=plasma	run 398	proteomic profiling by mass spectrometry	PRM_20251207_MarthaReselection_Plate_5_A3.raw	PRM_20251207_MarthaReselection_Plate_5_A3.raw	NT=Parallel Reaction Monitoring;AC=MS:1002956	AC=MS:1002038;NT=label free sample	1	NT=High-performance liquid chromatography;AC=PRIDE:0000565	1	AC=MS:1001251;NT=Trypsin	not available	NT=Stellar;AC=MS:1003409	NT=Carbamidomethyl;AC=UNIMOD:4;TA=C;MT=Fixed	NT=Higher-energy Collisional Dissociation;AC=MS:1000422	27 NCE	40 ppm	0.05 Da	MRTH
PRM_20251207_MarthaReselection_Plate_5_B3	B	3	MRTH	15	RB3	0.1	C:\Xcalibur\methods\method1	smb://storage3.ad.scilifelab.se/massstorage/edfors%20lab/01_hot/Martha/RAW	PRM_20251207_MarthaReselection_Plate_5_B3	Homo sapiens	blood plasma	Plate_5	MarthaReselection	not available	not available	F	not available	not available	not available	not available	18	Plate_5_B3	MRTH1-0105	not available	1	AC=EFO:0009656;NT=plasma	run 399	proteomic profiling by mass spectrometry	PRM_20251207_MarthaReselection_Plate_5_B3.raw	PRM_20251207_MarthaReselection_Plate_5_B3.raw	NT=Parallel Reaction Monitoring;AC=MS:1002956	AC=MS:1002038;NT=label free sample	1	NT=High-performance liquid chromatography;AC=PRIDE:0000565	1	AC=MS:1001251;NT=Trypsin	not available	NT=Stellar;AC=MS:1003409	NT=Carbamidomethyl;AC=UNIMOD:4;TA=C;MT=Fixed	NT=Higher-energy Collisional Dissociation;AC=MS:1000422	27 NCE	40 ppm	0.05 Da	MRTH
PRM_20251207_MarthaReselection_Plate_5_C3	C	3	MRTH	27	RC3	0.1	C:\Xcalibur\methods\method1	smb://storage3.ad.scilifelab.se/massstorage/edfors%20lab/01_hot/Martha/RAW	PRM_20251207_MarthaReselection_Plate_5_C3	Homo sapiens	blood plasma	Plate_5	MarthaReselection	not available	not available	M	not available	not available	not available	not available	19	Plate_5_C3	MRTH1-0952	not available	1	AC=EFO:0009656;NT=plasma	run 400	proteomic profiling by mass spectrometry	PRM_20251207_MarthaReselection_Plate_5_C3.raw	PRM_20251207_MarthaReselection_Plate_5_C3.raw	NT=Parallel Reaction Monitoring;AC=MS:1002956	AC=MS:1002038;NT=label free sample	1	NT=High-performance liquid chromatography;AC=PRIDE:0000565	1	AC=MS:1001251;NT=Trypsin	not available	NT=Stellar;AC=MS:1003409	NT=Carbamidomethyl;AC=UNIMOD:4;TA=C;MT=Fixed	NT=Higher-energy Collisional Dissociation;AC=MS:1000422	27 NCE	40 ppm	0.05 Da	MRTH
PRM_20251207_MarthaReselection_Plate_5_D3	D	3	MRTH	39	RD3	0.1	C:\Xcalibur\methods\method1	smb://storage3.ad.scilifelab.se/massstorage/edfors%20lab/01_hot/Martha/RAW	PRM_20251207_MarthaReselection_Plate_5_D3	Homo sapiens	blood plasma	Plate_5	MarthaReselection	not available	not available	F	not available	not available	not available	not available	20	Plate_5_D3	MRTH1-1309	not available	1	AC=EFO:0009656;NT=plasma	run 401	proteomic profiling by mass spectrometry	PRM_20251207_MarthaReselection_Plate_5_D3.raw	PRM_20251207_MarthaReselection_Plate_5_D3.raw	NT=Parallel Reaction Monitoring;AC=MS:1002956	AC=MS:1002038;NT=label free sample	1	NT=High-performance liquid chromatography;AC=PRIDE:0000565	1	AC=MS:1001251;NT=Trypsin	not available	NT=Stellar;AC=MS:1003409	NT=Carbamidomethyl;AC=UNIMOD:4;TA=C;MT=Fixed	NT=Higher-energy Collisional Dissociation;AC=MS:1000422	27 NCE	40 ppm	0.05 Da	MRTH
PRM_20251207_MarthaReselection_Plate_5_E3	E	3	MRTH	51	RE3	0.1	C:\Xcalibur\methods\method1	smb://storage3.ad.scilifelab.se/massstorage/edfors%20lab/01_hot/Martha/RAW	PRM_20251207_MarthaReselection_Plate_5_E3	Homo sapiens	blood plasma	Plate_5	MarthaReselection	not available	not available	F	not available	not available	not available	not available	21	Plate_5_E3	MRTH1-0113	not available	1	AC=EFO:0009656;NT=plasma	run 402	proteomic profiling by mass spectrometry	PRM_20251207_MarthaReselection_Plate_5_E3.raw	PRM_20251207_MarthaReselection_Plate_5_E3.raw	NT=Parallel Reaction Monitoring;AC=MS:1002956	AC=MS:1002038;NT=label free sample	1	NT=High-performance liquid chromatography;AC=PRIDE:0000565	1	AC=MS:1001251;NT=Trypsin	not available	NT=Stellar;AC=MS:1003409	NT=Carbamidomethyl;AC=UNIMOD:4;TA=C;MT=Fixed	NT=Higher-energy Collisional Dissociation;AC=MS:1000422	27 NCE	40 ppm	0.05 Da	MRTH
PRM_20251207_MarthaReselection_Plate_5_F3	F	3	MRTH	63	RF3	0.1	C:\Xcalibur\methods\method1	smb://storage3.ad.scilifelab.se/massstorage/edfors%20lab/01_hot/Martha/RAW	PRM_20251207_MarthaReselection_Plate_5_F3	Homo sapiens	blood plasma	Plate_5	MarthaReselection	not available	not available	F	not available	not available	not available	not available	22	Plate_5_F3	MRTH1-1101	not available	1	AC=EFO:0009656;NT=plasma	run 403	proteomic profiling by mass spectrometry	PRM_20251207_MarthaReselection_Plate_5_F3.raw	PRM_20251207_MarthaReselection_Plate_5_F3.raw	NT=Parallel Reaction Monitoring;AC=MS:1002956	AC=MS:1002038;NT=label free sample	1	NT=High-performance liquid chromatography;AC=PRIDE:0000565	1	AC=MS:1001251;NT=Trypsin	not available	NT=Stellar;AC=MS:1003409	NT=Carbamidomethyl;AC=UNIMOD:4;TA=C;MT=Fixed	NT=Higher-energy Collisional Dissociation;AC=MS:1000422	27 NCE	40 ppm	0.05 Da	MRTH
PRM_20251207_MarthaReselection_Plate_5_G3	G	3	MRTH	75	RG3	0.1	C:\Xcalibur\methods\method1	smb://storage3.ad.scilifelab.se/massstorage/edfors%20lab/01_hot/Martha/RAW	PRM_20251207_MarthaReselection_Plate_5_G3	Homo sapiens	blood plasma	Plate_5	MarthaReselection	not available	not available	M	not available	not available	not available	not available	23	Plate_5_G3	MRTH1-0916	not available	1	AC=EFO:0009656;NT=plasma	run 404	proteomic profiling by mass spectrometry	PRM_20251207_MarthaReselection_Plate_5_G3.raw	PRM_20251207_MarthaReselection_Plate_5_G3.raw	NT=Parallel Reaction Monitoring;AC=MS:1002956	AC=MS:1002038;NT=label free sample	1	NT=High-performance liquid chromatography;AC=PRIDE:0000565	1	AC=MS:1001251;NT=Trypsin	not available	NT=Stellar;AC=MS:1003409	NT=Carbamidomethyl;AC=UNIMOD:4;TA=C;MT=Fixed	NT=Higher-energy Collisional Dissociation;AC=MS:1000422	27 NCE	40 ppm	0.05 Da	MRTH
PRM_20251207_MarthaReselection_Plate_5_H3	H	3	MRTH	87	RH3	0.1	C:\Xcalibur\methods\method1	smb://storage3.ad.scilifelab.se/massstorage/edfors%20lab/01_hot/Martha/RAW	PRM_20251207_MarthaReselection_Plate_5_H3	Homo sapiens	blood plasma	Plate_5	MarthaReselection	not available	not available	F	not available	not available	not available	not available	24	Plate_5_H3	MRTH1-0114	not available	1	AC=EFO:0009656;NT=plasma	run 405	proteomic profiling by mass spectrometry	PRM_20251207_MarthaReselection_Plate_5_H3.raw	PRM_20251207_MarthaReselection_Plate_5_H3.raw	NT=Parallel Reaction Monitoring;AC=MS:1002956	AC=MS:1002038;NT=label free sample	1	NT=High-performance liquid chromatography;AC=PRIDE:0000565	1	AC=MS:1001251;NT=Trypsin	not available	NT=Stellar;AC=MS:1003409	NT=Carbamidomethyl;AC=UNIMOD:4;TA=C;MT=Fixed	NT=Higher-energy Collisional Dissociation;AC=MS:1000422	27 NCE	40 ppm	0.05 Da	MRTH
PRM_20251207_MarthaReselection_Plate_5_A4	A	4	MRTH	4	RA4	0.1	C:\Xcalibur\methods\method1	smb://storage3.ad.scilifelab.se/massstorage/edfors%20lab/01_hot/Martha/RAW	PRM_20251207_MarthaReselection_Plate_5_A4	Homo sapiens	blood plasma	Plate_5	MarthaReselection	not available	not available	F	not available	not available	not available	not available	25	Plate_5_A4	MRTH1-0050	not available	1	AC=EFO:0009656;NT=plasma	run 406	proteomic profiling by mass spectrometry	PRM_20251207_MarthaReselection_Plate_5_A4.raw	PRM_20251207_MarthaReselection_Plate_5_A4.raw	NT=Parallel Reaction Monitoring;AC=MS:1002956	AC=MS:1002038;NT=label free sample	1	NT=High-performance liquid chromatography;AC=PRIDE:0000565	1	AC=MS:1001251;NT=Trypsin	not available	NT=Stellar;AC=MS:1003409	NT=Carbamidomethyl;AC=UNIMOD:4;TA=C;MT=Fixed	NT=Higher-energy Collisional Dissociation;AC=MS:1000422	27 NCE	40 ppm	0.05 Da	MRTH
PRM_20251207_MarthaReselection_Plate_5_B4	B	4	MRTH	16	RB4	0.1	C:\Xcalibur\methods\method1	smb://storage3.ad.scilifelab.se/massstorage/edfors%20lab/01_hot/Martha/RAW	PRM_20251207_MarthaReselection_Plate_5_B4	Homo sapiens	blood plasma	Plate_5	MarthaReselection	not available	not available	F	not available	not available	not available	not available	26	Plate_5_B4	MRTH1-0342	not available	1	AC=EFO:0009656;NT=plasma	run 407	proteomic profiling by mass spectrometry	PRM_20251207_MarthaReselection_Plate_5_B4.raw	PRM_20251207_MarthaReselection_Plate_5_B4.raw	NT=Parallel Reaction Monitoring;AC=MS:1002956	AC=MS:1002038;NT=label free sample	1	NT=High-performance liquid chromatography;AC=PRIDE:0000565	1	AC=MS:1001251;NT=Trypsin	not available	NT=Stellar;AC=MS:1003409	NT=Carbamidomethyl;AC=UNIMOD:4;TA=C;MT=Fixed	NT=Higher-energy Collisional Dissociation;AC=MS:1000422	27 NCE	40 ppm	0.05 Da	MRTH
PRM_20251207_MarthaReselection_Plate_5_C4	C	4	MRTH	28	RC4	0.1	C:\Xcalibur\methods\method1	smb://storage3.ad.scilifelab.se/massstorage/edfors%20lab/01_hot/Martha/RAW	PRM_20251207_MarthaReselection_Plate_5_C4	Homo sapiens	blood plasma	Plate_5	MarthaReselection	not available	not available	F	not available	not available	not available	not available	27	Plate_5_C4	MRTH1-1268	not available	1	AC=EFO:0009656;NT=plasma	run 408	proteomic profiling by mass spectrometry	PRM_20251207_MarthaReselection_Plate_5_C4.raw	PRM_20251207_MarthaReselection_Plate_5_C4.raw	NT=Parallel Reaction Monitoring;AC=MS:1002956	AC=MS:1002038;NT=label free sample	1	NT=High-performance liquid chromatography;AC=PRIDE:0000565	1	AC=MS:1001251;NT=Trypsin	not available	NT=Stellar;AC=MS:1003409	NT=Carbamidomethyl;AC=UNIMOD:4;TA=C;MT=Fixed	NT=Higher-energy Collisional Dissociation;AC=MS:1000422	27 NCE	40 ppm	0.05 Da	MRTH
PRM_20251207_MarthaReselection_Plate_5_D4	D	4	MRTH	40	RD4	0.1	C:\Xcalibur\methods\method1	smb://storage3.ad.scilifelab.se/massstorage/edfors%20lab/01_hot/Martha/RAW	PRM_20251207_MarthaReselection_Plate_5_D4	Homo sapiens	blood plasma	Plate_5	MarthaReselection	not available	not available	F	not available	not available	not available	not available	28	Plate_5_D4	MRTH1-1150	not available	1	AC=EFO:0009656;NT=plasma	run 409	proteomic profiling by mass spectrometry	PRM_20251207_MarthaReselection_Plate_5_D4.raw	PRM_20251207_MarthaReselection_Plate_5_D4.raw	NT=Parallel Reaction Monitoring;AC=MS:1002956	AC=MS:1002038;NT=label free sample	1	NT=High-performance liquid chromatography;AC=PRIDE:0000565	1	AC=MS:1001251;NT=Trypsin	not available	NT=Stellar;AC=MS:1003409	NT=Carbamidomethyl;AC=UNIMOD:4;TA=C;MT=Fixed	NT=Higher-energy Collisional Dissociation;AC=MS:1000422	27 NCE	40 ppm	0.05 Da	MRTH
PRM_20251207_MarthaReselection_Plate_5_E4	E	4	MRTH	52	RE4	0.1	C:\Xcalibur\methods\method1	smb://storage3.ad.scilifelab.se/massstorage/edfors%20lab/01_hot/Martha/RAW	PRM_20251207_MarthaReselection_Plate_5_E4	Homo sapiens	blood plasma	Plate_5	MarthaReselection	not available	not available	F	not available	not available	not available	not available	29	Plate_5_E4	MRTH1-1403	not available	1	AC=EFO:0009656;NT=plasma	run 410	proteomic profiling by mass spectrometry	PRM_20251207_MarthaReselection_Plate_5_E4.raw	PRM_20251207_MarthaReselection_Plate_5_E4.raw	NT=Parallel Reaction Monitoring;AC=MS:1002956	AC=MS:1002038;NT=label free sample	1	NT=High-performance liquid chromatography;AC=PRIDE:0000565	1	AC=MS:1001251;NT=Trypsin	not available	NT=Stellar;AC=MS:1003409	NT=Carbamidomethyl;AC=UNIMOD:4;TA=C;MT=Fixed	NT=Higher-energy Collisional Dissociation;AC=MS:1000422	27 NCE	40 ppm	0.05 Da	MRTH
PRM_20251207_MarthaReselection_Plate_5_F4	F	4	MRTH	64	RF4	0.1	C:\Xcalibur\methods\method1	smb://storage3.ad.scilifelab.se/massstorage/edfors%20lab/01_hot/Martha/RAW	PRM_20251207_MarthaReselection_Plate_5_F4	Homo sapiens	blood plasma	Plate_5	MarthaReselection	not available	not available	F	not available	not available	not available	not available	30	Plate_5_F4	MRTH1-0960	not available	1	AC=EFO:0009656;NT=plasma	run 411	proteomic profiling by mass spectrometry	PRM_20251207_MarthaReselection_Plate_5_F4.raw	PRM_20251207_MarthaReselection_Plate_5_F4.raw	NT=Parallel Reaction Monitoring;AC=MS:1002956	AC=MS:1002038;NT=label free sample	1	NT=High-performance liquid chromatography;AC=PRIDE:0000565	1	AC=MS:1001251;NT=Trypsin	not available	NT=Stellar;AC=MS:1003409	NT=Carbamidomethyl;AC=UNIMOD:4;TA=C;MT=Fixed	NT=Higher-energy Collisional Dissociation;AC=MS:1000422	27 NCE	40 ppm	0.05 Da	MRTH
PRM_20251207_MarthaReselection_Plate_5_G4	G	4	MRTH	76	RG4	0.1	C:\Xcalibur\methods\method1	smb://storage3.ad.scilifelab.se/massstorage/edfors%20lab/01_hot/Martha/RAW	PRM_20251207_MarthaReselection_Plate_5_G4	Homo sapiens	blood plasma	Plate_5	MarthaReselection	not available	not available	F	not available	not available	not available	not available	31	Plate_5_G4	MRTH1-0383	not available	1	AC=EFO:0009656;NT=plasma	run 412	proteomic profiling by mass spectrometry	PRM_20251207_MarthaReselection_Plate_5_G4.raw	PRM_20251207_MarthaReselection_Plate_5_G4.raw	NT=Parallel Reaction Monitoring;AC=MS:1002956	AC=MS:1002038;NT=label free sample	1	NT=High-performance liquid chromatography;AC=PRIDE:0000565	1	AC=MS:1001251;NT=Trypsin	not available	NT=Stellar;AC=MS:1003409	NT=Carbamidomethyl;AC=UNIMOD:4;TA=C;MT=Fixed	NT=Higher-energy Collisional Dissociation;AC=MS:1000422	27 NCE	40 ppm	0.05 Da	MRTH
PRM_20251207_MarthaReselection_Plate_5_H4	H	4	MRTH	88	RH4	0.1	C:\Xcalibur\methods\method1	smb://storage3.ad.scilifelab.se/massstorage/edfors%20lab/01_hot/Martha/RAW	PRM_20251207_MarthaReselection_Plate_5_H4	Homo sapiens	blood plasma	Plate_5	MarthaReselection	not available	not available	M	not available	not available	not available	not available	32	Plate_5_H4	MRTH1-0888	not available	1	AC=EFO:0009656;NT=plasma	run 413	proteomic profiling by mass spectrometry	PRM_20251207_MarthaReselection_Plate_5_H4.raw	PRM_20251207_MarthaReselection_Plate_5_H4.raw	NT=Parallel Reaction Monitoring;AC=MS:1002956	AC=MS:1002038;NT=label free sample	1	NT=High-performance liquid chromatography;AC=PRIDE:0000565	1	AC=MS:1001251;NT=Trypsin	not available	NT=Stellar;AC=MS:1003409	NT=Carbamidomethyl;AC=UNIMOD:4;TA=C;MT=Fixed	NT=Higher-energy Collisional Dissociation;AC=MS:1000422	27 NCE	40 ppm	0.05 Da	MRTH
PRM_20251207_MarthaReselection_Plate_5_A5	A	5	MRTH	5	RA5	0.1	C:\Xcalibur\methods\method1	smb://storage3.ad.scilifelab.se/massstorage/edfors%20lab/01_hot/Martha/RAW	PRM_20251207_MarthaReselection_Plate_5_A5	Homo sapiens	blood plasma	Plate_5	MarthaReselection	not available	not available	F	not available	not available	not available	not available	33	Plate_5_A5	MRTH1-1240	not available	1	AC=EFO:0009656;NT=plasma	run 414	proteomic profiling by mass spectrometry	PRM_20251207_MarthaReselection_Plate_5_A5.raw	PRM_20251207_MarthaReselection_Plate_5_A5.raw	NT=Parallel Reaction Monitoring;AC=MS:1002956	AC=MS:1002038;NT=label free sample	1	NT=High-performance liquid chromatography;AC=PRIDE:0000565	1	AC=MS:1001251;NT=Trypsin	not available	NT=Stellar;AC=MS:1003409	NT=Carbamidomethyl;AC=UNIMOD:4;TA=C;MT=Fixed	NT=Higher-energy Collisional Dissociation;AC=MS:1000422	27 NCE	40 ppm	0.05 Da	MRTH
PRM_20251207_MarthaReselection_Plate_5_B5	B	5	MRTH	17	RB5	0.1	C:\Xcalibur\methods\method1	smb://storage3.ad.scilifelab.se/massstorage/edfors%20lab/01_hot/Martha/RAW	PRM_20251207_MarthaReselection_Plate_5_B5	Homo sapiens	blood plasma	Plate_5	MarthaReselection	not available	not available	F	not available	not available	not available	not available	34	Plate_5_B5	MRTH1-1061	not available	1	AC=EFO:0009656;NT=plasma	run 415	proteomic profiling by mass spectrometry	PRM_20251207_MarthaReselection_Plate_5_B5.raw	PRM_20251207_MarthaReselection_Plate_5_B5.raw	NT=Parallel Reaction Monitoring;AC=MS:1002956	AC=MS:1002038;NT=label free sample	1	NT=High-performance liquid chromatography;AC=PRIDE:0000565	1	AC=MS:1001251;NT=Trypsin	not available	NT=Stellar;AC=MS:1003409	NT=Carbamidomethyl;AC=UNIMOD:4;TA=C;MT=Fixed	NT=Higher-energy Collisional Dissociation;AC=MS:1000422	27 NCE	40 ppm	0.05 Da	MRTH
PRM_20251207_MarthaReselection_Plate_5_C5	C	5	MRTH	29	RC5	0.1	C:\Xcalibur\methods\method1	smb://storage3.ad.scilifelab.se/massstorage/edfors%20lab/01_hot/Martha/RAW	PRM_20251207_MarthaReselection_Plate_5_C5	Homo sapiens	blood plasma	Plate_5	MarthaReselection	not available	not available	F	not available	not available	not available	not available	35	Plate_5_C5	MRTH1-0999	not available	1	AC=EFO:0009656;NT=plasma	run 416	proteomic profiling by mass spectrometry	PRM_20251207_MarthaReselection_Plate_5_C5.raw	PRM_20251207_MarthaReselection_Plate_5_C5.raw	NT=Parallel Reaction Monitoring;AC=MS:1002956	AC=MS:1002038;NT=label free sample	1	NT=High-performance liquid chromatography;AC=PRIDE:0000565	1	AC=MS:1001251;NT=Trypsin	not available	NT=Stellar;AC=MS:1003409	NT=Carbamidomethyl;AC=UNIMOD:4;TA=C;MT=Fixed	NT=Higher-energy Collisional Dissociation;AC=MS:1000422	27 NCE	40 ppm	0.05 Da	MRTH
PRM_20251207_MarthaReselection_Plate_5_D5	D	5	MRTH	41	RD5	0.1	C:\Xcalibur\methods\method1	smb://storage3.ad.scilifelab.se/massstorage/edfors%20lab/01_hot/Martha/RAW	PRM_20251207_MarthaReselection_Plate_5_D5	Homo sapiens	blood plasma	Plate_5	MarthaReselection	not available	not available	M	not available	not available	not available	not available	36	Plate_5_D5	MRTH1-0923	not available	1	AC=EFO:0009656;NT=plasma	run 417	proteomic profiling by mass spectrometry	PRM_20251207_MarthaReselection_Plate_5_D5.raw	PRM_20251207_MarthaReselection_Plate_5_D5.raw	NT=Parallel Reaction Monitoring;AC=MS:1002956	AC=MS:1002038;NT=label free sample	1	NT=High-performance liquid chromatography;AC=PRIDE:0000565	1	AC=MS:1001251;NT=Trypsin	not available	NT=Stellar;AC=MS:1003409	NT=Carbamidomethyl;AC=UNIMOD:4;TA=C;MT=Fixed	NT=Higher-energy Collisional Dissociation;AC=MS:1000422	27 NCE	40 ppm	0.05 Da	MRTH
PRM_20251207_MarthaReselection_Plate_5_E5	E	5	MRTH	53	RE5	0.1	C:\Xcalibur\methods\method1	smb://storage3.ad.scilifelab.se/massstorage/edfors%20lab/01_hot/Martha/RAW	PRM_20251207_MarthaReselection_Plate_5_E5	Homo sapiens	blood plasma	Plate_5	MarthaReselection	not available	not available	F	not available	not available	not available	not available	37	Plate_5_E5	MRTH1-0943	not available	1	AC=EFO:0009656;NT=plasma	run 418	proteomic profiling by mass spectrometry	PRM_20251207_MarthaReselection_Plate_5_E5.raw	PRM_20251207_MarthaReselection_Plate_5_E5.raw	NT=Parallel Reaction Monitoring;AC=MS:1002956	AC=MS:1002038;NT=label free sample	1	NT=High-performance liquid chromatography;AC=PRIDE:0000565	1	AC=MS:1001251;NT=Trypsin	not available	NT=Stellar;AC=MS:1003409	NT=Carbamidomethyl;AC=UNIMOD:4;TA=C;MT=Fixed	NT=Higher-energy Collisional Dissociation;AC=MS:1000422	27 NCE	40 ppm	0.05 Da	MRTH
PRM_20251207_MarthaReselection_Plate_5_F5	F	5	MRTH	65	RF5	0.1	C:\Xcalibur\methods\method1	smb://storage3.ad.scilifelab.se/massstorage/edfors%20lab/01_hot/Martha/RAW	PRM_20251207_MarthaReselection_Plate_5_F5	Homo sapiens	blood plasma	Plate_5	MarthaReselection	not available	not available	F	not available	not available	not available	not available	38	Plate_5_F5	MRTH1-0595	not available	1	AC=EFO:0009656;NT=plasma	run 419	proteomic profiling by mass spectrometry	PRM_20251207_MarthaReselection_Plate_5_F5.raw	PRM_20251207_MarthaReselection_Plate_5_F5.raw	NT=Parallel Reaction Monitoring;AC=MS:1002956	AC=MS:1002038;NT=label free sample	1	NT=High-performance liquid chromatography;AC=PRIDE:0000565	1	AC=MS:1001251;NT=Trypsin	not available	NT=Stellar;AC=MS:1003409	NT=Carbamidomethyl;AC=UNIMOD:4;TA=C;MT=Fixed	NT=Higher-energy Collisional Dissociation;AC=MS:1000422	27 NCE	40 ppm	0.05 Da	MRTH
PRM_20251207_MarthaReselection_Plate_5_G5	G	5	MRTH	77	RG5	0.1	C:\Xcalibur\methods\method1	smb://storage3.ad.scilifelab.se/massstorage/edfors%20lab/01_hot/Martha/RAW	PRM_20251207_MarthaReselection_Plate_5_G5	Homo sapiens	blood plasma	Plate_5	MarthaReselection	not available	not available	M	not available	not available	not available	not available	39	Plate_5_G5	MRTH1-0653	not available	1	AC=EFO:0009656;NT=plasma	run 420	proteomic profiling by mass spectrometry	PRM_20251207_MarthaReselection_Plate_5_G5.raw	PRM_20251207_MarthaReselection_Plate_5_G5.raw	NT=Parallel Reaction Monitoring;AC=MS:1002956	AC=MS:1002038;NT=label free sample	1	NT=High-performance liquid chromatography;AC=PRIDE:0000565	1	AC=MS:1001251;NT=Trypsin	not available	NT=Stellar;AC=MS:1003409	NT=Carbamidomethyl;AC=UNIMOD:4;TA=C;MT=Fixed	NT=Higher-energy Collisional Dissociation;AC=MS:1000422	27 NCE	40 ppm	0.05 Da	MRTH
PRM_20251207_MarthaReselection_Plate_5_H5	H	5	MRTH	89	RH5	0.1	C:\Xcalibur\methods\method1	smb://storage3.ad.scilifelab.se/massstorage/edfors%20lab/01_hot/Martha/RAW	PRM_20251207_MarthaReselection_Plate_5_H5	Homo sapiens	blood plasma	Plate_5	MarthaReselection	not available	not available	M	not available	not available	not available	not available	40	Plate_5_H5	MRTH1-0578	not available	1	AC=EFO:0009656;NT=plasma	run 421	proteomic profiling by mass spectrometry	PRM_20251207_MarthaReselection_Plate_5_H5.raw	PRM_20251207_MarthaReselection_Plate_5_H5.raw	NT=Parallel Reaction Monitoring;AC=MS:1002956	AC=MS:1002038;NT=label free sample	1	NT=High-performance liquid chromatography;AC=PRIDE:0000565	1	AC=MS:1001251;NT=Trypsin	not available	NT=Stellar;AC=MS:1003409	NT=Carbamidomethyl;AC=UNIMOD:4;TA=C;MT=Fixed	NT=Higher-energy Collisional Dissociation;AC=MS:1000422	27 NCE	40 ppm	0.05 Da	MRTH
PRM_20251207_MarthaReselection_Plate_5_A6	A	6	MRTH	6	RA6	0.1	C:\Xcalibur\methods\method1	smb://storage3.ad.scilifelab.se/massstorage/edfors%20lab/01_hot/Martha/RAW	PRM_20251207_MarthaReselection_Plate_5_A6	Homo sapiens	blood plasma	Plate_5	MarthaReselection	not available	not available	F	not available	not available	not available	not available	41	Plate_5_A6	MRTH1-0706	not available	1	AC=EFO:0009656;NT=plasma	run 422	proteomic profiling by mass spectrometry	PRM_20251207_MarthaReselection_Plate_5_A6.raw	PRM_20251207_MarthaReselection_Plate_5_A6.raw	NT=Parallel Reaction Monitoring;AC=MS:1002956	AC=MS:1002038;NT=label free sample	1	NT=High-performance liquid chromatography;AC=PRIDE:0000565	1	AC=MS:1001251;NT=Trypsin	not available	NT=Stellar;AC=MS:1003409	NT=Carbamidomethyl;AC=UNIMOD:4;TA=C;MT=Fixed	NT=Higher-energy Collisional Dissociation;AC=MS:1000422	27 NCE	40 ppm	0.05 Da	MRTH
PRM_20251207_MarthaReselection_Plate_5_B6	B	6	MRTH	18	RB6	0.1	C:\Xcalibur\methods\method1	smb://storage3.ad.scilifelab.se/massstorage/edfors%20lab/01_hot/Martha/RAW	PRM_20251207_MarthaReselection_Plate_5_B6	Homo sapiens	blood plasma	Plate_5	MarthaReselection	not available	not available	M	not available	not available	not available	not available	42	Plate_5_B6	MRTH1-0494	not available	1	AC=EFO:0009656;NT=plasma	run 423	proteomic profiling by mass spectrometry	PRM_20251207_MarthaReselection_Plate_5_B6.raw	PRM_20251207_MarthaReselection_Plate_5_B6.raw	NT=Parallel Reaction Monitoring;AC=MS:1002956	AC=MS:1002038;NT=label free sample	1	NT=High-performance liquid chromatography;AC=PRIDE:0000565	1	AC=MS:1001251;NT=Trypsin	not available	NT=Stellar;AC=MS:1003409	NT=Carbamidomethyl;AC=UNIMOD:4;TA=C;MT=Fixed	NT=Higher-energy Collisional Dissociation;AC=MS:1000422	27 NCE	40 ppm	0.05 Da	MRTH
PRM_20251207_MarthaReselection_Plate_5_C6	C	6	MRTH	30	RC6	0.1	C:\Xcalibur\methods\method1	smb://storage3.ad.scilifelab.se/massstorage/edfors%20lab/01_hot/Martha/RAW	PRM_20251207_MarthaReselection_Plate_5_C6	Homo sapiens	blood plasma	Plate_5	MarthaReselection	not available	not available	M	not available	not available	not available	not available	43	Plate_5_C6	MRTH1-1006	not available	1	AC=EFO:0009656;NT=plasma	run 424	proteomic profiling by mass spectrometry	PRM_20251207_MarthaReselection_Plate_5_C6.raw	PRM_20251207_MarthaReselection_Plate_5_C6.raw	NT=Parallel Reaction Monitoring;AC=MS:1002956	AC=MS:1002038;NT=label free sample	1	NT=High-performance liquid chromatography;AC=PRIDE:0000565	1	AC=MS:1001251;NT=Trypsin	not available	NT=Stellar;AC=MS:1003409	NT=Carbamidomethyl;AC=UNIMOD:4;TA=C;MT=Fixed	NT=Higher-energy Collisional Dissociation;AC=MS:1000422	27 NCE	40 ppm	0.05 Da	MRTH
PRM_20251207_MarthaReselection_Plate_5_D6	D	6	MRTH	42	RD6	0.1	C:\Xcalibur\methods\method1	smb://storage3.ad.scilifelab.se/massstorage/edfors%20lab/01_hot/Martha/RAW	PRM_20251207_MarthaReselection_Plate_5_D6	Homo sapiens	blood plasma	Plate_5	MarthaReselection	not available	not available	F	not available	not available	not available	not available	44	Plate_5_D6	MRTH1-1291	not available	1	AC=EFO:0009656;NT=plasma	run 425	proteomic profiling by mass spectrometry	PRM_20251207_MarthaReselection_Plate_5_D6.raw	PRM_20251207_MarthaReselection_Plate_5_D6.raw	NT=Parallel Reaction Monitoring;AC=MS:1002956	AC=MS:1002038;NT=label free sample	1	NT=High-performance liquid chromatography;AC=PRIDE:0000565	1	AC=MS:1001251;NT=Trypsin	not available	NT=Stellar;AC=MS:1003409	NT=Carbamidomethyl;AC=UNIMOD:4;TA=C;MT=Fixed	NT=Higher-energy Collisional Dissociation;AC=MS:1000422	27 NCE	40 ppm	0.05 Da	MRTH
PRM_20251207_MarthaReselection_Plate_5_E6	E	6	MRTH	54	RE6	0.1	C:\Xcalibur\methods\method1	smb://storage3.ad.scilifelab.se/massstorage/edfors%20lab/01_hot/Martha/RAW	PRM_20251207_MarthaReselection_Plate_5_E6	Homo sapiens	blood plasma	Plate_5	MarthaReselection	not available	not available	F	not available	not available	not available	not available	45	Plate_5_E6	MRTH1-1224	not available	1	AC=EFO:0009656;NT=plasma	run 426	proteomic profiling by mass spectrometry	PRM_20251207_MarthaReselection_Plate_5_E6.raw	PRM_20251207_MarthaReselection_Plate_5_E6.raw	NT=Parallel Reaction Monitoring;AC=MS:1002956	AC=MS:1002038;NT=label free sample	1	NT=High-performance liquid chromatography;AC=PRIDE:0000565	1	AC=MS:1001251;NT=Trypsin	not available	NT=Stellar;AC=MS:1003409	NT=Carbamidomethyl;AC=UNIMOD:4;TA=C;MT=Fixed	NT=Higher-energy Collisional Dissociation;AC=MS:1000422	27 NCE	40 ppm	0.05 Da	MRTH
PRM_20251207_MarthaReselection_Plate_5_F6	F	6	MRTH	66	RF6	0.1	C:\Xcalibur\methods\method1	smb://storage3.ad.scilifelab.se/massstorage/edfors%20lab/01_hot/Martha/RAW	PRM_20251207_MarthaReselection_Plate_5_F6	Homo sapiens	blood plasma	Plate_5	MarthaReselection	not available	not available	F	not available	not available	not available	not available	46	Plate_5_F6	MRTH1-1357	not available	1	AC=EFO:0009656;NT=plasma	run 427	proteomic profiling by mass spectrometry	PRM_20251207_MarthaReselection_Plate_5_F6.raw	PRM_20251207_MarthaReselection_Plate_5_F6.raw	NT=Parallel Reaction Monitoring;AC=MS:1002956	AC=MS:1002038;NT=label free sample	1	NT=High-performance liquid chromatography;AC=PRIDE:0000565	1	AC=MS:1001251;NT=Trypsin	not available	NT=Stellar;AC=MS:1003409	NT=Carbamidomethyl;AC=UNIMOD:4;TA=C;MT=Fixed	NT=Higher-energy Collisional Dissociation;AC=MS:1000422	27 NCE	40 ppm	0.05 Da	MRTH
PRM_20251207_MarthaReselection_Plate_5_G6	G	6	MRTH	78	RG6	0.1	C:\Xcalibur\methods\method1	smb://storage3.ad.scilifelab.se/massstorage/edfors%20lab/01_hot/Martha/RAW	PRM_20251207_MarthaReselection_Plate_5_G6	Homo sapiens	blood plasma	Plate_5	MarthaReselection	not available	not available	M	not available	not available	not available	not available	47	Plate_5_G6	MRTH1-0877	not available	1	AC=EFO:0009656;NT=plasma	run 428	proteomic profiling by mass spectrometry	PRM_20251207_MarthaReselection_Plate_5_G6.raw	PRM_20251207_MarthaReselection_Plate_5_G6.raw	NT=Parallel Reaction Monitoring;AC=MS:1002956	AC=MS:1002038;NT=label free sample	1	NT=High-performance liquid chromatography;AC=PRIDE:0000565	1	AC=MS:1001251;NT=Trypsin	not available	NT=Stellar;AC=MS:1003409	NT=Carbamidomethyl;AC=UNIMOD:4;TA=C;MT=Fixed	NT=Higher-energy Collisional Dissociation;AC=MS:1000422	27 NCE	40 ppm	0.05 Da	MRTH
PRM_20251207_MarthaReselection_Plate_5_H6	H	6	MRTH	90	RH6	0.1	C:\Xcalibur\methods\method1	smb://storage3.ad.scilifelab.se/massstorage/edfors%20lab/01_hot/Martha/RAW	PRM_20251207_MarthaReselection_Plate_5_H6	Homo sapiens	blood plasma	Plate_5	MarthaReselection	not available	not available	F	not available	not available	not available	not available	48	Plate_5_H6	MRTH1-0209	not available	1	AC=EFO:0009656;NT=plasma	run 429	proteomic profiling by mass spectrometry	PRM_20251207_MarthaReselection_Plate_5_H6.raw	PRM_20251207_MarthaReselection_Plate_5_H6.raw	NT=Parallel Reaction Monitoring;AC=MS:1002956	AC=MS:1002038;NT=label free sample	1	NT=High-performance liquid chromatography;AC=PRIDE:0000565	1	AC=MS:1001251;NT=Trypsin	not available	NT=Stellar;AC=MS:1003409	NT=Carbamidomethyl;AC=UNIMOD:4;TA=C;MT=Fixed	NT=Higher-energy Collisional Dissociation;AC=MS:1000422	27 NCE	40 ppm	0.05 Da	MRTH
PRM_20251207_MarthaReselection_Plate_5_A7	A	7	MRTH	7	RA7	0.1	C:\Xcalibur\methods\method1	smb://storage3.ad.scilifelab.se/massstorage/edfors%20lab/01_hot/Martha/RAW	PRM_20251207_MarthaReselection_Plate_5_A7	Homo sapiens	blood plasma	Plate_5	MarthaReselection	not available	not available	F	not available	not available	not available	not available	49	Plate_5_A7	MRTH1-0841	not available	1	AC=EFO:0009656;NT=plasma	run 430	proteomic profiling by mass spectrometry	PRM_20251207_MarthaReselection_Plate_5_A7.raw	PRM_20251207_MarthaReselection_Plate_5_A7.raw	NT=Parallel Reaction Monitoring;AC=MS:1002956	AC=MS:1002038;NT=label free sample	1	NT=High-performance liquid chromatography;AC=PRIDE:0000565	1	AC=MS:1001251;NT=Trypsin	not available	NT=Stellar;AC=MS:1003409	NT=Carbamidomethyl;AC=UNIMOD:4;TA=C;MT=Fixed	NT=Higher-energy Collisional Dissociation;AC=MS:1000422	27 NCE	40 ppm	0.05 Da	MRTH
PRM_20251207_MarthaReselection_Plate_5_B7	B	7	MRTH	19	RB7	0.1	C:\Xcalibur\methods\method1	smb://storage3.ad.scilifelab.se/massstorage/edfors%20lab/01_hot/Martha/RAW	PRM_20251207_MarthaReselection_Plate_5_B7	Homo sapiens	blood plasma	Plate_5	MarthaReselection	not available	not available	F	not available	not available	not available	not available	50	Plate_5_B7	MRTH1-0858	not available	1	AC=EFO:0009656;NT=plasma	run 431	proteomic profiling by mass spectrometry	PRM_20251207_MarthaReselection_Plate_5_B7.raw	PRM_20251207_MarthaReselection_Plate_5_B7.raw	NT=Parallel Reaction Monitoring;AC=MS:1002956	AC=MS:1002038;NT=label free sample	1	NT=High-performance liquid chromatography;AC=PRIDE:0000565	1	AC=MS:1001251;NT=Trypsin	not available	NT=Stellar;AC=MS:1003409	NT=Carbamidomethyl;AC=UNIMOD:4;TA=C;MT=Fixed	NT=Higher-energy Collisional Dissociation;AC=MS:1000422	27 NCE	40 ppm	0.05 Da	MRTH
PRM_20251207_MarthaReselection_Plate_5_C7	C	7	MRTH	31	RC7	0.1	C:\Xcalibur\methods\method1	smb://storage3.ad.scilifelab.se/massstorage/edfors%20lab/01_hot/Martha/RAW	PRM_20251207_MarthaReselection_Plate_5_C7	Homo sapiens	blood plasma	Plate_5	MarthaReselection	not available	not available	F	not available	not available	not available	not available	51	Plate_5_C7	MRTH1-0798	not available	1	AC=EFO:0009656;NT=plasma	run 432	proteomic profiling by mass spectrometry	PRM_20251207_MarthaReselection_Plate_5_C7.raw	PRM_20251207_MarthaReselection_Plate_5_C7.raw	NT=Parallel Reaction Monitoring;AC=MS:1002956	AC=MS:1002038;NT=label free sample	1	NT=High-performance liquid chromatography;AC=PRIDE:0000565	1	AC=MS:1001251;NT=Trypsin	not available	NT=Stellar;AC=MS:1003409	NT=Carbamidomethyl;AC=UNIMOD:4;TA=C;MT=Fixed	NT=Higher-energy Collisional Dissociation;AC=MS:1000422	27 NCE	40 ppm	0.05 Da	MRTH
PRM_20251207_MarthaReselection_Plate_5_D7	D	7	MRTH	43	RD7	0.1	C:\Xcalibur\methods\method1	smb://storage3.ad.scilifelab.se/massstorage/edfors%20lab/01_hot/Martha/RAW	PRM_20251207_MarthaReselection_Plate_5_D7	Homo sapiens	blood plasma	Plate_5	MarthaReselection	not available	not available	F	not available	not available	not available	not available	52	Plate_5_D7	MRTH1-0722	not available	1	AC=EFO:0009656;NT=plasma	run 433	proteomic profiling by mass spectrometry	PRM_20251207_MarthaReselection_Plate_5_D7.raw	PRM_20251207_MarthaReselection_Plate_5_D7.raw	NT=Parallel Reaction Monitoring;AC=MS:1002956	AC=MS:1002038;NT=label free sample	1	NT=High-performance liquid chromatography;AC=PRIDE:0000565	1	AC=MS:1001251;NT=Trypsin	not available	NT=Stellar;AC=MS:1003409	NT=Carbamidomethyl;AC=UNIMOD:4;TA=C;MT=Fixed	NT=Higher-energy Collisional Dissociation;AC=MS:1000422	27 NCE	40 ppm	0.05 Da	MRTH
PRM_20251207_MarthaReselection_Plate_5_E7	E	7	MRTH	55	RE7	0.1	C:\Xcalibur\methods\method1	smb://storage3.ad.scilifelab.se/massstorage/edfors%20lab/01_hot/Martha/RAW	PRM_20251207_MarthaReselection_Plate_5_E7	Homo sapiens	blood plasma	Plate_5	MarthaReselection	not available	not available	F	not available	not available	not available	not available	53	Plate_5_E7	MRTH1-1116	not available	1	AC=EFO:0009656;NT=plasma	run 434	proteomic profiling by mass spectrometry	PRM_20251207_MarthaReselection_Plate_5_E7.raw	PRM_20251207_MarthaReselection_Plate_5_E7.raw	NT=Parallel Reaction Monitoring;AC=MS:1002956	AC=MS:1002038;NT=label free sample	1	NT=High-performance liquid chromatography;AC=PRIDE:0000565	1	AC=MS:1001251;NT=Trypsin	not available	NT=Stellar;AC=MS:1003409	NT=Carbamidomethyl;AC=UNIMOD:4;TA=C;MT=Fixed	NT=Higher-energy Collisional Dissociation;AC=MS:1000422	27 NCE	40 ppm	0.05 Da	MRTH
PRM_20251207_MarthaReselection_Plate_5_F7	F	7	MRTH	67	RF7	0.1	C:\Xcalibur\methods\method1	smb://storage3.ad.scilifelab.se/massstorage/edfors%20lab/01_hot/Martha/RAW	PRM_20251207_MarthaReselection_Plate_5_F7	Homo sapiens	blood plasma	Plate_5	MarthaReselection	not available	not available	F	not available	not available	not available	not available	54	Plate_5_F7	MRTH1-0146	not available	1	AC=EFO:0009656;NT=plasma	run 435	proteomic profiling by mass spectrometry	PRM_20251207_MarthaReselection_Plate_5_F7.raw	PRM_20251207_MarthaReselection_Plate_5_F7.raw	NT=Parallel Reaction Monitoring;AC=MS:1002956	AC=MS:1002038;NT=label free sample	1	NT=High-performance liquid chromatography;AC=PRIDE:0000565	1	AC=MS:1001251;NT=Trypsin	not available	NT=Stellar;AC=MS:1003409	NT=Carbamidomethyl;AC=UNIMOD:4;TA=C;MT=Fixed	NT=Higher-energy Collisional Dissociation;AC=MS:1000422	27 NCE	40 ppm	0.05 Da	MRTH
PRM_20251207_MarthaReselection_Plate_5_G7	G	7	MRTH	79	RG7	0.1	C:\Xcalibur\methods\method1	smb://storage3.ad.scilifelab.se/massstorage/edfors%20lab/01_hot/Martha/RAW	PRM_20251207_MarthaReselection_Plate_5_G7	Homo sapiens	blood plasma	Plate_5	MarthaReselection	not available	not available	F	not available	not available	not available	not available	55	Plate_5_G7	MRTH1-1186	not available	1	AC=EFO:0009656;NT=plasma	run 436	proteomic profiling by mass spectrometry	PRM_20251207_MarthaReselection_Plate_5_G7.raw	PRM_20251207_MarthaReselection_Plate_5_G7.raw	NT=Parallel Reaction Monitoring;AC=MS:1002956	AC=MS:1002038;NT=label free sample	1	NT=High-performance liquid chromatography;AC=PRIDE:0000565	1	AC=MS:1001251;NT=Trypsin	not available	NT=Stellar;AC=MS:1003409	NT=Carbamidomethyl;AC=UNIMOD:4;TA=C;MT=Fixed	NT=Higher-energy Collisional Dissociation;AC=MS:1000422	27 NCE	40 ppm	0.05 Da	MRTH
PRM_20251207_MarthaReselection_Plate_5_H7	H	7	MRTH	91	RH7	0.1	C:\Xcalibur\methods\method1	smb://storage3.ad.scilifelab.se/massstorage/edfors%20lab/01_hot/Martha/RAW	PRM_20251207_MarthaReselection_Plate_5_H7	Homo sapiens	blood plasma	Plate_5	MarthaReselection	not available	not available	M	not available	not available	not available	not available	56	Plate_5_H7	MRTH1-1196	not available	1	AC=EFO:0009656;NT=plasma	run 437	proteomic profiling by mass spectrometry	PRM_20251207_MarthaReselection_Plate_5_H7.raw	PRM_20251207_MarthaReselection_Plate_5_H7.raw	NT=Parallel Reaction Monitoring;AC=MS:1002956	AC=MS:1002038;NT=label free sample	1	NT=High-performance liquid chromatography;AC=PRIDE:0000565	1	AC=MS:1001251;NT=Trypsin	not available	NT=Stellar;AC=MS:1003409	NT=Carbamidomethyl;AC=UNIMOD:4;TA=C;MT=Fixed	NT=Higher-energy Collisional Dissociation;AC=MS:1000422	27 NCE	40 ppm	0.05 Da	MRTH
PRM_20251207_MarthaReselection_Plate_5_A8	A	8	MRTH	8	RA8	0.1	C:\Xcalibur\methods\method1	smb://storage3.ad.scilifelab.se/massstorage/edfors%20lab/01_hot/Martha/RAW	PRM_20251207_MarthaReselection_Plate_5_A8	Homo sapiens	blood plasma	Plate_5	MarthaReselection	not available	not available	F	not available	not available	not available	not available	57	Plate_5_A8	MRTH1-0534	not available	1	AC=EFO:0009656;NT=plasma	run 438	proteomic profiling by mass spectrometry	PRM_20251207_MarthaReselection_Plate_5_A8.raw	PRM_20251207_MarthaReselection_Plate_5_A8.raw	NT=Parallel Reaction Monitoring;AC=MS:1002956	AC=MS:1002038;NT=label free sample	1	NT=High-performance liquid chromatography;AC=PRIDE:0000565	1	AC=MS:1001251;NT=Trypsin	not available	NT=Stellar;AC=MS:1003409	NT=Carbamidomethyl;AC=UNIMOD:4;TA=C;MT=Fixed	NT=Higher-energy Collisional Dissociation;AC=MS:1000422	27 NCE	40 ppm	0.05 Da	MRTH
PRM_20251207_MarthaReselection_Plate_5_B8	B	8	MRTH	20	RB8	0.1	C:\Xcalibur\methods\method1	smb://storage3.ad.scilifelab.se/massstorage/edfors%20lab/01_hot/Martha/RAW	PRM_20251207_MarthaReselection_Plate_5_B8	Homo sapiens	blood plasma	Plate_5	MarthaReselection	not available	not available	F	not available	not available	not available	not available	58	Plate_5_B8	MRTH1-1310	not available	1	AC=EFO:0009656;NT=plasma	run 439	proteomic profiling by mass spectrometry	PRM_20251207_MarthaReselection_Plate_5_B8.raw	PRM_20251207_MarthaReselection_Plate_5_B8.raw	NT=Parallel Reaction Monitoring;AC=MS:1002956	AC=MS:1002038;NT=label free sample	1	NT=High-performance liquid chromatography;AC=PRIDE:0000565	1	AC=MS:1001251;NT=Trypsin	not available	NT=Stellar;AC=MS:1003409	NT=Carbamidomethyl;AC=UNIMOD:4;TA=C;MT=Fixed	NT=Higher-energy Collisional Dissociation;AC=MS:1000422	27 NCE	40 ppm	0.05 Da	MRTH
PRM_20251207_MarthaReselection_Plate_5_C8	C	8	MRTH	32	RC8	0.1	C:\Xcalibur\methods\method1	smb://storage3.ad.scilifelab.se/massstorage/edfors%20lab/01_hot/Martha/RAW	PRM_20251207_MarthaReselection_Plate_5_C8	Homo sapiens	blood plasma	Plate_5	MarthaReselection	not available	not available	F	not available	not available	not available	not available	59	Plate_5_C8	MRTH1-1178	not available	1	AC=EFO:0009656;NT=plasma	run 440	proteomic profiling by mass spectrometry	PRM_20251207_MarthaReselection_Plate_5_C8.raw	PRM_20251207_MarthaReselection_Plate_5_C8.raw	NT=Parallel Reaction Monitoring;AC=MS:1002956	AC=MS:1002038;NT=label free sample	1	NT=High-performance liquid chromatography;AC=PRIDE:0000565	1	AC=MS:1001251;NT=Trypsin	not available	NT=Stellar;AC=MS:1003409	NT=Carbamidomethyl;AC=UNIMOD:4;TA=C;MT=Fixed	NT=Higher-energy Collisional Dissociation;AC=MS:1000422	27 NCE	40 ppm	0.05 Da	MRTH
PRM_20251207_MarthaReselection_Plate_5_D8	D	8	MRTH	44	RD8	0.1	C:\Xcalibur\methods\method1	smb://storage3.ad.scilifelab.se/massstorage/edfors%20lab/01_hot/Martha/RAW	PRM_20251207_MarthaReselection_Plate_5_D8	Homo sapiens	blood plasma	Plate_5	MarthaReselection	not available	not available	F	not available	not available	not available	not available	60	Plate_5_D8	MRTH1-0253	not available	1	AC=EFO:0009656;NT=plasma	run 441	proteomic profiling by mass spectrometry	PRM_20251207_MarthaReselection_Plate_5_D8.raw	PRM_20251207_MarthaReselection_Plate_5_D8.raw	NT=Parallel Reaction Monitoring;AC=MS:1002956	AC=MS:1002038;NT=label free sample	1	NT=High-performance liquid chromatography;AC=PRIDE:0000565	1	AC=MS:1001251;NT=Trypsin	not available	NT=Stellar;AC=MS:1003409	NT=Carbamidomethyl;AC=UNIMOD:4;TA=C;MT=Fixed	NT=Higher-energy Collisional Dissociation;AC=MS:1000422	27 NCE	40 ppm	0.05 Da	MRTH
PRM_20251207_MarthaReselection_Plate_5_E8	E	8	MRTH	56	RE8	0.1	C:\Xcalibur\methods\method1	smb://storage3.ad.scilifelab.se/massstorage/edfors%20lab/01_hot/Martha/RAW	PRM_20251207_MarthaReselection_Plate_5_E8	Homo sapiens	blood plasma	Plate_5	MarthaReselection	not available	not available	F	not available	not available	not available	not available	61	Plate_5_E8	MRTH1-0759	not available	1	AC=EFO:0009656;NT=plasma	run 442	proteomic profiling by mass spectrometry	PRM_20251207_MarthaReselection_Plate_5_E8.raw	PRM_20251207_MarthaReselection_Plate_5_E8.raw	NT=Parallel Reaction Monitoring;AC=MS:1002956	AC=MS:1002038;NT=label free sample	1	NT=High-performance liquid chromatography;AC=PRIDE:0000565	1	AC=MS:1001251;NT=Trypsin	not available	NT=Stellar;AC=MS:1003409	NT=Carbamidomethyl;AC=UNIMOD:4;TA=C;MT=Fixed	NT=Higher-energy Collisional Dissociation;AC=MS:1000422	27 NCE	40 ppm	0.05 Da	MRTH
PRM_20251207_MarthaReselection_Plate_5_F8	F	8	MRTH	68	RF8	0.1	C:\Xcalibur\methods\method1	smb://storage3.ad.scilifelab.se/massstorage/edfors%20lab/01_hot/Martha/RAW	PRM_20251207_MarthaReselection_Plate_5_F8	Homo sapiens	blood plasma	Plate_5	MarthaReselection	not available	not available	M	not available	not available	not available	not available	62	Plate_5_F8	MRTH1-1229	not available	1	AC=EFO:0009656;NT=plasma	run 443	proteomic profiling by mass spectrometry	PRM_20251207_MarthaReselection_Plate_5_F8.raw	PRM_20251207_MarthaReselection_Plate_5_F8.raw	NT=Parallel Reaction Monitoring;AC=MS:1002956	AC=MS:1002038;NT=label free sample	1	NT=High-performance liquid chromatography;AC=PRIDE:0000565	1	AC=MS:1001251;NT=Trypsin	not available	NT=Stellar;AC=MS:1003409	NT=Carbamidomethyl;AC=UNIMOD:4;TA=C;MT=Fixed	NT=Higher-energy Collisional Dissociation;AC=MS:1000422	27 NCE	40 ppm	0.05 Da	MRTH
PRM_20251207_MarthaReselection_Plate_5_G8	G	8	MRTH	80	RG8	0.1	C:\Xcalibur\methods\method1	smb://storage3.ad.scilifelab.se/massstorage/edfors%20lab/01_hot/Martha/RAW	PRM_20251207_MarthaReselection_Plate_5_G8	Homo sapiens	blood plasma	Plate_5	MarthaReselection	not available	not available	F	not available	not available	not available	not available	63	Plate_5_G8	MRTH1-0337	not available	1	AC=EFO:0009656;NT=plasma	run 444	proteomic profiling by mass spectrometry	PRM_20251207_MarthaReselection_Plate_5_G8.raw	PRM_20251207_MarthaReselection_Plate_5_G8.raw	NT=Parallel Reaction Monitoring;AC=MS:1002956	AC=MS:1002038;NT=label free sample	1	NT=High-performance liquid chromatography;AC=PRIDE:0000565	1	AC=MS:1001251;NT=Trypsin	not available	NT=Stellar;AC=MS:1003409	NT=Carbamidomethyl;AC=UNIMOD:4;TA=C;MT=Fixed	NT=Higher-energy Collisional Dissociation;AC=MS:1000422	27 NCE	40 ppm	0.05 Da	MRTH
PRM_20251207_MarthaReselection_Plate_5_H8	H	8	MRTH	92	RH8	0.1	C:\Xcalibur\methods\method1	smb://storage3.ad.scilifelab.se/massstorage/edfors%20lab/01_hot/Martha/RAW	PRM_20251207_MarthaReselection_Plate_5_H8	Homo sapiens	blood plasma	Plate_5	MarthaReselection	not available	not available	M	not available	not available	not available	not available	64	Plate_5_H8	MRTH1-0592	not available	1	AC=EFO:0009656;NT=plasma	run 445	proteomic profiling by mass spectrometry	PRM_20251207_MarthaReselection_Plate_5_H8.raw	PRM_20251207_MarthaReselection_Plate_5_H8.raw	NT=Parallel Reaction Monitoring;AC=MS:1002956	AC=MS:1002038;NT=label free sample	1	NT=High-performance liquid chromatography;AC=PRIDE:0000565	1	AC=MS:1001251;NT=Trypsin	not available	NT=Stellar;AC=MS:1003409	NT=Carbamidomethyl;AC=UNIMOD:4;TA=C;MT=Fixed	NT=Higher-energy Collisional Dissociation;AC=MS:1000422	27 NCE	40 ppm	0.05 Da	MRTH
PRM_20251207_MarthaReselection_Plate_5_A9	A	9	MRTH	9	RA9	0.1	C:\Xcalibur\methods\method1	smb://storage3.ad.scilifelab.se/massstorage/edfors%20lab/01_hot/Martha/RAW	PRM_20251207_MarthaReselection_Plate_5_A9	Homo sapiens	blood plasma	Plate_5	MarthaReselection	not available	not available	F	not available	not available	not available	not available	65	Plate_5_A9	MRTH1-1378	not available	1	AC=EFO:0009656;NT=plasma	run 446	proteomic profiling by mass spectrometry	PRM_20251207_MarthaReselection_Plate_5_A9.raw	PRM_20251207_MarthaReselection_Plate_5_A9.raw	NT=Parallel Reaction Monitoring;AC=MS:1002956	AC=MS:1002038;NT=label free sample	1	NT=High-performance liquid chromatography;AC=PRIDE:0000565	1	AC=MS:1001251;NT=Trypsin	not available	NT=Stellar;AC=MS:1003409	NT=Carbamidomethyl;AC=UNIMOD:4;TA=C;MT=Fixed	NT=Higher-energy Collisional Dissociation;AC=MS:1000422	27 NCE	40 ppm	0.05 Da	MRTH
PRM_20251207_MarthaReselection_Plate_5_B9	B	9	MRTH	21	RB9	0.1	C:\Xcalibur\methods\method1	smb://storage3.ad.scilifelab.se/massstorage/edfors%20lab/01_hot/Martha/RAW	PRM_20251207_MarthaReselection_Plate_5_B9	Homo sapiens	blood plasma	Plate_5	MarthaReselection	not available	not available	M	not available	not available	not available	not available	66	Plate_5_B9	MRTH1-0795	not available	1	AC=EFO:0009656;NT=plasma	run 447	proteomic profiling by mass spectrometry	PRM_20251207_MarthaReselection_Plate_5_B9.raw	PRM_20251207_MarthaReselection_Plate_5_B9.raw	NT=Parallel Reaction Monitoring;AC=MS:1002956	AC=MS:1002038;NT=label free sample	1	NT=High-performance liquid chromatography;AC=PRIDE:0000565	1	AC=MS:1001251;NT=Trypsin	not available	NT=Stellar;AC=MS:1003409	NT=Carbamidomethyl;AC=UNIMOD:4;TA=C;MT=Fixed	NT=Higher-energy Collisional Dissociation;AC=MS:1000422	27 NCE	40 ppm	0.05 Da	MRTH
PRM_20251207_MarthaReselection_Plate_5_C9	C	9	MRTH	33	RC9	0.1	C:\Xcalibur\methods\method1	smb://storage3.ad.scilifelab.se/massstorage/edfors%20lab/01_hot/Martha/RAW	PRM_20251207_MarthaReselection_Plate_5_C9	Homo sapiens	blood plasma	Plate_5	MarthaReselection	not available	not available	M	not available	not available	not available	not available	67	Plate_5_C9	MRTH1-1358	not available	1	AC=EFO:0009656;NT=plasma	run 448	proteomic profiling by mass spectrometry	PRM_20251207_MarthaReselection_Plate_5_C9.raw	PRM_20251207_MarthaReselection_Plate_5_C9.raw	NT=Parallel Reaction Monitoring;AC=MS:1002956	AC=MS:1002038;NT=label free sample	1	NT=High-performance liquid chromatography;AC=PRIDE:0000565	1	AC=MS:1001251;NT=Trypsin	not available	NT=Stellar;AC=MS:1003409	NT=Carbamidomethyl;AC=UNIMOD:4;TA=C;MT=Fixed	NT=Higher-energy Collisional Dissociation;AC=MS:1000422	27 NCE	40 ppm	0.05 Da	MRTH
PRM_20251207_MarthaReselection_Plate_5_D9	D	9	MRTH	45	RD9	0.1	C:\Xcalibur\methods\method1	smb://storage3.ad.scilifelab.se/massstorage/edfors%20lab/01_hot/Martha/RAW	PRM_20251207_MarthaReselection_Plate_5_D9	Homo sapiens	blood plasma	Plate_5	MarthaReselection	not available	not available	F	not available	not available	not available	not available	68	Plate_5_D9	MRTH1-0359	not available	1	AC=EFO:0009656;NT=plasma	run 449	proteomic profiling by mass spectrometry	PRM_20251207_MarthaReselection_Plate_5_D9.raw	PRM_20251207_MarthaReselection_Plate_5_D9.raw	NT=Parallel Reaction Monitoring;AC=MS:1002956	AC=MS:1002038;NT=label free sample	1	NT=High-performance liquid chromatography;AC=PRIDE:0000565	1	AC=MS:1001251;NT=Trypsin	not available	NT=Stellar;AC=MS:1003409	NT=Carbamidomethyl;AC=UNIMOD:4;TA=C;MT=Fixed	NT=Higher-energy Collisional Dissociation;AC=MS:1000422	27 NCE	40 ppm	0.05 Da	MRTH
PRM_20251207_MarthaReselection_Plate_5_E9	E	9	MRTH	57	RE9	0.1	C:\Xcalibur\methods\method1	smb://storage3.ad.scilifelab.se/massstorage/edfors%20lab/01_hot/Martha/RAW	PRM_20251207_MarthaReselection_Plate_5_E9	Homo sapiens	blood plasma	Plate_5	MarthaReselection	not available	not available	M	not available	not available	not available	not available	69	Plate_5_E9	MRTH1-0851	not available	1	AC=EFO:0009656;NT=plasma	run 450	proteomic profiling by mass spectrometry	PRM_20251207_MarthaReselection_Plate_5_E9.raw	PRM_20251207_MarthaReselection_Plate_5_E9.raw	NT=Parallel Reaction Monitoring;AC=MS:1002956	AC=MS:1002038;NT=label free sample	1	NT=High-performance liquid chromatography;AC=PRIDE:0000565	1	AC=MS:1001251;NT=Trypsin	not available	NT=Stellar;AC=MS:1003409	NT=Carbamidomethyl;AC=UNIMOD:4;TA=C;MT=Fixed	NT=Higher-energy Collisional Dissociation;AC=MS:1000422	27 NCE	40 ppm	0.05 Da	MRTH
PRM_20251207_MarthaReselection_Plate_5_F9	F	9	MRTH	69	RF9	0.1	C:\Xcalibur\methods\method1	smb://storage3.ad.scilifelab.se/massstorage/edfors%20lab/01_hot/Martha/RAW	PRM_20251207_MarthaReselection_Plate_5_F9	Homo sapiens	blood plasma	Plate_5	MarthaReselection	not available	not available	F	not available	not available	not available	not available	70	Plate_5_F9	MRTH1-0512	not available	1	AC=EFO:0009656;NT=plasma	run 451	proteomic profiling by mass spectrometry	PRM_20251207_MarthaReselection_Plate_5_F9.raw	PRM_20251207_MarthaReselection_Plate_5_F9.raw	NT=Parallel Reaction Monitoring;AC=MS:1002956	AC=MS:1002038;NT=label free sample	1	NT=High-performance liquid chromatography;AC=PRIDE:0000565	1	AC=MS:1001251;NT=Trypsin	not available	NT=Stellar;AC=MS:1003409	NT=Carbamidomethyl;AC=UNIMOD:4;TA=C;MT=Fixed	NT=Higher-energy Collisional Dissociation;AC=MS:1000422	27 NCE	40 ppm	0.05 Da	MRTH
PRM_20251207_MarthaReselection_Plate_5_G9	G	9	MRTH	81	RG9	0.1	C:\Xcalibur\methods\method1	smb://storage3.ad.scilifelab.se/massstorage/edfors%20lab/01_hot/Martha/RAW	PRM_20251207_MarthaReselection_Plate_5_G9	Homo sapiens	blood plasma	Plate_5	MarthaReselection	not available	not available	F	not available	not available	not available	not available	71	Plate_5_G9	MRTH1-0453	not available	1	AC=EFO:0009656;NT=plasma	run 452	proteomic profiling by mass spectrometry	PRM_20251207_MarthaReselection_Plate_5_G9.raw	PRM_20251207_MarthaReselection_Plate_5_G9.raw	NT=Parallel Reaction Monitoring;AC=MS:1002956	AC=MS:1002038;NT=label free sample	1	NT=High-performance liquid chromatography;AC=PRIDE:0000565	1	AC=MS:1001251;NT=Trypsin	not available	NT=Stellar;AC=MS:1003409	NT=Carbamidomethyl;AC=UNIMOD:4;TA=C;MT=Fixed	NT=Higher-energy Collisional Dissociation;AC=MS:1000422	27 NCE	40 ppm	0.05 Da	MRTH
PRM_20251207_MarthaReselection_Plate_5_H9	H	9	MRTH	93	RH9	0.1	C:\Xcalibur\methods\method1	smb://storage3.ad.scilifelab.se/massstorage/edfors%20lab/01_hot/Martha/RAW	PRM_20251207_MarthaReselection_Plate_5_H9	Homo sapiens	blood plasma	Plate_5	MarthaReselection	not available	not available	F	not available	not available	not available	not available	72	Plate_5_H9	MRTH1-1142	not available	1	AC=EFO:0009656;NT=plasma	run 453	proteomic profiling by mass spectrometry	PRM_20251207_MarthaReselection_Plate_5_H9.raw	PRM_20251207_MarthaReselection_Plate_5_H9.raw	NT=Parallel Reaction Monitoring;AC=MS:1002956	AC=MS:1002038;NT=label free sample	1	NT=High-performance liquid chromatography;AC=PRIDE:0000565	1	AC=MS:1001251;NT=Trypsin	not available	NT=Stellar;AC=MS:1003409	NT=Carbamidomethyl;AC=UNIMOD:4;TA=C;MT=Fixed	NT=Higher-energy Collisional Dissociation;AC=MS:1000422	27 NCE	40 ppm	0.05 Da	MRTH
PRM_20251207_MarthaReselection_Plate_5_A10	A	10	MRTH	10	RA10	0.1	C:\Xcalibur\methods\method1	smb://storage3.ad.scilifelab.se/massstorage/edfors%20lab/01_hot/Martha/RAW	PRM_20251207_MarthaReselection_Plate_5_A10	Homo sapiens	blood plasma	Plate_5	MarthaReselection	not available	not available	F	not available	not available	not available	not available	73	Plate_5_A10	MRTH1-0369	not available	1	AC=EFO:0009656;NT=plasma	run 454	proteomic profiling by mass spectrometry	PRM_20251207_MarthaReselection_Plate_5_A10.raw	PRM_20251207_MarthaReselection_Plate_5_A10.raw	NT=Parallel Reaction Monitoring;AC=MS:1002956	AC=MS:1002038;NT=label free sample	1	NT=High-performance liquid chromatography;AC=PRIDE:0000565	1	AC=MS:1001251;NT=Trypsin	not available	NT=Stellar;AC=MS:1003409	NT=Carbamidomethyl;AC=UNIMOD:4;TA=C;MT=Fixed	NT=Higher-energy Collisional Dissociation;AC=MS:1000422	27 NCE	40 ppm	0.05 Da	MRTH
PRM_20251207_MarthaReselection_Plate_5_B10	B	10	MRTH	22	RB10	0.1	C:\Xcalibur\methods\method1	smb://storage3.ad.scilifelab.se/massstorage/edfors%20lab/01_hot/Martha/RAW	PRM_20251207_MarthaReselection_Plate_5_B10	Homo sapiens	blood plasma	Plate_5	MarthaReselection	not available	not available	F	not available	not available	not available	not available	74	Plate_5_B10	MRTH1-0016	not available	1	AC=EFO:0009656;NT=plasma	run 455	proteomic profiling by mass spectrometry	PRM_20251207_MarthaReselection_Plate_5_B10.raw	PRM_20251207_MarthaReselection_Plate_5_B10.raw	NT=Parallel Reaction Monitoring;AC=MS:1002956	AC=MS:1002038;NT=label free sample	1	NT=High-performance liquid chromatography;AC=PRIDE:0000565	1	AC=MS:1001251;NT=Trypsin	not available	NT=Stellar;AC=MS:1003409	NT=Carbamidomethyl;AC=UNIMOD:4;TA=C;MT=Fixed	NT=Higher-energy Collisional Dissociation;AC=MS:1000422	27 NCE	40 ppm	0.05 Da	MRTH
PRM_20251207_MarthaReselection_Plate_5_C10	C	10	MRTH	34	RC10	0.1	C:\Xcalibur\methods\method1	smb://storage3.ad.scilifelab.se/massstorage/edfors%20lab/01_hot/Martha/RAW	PRM_20251207_MarthaReselection_Plate_5_C10	Homo sapiens	blood plasma	Plate_5	MarthaReselection	not available	not available	M	not available	not available	not available	not available	75	Plate_5_C10	MRTH1-0315	not available	1	AC=EFO:0009656;NT=plasma	run 456	proteomic profiling by mass spectrometry	PRM_20251207_MarthaReselection_Plate_5_C10.raw	PRM_20251207_MarthaReselection_Plate_5_C10.raw	NT=Parallel Reaction Monitoring;AC=MS:1002956	AC=MS:1002038;NT=label free sample	1	NT=High-performance liquid chromatography;AC=PRIDE:0000565	1	AC=MS:1001251;NT=Trypsin	not available	NT=Stellar;AC=MS:1003409	NT=Carbamidomethyl;AC=UNIMOD:4;TA=C;MT=Fixed	NT=Higher-energy Collisional Dissociation;AC=MS:1000422	27 NCE	40 ppm	0.05 Da	MRTH
PRM_20251207_MarthaReselection_Plate_5_D10	D	10	MRTH	46	RD10	0.1	C:\Xcalibur\methods\method1	smb://storage3.ad.scilifelab.se/massstorage/edfors%20lab/01_hot/Martha/RAW	PRM_20251207_MarthaReselection_Plate_5_D10	Homo sapiens	blood plasma	Plate_5	MarthaReselection	not available	not available	M	not available	not available	not available	not available	76	Plate_5_D10	MRTH1-0585	not available	1	AC=EFO:0009656;NT=plasma	run 457	proteomic profiling by mass spectrometry	PRM_20251207_MarthaReselection_Plate_5_D10.raw	PRM_20251207_MarthaReselection_Plate_5_D10.raw	NT=Parallel Reaction Monitoring;AC=MS:1002956	AC=MS:1002038;NT=label free sample	1	NT=High-performance liquid chromatography;AC=PRIDE:0000565	1	AC=MS:1001251;NT=Trypsin	not available	NT=Stellar;AC=MS:1003409	NT=Carbamidomethyl;AC=UNIMOD:4;TA=C;MT=Fixed	NT=Higher-energy Collisional Dissociation;AC=MS:1000422	27 NCE	40 ppm	0.05 Da	MRTH
PRM_20251207_MarthaReselection_Plate_5_E10	E	10	MRTH	58	RE10	0.1	C:\Xcalibur\methods\method1	smb://storage3.ad.scilifelab.se/massstorage/edfors%20lab/01_hot/Martha/RAW	PRM_20251207_MarthaReselection_Plate_5_E10	Homo sapiens	blood plasma	Plate_5	MarthaReselection	not available	not available	F	not available	not available	not available	not available	77	Plate_5_E10	MRTH1-0550	not available	1	AC=EFO:0009656;NT=plasma	run 458	proteomic profiling by mass spectrometry	PRM_20251207_MarthaReselection_Plate_5_E10.raw	PRM_20251207_MarthaReselection_Plate_5_E10.raw	NT=Parallel Reaction Monitoring;AC=MS:1002956	AC=MS:1002038;NT=label free sample	1	NT=High-performance liquid chromatography;AC=PRIDE:0000565	1	AC=MS:1001251;NT=Trypsin	not available	NT=Stellar;AC=MS:1003409	NT=Carbamidomethyl;AC=UNIMOD:4;TA=C;MT=Fixed	NT=Higher-energy Collisional Dissociation;AC=MS:1000422	27 NCE	40 ppm	0.05 Da	MRTH
PRM_20251207_MarthaReselection_Plate_5_F10	F	10	MRTH	70	RF10	0.1	C:\Xcalibur\methods\method1	smb://storage3.ad.scilifelab.se/massstorage/edfors%20lab/01_hot/Martha/RAW	PRM_20251207_MarthaReselection_Plate_5_F10	Homo sapiens	blood plasma	Plate_5	MarthaReselection	not available	not available	F	not available	not available	not available	not available	78	Plate_5_F10	MRTH1-0121	not available	1	AC=EFO:0009656;NT=plasma	run 459	proteomic profiling by mass spectrometry	PRM_20251207_MarthaReselection_Plate_5_F10.raw	PRM_20251207_MarthaReselection_Plate_5_F10.raw	NT=Parallel Reaction Monitoring;AC=MS:1002956	AC=MS:1002038;NT=label free sample	1	NT=High-performance liquid chromatography;AC=PRIDE:0000565	1	AC=MS:1001251;NT=Trypsin	not available	NT=Stellar;AC=MS:1003409	NT=Carbamidomethyl;AC=UNIMOD:4;TA=C;MT=Fixed	NT=Higher-energy Collisional Dissociation;AC=MS:1000422	27 NCE	40 ppm	0.05 Da	MRTH
PRM_20251207_MarthaReselection_Plate_5_G10	G	10	MRTH	82	RG10	0.1	C:\Xcalibur\methods\method1	smb://storage3.ad.scilifelab.se/massstorage/edfors%20lab/01_hot/Martha/RAW	PRM_20251207_MarthaReselection_Plate_5_G10	Homo sapiens	blood plasma	Plate_5	MarthaReselection	not available	not available	M	not available	not available	not available	not available	79	Plate_5_G10	MRTH1-0531	not available	1	AC=EFO:0009656;NT=plasma	run 460	proteomic profiling by mass spectrometry	PRM_20251207_MarthaReselection_Plate_5_G10.raw	PRM_20251207_MarthaReselection_Plate_5_G10.raw	NT=Parallel Reaction Monitoring;AC=MS:1002956	AC=MS:1002038;NT=label free sample	1	NT=High-performance liquid chromatography;AC=PRIDE:0000565	1	AC=MS:1001251;NT=Trypsin	not available	NT=Stellar;AC=MS:1003409	NT=Carbamidomethyl;AC=UNIMOD:4;TA=C;MT=Fixed	NT=Higher-energy Collisional Dissociation;AC=MS:1000422	27 NCE	40 ppm	0.05 Da	MRTH
PRM_20251207_MarthaReselection_Plate_5_H10	H	10	MRTH	94	RH10	0.1	C:\Xcalibur\methods\method1	smb://storage3.ad.scilifelab.se/massstorage/edfors%20lab/01_hot/Martha/RAW	PRM_20251207_MarthaReselection_Plate_5_H10	Homo sapiens	blood plasma	Plate_5	MarthaReselection	not available	not available	F	not available	not available	not available	not available	80	Plate_5_H10	MRTH1-1269	not available	1	AC=EFO:0009656;NT=plasma	run 461	proteomic profiling by mass spectrometry	PRM_20251207_MarthaReselection_Plate_5_H10.raw	PRM_20251207_MarthaReselection_Plate_5_H10.raw	NT=Parallel Reaction Monitoring;AC=MS:1002956	AC=MS:1002038;NT=label free sample	1	NT=High-performance liquid chromatography;AC=PRIDE:0000565	1	AC=MS:1001251;NT=Trypsin	not available	NT=Stellar;AC=MS:1003409	NT=Carbamidomethyl;AC=UNIMOD:4;TA=C;MT=Fixed	NT=Higher-energy Collisional Dissociation;AC=MS:1000422	27 NCE	40 ppm	0.05 Da	MRTH
PRM_20251207_MarthaReselection_Plate_5_A11	A	11	MRTH	11	RA11	0.1	C:\Xcalibur\methods\method1	smb://storage3.ad.scilifelab.se/massstorage/edfors%20lab/01_hot/Martha/RAW	PRM_20251207_MarthaReselection_Plate_5_A11	Homo sapiens	blood plasma	Plate_5	MarthaReselection	not available	not available	F	not available	not available	not available	not available	81	Plate_5_A11	MRTH1-0193	not available	1	AC=EFO:0009656;NT=plasma	run 462	proteomic profiling by mass spectrometry	PRM_20251207_MarthaReselection_Plate_5_A11.raw	PRM_20251207_MarthaReselection_Plate_5_A11.raw	NT=Parallel Reaction Monitoring;AC=MS:1002956	AC=MS:1002038;NT=label free sample	1	NT=High-performance liquid chromatography;AC=PRIDE:0000565	1	AC=MS:1001251;NT=Trypsin	not available	NT=Stellar;AC=MS:1003409	NT=Carbamidomethyl;AC=UNIMOD:4;TA=C;MT=Fixed	NT=Higher-energy Collisional Dissociation;AC=MS:1000422	27 NCE	40 ppm	0.05 Da	MRTH
PRM_20251207_MarthaReselection_Plate_5_B11	B	11	MRTH	23	RB11	0.1	C:\Xcalibur\methods\method1	smb://storage3.ad.scilifelab.se/massstorage/edfors%20lab/01_hot/Martha/RAW	PRM_20251207_MarthaReselection_Plate_5_B11	Homo sapiens	blood plasma	Plate_5	MarthaReselection	not available	not available	M	not available	not available	not available	not available	82	Plate_5_B11	MRTH1-1278	not available	1	AC=EFO:0009656;NT=plasma	run 463	proteomic profiling by mass spectrometry	PRM_20251207_MarthaReselection_Plate_5_B11.raw	PRM_20251207_MarthaReselection_Plate_5_B11.raw	NT=Parallel Reaction Monitoring;AC=MS:1002956	AC=MS:1002038;NT=label free sample	1	NT=High-performance liquid chromatography;AC=PRIDE:0000565	1	AC=MS:1001251;NT=Trypsin	not available	NT=Stellar;AC=MS:1003409	NT=Carbamidomethyl;AC=UNIMOD:4;TA=C;MT=Fixed	NT=Higher-energy Collisional Dissociation;AC=MS:1000422	27 NCE	40 ppm	0.05 Da	MRTH
PRM_20251207_MarthaReselection_Plate_5_C11	C	11	MRTH	35	RC11	0.1	C:\Xcalibur\methods\method1	smb://storage3.ad.scilifelab.se/massstorage/edfors%20lab/01_hot/Martha/RAW	PRM_20251207_MarthaReselection_Plate_5_C11	Homo sapiens	blood plasma	Plate_5	MarthaReselection	not available	not available	F	not available	not available	not available	not available	83	Plate_5_C11	MRTH1-0328	not available	1	AC=EFO:0009656;NT=plasma	run 464	proteomic profiling by mass spectrometry	PRM_20251207_MarthaReselection_Plate_5_C11.raw	PRM_20251207_MarthaReselection_Plate_5_C11.raw	NT=Parallel Reaction Monitoring;AC=MS:1002956	AC=MS:1002038;NT=label free sample	1	NT=High-performance liquid chromatography;AC=PRIDE:0000565	1	AC=MS:1001251;NT=Trypsin	not available	NT=Stellar;AC=MS:1003409	NT=Carbamidomethyl;AC=UNIMOD:4;TA=C;MT=Fixed	NT=Higher-energy Collisional Dissociation;AC=MS:1000422	27 NCE	40 ppm	0.05 Da	MRTH
PRM_20251207_MarthaReselection_Plate_5_D11	D	11	Pool	47	RD11	0.1	C:\Xcalibur\methods\method1	smb://storage3.ad.scilifelab.se/massstorage/edfors%20lab/01_hot/Martha/RAW	PRM_20251207_MarthaReselection_Plate_5_D11	Homo sapiens	blood plasma	Plate_5	MarthaReselection	not available	not available	NA	not available	not available	not available	not available	84	Plate_5_D11	EMPTY-0001	not available	1	AC=EFO:0009656;NT=plasma	run 465	proteomic profiling by mass spectrometry	PRM_20251207_MarthaReselection_Plate_5_D11.raw	PRM_20251207_MarthaReselection_Plate_5_D11.raw	NT=Parallel Reaction Monitoring;AC=MS:1002956	AC=MS:1002038;NT=label free sample	1	NT=High-performance liquid chromatography;AC=PRIDE:0000565	1	AC=MS:1001251;NT=Trypsin	not available	NT=Stellar;AC=MS:1003409	NT=Carbamidomethyl;AC=UNIMOD:4;TA=C;MT=Fixed	NT=Higher-energy Collisional Dissociation;AC=MS:1000422	27 NCE	40 ppm	0.05 Da	Pool
PRM_20251207_MarthaReselection_Plate_5_E11	E	11	MRTH	59	RE11	0.1	C:\Xcalibur\methods\method1	smb://storage3.ad.scilifelab.se/massstorage/edfors%20lab/01_hot/Martha/RAW	PRM_20251207_MarthaReselection_Plate_5_E11	Homo sapiens	blood plasma	Plate_5	MarthaReselection	not available	not available	M	not available	not available	not available	not available	85	Plate_5_E11	MRTH1-1000	not available	1	AC=EFO:0009656;NT=plasma	run 466	proteomic profiling by mass spectrometry	PRM_20251207_MarthaReselection_Plate_5_E11.raw	PRM_20251207_MarthaReselection_Plate_5_E11.raw	NT=Parallel Reaction Monitoring;AC=MS:1002956	AC=MS:1002038;NT=label free sample	1	NT=High-performance liquid chromatography;AC=PRIDE:0000565	1	AC=MS:1001251;NT=Trypsin	not available	NT=Stellar;AC=MS:1003409	NT=Carbamidomethyl;AC=UNIMOD:4;TA=C;MT=Fixed	NT=Higher-energy Collisional Dissociation;AC=MS:1000422	27 NCE	40 ppm	0.05 Da	MRTH
PRM_20251207_MarthaReselection_Plate_5_F11	F	11	MRTH	71	RF11	0.1	C:\Xcalibur\methods\method1	smb://storage3.ad.scilifelab.se/massstorage/edfors%20lab/01_hot/Martha/RAW	PRM_20251207_MarthaReselection_Plate_5_F11	Homo sapiens	blood plasma	Plate_5	MarthaReselection	not available	not available	M	not available	not available	not available	not available	86	Plate_5_F11	MRTH1-1254	not available	1	AC=EFO:0009656;NT=plasma	run 467	proteomic profiling by mass spectrometry	PRM_20251207_MarthaReselection_Plate_5_F11.raw	PRM_20251207_MarthaReselection_Plate_5_F11.raw	NT=Parallel Reaction Monitoring;AC=MS:1002956	AC=MS:1002038;NT=label free sample	1	NT=High-performance liquid chromatography;AC=PRIDE:0000565	1	AC=MS:1001251;NT=Trypsin	not available	NT=Stellar;AC=MS:1003409	NT=Carbamidomethyl;AC=UNIMOD:4;TA=C;MT=Fixed	NT=Higher-energy Collisional Dissociation;AC=MS:1000422	27 NCE	40 ppm	0.05 Da	MRTH
PRM_20251207_MarthaReselection_Plate_5_G11	G	11	MRTH	83	RG11	0.1	C:\Xcalibur\methods\method1	smb://storage3.ad.scilifelab.se/massstorage/edfors%20lab/01_hot/Martha/RAW	PRM_20251207_MarthaReselection_Plate_5_G11	Homo sapiens	blood plasma	Plate_5	MarthaReselection	not available	not available	F	not available	not available	not available	not available	87	Plate_5_G11	MRTH1-1007	not available	1	AC=EFO:0009656;NT=plasma	run 468	proteomic profiling by mass spectrometry	PRM_20251207_MarthaReselection_Plate_5_G11.raw	PRM_20251207_MarthaReselection_Plate_5_G11.raw	NT=Parallel Reaction Monitoring;AC=MS:1002956	AC=MS:1002038;NT=label free sample	1	NT=High-performance liquid chromatography;AC=PRIDE:0000565	1	AC=MS:1001251;NT=Trypsin	not available	NT=Stellar;AC=MS:1003409	NT=Carbamidomethyl;AC=UNIMOD:4;TA=C;MT=Fixed	NT=Higher-energy Collisional Dissociation;AC=MS:1000422	27 NCE	40 ppm	0.05 Da	MRTH
PRM_20251207_MarthaReselection_Plate_5_H11	H	11	MRTH	95	RH11	0.1	C:\Xcalibur\methods\method1	smb://storage3.ad.scilifelab.se/massstorage/edfors%20lab/01_hot/Martha/RAW	PRM_20251207_MarthaReselection_Plate_5_H11	Homo sapiens	blood plasma	Plate_5	MarthaReselection	not available	not available	F	not available	not available	not available	not available	88	Plate_5_H11	MRTH1-0757	not available	1	AC=EFO:0009656;NT=plasma	run 469	proteomic profiling by mass spectrometry	PRM_20251207_MarthaReselection_Plate_5_H11.raw	PRM_20251207_MarthaReselection_Plate_5_H11.raw	NT=Parallel Reaction Monitoring;AC=MS:1002956	AC=MS:1002038;NT=label free sample	1	NT=High-performance liquid chromatography;AC=PRIDE:0000565	1	AC=MS:1001251;NT=Trypsin	not available	NT=Stellar;AC=MS:1003409	NT=Carbamidomethyl;AC=UNIMOD:4;TA=C;MT=Fixed	NT=Higher-energy Collisional Dissociation;AC=MS:1000422	27 NCE	40 ppm	0.05 Da	MRTH
PRM_20251207_MarthaReselection_Plate_5_A12	A	12	MRTH	12	RA12	0.1	C:\Xcalibur\methods\method1	smb://storage3.ad.scilifelab.se/massstorage/edfors%20lab/01_hot/Martha/RAW	PRM_20251207_MarthaReselection_Plate_5_A12	Homo sapiens	blood plasma	Plate_5	MarthaReselection	not available	not available	F	not available	not available	not available	not available	89	Plate_5_A12	MRTH1-0133	not available	1	AC=EFO:0009656;NT=plasma	run 470	proteomic profiling by mass spectrometry	PRM_20251207_MarthaReselection_Plate_5_A12.raw	PRM_20251207_MarthaReselection_Plate_5_A12.raw	NT=Parallel Reaction Monitoring;AC=MS:1002956	AC=MS:1002038;NT=label free sample	1	NT=High-performance liquid chromatography;AC=PRIDE:0000565	1	AC=MS:1001251;NT=Trypsin	not available	NT=Stellar;AC=MS:1003409	NT=Carbamidomethyl;AC=UNIMOD:4;TA=C;MT=Fixed	NT=Higher-energy Collisional Dissociation;AC=MS:1000422	27 NCE	40 ppm	0.05 Da	MRTH
PRM_20251207_MarthaReselection_Plate_5_B12	B	12	MRTH	24	RB12	0.1	C:\Xcalibur\methods\method1	smb://storage3.ad.scilifelab.se/massstorage/edfors%20lab/01_hot/Martha/RAW	PRM_20251207_MarthaReselection_Plate_5_B12	Homo sapiens	blood plasma	Plate_5	MarthaReselection	not available	not available	F	not available	not available	not available	not available	90	Plate_5_B12	MRTH1-0897	not available	1	AC=EFO:0009656;NT=plasma	run 471	proteomic profiling by mass spectrometry	PRM_20251207_MarthaReselection_Plate_5_B12.raw	PRM_20251207_MarthaReselection_Plate_5_B12.raw	NT=Parallel Reaction Monitoring;AC=MS:1002956	AC=MS:1002038;NT=label free sample	1	NT=High-performance liquid chromatography;AC=PRIDE:0000565	1	AC=MS:1001251;NT=Trypsin	not available	NT=Stellar;AC=MS:1003409	NT=Carbamidomethyl;AC=UNIMOD:4;TA=C;MT=Fixed	NT=Higher-energy Collisional Dissociation;AC=MS:1000422	27 NCE	40 ppm	0.05 Da	MRTH
PRM_20251207_MarthaReselection_Plate_5_C12	C	12	MRTH	36	RC12	0.1	C:\Xcalibur\methods\method1	smb://storage3.ad.scilifelab.se/massstorage/edfors%20lab/01_hot/Martha/RAW	PRM_20251207_MarthaReselection_Plate_5_C12	Homo sapiens	blood plasma	Plate_5	MarthaReselection	not available	not available	M	not available	not available	not available	not available	91	Plate_5_C12	MRTH1-0605	not available	1	AC=EFO:0009656;NT=plasma	run 472	proteomic profiling by mass spectrometry	PRM_20251207_MarthaReselection_Plate_5_C12.raw	PRM_20251207_MarthaReselection_Plate_5_C12.raw	NT=Parallel Reaction Monitoring;AC=MS:1002956	AC=MS:1002038;NT=label free sample	1	NT=High-performance liquid chromatography;AC=PRIDE:0000565	1	AC=MS:1001251;NT=Trypsin	not available	NT=Stellar;AC=MS:1003409	NT=Carbamidomethyl;AC=UNIMOD:4;TA=C;MT=Fixed	NT=Higher-energy Collisional Dissociation;AC=MS:1000422	27 NCE	40 ppm	0.05 Da	MRTH
PRM_20251207_MarthaReselection_Plate_5_D12	D	12	MRTH	48	RD12	0.1	C:\Xcalibur\methods\method1	smb://storage3.ad.scilifelab.se/massstorage/edfors%20lab/01_hot/Martha/RAW	PRM_20251207_MarthaReselection_Plate_5_D12	Homo sapiens	blood plasma	Plate_5	MarthaReselection	not available	not available	F	not available	not available	not available	not available	92	Plate_5_D12	MRTH1-0354	not available	1	AC=EFO:0009656;NT=plasma	run 473	proteomic profiling by mass spectrometry	PRM_20251207_MarthaReselection_Plate_5_D12.raw	PRM_20251207_MarthaReselection_Plate_5_D12.raw	NT=Parallel Reaction Monitoring;AC=MS:1002956	AC=MS:1002038;NT=label free sample	1	NT=High-performance liquid chromatography;AC=PRIDE:0000565	1	AC=MS:1001251;NT=Trypsin	not available	NT=Stellar;AC=MS:1003409	NT=Carbamidomethyl;AC=UNIMOD:4;TA=C;MT=Fixed	NT=Higher-energy Collisional Dissociation;AC=MS:1000422	27 NCE	40 ppm	0.05 Da	MRTH
PRM_20251207_MarthaReselection_Plate_5_E12	E	12	MRTH	60	RE12	0.1	C:\Xcalibur\methods\method1	smb://storage3.ad.scilifelab.se/massstorage/edfors%20lab/01_hot/Martha/RAW	PRM_20251207_MarthaReselection_Plate_5_E12	Homo sapiens	blood plasma	Plate_5	MarthaReselection	not available	not available	F	not available	not available	not available	not available	93	Plate_5_E12	MRTH1-0223	not available	1	AC=EFO:0009656;NT=plasma	run 474	proteomic profiling by mass spectrometry	PRM_20251207_MarthaReselection_Plate_5_E12.raw	PRM_20251207_MarthaReselection_Plate_5_E12.raw	NT=Parallel Reaction Monitoring;AC=MS:1002956	AC=MS:1002038;NT=label free sample	1	NT=High-performance liquid chromatography;AC=PRIDE:0000565	1	AC=MS:1001251;NT=Trypsin	not available	NT=Stellar;AC=MS:1003409	NT=Carbamidomethyl;AC=UNIMOD:4;TA=C;MT=Fixed	NT=Higher-energy Collisional Dissociation;AC=MS:1000422	27 NCE	40 ppm	0.05 Da	MRTH
PRM_20251207_MarthaReselection_Plate_5_F12	F	12	Pool	72	RF12	0.1	C:\Xcalibur\methods\method1	smb://storage3.ad.scilifelab.se/massstorage/edfors%20lab/01_hot/Martha/RAW	PRM_20251207_MarthaReselection_Plate_5_F12	Homo sapiens	blood plasma	Plate_5	MarthaReselection	not available	not available	NA	not available	not available	not available	not available	94	Plate_5_F12	EMPTY-0001	not available	1	AC=EFO:0009656;NT=plasma	run 475	proteomic profiling by mass spectrometry	PRM_20251207_MarthaReselection_Plate_5_F12.raw	PRM_20251207_MarthaReselection_Plate_5_F12.raw	NT=Parallel Reaction Monitoring;AC=MS:1002956	AC=MS:1002038;NT=label free sample	1	NT=High-performance liquid chromatography;AC=PRIDE:0000565	1	AC=MS:1001251;NT=Trypsin	not available	NT=Stellar;AC=MS:1003409	NT=Carbamidomethyl;AC=UNIMOD:4;TA=C;MT=Fixed	NT=Higher-energy Collisional Dissociation;AC=MS:1000422	27 NCE	40 ppm	0.05 Da	Pool
PRM_20251207_MarthaReselection_Plate_5_G12	G	12	Pool	84	RG12	0.1	C:\Xcalibur\methods\method1	smb://storage3.ad.scilifelab.se/massstorage/edfors%20lab/01_hot/Martha/RAW	PRM_20251207_MarthaReselection_Plate_5_G12	Homo sapiens	blood plasma	Plate_5	MarthaReselection	not available	not available	NA	not available	not available	not available	not available	95	Plate_5_G12	EMPTY-0001	not available	1	AC=EFO:0009656;NT=plasma	run 476	proteomic profiling by mass spectrometry	PRM_20251207_MarthaReselection_Plate_5_G12.raw	PRM_20251207_MarthaReselection_Plate_5_G12.raw	NT=Parallel Reaction Monitoring;AC=MS:1002956	AC=MS:1002038;NT=label free sample	1	NT=High-performance liquid chromatography;AC=PRIDE:0000565	1	AC=MS:1001251;NT=Trypsin	not available	NT=Stellar;AC=MS:1003409	NT=Carbamidomethyl;AC=UNIMOD:4;TA=C;MT=Fixed	NT=Higher-energy Collisional Dissociation;AC=MS:1000422	27 NCE	40 ppm	0.05 Da	Pool
PRM_20251207_MarthaReselection_Plate_5_H12	H	12	Pool	96	RH12	0.1	C:\Xcalibur\methods\method1	smb://storage3.ad.scilifelab.se/massstorage/edfors%20lab/01_hot/Martha/RAW	PRM_20251207_MarthaReselection_Plate_5_H12	Homo sapiens	blood plasma	Plate_5	MarthaReselection	not available	not available	NA	not available	not available	not available	not available	96	Plate_5_H12	EMPTY-0001	not available	1	AC=EFO:0009656;NT=plasma	run 477	proteomic profiling by mass spectrometry	PRM_20251207_MarthaReselection_Plate_5_H12.raw	PRM_20251207_MarthaReselection_Plate_5_H12.raw	NT=Parallel Reaction Monitoring;AC=MS:1002956	AC=MS:1002038;NT=label free sample	1	NT=High-performance liquid chromatography;AC=PRIDE:0000565	1	AC=MS:1001251;NT=Trypsin	not available	NT=Stellar;AC=MS:1003409	NT=Carbamidomethyl;AC=UNIMOD:4;TA=C;MT=Fixed	NT=Higher-energy Collisional Dissociation;AC=MS:1000422	27 NCE	40 ppm	0.05 Da	Pool
PRM_20251207_MarthaReselection_Plate_6_A1	A	1	MRTH	1	RA1	0.1	C:\Xcalibur\methods\method1	smb://storage3.ad.scilifelab.se/massstorage/edfors%20lab/01_hot/Martha/RAW	PRM_20251207_MarthaReselection_Plate_6_A1	Homo sapiens	blood plasma	Plate_6	MarthaReselection	not available	not available	F	not available	not available	not available	not available	1	Plate_6_A1	MRTH1-0052	not available	1	AC=EFO:0009656;NT=plasma	run 478	proteomic profiling by mass spectrometry	PRM_20251207_MarthaReselection_Plate_6_A1.raw	PRM_20251207_MarthaReselection_Plate_6_A1.raw	NT=Parallel Reaction Monitoring;AC=MS:1002956	AC=MS:1002038;NT=label free sample	1	NT=High-performance liquid chromatography;AC=PRIDE:0000565	1	AC=MS:1001251;NT=Trypsin	not available	NT=Stellar;AC=MS:1003409	NT=Carbamidomethyl;AC=UNIMOD:4;TA=C;MT=Fixed	NT=Higher-energy Collisional Dissociation;AC=MS:1000422	27 NCE	40 ppm	0.05 Da	MRTH
PRM_20251207_MarthaReselection_Plate_6_B1	B	1	MRTH	13	RB1	0.1	C:\Xcalibur\methods\method1	smb://storage3.ad.scilifelab.se/massstorage/edfors%20lab/01_hot/Martha/RAW	PRM_20251207_MarthaReselection_Plate_6_B1	Homo sapiens	blood plasma	Plate_6	MarthaReselection	not available	not available	M	not available	not available	not available	not available	2	Plate_6_B1	MRTH1-0972	not available	1	AC=EFO:0009656;NT=plasma	run 479	proteomic profiling by mass spectrometry	PRM_20251207_MarthaReselection_Plate_6_B1.raw	PRM_20251207_MarthaReselection_Plate_6_B1.raw	NT=Parallel Reaction Monitoring;AC=MS:1002956	AC=MS:1002038;NT=label free sample	1	NT=High-performance liquid chromatography;AC=PRIDE:0000565	1	AC=MS:1001251;NT=Trypsin	not available	NT=Stellar;AC=MS:1003409	NT=Carbamidomethyl;AC=UNIMOD:4;TA=C;MT=Fixed	NT=Higher-energy Collisional Dissociation;AC=MS:1000422	27 NCE	40 ppm	0.05 Da	MRTH
PRM_20251207_MarthaReselection_Plate_6_C1	C	1	MRTH	25	RC1	0.1	C:\Xcalibur\methods\method1	smb://storage3.ad.scilifelab.se/massstorage/edfors%20lab/01_hot/Martha/RAW	PRM_20251207_MarthaReselection_Plate_6_C1	Homo sapiens	blood plasma	Plate_6	MarthaReselection	not available	not available	F	not available	not available	not available	not available	3	Plate_6_C1	MRTH1-1376	not available	1	AC=EFO:0009656;NT=plasma	run 480	proteomic profiling by mass spectrometry	PRM_20251207_MarthaReselection_Plate_6_C1.raw	PRM_20251207_MarthaReselection_Plate_6_C1.raw	NT=Parallel Reaction Monitoring;AC=MS:1002956	AC=MS:1002038;NT=label free sample	1	NT=High-performance liquid chromatography;AC=PRIDE:0000565	1	AC=MS:1001251;NT=Trypsin	not available	NT=Stellar;AC=MS:1003409	NT=Carbamidomethyl;AC=UNIMOD:4;TA=C;MT=Fixed	NT=Higher-energy Collisional Dissociation;AC=MS:1000422	27 NCE	40 ppm	0.05 Da	MRTH
PRM_20251207_MarthaReselection_Plate_6_D1	D	1	MRTH	37	RD1	0.1	C:\Xcalibur\methods\method1	smb://storage3.ad.scilifelab.se/massstorage/edfors%20lab/01_hot/Martha/RAW	PRM_20251207_MarthaReselection_Plate_6_D1	Homo sapiens	blood plasma	Plate_6	MarthaReselection	not available	not available	M	not available	not available	not available	not available	4	Plate_6_D1	MRTH1-1377	not available	1	AC=EFO:0009656;NT=plasma	run 481	proteomic profiling by mass spectrometry	PRM_20251207_MarthaReselection_Plate_6_D1.raw	PRM_20251207_MarthaReselection_Plate_6_D1.raw	NT=Parallel Reaction Monitoring;AC=MS:1002956	AC=MS:1002038;NT=label free sample	1	NT=High-performance liquid chromatography;AC=PRIDE:0000565	1	AC=MS:1001251;NT=Trypsin	not available	NT=Stellar;AC=MS:1003409	NT=Carbamidomethyl;AC=UNIMOD:4;TA=C;MT=Fixed	NT=Higher-energy Collisional Dissociation;AC=MS:1000422	27 NCE	40 ppm	0.05 Da	MRTH
PRM_20251207_MarthaReselection_Plate_6_E1	E	1	MRTH	49	RE1	0.1	C:\Xcalibur\methods\method1	smb://storage3.ad.scilifelab.se/massstorage/edfors%20lab/01_hot/Martha/RAW	PRM_20251207_MarthaReselection_Plate_6_E1	Homo sapiens	blood plasma	Plate_6	MarthaReselection	not available	not available	F	not available	not available	not available	not available	5	Plate_6_E1	MRTH1-0283	not available	1	AC=EFO:0009656;NT=plasma	run 482	proteomic profiling by mass spectrometry	PRM_20251207_MarthaReselection_Plate_6_E1.raw	PRM_20251207_MarthaReselection_Plate_6_E1.raw	NT=Parallel Reaction Monitoring;AC=MS:1002956	AC=MS:1002038;NT=label free sample	1	NT=High-performance liquid chromatography;AC=PRIDE:0000565	1	AC=MS:1001251;NT=Trypsin	not available	NT=Stellar;AC=MS:1003409	NT=Carbamidomethyl;AC=UNIMOD:4;TA=C;MT=Fixed	NT=Higher-energy Collisional Dissociation;AC=MS:1000422	27 NCE	40 ppm	0.05 Da	MRTH
PRM_20251207_MarthaReselection_Plate_6_F1	F	1	MRTH	61	RF1	0.1	C:\Xcalibur\methods\method1	smb://storage3.ad.scilifelab.se/massstorage/edfors%20lab/01_hot/Martha/RAW	PRM_20251207_MarthaReselection_Plate_6_F1	Homo sapiens	blood plasma	Plate_6	MarthaReselection	not available	not available	F	not available	not available	not available	not available	6	Plate_6_F1	MRTH1-0231	not available	1	AC=EFO:0009656;NT=plasma	run 483	proteomic profiling by mass spectrometry	PRM_20251207_MarthaReselection_Plate_6_F1.raw	PRM_20251207_MarthaReselection_Plate_6_F1.raw	NT=Parallel Reaction Monitoring;AC=MS:1002956	AC=MS:1002038;NT=label free sample	1	NT=High-performance liquid chromatography;AC=PRIDE:0000565	1	AC=MS:1001251;NT=Trypsin	not available	NT=Stellar;AC=MS:1003409	NT=Carbamidomethyl;AC=UNIMOD:4;TA=C;MT=Fixed	NT=Higher-energy Collisional Dissociation;AC=MS:1000422	27 NCE	40 ppm	0.05 Da	MRTH
PRM_20251207_MarthaReselection_Plate_6_G1	G	1	MRTH	73	RG1	0.1	C:\Xcalibur\methods\method1	smb://storage3.ad.scilifelab.se/massstorage/edfors%20lab/01_hot/Martha/RAW	PRM_20251207_MarthaReselection_Plate_6_G1	Homo sapiens	blood plasma	Plate_6	MarthaReselection	not available	not available	M	not available	not available	not available	not available	7	Plate_6_G1	MRTH1-0500	not available	1	AC=EFO:0009656;NT=plasma	run 484	proteomic profiling by mass spectrometry	PRM_20251207_MarthaReselection_Plate_6_G1.raw	PRM_20251207_MarthaReselection_Plate_6_G1.raw	NT=Parallel Reaction Monitoring;AC=MS:1002956	AC=MS:1002038;NT=label free sample	1	NT=High-performance liquid chromatography;AC=PRIDE:0000565	1	AC=MS:1001251;NT=Trypsin	not available	NT=Stellar;AC=MS:1003409	NT=Carbamidomethyl;AC=UNIMOD:4;TA=C;MT=Fixed	NT=Higher-energy Collisional Dissociation;AC=MS:1000422	27 NCE	40 ppm	0.05 Da	MRTH
PRM_20251207_MarthaReselection_Plate_6_H1	H	1	MRTH	85	RH1	0.1	C:\Xcalibur\methods\method1	smb://storage3.ad.scilifelab.se/massstorage/edfors%20lab/01_hot/Martha/RAW	PRM_20251207_MarthaReselection_Plate_6_H1	Homo sapiens	blood plasma	Plate_6	MarthaReselection	not available	not available	M	not available	not available	not available	not available	8	Plate_6_H1	MRTH1-0543	not available	1	AC=EFO:0009656;NT=plasma	run 485	proteomic profiling by mass spectrometry	PRM_20251207_MarthaReselection_Plate_6_H1.raw	PRM_20251207_MarthaReselection_Plate_6_H1.raw	NT=Parallel Reaction Monitoring;AC=MS:1002956	AC=MS:1002038;NT=label free sample	1	NT=High-performance liquid chromatography;AC=PRIDE:0000565	1	AC=MS:1001251;NT=Trypsin	not available	NT=Stellar;AC=MS:1003409	NT=Carbamidomethyl;AC=UNIMOD:4;TA=C;MT=Fixed	NT=Higher-energy Collisional Dissociation;AC=MS:1000422	27 NCE	40 ppm	0.05 Da	MRTH
PRM_20251207_MarthaReselection_Plate_6_A2	A	2	MRTH	2	RA2	0.1	C:\Xcalibur\methods\method1	smb://storage3.ad.scilifelab.se/massstorage/edfors%20lab/01_hot/Martha/RAW	PRM_20251207_MarthaReselection_Plate_6_A2	Homo sapiens	blood plasma	Plate_6	MarthaReselection	not available	not available	M	not available	not available	not available	not available	9	Plate_6_A2	MRTH1-0551	not available	1	AC=EFO:0009656;NT=plasma	run 486	proteomic profiling by mass spectrometry	PRM_20251207_MarthaReselection_Plate_6_A2.raw	PRM_20251207_MarthaReselection_Plate_6_A2.raw	NT=Parallel Reaction Monitoring;AC=MS:1002956	AC=MS:1002038;NT=label free sample	1	NT=High-performance liquid chromatography;AC=PRIDE:0000565	1	AC=MS:1001251;NT=Trypsin	not available	NT=Stellar;AC=MS:1003409	NT=Carbamidomethyl;AC=UNIMOD:4;TA=C;MT=Fixed	NT=Higher-energy Collisional Dissociation;AC=MS:1000422	27 NCE	40 ppm	0.05 Da	MRTH
PRM_20251207_MarthaReselection_Plate_6_B2	B	2	MRTH	14	RB2	0.1	C:\Xcalibur\methods\method1	smb://storage3.ad.scilifelab.se/massstorage/edfors%20lab/01_hot/Martha/RAW	PRM_20251207_MarthaReselection_Plate_6_B2	Homo sapiens	blood plasma	Plate_6	MarthaReselection	not available	not available	F	not available	not available	not available	not available	10	Plate_6_B2	MRTH1-0502	not available	1	AC=EFO:0009656;NT=plasma	run 487	proteomic profiling by mass spectrometry	PRM_20251207_MarthaReselection_Plate_6_B2.raw	PRM_20251207_MarthaReselection_Plate_6_B2.raw	NT=Parallel Reaction Monitoring;AC=MS:1002956	AC=MS:1002038;NT=label free sample	1	NT=High-performance liquid chromatography;AC=PRIDE:0000565	1	AC=MS:1001251;NT=Trypsin	not available	NT=Stellar;AC=MS:1003409	NT=Carbamidomethyl;AC=UNIMOD:4;TA=C;MT=Fixed	NT=Higher-energy Collisional Dissociation;AC=MS:1000422	27 NCE	40 ppm	0.05 Da	MRTH
PRM_20251207_MarthaReselection_Plate_6_C2	C	2	MRTH	26	RC2	0.1	C:\Xcalibur\methods\method1	smb://storage3.ad.scilifelab.se/massstorage/edfors%20lab/01_hot/Martha/RAW	PRM_20251207_MarthaReselection_Plate_6_C2	Homo sapiens	blood plasma	Plate_6	MarthaReselection	not available	not available	F	not available	not available	not available	not available	11	Plate_6_C2	MRTH1-1081	not available	1	AC=EFO:0009656;NT=plasma	run 488	proteomic profiling by mass spectrometry	PRM_20251207_MarthaReselection_Plate_6_C2.raw	PRM_20251207_MarthaReselection_Plate_6_C2.raw	NT=Parallel Reaction Monitoring;AC=MS:1002956	AC=MS:1002038;NT=label free sample	1	NT=High-performance liquid chromatography;AC=PRIDE:0000565	1	AC=MS:1001251;NT=Trypsin	not available	NT=Stellar;AC=MS:1003409	NT=Carbamidomethyl;AC=UNIMOD:4;TA=C;MT=Fixed	NT=Higher-energy Collisional Dissociation;AC=MS:1000422	27 NCE	40 ppm	0.05 Da	MRTH
PRM_20251207_MarthaReselection_Plate_6_D2	D	2	MRTH	38	RD2	0.1	C:\Xcalibur\methods\method1	smb://storage3.ad.scilifelab.se/massstorage/edfors%20lab/01_hot/Martha/RAW	PRM_20251207_MarthaReselection_Plate_6_D2	Homo sapiens	blood plasma	Plate_6	MarthaReselection	not available	not available	F	not available	not available	not available	not available	12	Plate_6_D2	MRTH1-0346	not available	1	AC=EFO:0009656;NT=plasma	run 489	proteomic profiling by mass spectrometry	PRM_20251207_MarthaReselection_Plate_6_D2.raw	PRM_20251207_MarthaReselection_Plate_6_D2.raw	NT=Parallel Reaction Monitoring;AC=MS:1002956	AC=MS:1002038;NT=label free sample	1	NT=High-performance liquid chromatography;AC=PRIDE:0000565	1	AC=MS:1001251;NT=Trypsin	not available	NT=Stellar;AC=MS:1003409	NT=Carbamidomethyl;AC=UNIMOD:4;TA=C;MT=Fixed	NT=Higher-energy Collisional Dissociation;AC=MS:1000422	27 NCE	40 ppm	0.05 Da	MRTH
PRM_20251207_MarthaReselection_Plate_6_E2	E	2	MRTH	50	RE2	0.1	C:\Xcalibur\methods\method1	smb://storage3.ad.scilifelab.se/massstorage/edfors%20lab/01_hot/Martha/RAW	PRM_20251207_MarthaReselection_Plate_6_E2	Homo sapiens	blood plasma	Plate_6	MarthaReselection	not available	not available	F	not available	not available	not available	not available	13	Plate_6_E2	MRTH1-0205	not available	1	AC=EFO:0009656;NT=plasma	run 490	proteomic profiling by mass spectrometry	PRM_20251207_MarthaReselection_Plate_6_E2.raw	PRM_20251207_MarthaReselection_Plate_6_E2.raw	NT=Parallel Reaction Monitoring;AC=MS:1002956	AC=MS:1002038;NT=label free sample	1	NT=High-performance liquid chromatography;AC=PRIDE:0000565	1	AC=MS:1001251;NT=Trypsin	not available	NT=Stellar;AC=MS:1003409	NT=Carbamidomethyl;AC=UNIMOD:4;TA=C;MT=Fixed	NT=Higher-energy Collisional Dissociation;AC=MS:1000422	27 NCE	40 ppm	0.05 Da	MRTH
PRM_20251207_MarthaReselection_Plate_6_F2	F	2	MRTH	62	RF2	0.1	C:\Xcalibur\methods\method1	smb://storage3.ad.scilifelab.se/massstorage/edfors%20lab/01_hot/Martha/RAW	PRM_20251207_MarthaReselection_Plate_6_F2	Homo sapiens	blood plasma	Plate_6	MarthaReselection	not available	not available	F	not available	not available	not available	not available	14	Plate_6_F2	MRTH1-1155	not available	1	AC=EFO:0009656;NT=plasma	run 491	proteomic profiling by mass spectrometry	PRM_20251207_MarthaReselection_Plate_6_F2.raw	PRM_20251207_MarthaReselection_Plate_6_F2.raw	NT=Parallel Reaction Monitoring;AC=MS:1002956	AC=MS:1002038;NT=label free sample	1	NT=High-performance liquid chromatography;AC=PRIDE:0000565	1	AC=MS:1001251;NT=Trypsin	not available	NT=Stellar;AC=MS:1003409	NT=Carbamidomethyl;AC=UNIMOD:4;TA=C;MT=Fixed	NT=Higher-energy Collisional Dissociation;AC=MS:1000422	27 NCE	40 ppm	0.05 Da	MRTH
PRM_20251207_MarthaReselection_Plate_6_G2	G	2	Pool	74	RG2	0.1	C:\Xcalibur\methods\method1	smb://storage3.ad.scilifelab.se/massstorage/edfors%20lab/01_hot/Martha/RAW	PRM_20251207_MarthaReselection_Plate_6_G2	Homo sapiens	blood plasma	Plate_6	MarthaReselection	not available	not available	NA	not available	not available	not available	not available	15	Plate_6_G2	EMPTY-0001	not available	1	AC=EFO:0009656;NT=plasma	run 492	proteomic profiling by mass spectrometry	PRM_20251207_MarthaReselection_Plate_6_G2.raw	PRM_20251207_MarthaReselection_Plate_6_G2.raw	NT=Parallel Reaction Monitoring;AC=MS:1002956	AC=MS:1002038;NT=label free sample	1	NT=High-performance liquid chromatography;AC=PRIDE:0000565	1	AC=MS:1001251;NT=Trypsin	not available	NT=Stellar;AC=MS:1003409	NT=Carbamidomethyl;AC=UNIMOD:4;TA=C;MT=Fixed	NT=Higher-energy Collisional Dissociation;AC=MS:1000422	27 NCE	40 ppm	0.05 Da	Pool
PRM_20251207_MarthaReselection_Plate_6_H2	H	2	MRTH	86	RH2	0.1	C:\Xcalibur\methods\method1	smb://storage3.ad.scilifelab.se/massstorage/edfors%20lab/01_hot/Martha/RAW	PRM_20251207_MarthaReselection_Plate_6_H2	Homo sapiens	blood plasma	Plate_6	MarthaReselection	not available	not available	F	not available	not available	not available	not available	16	Plate_6_H2	MRTH1-1075	not available	1	AC=EFO:0009656;NT=plasma	run 493	proteomic profiling by mass spectrometry	PRM_20251207_MarthaReselection_Plate_6_H2.raw	PRM_20251207_MarthaReselection_Plate_6_H2.raw	NT=Parallel Reaction Monitoring;AC=MS:1002956	AC=MS:1002038;NT=label free sample	1	NT=High-performance liquid chromatography;AC=PRIDE:0000565	1	AC=MS:1001251;NT=Trypsin	not available	NT=Stellar;AC=MS:1003409	NT=Carbamidomethyl;AC=UNIMOD:4;TA=C;MT=Fixed	NT=Higher-energy Collisional Dissociation;AC=MS:1000422	27 NCE	40 ppm	0.05 Da	MRTH
PRM_20251207_MarthaReselection_Plate_6_A3	A	3	MRTH	3	RA3	0.1	C:\Xcalibur\methods\method1	smb://storage3.ad.scilifelab.se/massstorage/edfors%20lab/01_hot/Martha/RAW	PRM_20251207_MarthaReselection_Plate_6_A3	Homo sapiens	blood plasma	Plate_6	MarthaReselection	not available	not available	M	not available	not available	not available	not available	17	Plate_6_A3	MRTH1-0645	not available	1	AC=EFO:0009656;NT=plasma	run 494	proteomic profiling by mass spectrometry	PRM_20251207_MarthaReselection_Plate_6_A3.raw	PRM_20251207_MarthaReselection_Plate_6_A3.raw	NT=Parallel Reaction Monitoring;AC=MS:1002956	AC=MS:1002038;NT=label free sample	1	NT=High-performance liquid chromatography;AC=PRIDE:0000565	1	AC=MS:1001251;NT=Trypsin	not available	NT=Stellar;AC=MS:1003409	NT=Carbamidomethyl;AC=UNIMOD:4;TA=C;MT=Fixed	NT=Higher-energy Collisional Dissociation;AC=MS:1000422	27 NCE	40 ppm	0.05 Da	MRTH
PRM_20251207_MarthaReselection_Plate_6_B3	B	3	MRTH	15	RB3	0.1	C:\Xcalibur\methods\method1	smb://storage3.ad.scilifelab.se/massstorage/edfors%20lab/01_hot/Martha/RAW	PRM_20251207_MarthaReselection_Plate_6_B3	Homo sapiens	blood plasma	Plate_6	MarthaReselection	not available	not available	F	not available	not available	not available	not available	18	Plate_6_B3	MRTH1-1232	not available	1	AC=EFO:0009656;NT=plasma	run 495	proteomic profiling by mass spectrometry	PRM_20251207_MarthaReselection_Plate_6_B3.raw	PRM_20251207_MarthaReselection_Plate_6_B3.raw	NT=Parallel Reaction Monitoring;AC=MS:1002956	AC=MS:1002038;NT=label free sample	1	NT=High-performance liquid chromatography;AC=PRIDE:0000565	1	AC=MS:1001251;NT=Trypsin	not available	NT=Stellar;AC=MS:1003409	NT=Carbamidomethyl;AC=UNIMOD:4;TA=C;MT=Fixed	NT=Higher-energy Collisional Dissociation;AC=MS:1000422	27 NCE	40 ppm	0.05 Da	MRTH
PRM_20251207_MarthaReselection_Plate_6_C3	C	3	MRTH	27	RC3	0.1	C:\Xcalibur\methods\method1	smb://storage3.ad.scilifelab.se/massstorage/edfors%20lab/01_hot/Martha/RAW	PRM_20251207_MarthaReselection_Plate_6_C3	Homo sapiens	blood plasma	Plate_6	MarthaReselection	not available	not available	M	not available	not available	not available	not available	19	Plate_6_C3	MRTH1-0967	not available	1	AC=EFO:0009656;NT=plasma	run 496	proteomic profiling by mass spectrometry	PRM_20251207_MarthaReselection_Plate_6_C3.raw	PRM_20251207_MarthaReselection_Plate_6_C3.raw	NT=Parallel Reaction Monitoring;AC=MS:1002956	AC=MS:1002038;NT=label free sample	1	NT=High-performance liquid chromatography;AC=PRIDE:0000565	1	AC=MS:1001251;NT=Trypsin	not available	NT=Stellar;AC=MS:1003409	NT=Carbamidomethyl;AC=UNIMOD:4;TA=C;MT=Fixed	NT=Higher-energy Collisional Dissociation;AC=MS:1000422	27 NCE	40 ppm	0.05 Da	MRTH
PRM_20251207_MarthaReselection_Plate_6_D3	D	3	MRTH	39	RD3	0.1	C:\Xcalibur\methods\method1	smb://storage3.ad.scilifelab.se/massstorage/edfors%20lab/01_hot/Martha/RAW	PRM_20251207_MarthaReselection_Plate_6_D3	Homo sapiens	blood plasma	Plate_6	MarthaReselection	not available	not available	F	not available	not available	not available	not available	20	Plate_6_D3	MRTH1-1301	not available	1	AC=EFO:0009656;NT=plasma	run 497	proteomic profiling by mass spectrometry	PRM_20251207_MarthaReselection_Plate_6_D3.raw	PRM_20251207_MarthaReselection_Plate_6_D3.raw	NT=Parallel Reaction Monitoring;AC=MS:1002956	AC=MS:1002038;NT=label free sample	1	NT=High-performance liquid chromatography;AC=PRIDE:0000565	1	AC=MS:1001251;NT=Trypsin	not available	NT=Stellar;AC=MS:1003409	NT=Carbamidomethyl;AC=UNIMOD:4;TA=C;MT=Fixed	NT=Higher-energy Collisional Dissociation;AC=MS:1000422	27 NCE	40 ppm	0.05 Da	MRTH
PRM_20251207_MarthaReselection_Plate_6_E3	E	3	MRTH	51	RE3	0.1	C:\Xcalibur\methods\method1	smb://storage3.ad.scilifelab.se/massstorage/edfors%20lab/01_hot/Martha/RAW	PRM_20251207_MarthaReselection_Plate_6_E3	Homo sapiens	blood plasma	Plate_6	MarthaReselection	not available	not available	F	not available	not available	not available	not available	21	Plate_6_E3	MRTH1-0220	not available	1	AC=EFO:0009656;NT=plasma	run 498	proteomic profiling by mass spectrometry	PRM_20251207_MarthaReselection_Plate_6_E3.raw	PRM_20251207_MarthaReselection_Plate_6_E3.raw	NT=Parallel Reaction Monitoring;AC=MS:1002956	AC=MS:1002038;NT=label free sample	1	NT=High-performance liquid chromatography;AC=PRIDE:0000565	1	AC=MS:1001251;NT=Trypsin	not available	NT=Stellar;AC=MS:1003409	NT=Carbamidomethyl;AC=UNIMOD:4;TA=C;MT=Fixed	NT=Higher-energy Collisional Dissociation;AC=MS:1000422	27 NCE	40 ppm	0.05 Da	MRTH
PRM_20251207_MarthaReselection_Plate_6_F3	F	3	MRTH	63	RF3	0.1	C:\Xcalibur\methods\method1	smb://storage3.ad.scilifelab.se/massstorage/edfors%20lab/01_hot/Martha/RAW	PRM_20251207_MarthaReselection_Plate_6_F3	Homo sapiens	blood plasma	Plate_6	MarthaReselection	not available	not available	F	not available	not available	not available	not available	22	Plate_6_F3	MRTH1-1199	not available	1	AC=EFO:0009656;NT=plasma	run 499	proteomic profiling by mass spectrometry	PRM_20251207_MarthaReselection_Plate_6_F3.raw	PRM_20251207_MarthaReselection_Plate_6_F3.raw	NT=Parallel Reaction Monitoring;AC=MS:1002956	AC=MS:1002038;NT=label free sample	1	NT=High-performance liquid chromatography;AC=PRIDE:0000565	1	AC=MS:1001251;NT=Trypsin	not available	NT=Stellar;AC=MS:1003409	NT=Carbamidomethyl;AC=UNIMOD:4;TA=C;MT=Fixed	NT=Higher-energy Collisional Dissociation;AC=MS:1000422	27 NCE	40 ppm	0.05 Da	MRTH
PRM_20251207_MarthaReselection_Plate_6_G3	G	3	MRTH	75	RG3	0.1	C:\Xcalibur\methods\method1	smb://storage3.ad.scilifelab.se/massstorage/edfors%20lab/01_hot/Martha/RAW	PRM_20251207_MarthaReselection_Plate_6_G3	Homo sapiens	blood plasma	Plate_6	MarthaReselection	not available	not available	M	not available	not available	not available	not available	23	Plate_6_G3	MRTH1-0509	not available	1	AC=EFO:0009656;NT=plasma	run 500	proteomic profiling by mass spectrometry	PRM_20251207_MarthaReselection_Plate_6_G3.raw	PRM_20251207_MarthaReselection_Plate_6_G3.raw	NT=Parallel Reaction Monitoring;AC=MS:1002956	AC=MS:1002038;NT=label free sample	1	NT=High-performance liquid chromatography;AC=PRIDE:0000565	1	AC=MS:1001251;NT=Trypsin	not available	NT=Stellar;AC=MS:1003409	NT=Carbamidomethyl;AC=UNIMOD:4;TA=C;MT=Fixed	NT=Higher-energy Collisional Dissociation;AC=MS:1000422	27 NCE	40 ppm	0.05 Da	MRTH
PRM_20251207_MarthaReselection_Plate_6_H3	H	3	MRTH	87	RH3	0.1	C:\Xcalibur\methods\method1	smb://storage3.ad.scilifelab.se/massstorage/edfors%20lab/01_hot/Martha/RAW	PRM_20251207_MarthaReselection_Plate_6_H3	Homo sapiens	blood plasma	Plate_6	MarthaReselection	not available	not available	F	not available	not available	not available	not available	24	Plate_6_H3	MRTH1-1355	not available	1	AC=EFO:0009656;NT=plasma	run 501	proteomic profiling by mass spectrometry	PRM_20251207_MarthaReselection_Plate_6_H3.raw	PRM_20251207_MarthaReselection_Plate_6_H3.raw	NT=Parallel Reaction Monitoring;AC=MS:1002956	AC=MS:1002038;NT=label free sample	1	NT=High-performance liquid chromatography;AC=PRIDE:0000565	1	AC=MS:1001251;NT=Trypsin	not available	NT=Stellar;AC=MS:1003409	NT=Carbamidomethyl;AC=UNIMOD:4;TA=C;MT=Fixed	NT=Higher-energy Collisional Dissociation;AC=MS:1000422	27 NCE	40 ppm	0.05 Da	MRTH
PRM_20251207_MarthaReselection_Plate_6_A4	A	4	MRTH	4	RA4	0.1	C:\Xcalibur\methods\method1	smb://storage3.ad.scilifelab.se/massstorage/edfors%20lab/01_hot/Martha/RAW	PRM_20251207_MarthaReselection_Plate_6_A4	Homo sapiens	blood plasma	Plate_6	MarthaReselection	not available	not available	F	not available	not available	not available	not available	25	Plate_6_A4	MRTH1-1383	not available	1	AC=EFO:0009656;NT=plasma	run 502	proteomic profiling by mass spectrometry	PRM_20251207_MarthaReselection_Plate_6_A4.raw	PRM_20251207_MarthaReselection_Plate_6_A4.raw	NT=Parallel Reaction Monitoring;AC=MS:1002956	AC=MS:1002038;NT=label free sample	1	NT=High-performance liquid chromatography;AC=PRIDE:0000565	1	AC=MS:1001251;NT=Trypsin	not available	NT=Stellar;AC=MS:1003409	NT=Carbamidomethyl;AC=UNIMOD:4;TA=C;MT=Fixed	NT=Higher-energy Collisional Dissociation;AC=MS:1000422	27 NCE	40 ppm	0.05 Da	MRTH
PRM_20251207_MarthaReselection_Plate_6_B4	B	4	MRTH	16	RB4	0.1	C:\Xcalibur\methods\method1	smb://storage3.ad.scilifelab.se/massstorage/edfors%20lab/01_hot/Martha/RAW	PRM_20251207_MarthaReselection_Plate_6_B4	Homo sapiens	blood plasma	Plate_6	MarthaReselection	not available	not available	F	not available	not available	not available	not available	26	Plate_6_B4	MRTH1-0490	not available	1	AC=EFO:0009656;NT=plasma	run 503	proteomic profiling by mass spectrometry	PRM_20251207_MarthaReselection_Plate_6_B4.raw	PRM_20251207_MarthaReselection_Plate_6_B4.raw	NT=Parallel Reaction Monitoring;AC=MS:1002956	AC=MS:1002038;NT=label free sample	1	NT=High-performance liquid chromatography;AC=PRIDE:0000565	1	AC=MS:1001251;NT=Trypsin	not available	NT=Stellar;AC=MS:1003409	NT=Carbamidomethyl;AC=UNIMOD:4;TA=C;MT=Fixed	NT=Higher-energy Collisional Dissociation;AC=MS:1000422	27 NCE	40 ppm	0.05 Da	MRTH
PRM_20251207_MarthaReselection_Plate_6_C4	C	4	MRTH	28	RC4	0.1	C:\Xcalibur\methods\method1	smb://storage3.ad.scilifelab.se/massstorage/edfors%20lab/01_hot/Martha/RAW	PRM_20251207_MarthaReselection_Plate_6_C4	Homo sapiens	blood plasma	Plate_6	MarthaReselection	not available	not available	F	not available	not available	not available	not available	27	Plate_6_C4	MRTH1-0104	not available	1	AC=EFO:0009656;NT=plasma	run 504	proteomic profiling by mass spectrometry	PRM_20251207_MarthaReselection_Plate_6_C4.raw	PRM_20251207_MarthaReselection_Plate_6_C4.raw	NT=Parallel Reaction Monitoring;AC=MS:1002956	AC=MS:1002038;NT=label free sample	1	NT=High-performance liquid chromatography;AC=PRIDE:0000565	1	AC=MS:1001251;NT=Trypsin	not available	NT=Stellar;AC=MS:1003409	NT=Carbamidomethyl;AC=UNIMOD:4;TA=C;MT=Fixed	NT=Higher-energy Collisional Dissociation;AC=MS:1000422	27 NCE	40 ppm	0.05 Da	MRTH
PRM_20251207_MarthaReselection_Plate_6_D4	D	4	MRTH	40	RD4	0.1	C:\Xcalibur\methods\method1	smb://storage3.ad.scilifelab.se/massstorage/edfors%20lab/01_hot/Martha/RAW	PRM_20251207_MarthaReselection_Plate_6_D4	Homo sapiens	blood plasma	Plate_6	MarthaReselection	not available	not available	M	not available	not available	not available	not available	28	Plate_6_D4	MRTH1-0406	not available	1	AC=EFO:0009656;NT=plasma	run 505	proteomic profiling by mass spectrometry	PRM_20251207_MarthaReselection_Plate_6_D4.raw	PRM_20251207_MarthaReselection_Plate_6_D4.raw	NT=Parallel Reaction Monitoring;AC=MS:1002956	AC=MS:1002038;NT=label free sample	1	NT=High-performance liquid chromatography;AC=PRIDE:0000565	1	AC=MS:1001251;NT=Trypsin	not available	NT=Stellar;AC=MS:1003409	NT=Carbamidomethyl;AC=UNIMOD:4;TA=C;MT=Fixed	NT=Higher-energy Collisional Dissociation;AC=MS:1000422	27 NCE	40 ppm	0.05 Da	MRTH
PRM_20251207_MarthaReselection_Plate_6_E4	E	4	MRTH	52	RE4	0.1	C:\Xcalibur\methods\method1	smb://storage3.ad.scilifelab.se/massstorage/edfors%20lab/01_hot/Martha/RAW	PRM_20251207_MarthaReselection_Plate_6_E4	Homo sapiens	blood plasma	Plate_6	MarthaReselection	not available	not available	M	not available	not available	not available	not available	29	Plate_6_E4	MRTH1-0352	not available	1	AC=EFO:0009656;NT=plasma	run 506	proteomic profiling by mass spectrometry	PRM_20251207_MarthaReselection_Plate_6_E4.raw	PRM_20251207_MarthaReselection_Plate_6_E4.raw	NT=Parallel Reaction Monitoring;AC=MS:1002956	AC=MS:1002038;NT=label free sample	1	NT=High-performance liquid chromatography;AC=PRIDE:0000565	1	AC=MS:1001251;NT=Trypsin	not available	NT=Stellar;AC=MS:1003409	NT=Carbamidomethyl;AC=UNIMOD:4;TA=C;MT=Fixed	NT=Higher-energy Collisional Dissociation;AC=MS:1000422	27 NCE	40 ppm	0.05 Da	MRTH
PRM_20251207_MarthaReselection_Plate_6_F4	F	4	MRTH	64	RF4	0.1	C:\Xcalibur\methods\method1	smb://storage3.ad.scilifelab.se/massstorage/edfors%20lab/01_hot/Martha/RAW	PRM_20251207_MarthaReselection_Plate_6_F4	Homo sapiens	blood plasma	Plate_6	MarthaReselection	not available	not available	F	not available	not available	not available	not available	30	Plate_6_F4	MRTH1-0920	not available	1	AC=EFO:0009656;NT=plasma	run 507	proteomic profiling by mass spectrometry	PRM_20251207_MarthaReselection_Plate_6_F4.raw	PRM_20251207_MarthaReselection_Plate_6_F4.raw	NT=Parallel Reaction Monitoring;AC=MS:1002956	AC=MS:1002038;NT=label free sample	1	NT=High-performance liquid chromatography;AC=PRIDE:0000565	1	AC=MS:1001251;NT=Trypsin	not available	NT=Stellar;AC=MS:1003409	NT=Carbamidomethyl;AC=UNIMOD:4;TA=C;MT=Fixed	NT=Higher-energy Collisional Dissociation;AC=MS:1000422	27 NCE	40 ppm	0.05 Da	MRTH
PRM_20251207_MarthaReselection_Plate_6_G4	G	4	MRTH	76	RG4	0.1	C:\Xcalibur\methods\method1	smb://storage3.ad.scilifelab.se/massstorage/edfors%20lab/01_hot/Martha/RAW	PRM_20251207_MarthaReselection_Plate_6_G4	Homo sapiens	blood plasma	Plate_6	MarthaReselection	not available	not available	F	not available	not available	not available	not available	31	Plate_6_G4	MRTH1-1321	not available	1	AC=EFO:0009656;NT=plasma	run 508	proteomic profiling by mass spectrometry	PRM_20251207_MarthaReselection_Plate_6_G4.raw	PRM_20251207_MarthaReselection_Plate_6_G4.raw	NT=Parallel Reaction Monitoring;AC=MS:1002956	AC=MS:1002038;NT=label free sample	1	NT=High-performance liquid chromatography;AC=PRIDE:0000565	1	AC=MS:1001251;NT=Trypsin	not available	NT=Stellar;AC=MS:1003409	NT=Carbamidomethyl;AC=UNIMOD:4;TA=C;MT=Fixed	NT=Higher-energy Collisional Dissociation;AC=MS:1000422	27 NCE	40 ppm	0.05 Da	MRTH
PRM_20251207_MarthaReselection_Plate_6_H4	H	4	MRTH	88	RH4	0.1	C:\Xcalibur\methods\method1	smb://storage3.ad.scilifelab.se/massstorage/edfors%20lab/01_hot/Martha/RAW	PRM_20251207_MarthaReselection_Plate_6_H4	Homo sapiens	blood plasma	Plate_6	MarthaReselection	not available	not available	M	not available	not available	not available	not available	32	Plate_6_H4	MRTH1-0580	not available	1	AC=EFO:0009656;NT=plasma	run 509	proteomic profiling by mass spectrometry	PRM_20251207_MarthaReselection_Plate_6_H4.raw	PRM_20251207_MarthaReselection_Plate_6_H4.raw	NT=Parallel Reaction Monitoring;AC=MS:1002956	AC=MS:1002038;NT=label free sample	1	NT=High-performance liquid chromatography;AC=PRIDE:0000565	1	AC=MS:1001251;NT=Trypsin	not available	NT=Stellar;AC=MS:1003409	NT=Carbamidomethyl;AC=UNIMOD:4;TA=C;MT=Fixed	NT=Higher-energy Collisional Dissociation;AC=MS:1000422	27 NCE	40 ppm	0.05 Da	MRTH
PRM_20251207_MarthaReselection_Plate_6_A5	A	5	MRTH	5	RA5	0.1	C:\Xcalibur\methods\method1	smb://storage3.ad.scilifelab.se/massstorage/edfors%20lab/01_hot/Martha/RAW	PRM_20251207_MarthaReselection_Plate_6_A5	Homo sapiens	blood plasma	Plate_6	MarthaReselection	not available	not available	F	not available	not available	not available	not available	33	Plate_6_A5	MRTH1-0147	not available	1	AC=EFO:0009656;NT=plasma	run 510	proteomic profiling by mass spectrometry	PRM_20251207_MarthaReselection_Plate_6_A5.raw	PRM_20251207_MarthaReselection_Plate_6_A5.raw	NT=Parallel Reaction Monitoring;AC=MS:1002956	AC=MS:1002038;NT=label free sample	1	NT=High-performance liquid chromatography;AC=PRIDE:0000565	1	AC=MS:1001251;NT=Trypsin	not available	NT=Stellar;AC=MS:1003409	NT=Carbamidomethyl;AC=UNIMOD:4;TA=C;MT=Fixed	NT=Higher-energy Collisional Dissociation;AC=MS:1000422	27 NCE	40 ppm	0.05 Da	MRTH
PRM_20251207_MarthaReselection_Plate_6_B5	B	5	MRTH	17	RB5	0.1	C:\Xcalibur\methods\method1	smb://storage3.ad.scilifelab.se/massstorage/edfors%20lab/01_hot/Martha/RAW	PRM_20251207_MarthaReselection_Plate_6_B5	Homo sapiens	blood plasma	Plate_6	MarthaReselection	not available	not available	M	not available	not available	not available	not available	34	Plate_6_B5	MRTH1-0684	not available	1	AC=EFO:0009656;NT=plasma	run 511	proteomic profiling by mass spectrometry	PRM_20251207_MarthaReselection_Plate_6_B5.raw	PRM_20251207_MarthaReselection_Plate_6_B5.raw	NT=Parallel Reaction Monitoring;AC=MS:1002956	AC=MS:1002038;NT=label free sample	1	NT=High-performance liquid chromatography;AC=PRIDE:0000565	1	AC=MS:1001251;NT=Trypsin	not available	NT=Stellar;AC=MS:1003409	NT=Carbamidomethyl;AC=UNIMOD:4;TA=C;MT=Fixed	NT=Higher-energy Collisional Dissociation;AC=MS:1000422	27 NCE	40 ppm	0.05 Da	MRTH
PRM_20251207_MarthaReselection_Plate_6_C5	C	5	MRTH	29	RC5	0.1	C:\Xcalibur\methods\method1	smb://storage3.ad.scilifelab.se/massstorage/edfors%20lab/01_hot/Martha/RAW	PRM_20251207_MarthaReselection_Plate_6_C5	Homo sapiens	blood plasma	Plate_6	MarthaReselection	not available	not available	F	not available	not available	not available	not available	35	Plate_6_C5	MRTH1-0117	not available	1	AC=EFO:0009656;NT=plasma	run 512	proteomic profiling by mass spectrometry	PRM_20251207_MarthaReselection_Plate_6_C5.raw	PRM_20251207_MarthaReselection_Plate_6_C5.raw	NT=Parallel Reaction Monitoring;AC=MS:1002956	AC=MS:1002038;NT=label free sample	1	NT=High-performance liquid chromatography;AC=PRIDE:0000565	1	AC=MS:1001251;NT=Trypsin	not available	NT=Stellar;AC=MS:1003409	NT=Carbamidomethyl;AC=UNIMOD:4;TA=C;MT=Fixed	NT=Higher-energy Collisional Dissociation;AC=MS:1000422	27 NCE	40 ppm	0.05 Da	MRTH
PRM_20251207_MarthaReselection_Plate_6_D5	D	5	MRTH	41	RD5	0.1	C:\Xcalibur\methods\method1	smb://storage3.ad.scilifelab.se/massstorage/edfors%20lab/01_hot/Martha/RAW	PRM_20251207_MarthaReselection_Plate_6_D5	Homo sapiens	blood plasma	Plate_6	MarthaReselection	not available	not available	F	not available	not available	not available	not available	36	Plate_6_D5	MRTH1-1245	not available	1	AC=EFO:0009656;NT=plasma	run 513	proteomic profiling by mass spectrometry	PRM_20251207_MarthaReselection_Plate_6_D5.raw	PRM_20251207_MarthaReselection_Plate_6_D5.raw	NT=Parallel Reaction Monitoring;AC=MS:1002956	AC=MS:1002038;NT=label free sample	1	NT=High-performance liquid chromatography;AC=PRIDE:0000565	1	AC=MS:1001251;NT=Trypsin	not available	NT=Stellar;AC=MS:1003409	NT=Carbamidomethyl;AC=UNIMOD:4;TA=C;MT=Fixed	NT=Higher-energy Collisional Dissociation;AC=MS:1000422	27 NCE	40 ppm	0.05 Da	MRTH
PRM_20251207_MarthaReselection_Plate_6_E5	E	5	MRTH	53	RE5	0.1	C:\Xcalibur\methods\method1	smb://storage3.ad.scilifelab.se/massstorage/edfors%20lab/01_hot/Martha/RAW	PRM_20251207_MarthaReselection_Plate_6_E5	Homo sapiens	blood plasma	Plate_6	MarthaReselection	not available	not available	F	not available	not available	not available	not available	37	Plate_6_E5	MRTH1-0448	not available	1	AC=EFO:0009656;NT=plasma	run 514	proteomic profiling by mass spectrometry	PRM_20251207_MarthaReselection_Plate_6_E5.raw	PRM_20251207_MarthaReselection_Plate_6_E5.raw	NT=Parallel Reaction Monitoring;AC=MS:1002956	AC=MS:1002038;NT=label free sample	1	NT=High-performance liquid chromatography;AC=PRIDE:0000565	1	AC=MS:1001251;NT=Trypsin	not available	NT=Stellar;AC=MS:1003409	NT=Carbamidomethyl;AC=UNIMOD:4;TA=C;MT=Fixed	NT=Higher-energy Collisional Dissociation;AC=MS:1000422	27 NCE	40 ppm	0.05 Da	MRTH
PRM_20251207_MarthaReselection_Plate_6_F5	F	5	MRTH	65	RF5	0.1	C:\Xcalibur\methods\method1	smb://storage3.ad.scilifelab.se/massstorage/edfors%20lab/01_hot/Martha/RAW	PRM_20251207_MarthaReselection_Plate_6_F5	Homo sapiens	blood plasma	Plate_6	MarthaReselection	not available	not available	F	not available	not available	not available	not available	38	Plate_6_F5	MRTH1-0690	not available	1	AC=EFO:0009656;NT=plasma	run 515	proteomic profiling by mass spectrometry	PRM_20251207_MarthaReselection_Plate_6_F5.raw	PRM_20251207_MarthaReselection_Plate_6_F5.raw	NT=Parallel Reaction Monitoring;AC=MS:1002956	AC=MS:1002038;NT=label free sample	1	NT=High-performance liquid chromatography;AC=PRIDE:0000565	1	AC=MS:1001251;NT=Trypsin	not available	NT=Stellar;AC=MS:1003409	NT=Carbamidomethyl;AC=UNIMOD:4;TA=C;MT=Fixed	NT=Higher-energy Collisional Dissociation;AC=MS:1000422	27 NCE	40 ppm	0.05 Da	MRTH
PRM_20251207_MarthaReselection_Plate_6_G5	G	5	MRTH	77	RG5	0.1	C:\Xcalibur\methods\method1	smb://storage3.ad.scilifelab.se/massstorage/edfors%20lab/01_hot/Martha/RAW	PRM_20251207_MarthaReselection_Plate_6_G5	Homo sapiens	blood plasma	Plate_6	MarthaReselection	not available	not available	F	not available	not available	not available	not available	39	Plate_6_G5	MRTH1-0219	not available	1	AC=EFO:0009656;NT=plasma	run 516	proteomic profiling by mass spectrometry	PRM_20251207_MarthaReselection_Plate_6_G5.raw	PRM_20251207_MarthaReselection_Plate_6_G5.raw	NT=Parallel Reaction Monitoring;AC=MS:1002956	AC=MS:1002038;NT=label free sample	1	NT=High-performance liquid chromatography;AC=PRIDE:0000565	1	AC=MS:1001251;NT=Trypsin	not available	NT=Stellar;AC=MS:1003409	NT=Carbamidomethyl;AC=UNIMOD:4;TA=C;MT=Fixed	NT=Higher-energy Collisional Dissociation;AC=MS:1000422	27 NCE	40 ppm	0.05 Da	MRTH
PRM_20251207_MarthaReselection_Plate_6_H5	H	5	MRTH	89	RH5	0.1	C:\Xcalibur\methods\method1	smb://storage3.ad.scilifelab.se/massstorage/edfors%20lab/01_hot/Martha/RAW	PRM_20251207_MarthaReselection_Plate_6_H5	Homo sapiens	blood plasma	Plate_6	MarthaReselection	not available	not available	M	not available	not available	not available	not available	40	Plate_6_H5	MRTH1-1384	not available	1	AC=EFO:0009656;NT=plasma	run 517	proteomic profiling by mass spectrometry	PRM_20251207_MarthaReselection_Plate_6_H5.raw	PRM_20251207_MarthaReselection_Plate_6_H5.raw	NT=Parallel Reaction Monitoring;AC=MS:1002956	AC=MS:1002038;NT=label free sample	1	NT=High-performance liquid chromatography;AC=PRIDE:0000565	1	AC=MS:1001251;NT=Trypsin	not available	NT=Stellar;AC=MS:1003409	NT=Carbamidomethyl;AC=UNIMOD:4;TA=C;MT=Fixed	NT=Higher-energy Collisional Dissociation;AC=MS:1000422	27 NCE	40 ppm	0.05 Da	MRTH
PRM_20251207_MarthaReselection_Plate_6_A6	A	6	MRTH	6	RA6	0.1	C:\Xcalibur\methods\method1	smb://storage3.ad.scilifelab.se/massstorage/edfors%20lab/01_hot/Martha/RAW	PRM_20251207_MarthaReselection_Plate_6_A6	Homo sapiens	blood plasma	Plate_6	MarthaReselection	not available	not available	F	not available	not available	not available	not available	41	Plate_6_A6	MRTH1-1225	not available	1	AC=EFO:0009656;NT=plasma	run 518	proteomic profiling by mass spectrometry	PRM_20251207_MarthaReselection_Plate_6_A6.raw	PRM_20251207_MarthaReselection_Plate_6_A6.raw	NT=Parallel Reaction Monitoring;AC=MS:1002956	AC=MS:1002038;NT=label free sample	1	NT=High-performance liquid chromatography;AC=PRIDE:0000565	1	AC=MS:1001251;NT=Trypsin	not available	NT=Stellar;AC=MS:1003409	NT=Carbamidomethyl;AC=UNIMOD:4;TA=C;MT=Fixed	NT=Higher-energy Collisional Dissociation;AC=MS:1000422	27 NCE	40 ppm	0.05 Da	MRTH
PRM_20251207_MarthaReselection_Plate_6_B6	B	6	MRTH	18	RB6	0.1	C:\Xcalibur\methods\method1	smb://storage3.ad.scilifelab.se/massstorage/edfors%20lab/01_hot/Martha/RAW	PRM_20251207_MarthaReselection_Plate_6_B6	Homo sapiens	blood plasma	Plate_6	MarthaReselection	not available	not available	F	not available	not available	not available	not available	42	Plate_6_B6	MRTH1-0076	not available	1	AC=EFO:0009656;NT=plasma	run 519	proteomic profiling by mass spectrometry	PRM_20251207_MarthaReselection_Plate_6_B6.raw	PRM_20251207_MarthaReselection_Plate_6_B6.raw	NT=Parallel Reaction Monitoring;AC=MS:1002956	AC=MS:1002038;NT=label free sample	1	NT=High-performance liquid chromatography;AC=PRIDE:0000565	1	AC=MS:1001251;NT=Trypsin	not available	NT=Stellar;AC=MS:1003409	NT=Carbamidomethyl;AC=UNIMOD:4;TA=C;MT=Fixed	NT=Higher-energy Collisional Dissociation;AC=MS:1000422	27 NCE	40 ppm	0.05 Da	MRTH
PRM_20251207_MarthaReselection_Plate_6_C6	C	6	MRTH	30	RC6	0.1	C:\Xcalibur\methods\method1	smb://storage3.ad.scilifelab.se/massstorage/edfors%20lab/01_hot/Martha/RAW	PRM_20251207_MarthaReselection_Plate_6_C6	Homo sapiens	blood plasma	Plate_6	MarthaReselection	not available	not available	F	not available	not available	not available	not available	43	Plate_6_C6	MRTH1-1214	not available	1	AC=EFO:0009656;NT=plasma	run 520	proteomic profiling by mass spectrometry	PRM_20251207_MarthaReselection_Plate_6_C6.raw	PRM_20251207_MarthaReselection_Plate_6_C6.raw	NT=Parallel Reaction Monitoring;AC=MS:1002956	AC=MS:1002038;NT=label free sample	1	NT=High-performance liquid chromatography;AC=PRIDE:0000565	1	AC=MS:1001251;NT=Trypsin	not available	NT=Stellar;AC=MS:1003409	NT=Carbamidomethyl;AC=UNIMOD:4;TA=C;MT=Fixed	NT=Higher-energy Collisional Dissociation;AC=MS:1000422	27 NCE	40 ppm	0.05 Da	MRTH
PRM_20251207_MarthaReselection_Plate_6_D6	D	6	MRTH	42	RD6	0.1	C:\Xcalibur\methods\method1	smb://storage3.ad.scilifelab.se/massstorage/edfors%20lab/01_hot/Martha/RAW	PRM_20251207_MarthaReselection_Plate_6_D6	Homo sapiens	blood plasma	Plate_6	MarthaReselection	not available	not available	F	not available	not available	not available	not available	44	Plate_6_D6	MRTH1-0015	not available	1	AC=EFO:0009656;NT=plasma	run 521	proteomic profiling by mass spectrometry	PRM_20251207_MarthaReselection_Plate_6_D6.raw	PRM_20251207_MarthaReselection_Plate_6_D6.raw	NT=Parallel Reaction Monitoring;AC=MS:1002956	AC=MS:1002038;NT=label free sample	1	NT=High-performance liquid chromatography;AC=PRIDE:0000565	1	AC=MS:1001251;NT=Trypsin	not available	NT=Stellar;AC=MS:1003409	NT=Carbamidomethyl;AC=UNIMOD:4;TA=C;MT=Fixed	NT=Higher-energy Collisional Dissociation;AC=MS:1000422	27 NCE	40 ppm	0.05 Da	MRTH
PRM_20251207_MarthaReselection_Plate_6_E6	E	6	MRTH	54	RE6	0.1	C:\Xcalibur\methods\method1	smb://storage3.ad.scilifelab.se/massstorage/edfors%20lab/01_hot/Martha/RAW	PRM_20251207_MarthaReselection_Plate_6_E6	Homo sapiens	blood plasma	Plate_6	MarthaReselection	not available	not available	F	not available	not available	not available	not available	45	Plate_6_E6	MRTH1-0203	not available	1	AC=EFO:0009656;NT=plasma	run 522	proteomic profiling by mass spectrometry	PRM_20251207_MarthaReselection_Plate_6_E6.raw	PRM_20251207_MarthaReselection_Plate_6_E6.raw	NT=Parallel Reaction Monitoring;AC=MS:1002956	AC=MS:1002038;NT=label free sample	1	NT=High-performance liquid chromatography;AC=PRIDE:0000565	1	AC=MS:1001251;NT=Trypsin	not available	NT=Stellar;AC=MS:1003409	NT=Carbamidomethyl;AC=UNIMOD:4;TA=C;MT=Fixed	NT=Higher-energy Collisional Dissociation;AC=MS:1000422	27 NCE	40 ppm	0.05 Da	MRTH
PRM_20251207_MarthaReselection_Plate_6_F6	F	6	MRTH	66	RF6	0.1	C:\Xcalibur\methods\method1	smb://storage3.ad.scilifelab.se/massstorage/edfors%20lab/01_hot/Martha/RAW	PRM_20251207_MarthaReselection_Plate_6_F6	Homo sapiens	blood plasma	Plate_6	MarthaReselection	not available	not available	F	not available	not available	not available	not available	46	Plate_6_F6	MRTH1-0789	not available	1	AC=EFO:0009656;NT=plasma	run 523	proteomic profiling by mass spectrometry	PRM_20251207_MarthaReselection_Plate_6_F6.raw	PRM_20251207_MarthaReselection_Plate_6_F6.raw	NT=Parallel Reaction Monitoring;AC=MS:1002956	AC=MS:1002038;NT=label free sample	1	NT=High-performance liquid chromatography;AC=PRIDE:0000565	1	AC=MS:1001251;NT=Trypsin	not available	NT=Stellar;AC=MS:1003409	NT=Carbamidomethyl;AC=UNIMOD:4;TA=C;MT=Fixed	NT=Higher-energy Collisional Dissociation;AC=MS:1000422	27 NCE	40 ppm	0.05 Da	MRTH
PRM_20251207_MarthaReselection_Plate_6_G6	G	6	MRTH	78	RG6	0.1	C:\Xcalibur\methods\method1	smb://storage3.ad.scilifelab.se/massstorage/edfors%20lab/01_hot/Martha/RAW	PRM_20251207_MarthaReselection_Plate_6_G6	Homo sapiens	blood plasma	Plate_6	MarthaReselection	not available	not available	F	not available	not available	not available	not available	47	Plate_6_G6	MRTH1-0484	not available	1	AC=EFO:0009656;NT=plasma	run 524	proteomic profiling by mass spectrometry	PRM_20251207_MarthaReselection_Plate_6_G6.raw	PRM_20251207_MarthaReselection_Plate_6_G6.raw	NT=Parallel Reaction Monitoring;AC=MS:1002956	AC=MS:1002038;NT=label free sample	1	NT=High-performance liquid chromatography;AC=PRIDE:0000565	1	AC=MS:1001251;NT=Trypsin	not available	NT=Stellar;AC=MS:1003409	NT=Carbamidomethyl;AC=UNIMOD:4;TA=C;MT=Fixed	NT=Higher-energy Collisional Dissociation;AC=MS:1000422	27 NCE	40 ppm	0.05 Da	MRTH
PRM_20251207_MarthaReselection_Plate_6_H6	H	6	MRTH	90	RH6	0.1	C:\Xcalibur\methods\method1	smb://storage3.ad.scilifelab.se/massstorage/edfors%20lab/01_hot/Martha/RAW	PRM_20251207_MarthaReselection_Plate_6_H6	Homo sapiens	blood plasma	Plate_6	MarthaReselection	not available	not available	F	not available	not available	not available	not available	48	Plate_6_H6	MRTH1-0155	not available	1	AC=EFO:0009656;NT=plasma	run 525	proteomic profiling by mass spectrometry	PRM_20251207_MarthaReselection_Plate_6_H6.raw	PRM_20251207_MarthaReselection_Plate_6_H6.raw	NT=Parallel Reaction Monitoring;AC=MS:1002956	AC=MS:1002038;NT=label free sample	1	NT=High-performance liquid chromatography;AC=PRIDE:0000565	1	AC=MS:1001251;NT=Trypsin	not available	NT=Stellar;AC=MS:1003409	NT=Carbamidomethyl;AC=UNIMOD:4;TA=C;MT=Fixed	NT=Higher-energy Collisional Dissociation;AC=MS:1000422	27 NCE	40 ppm	0.05 Da	MRTH
PRM_20251207_MarthaReselection_Plate_6_A7	A	7	MRTH	7	RA7	0.1	C:\Xcalibur\methods\method1	smb://storage3.ad.scilifelab.se/massstorage/edfors%20lab/01_hot/Martha/RAW	PRM_20251207_MarthaReselection_Plate_6_A7	Homo sapiens	blood plasma	Plate_6	MarthaReselection	not available	not available	F	not available	not available	not available	not available	49	Plate_6_A7	MRTH1-0738	not available	1	AC=EFO:0009656;NT=plasma	run 526	proteomic profiling by mass spectrometry	PRM_20251207_MarthaReselection_Plate_6_A7.raw	PRM_20251207_MarthaReselection_Plate_6_A7.raw	NT=Parallel Reaction Monitoring;AC=MS:1002956	AC=MS:1002038;NT=label free sample	1	NT=High-performance liquid chromatography;AC=PRIDE:0000565	1	AC=MS:1001251;NT=Trypsin	not available	NT=Stellar;AC=MS:1003409	NT=Carbamidomethyl;AC=UNIMOD:4;TA=C;MT=Fixed	NT=Higher-energy Collisional Dissociation;AC=MS:1000422	27 NCE	40 ppm	0.05 Da	MRTH
PRM_20251207_MarthaReselection_Plate_6_B7	B	7	MRTH	19	RB7	0.1	C:\Xcalibur\methods\method1	smb://storage3.ad.scilifelab.se/massstorage/edfors%20lab/01_hot/Martha/RAW	PRM_20251207_MarthaReselection_Plate_6_B7	Homo sapiens	blood plasma	Plate_6	MarthaReselection	not available	not available	F	not available	not available	not available	not available	50	Plate_6_B7	MRTH1-0700	not available	1	AC=EFO:0009656;NT=plasma	run 527	proteomic profiling by mass spectrometry	PRM_20251207_MarthaReselection_Plate_6_B7.raw	PRM_20251207_MarthaReselection_Plate_6_B7.raw	NT=Parallel Reaction Monitoring;AC=MS:1002956	AC=MS:1002038;NT=label free sample	1	NT=High-performance liquid chromatography;AC=PRIDE:0000565	1	AC=MS:1001251;NT=Trypsin	not available	NT=Stellar;AC=MS:1003409	NT=Carbamidomethyl;AC=UNIMOD:4;TA=C;MT=Fixed	NT=Higher-energy Collisional Dissociation;AC=MS:1000422	27 NCE	40 ppm	0.05 Da	MRTH
PRM_20251207_MarthaReselection_Plate_6_C7	C	7	MRTH	31	RC7	0.1	C:\Xcalibur\methods\method1	smb://storage3.ad.scilifelab.se/massstorage/edfors%20lab/01_hot/Martha/RAW	PRM_20251207_MarthaReselection_Plate_6_C7	Homo sapiens	blood plasma	Plate_6	MarthaReselection	not available	not available	F	not available	not available	not available	not available	51	Plate_6_C7	MRTH1-0386	not available	1	AC=EFO:0009656;NT=plasma	run 528	proteomic profiling by mass spectrometry	PRM_20251207_MarthaReselection_Plate_6_C7.raw	PRM_20251207_MarthaReselection_Plate_6_C7.raw	NT=Parallel Reaction Monitoring;AC=MS:1002956	AC=MS:1002038;NT=label free sample	1	NT=High-performance liquid chromatography;AC=PRIDE:0000565	1	AC=MS:1001251;NT=Trypsin	not available	NT=Stellar;AC=MS:1003409	NT=Carbamidomethyl;AC=UNIMOD:4;TA=C;MT=Fixed	NT=Higher-energy Collisional Dissociation;AC=MS:1000422	27 NCE	40 ppm	0.05 Da	MRTH
PRM_20251207_MarthaReselection_Plate_6_D7	D	7	MRTH	43	RD7	0.1	C:\Xcalibur\methods\method1	smb://storage3.ad.scilifelab.se/massstorage/edfors%20lab/01_hot/Martha/RAW	PRM_20251207_MarthaReselection_Plate_6_D7	Homo sapiens	blood plasma	Plate_6	MarthaReselection	not available	not available	F	not available	not available	not available	not available	52	Plate_6_D7	MRTH1-0246	not available	1	AC=EFO:0009656;NT=plasma	run 529	proteomic profiling by mass spectrometry	PRM_20251207_MarthaReselection_Plate_6_D7.raw	PRM_20251207_MarthaReselection_Plate_6_D7.raw	NT=Parallel Reaction Monitoring;AC=MS:1002956	AC=MS:1002038;NT=label free sample	1	NT=High-performance liquid chromatography;AC=PRIDE:0000565	1	AC=MS:1001251;NT=Trypsin	not available	NT=Stellar;AC=MS:1003409	NT=Carbamidomethyl;AC=UNIMOD:4;TA=C;MT=Fixed	NT=Higher-energy Collisional Dissociation;AC=MS:1000422	27 NCE	40 ppm	0.05 Da	MRTH
PRM_20251207_MarthaReselection_Plate_6_E7	E	7	MRTH	55	RE7	0.1	C:\Xcalibur\methods\method1	smb://storage3.ad.scilifelab.se/massstorage/edfors%20lab/01_hot/Martha/RAW	PRM_20251207_MarthaReselection_Plate_6_E7	Homo sapiens	blood plasma	Plate_6	MarthaReselection	not available	not available	M	not available	not available	not available	not available	53	Plate_6_E7	MRTH1-0879	not available	1	AC=EFO:0009656;NT=plasma	run 530	proteomic profiling by mass spectrometry	PRM_20251207_MarthaReselection_Plate_6_E7.raw	PRM_20251207_MarthaReselection_Plate_6_E7.raw	NT=Parallel Reaction Monitoring;AC=MS:1002956	AC=MS:1002038;NT=label free sample	1	NT=High-performance liquid chromatography;AC=PRIDE:0000565	1	AC=MS:1001251;NT=Trypsin	not available	NT=Stellar;AC=MS:1003409	NT=Carbamidomethyl;AC=UNIMOD:4;TA=C;MT=Fixed	NT=Higher-energy Collisional Dissociation;AC=MS:1000422	27 NCE	40 ppm	0.05 Da	MRTH
PRM_20251207_MarthaReselection_Plate_6_F7	F	7	MRTH	67	RF7	0.1	C:\Xcalibur\methods\method1	smb://storage3.ad.scilifelab.se/massstorage/edfors%20lab/01_hot/Martha/RAW	PRM_20251207_MarthaReselection_Plate_6_F7	Homo sapiens	blood plasma	Plate_6	MarthaReselection	not available	not available	F	not available	not available	not available	not available	54	Plate_6_F7	MRTH1-1248	not available	1	AC=EFO:0009656;NT=plasma	run 531	proteomic profiling by mass spectrometry	PRM_20251207_MarthaReselection_Plate_6_F7.raw	PRM_20251207_MarthaReselection_Plate_6_F7.raw	NT=Parallel Reaction Monitoring;AC=MS:1002956	AC=MS:1002038;NT=label free sample	1	NT=High-performance liquid chromatography;AC=PRIDE:0000565	1	AC=MS:1001251;NT=Trypsin	not available	NT=Stellar;AC=MS:1003409	NT=Carbamidomethyl;AC=UNIMOD:4;TA=C;MT=Fixed	NT=Higher-energy Collisional Dissociation;AC=MS:1000422	27 NCE	40 ppm	0.05 Da	MRTH
PRM_20251207_MarthaReselection_Plate_6_G7	G	7	MRTH	79	RG7	0.1	C:\Xcalibur\methods\method1	smb://storage3.ad.scilifelab.se/massstorage/edfors%20lab/01_hot/Martha/RAW	PRM_20251207_MarthaReselection_Plate_6_G7	Homo sapiens	blood plasma	Plate_6	MarthaReselection	not available	not available	M	not available	not available	not available	not available	55	Plate_6_G7	MRTH1-0517	not available	1	AC=EFO:0009656;NT=plasma	run 532	proteomic profiling by mass spectrometry	PRM_20251207_MarthaReselection_Plate_6_G7.raw	PRM_20251207_MarthaReselection_Plate_6_G7.raw	NT=Parallel Reaction Monitoring;AC=MS:1002956	AC=MS:1002038;NT=label free sample	1	NT=High-performance liquid chromatography;AC=PRIDE:0000565	1	AC=MS:1001251;NT=Trypsin	not available	NT=Stellar;AC=MS:1003409	NT=Carbamidomethyl;AC=UNIMOD:4;TA=C;MT=Fixed	NT=Higher-energy Collisional Dissociation;AC=MS:1000422	27 NCE	40 ppm	0.05 Da	MRTH
PRM_20251207_MarthaReselection_Plate_6_H7	H	7	MRTH	91	RH7	0.1	C:\Xcalibur\methods\method1	smb://storage3.ad.scilifelab.se/massstorage/edfors%20lab/01_hot/Martha/RAW	PRM_20251207_MarthaReselection_Plate_6_H7	Homo sapiens	blood plasma	Plate_6	MarthaReselection	not available	not available	F	not available	not available	not available	not available	56	Plate_6_H7	MRTH1-1079	not available	1	AC=EFO:0009656;NT=plasma	run 533	proteomic profiling by mass spectrometry	PRM_20251207_MarthaReselection_Plate_6_H7.raw	PRM_20251207_MarthaReselection_Plate_6_H7.raw	NT=Parallel Reaction Monitoring;AC=MS:1002956	AC=MS:1002038;NT=label free sample	1	NT=High-performance liquid chromatography;AC=PRIDE:0000565	1	AC=MS:1001251;NT=Trypsin	not available	NT=Stellar;AC=MS:1003409	NT=Carbamidomethyl;AC=UNIMOD:4;TA=C;MT=Fixed	NT=Higher-energy Collisional Dissociation;AC=MS:1000422	27 NCE	40 ppm	0.05 Da	MRTH
PRM_20251207_MarthaReselection_Plate_6_A8	A	8	MRTH	8	RA8	0.1	C:\Xcalibur\methods\method1	smb://storage3.ad.scilifelab.se/massstorage/edfors%20lab/01_hot/Martha/RAW	PRM_20251207_MarthaReselection_Plate_6_A8	Homo sapiens	blood plasma	Plate_6	MarthaReselection	not available	not available	F	not available	not available	not available	not available	57	Plate_6_A8	MRTH1-0752	not available	1	AC=EFO:0009656;NT=plasma	run 534	proteomic profiling by mass spectrometry	PRM_20251207_MarthaReselection_Plate_6_A8.raw	PRM_20251207_MarthaReselection_Plate_6_A8.raw	NT=Parallel Reaction Monitoring;AC=MS:1002956	AC=MS:1002038;NT=label free sample	1	NT=High-performance liquid chromatography;AC=PRIDE:0000565	1	AC=MS:1001251;NT=Trypsin	not available	NT=Stellar;AC=MS:1003409	NT=Carbamidomethyl;AC=UNIMOD:4;TA=C;MT=Fixed	NT=Higher-energy Collisional Dissociation;AC=MS:1000422	27 NCE	40 ppm	0.05 Da	MRTH
PRM_20251207_MarthaReselection_Plate_6_B8	B	8	MRTH	20	RB8	0.1	C:\Xcalibur\methods\method1	smb://storage3.ad.scilifelab.se/massstorage/edfors%20lab/01_hot/Martha/RAW	PRM_20251207_MarthaReselection_Plate_6_B8	Homo sapiens	blood plasma	Plate_6	MarthaReselection	not available	not available	M	not available	not available	not available	not available	58	Plate_6_B8	MRTH1-0110	not available	1	AC=EFO:0009656;NT=plasma	run 535	proteomic profiling by mass spectrometry	PRM_20251207_MarthaReselection_Plate_6_B8.raw	PRM_20251207_MarthaReselection_Plate_6_B8.raw	NT=Parallel Reaction Monitoring;AC=MS:1002956	AC=MS:1002038;NT=label free sample	1	NT=High-performance liquid chromatography;AC=PRIDE:0000565	1	AC=MS:1001251;NT=Trypsin	not available	NT=Stellar;AC=MS:1003409	NT=Carbamidomethyl;AC=UNIMOD:4;TA=C;MT=Fixed	NT=Higher-energy Collisional Dissociation;AC=MS:1000422	27 NCE	40 ppm	0.05 Da	MRTH
PRM_20251207_MarthaReselection_Plate_6_C8	C	8	MRTH	32	RC8	0.1	C:\Xcalibur\methods\method1	smb://storage3.ad.scilifelab.se/massstorage/edfors%20lab/01_hot/Martha/RAW	PRM_20251207_MarthaReselection_Plate_6_C8	Homo sapiens	blood plasma	Plate_6	MarthaReselection	not available	not available	F	not available	not available	not available	not available	59	Plate_6_C8	MRTH1-0103	not available	1	AC=EFO:0009656;NT=plasma	run 536	proteomic profiling by mass spectrometry	PRM_20251207_MarthaReselection_Plate_6_C8.raw	PRM_20251207_MarthaReselection_Plate_6_C8.raw	NT=Parallel Reaction Monitoring;AC=MS:1002956	AC=MS:1002038;NT=label free sample	1	NT=High-performance liquid chromatography;AC=PRIDE:0000565	1	AC=MS:1001251;NT=Trypsin	not available	NT=Stellar;AC=MS:1003409	NT=Carbamidomethyl;AC=UNIMOD:4;TA=C;MT=Fixed	NT=Higher-energy Collisional Dissociation;AC=MS:1000422	27 NCE	40 ppm	0.05 Da	MRTH
PRM_20251207_MarthaReselection_Plate_6_D8	D	8	MRTH	44	RD8	0.1	C:\Xcalibur\methods\method1	smb://storage3.ad.scilifelab.se/massstorage/edfors%20lab/01_hot/Martha/RAW	PRM_20251207_MarthaReselection_Plate_6_D8	Homo sapiens	blood plasma	Plate_6	MarthaReselection	not available	not available	M	not available	not available	not available	not available	60	Plate_6_D8	MRTH1-0957	not available	1	AC=EFO:0009656;NT=plasma	run 537	proteomic profiling by mass spectrometry	PRM_20251207_MarthaReselection_Plate_6_D8.raw	PRM_20251207_MarthaReselection_Plate_6_D8.raw	NT=Parallel Reaction Monitoring;AC=MS:1002956	AC=MS:1002038;NT=label free sample	1	NT=High-performance liquid chromatography;AC=PRIDE:0000565	1	AC=MS:1001251;NT=Trypsin	not available	NT=Stellar;AC=MS:1003409	NT=Carbamidomethyl;AC=UNIMOD:4;TA=C;MT=Fixed	NT=Higher-energy Collisional Dissociation;AC=MS:1000422	27 NCE	40 ppm	0.05 Da	MRTH
PRM_20251207_MarthaReselection_Plate_6_E8	E	8	MRTH	56	RE8	0.1	C:\Xcalibur\methods\method1	smb://storage3.ad.scilifelab.se/massstorage/edfors%20lab/01_hot/Martha/RAW	PRM_20251207_MarthaReselection_Plate_6_E8	Homo sapiens	blood plasma	Plate_6	MarthaReselection	not available	not available	F	not available	not available	not available	not available	61	Plate_6_E8	MRTH1-0264	not available	1	AC=EFO:0009656;NT=plasma	run 538	proteomic profiling by mass spectrometry	PRM_20251207_MarthaReselection_Plate_6_E8.raw	PRM_20251207_MarthaReselection_Plate_6_E8.raw	NT=Parallel Reaction Monitoring;AC=MS:1002956	AC=MS:1002038;NT=label free sample	1	NT=High-performance liquid chromatography;AC=PRIDE:0000565	1	AC=MS:1001251;NT=Trypsin	not available	NT=Stellar;AC=MS:1003409	NT=Carbamidomethyl;AC=UNIMOD:4;TA=C;MT=Fixed	NT=Higher-energy Collisional Dissociation;AC=MS:1000422	27 NCE	40 ppm	0.05 Da	MRTH
PRM_20251207_MarthaReselection_Plate_6_F8	F	8	MRTH	68	RF8	0.1	C:\Xcalibur\methods\method1	smb://storage3.ad.scilifelab.se/massstorage/edfors%20lab/01_hot/Martha/RAW	PRM_20251207_MarthaReselection_Plate_6_F8	Homo sapiens	blood plasma	Plate_6	MarthaReselection	not available	not available	F	not available	not available	not available	not available	62	Plate_6_F8	MRTH1-0075	not available	1	AC=EFO:0009656;NT=plasma	run 539	proteomic profiling by mass spectrometry	PRM_20251207_MarthaReselection_Plate_6_F8.raw	PRM_20251207_MarthaReselection_Plate_6_F8.raw	NT=Parallel Reaction Monitoring;AC=MS:1002956	AC=MS:1002038;NT=label free sample	1	NT=High-performance liquid chromatography;AC=PRIDE:0000565	1	AC=MS:1001251;NT=Trypsin	not available	NT=Stellar;AC=MS:1003409	NT=Carbamidomethyl;AC=UNIMOD:4;TA=C;MT=Fixed	NT=Higher-energy Collisional Dissociation;AC=MS:1000422	27 NCE	40 ppm	0.05 Da	MRTH
PRM_20251207_MarthaReselection_Plate_6_G8	G	8	MRTH	80	RG8	0.1	C:\Xcalibur\methods\method1	smb://storage3.ad.scilifelab.se/massstorage/edfors%20lab/01_hot/Martha/RAW	PRM_20251207_MarthaReselection_Plate_6_G8	Homo sapiens	blood plasma	Plate_6	MarthaReselection	not available	not available	M	not available	not available	not available	not available	63	Plate_6_G8	MRTH1-0704	not available	1	AC=EFO:0009656;NT=plasma	run 540	proteomic profiling by mass spectrometry	PRM_20251207_MarthaReselection_Plate_6_G8.raw	PRM_20251207_MarthaReselection_Plate_6_G8.raw	NT=Parallel Reaction Monitoring;AC=MS:1002956	AC=MS:1002038;NT=label free sample	1	NT=High-performance liquid chromatography;AC=PRIDE:0000565	1	AC=MS:1001251;NT=Trypsin	not available	NT=Stellar;AC=MS:1003409	NT=Carbamidomethyl;AC=UNIMOD:4;TA=C;MT=Fixed	NT=Higher-energy Collisional Dissociation;AC=MS:1000422	27 NCE	40 ppm	0.05 Da	MRTH
PRM_20251207_MarthaReselection_Plate_6_H8	H	8	MRTH	92	RH8	0.1	C:\Xcalibur\methods\method1	smb://storage3.ad.scilifelab.se/massstorage/edfors%20lab/01_hot/Martha/RAW	PRM_20251207_MarthaReselection_Plate_6_H8	Homo sapiens	blood plasma	Plate_6	MarthaReselection	not available	not available	M	not available	not available	not available	not available	64	Plate_6_H8	MRTH1-0245	not available	1	AC=EFO:0009656;NT=plasma	run 541	proteomic profiling by mass spectrometry	PRM_20251207_MarthaReselection_Plate_6_H8.raw	PRM_20251207_MarthaReselection_Plate_6_H8.raw	NT=Parallel Reaction Monitoring;AC=MS:1002956	AC=MS:1002038;NT=label free sample	1	NT=High-performance liquid chromatography;AC=PRIDE:0000565	1	AC=MS:1001251;NT=Trypsin	not available	NT=Stellar;AC=MS:1003409	NT=Carbamidomethyl;AC=UNIMOD:4;TA=C;MT=Fixed	NT=Higher-energy Collisional Dissociation;AC=MS:1000422	27 NCE	40 ppm	0.05 Da	MRTH
PRM_20251207_MarthaReselection_Plate_6_A9	A	9	MRTH	9	RA9	0.1	C:\Xcalibur\methods\method1	smb://storage3.ad.scilifelab.se/massstorage/edfors%20lab/01_hot/Martha/RAW	PRM_20251207_MarthaReselection_Plate_6_A9	Homo sapiens	blood plasma	Plate_6	MarthaReselection	not available	not available	M	not available	not available	not available	not available	65	Plate_6_A9	MRTH1-0444	not available	1	AC=EFO:0009656;NT=plasma	run 542	proteomic profiling by mass spectrometry	PRM_20251207_MarthaReselection_Plate_6_A9.raw	PRM_20251207_MarthaReselection_Plate_6_A9.raw	NT=Parallel Reaction Monitoring;AC=MS:1002956	AC=MS:1002038;NT=label free sample	1	NT=High-performance liquid chromatography;AC=PRIDE:0000565	1	AC=MS:1001251;NT=Trypsin	not available	NT=Stellar;AC=MS:1003409	NT=Carbamidomethyl;AC=UNIMOD:4;TA=C;MT=Fixed	NT=Higher-energy Collisional Dissociation;AC=MS:1000422	27 NCE	40 ppm	0.05 Da	MRTH
PRM_20251207_MarthaReselection_Plate_6_B9	B	9	MRTH	21	RB9	0.1	C:\Xcalibur\methods\method1	smb://storage3.ad.scilifelab.se/massstorage/edfors%20lab/01_hot/Martha/RAW	PRM_20251207_MarthaReselection_Plate_6_B9	Homo sapiens	blood plasma	Plate_6	MarthaReselection	not available	not available	F	not available	not available	not available	not available	66	Plate_6_B9	MRTH1-0034	not available	1	AC=EFO:0009656;NT=plasma	run 543	proteomic profiling by mass spectrometry	PRM_20251207_MarthaReselection_Plate_6_B9.raw	PRM_20251207_MarthaReselection_Plate_6_B9.raw	NT=Parallel Reaction Monitoring;AC=MS:1002956	AC=MS:1002038;NT=label free sample	1	NT=High-performance liquid chromatography;AC=PRIDE:0000565	1	AC=MS:1001251;NT=Trypsin	not available	NT=Stellar;AC=MS:1003409	NT=Carbamidomethyl;AC=UNIMOD:4;TA=C;MT=Fixed	NT=Higher-energy Collisional Dissociation;AC=MS:1000422	27 NCE	40 ppm	0.05 Da	MRTH
PRM_20251207_MarthaReselection_Plate_6_C9	C	9	MRTH	33	RC9	0.1	C:\Xcalibur\methods\method1	smb://storage3.ad.scilifelab.se/massstorage/edfors%20lab/01_hot/Martha/RAW	PRM_20251207_MarthaReselection_Plate_6_C9	Homo sapiens	blood plasma	Plate_6	MarthaReselection	not available	not available	M	not available	not available	not available	not available	67	Plate_6_C9	MRTH1-0116	not available	1	AC=EFO:0009656;NT=plasma	run 544	proteomic profiling by mass spectrometry	PRM_20251207_MarthaReselection_Plate_6_C9.raw	PRM_20251207_MarthaReselection_Plate_6_C9.raw	NT=Parallel Reaction Monitoring;AC=MS:1002956	AC=MS:1002038;NT=label free sample	1	NT=High-performance liquid chromatography;AC=PRIDE:0000565	1	AC=MS:1001251;NT=Trypsin	not available	NT=Stellar;AC=MS:1003409	NT=Carbamidomethyl;AC=UNIMOD:4;TA=C;MT=Fixed	NT=Higher-energy Collisional Dissociation;AC=MS:1000422	27 NCE	40 ppm	0.05 Da	MRTH
PRM_20251207_MarthaReselection_Plate_6_D9	D	9	MRTH	45	RD9	0.1	C:\Xcalibur\methods\method1	smb://storage3.ad.scilifelab.se/massstorage/edfors%20lab/01_hot/Martha/RAW	PRM_20251207_MarthaReselection_Plate_6_D9	Homo sapiens	blood plasma	Plate_6	MarthaReselection	not available	not available	F	not available	not available	not available	not available	68	Plate_6_D9	MRTH1-0669	not available	1	AC=EFO:0009656;NT=plasma	run 545	proteomic profiling by mass spectrometry	PRM_20251207_MarthaReselection_Plate_6_D9.raw	PRM_20251207_MarthaReselection_Plate_6_D9.raw	NT=Parallel Reaction Monitoring;AC=MS:1002956	AC=MS:1002038;NT=label free sample	1	NT=High-performance liquid chromatography;AC=PRIDE:0000565	1	AC=MS:1001251;NT=Trypsin	not available	NT=Stellar;AC=MS:1003409	NT=Carbamidomethyl;AC=UNIMOD:4;TA=C;MT=Fixed	NT=Higher-energy Collisional Dissociation;AC=MS:1000422	27 NCE	40 ppm	0.05 Da	MRTH
PRM_20251207_MarthaReselection_Plate_6_E9	E	9	MRTH	57	RE9	0.1	C:\Xcalibur\methods\method1	smb://storage3.ad.scilifelab.se/massstorage/edfors%20lab/01_hot/Martha/RAW	PRM_20251207_MarthaReselection_Plate_6_E9	Homo sapiens	blood plasma	Plate_6	MarthaReselection	not available	not available	M	not available	not available	not available	not available	69	Plate_6_E9	MRTH1-1210	not available	1	AC=EFO:0009656;NT=plasma	run 546	proteomic profiling by mass spectrometry	PRM_20251207_MarthaReselection_Plate_6_E9.raw	PRM_20251207_MarthaReselection_Plate_6_E9.raw	NT=Parallel Reaction Monitoring;AC=MS:1002956	AC=MS:1002038;NT=label free sample	1	NT=High-performance liquid chromatography;AC=PRIDE:0000565	1	AC=MS:1001251;NT=Trypsin	not available	NT=Stellar;AC=MS:1003409	NT=Carbamidomethyl;AC=UNIMOD:4;TA=C;MT=Fixed	NT=Higher-energy Collisional Dissociation;AC=MS:1000422	27 NCE	40 ppm	0.05 Da	MRTH
PRM_20251207_MarthaReselection_Plate_6_F9	F	9	MRTH	69	RF9	0.1	C:\Xcalibur\methods\method1	smb://storage3.ad.scilifelab.se/massstorage/edfors%20lab/01_hot/Martha/RAW	PRM_20251207_MarthaReselection_Plate_6_F9	Homo sapiens	blood plasma	Plate_6	MarthaReselection	not available	not available	M	not available	not available	not available	not available	70	Plate_6_F9	MRTH1-1369	not available	1	AC=EFO:0009656;NT=plasma	run 547	proteomic profiling by mass spectrometry	PRM_20251207_MarthaReselection_Plate_6_F9.raw	PRM_20251207_MarthaReselection_Plate_6_F9.raw	NT=Parallel Reaction Monitoring;AC=MS:1002956	AC=MS:1002038;NT=label free sample	1	NT=High-performance liquid chromatography;AC=PRIDE:0000565	1	AC=MS:1001251;NT=Trypsin	not available	NT=Stellar;AC=MS:1003409	NT=Carbamidomethyl;AC=UNIMOD:4;TA=C;MT=Fixed	NT=Higher-energy Collisional Dissociation;AC=MS:1000422	27 NCE	40 ppm	0.05 Da	MRTH
PRM_20251207_MarthaReselection_Plate_6_G9	G	9	MRTH	81	RG9	0.1	C:\Xcalibur\methods\method1	smb://storage3.ad.scilifelab.se/massstorage/edfors%20lab/01_hot/Martha/RAW	PRM_20251207_MarthaReselection_Plate_6_G9	Homo sapiens	blood plasma	Plate_6	MarthaReselection	not available	not available	F	not available	not available	not available	not available	71	Plate_6_G9	MRTH1-0891	not available	1	AC=EFO:0009656;NT=plasma	run 548	proteomic profiling by mass spectrometry	PRM_20251207_MarthaReselection_Plate_6_G9.raw	PRM_20251207_MarthaReselection_Plate_6_G9.raw	NT=Parallel Reaction Monitoring;AC=MS:1002956	AC=MS:1002038;NT=label free sample	1	NT=High-performance liquid chromatography;AC=PRIDE:0000565	1	AC=MS:1001251;NT=Trypsin	not available	NT=Stellar;AC=MS:1003409	NT=Carbamidomethyl;AC=UNIMOD:4;TA=C;MT=Fixed	NT=Higher-energy Collisional Dissociation;AC=MS:1000422	27 NCE	40 ppm	0.05 Da	MRTH
PRM_20251207_MarthaReselection_Plate_6_H9	H	9	MRTH	93	RH9	0.1	C:\Xcalibur\methods\method1	smb://storage3.ad.scilifelab.se/massstorage/edfors%20lab/01_hot/Martha/RAW	PRM_20251207_MarthaReselection_Plate_6_H9	Homo sapiens	blood plasma	Plate_6	MarthaReselection	not available	not available	M	not available	not available	not available	not available	72	Plate_6_H9	MRTH1-0344	not available	1	AC=EFO:0009656;NT=plasma	run 549	proteomic profiling by mass spectrometry	PRM_20251207_MarthaReselection_Plate_6_H9.raw	PRM_20251207_MarthaReselection_Plate_6_H9.raw	NT=Parallel Reaction Monitoring;AC=MS:1002956	AC=MS:1002038;NT=label free sample	1	NT=High-performance liquid chromatography;AC=PRIDE:0000565	1	AC=MS:1001251;NT=Trypsin	not available	NT=Stellar;AC=MS:1003409	NT=Carbamidomethyl;AC=UNIMOD:4;TA=C;MT=Fixed	NT=Higher-energy Collisional Dissociation;AC=MS:1000422	27 NCE	40 ppm	0.05 Da	MRTH
PRM_20251207_MarthaReselection_Plate_6_A10	A	10	MRTH	10	RA10	0.1	C:\Xcalibur\methods\method1	smb://storage3.ad.scilifelab.se/massstorage/edfors%20lab/01_hot/Martha/RAW	PRM_20251207_MarthaReselection_Plate_6_A10	Homo sapiens	blood plasma	Plate_6	MarthaReselection	not available	not available	M	not available	not available	not available	not available	73	Plate_6_A10	MRTH1-0959	not available	1	AC=EFO:0009656;NT=plasma	run 550	proteomic profiling by mass spectrometry	PRM_20251207_MarthaReselection_Plate_6_A10.raw	PRM_20251207_MarthaReselection_Plate_6_A10.raw	NT=Parallel Reaction Monitoring;AC=MS:1002956	AC=MS:1002038;NT=label free sample	1	NT=High-performance liquid chromatography;AC=PRIDE:0000565	1	AC=MS:1001251;NT=Trypsin	not available	NT=Stellar;AC=MS:1003409	NT=Carbamidomethyl;AC=UNIMOD:4;TA=C;MT=Fixed	NT=Higher-energy Collisional Dissociation;AC=MS:1000422	27 NCE	40 ppm	0.05 Da	MRTH
PRM_20251207_MarthaReselection_Plate_6_B10	B	10	MRTH	22	RB10	0.1	C:\Xcalibur\methods\method1	smb://storage3.ad.scilifelab.se/massstorage/edfors%20lab/01_hot/Martha/RAW	PRM_20251207_MarthaReselection_Plate_6_B10	Homo sapiens	blood plasma	Plate_6	MarthaReselection	not available	not available	F	not available	not available	not available	not available	74	Plate_6_B10	MRTH1-1307	not available	1	AC=EFO:0009656;NT=plasma	run 551	proteomic profiling by mass spectrometry	PRM_20251207_MarthaReselection_Plate_6_B10.raw	PRM_20251207_MarthaReselection_Plate_6_B10.raw	NT=Parallel Reaction Monitoring;AC=MS:1002956	AC=MS:1002038;NT=label free sample	1	NT=High-performance liquid chromatography;AC=PRIDE:0000565	1	AC=MS:1001251;NT=Trypsin	not available	NT=Stellar;AC=MS:1003409	NT=Carbamidomethyl;AC=UNIMOD:4;TA=C;MT=Fixed	NT=Higher-energy Collisional Dissociation;AC=MS:1000422	27 NCE	40 ppm	0.05 Da	MRTH
PRM_20251207_MarthaReselection_Plate_6_C10	C	10	MRTH	34	RC10	0.1	C:\Xcalibur\methods\method1	smb://storage3.ad.scilifelab.se/massstorage/edfors%20lab/01_hot/Martha/RAW	PRM_20251207_MarthaReselection_Plate_6_C10	Homo sapiens	blood plasma	Plate_6	MarthaReselection	not available	not available	F	not available	not available	not available	not available	75	Plate_6_C10	MRTH1-0449	not available	1	AC=EFO:0009656;NT=plasma	run 552	proteomic profiling by mass spectrometry	PRM_20251207_MarthaReselection_Plate_6_C10.raw	PRM_20251207_MarthaReselection_Plate_6_C10.raw	NT=Parallel Reaction Monitoring;AC=MS:1002956	AC=MS:1002038;NT=label free sample	1	NT=High-performance liquid chromatography;AC=PRIDE:0000565	1	AC=MS:1001251;NT=Trypsin	not available	NT=Stellar;AC=MS:1003409	NT=Carbamidomethyl;AC=UNIMOD:4;TA=C;MT=Fixed	NT=Higher-energy Collisional Dissociation;AC=MS:1000422	27 NCE	40 ppm	0.05 Da	MRTH
PRM_20251207_MarthaReselection_Plate_6_D10	D	10	MRTH	46	RD10	0.1	C:\Xcalibur\methods\method1	smb://storage3.ad.scilifelab.se/massstorage/edfors%20lab/01_hot/Martha/RAW	PRM_20251207_MarthaReselection_Plate_6_D10	Homo sapiens	blood plasma	Plate_6	MarthaReselection	not available	not available	F	not available	not available	not available	not available	76	Plate_6_D10	MRTH1-0885	not available	1	AC=EFO:0009656;NT=plasma	run 553	proteomic profiling by mass spectrometry	PRM_20251207_MarthaReselection_Plate_6_D10.raw	PRM_20251207_MarthaReselection_Plate_6_D10.raw	NT=Parallel Reaction Monitoring;AC=MS:1002956	AC=MS:1002038;NT=label free sample	1	NT=High-performance liquid chromatography;AC=PRIDE:0000565	1	AC=MS:1001251;NT=Trypsin	not available	NT=Stellar;AC=MS:1003409	NT=Carbamidomethyl;AC=UNIMOD:4;TA=C;MT=Fixed	NT=Higher-energy Collisional Dissociation;AC=MS:1000422	27 NCE	40 ppm	0.05 Da	MRTH
PRM_20251207_MarthaReselection_Plate_6_E10	E	10	MRTH	58	RE10	0.1	C:\Xcalibur\methods\method1	smb://storage3.ad.scilifelab.se/massstorage/edfors%20lab/01_hot/Martha/RAW	PRM_20251207_MarthaReselection_Plate_6_E10	Homo sapiens	blood plasma	Plate_6	MarthaReselection	not available	not available	F	not available	not available	not available	not available	77	Plate_6_E10	MRTH1-1004	not available	1	AC=EFO:0009656;NT=plasma	run 554	proteomic profiling by mass spectrometry	PRM_20251207_MarthaReselection_Plate_6_E10.raw	PRM_20251207_MarthaReselection_Plate_6_E10.raw	NT=Parallel Reaction Monitoring;AC=MS:1002956	AC=MS:1002038;NT=label free sample	1	NT=High-performance liquid chromatography;AC=PRIDE:0000565	1	AC=MS:1001251;NT=Trypsin	not available	NT=Stellar;AC=MS:1003409	NT=Carbamidomethyl;AC=UNIMOD:4;TA=C;MT=Fixed	NT=Higher-energy Collisional Dissociation;AC=MS:1000422	27 NCE	40 ppm	0.05 Da	MRTH
PRM_20251207_MarthaReselection_Plate_6_F10	F	10	MRTH	70	RF10	0.1	C:\Xcalibur\methods\method1	smb://storage3.ad.scilifelab.se/massstorage/edfors%20lab/01_hot/Martha/RAW	PRM_20251207_MarthaReselection_Plate_6_F10	Homo sapiens	blood plasma	Plate_6	MarthaReselection	not available	not available	F	not available	not available	not available	not available	78	Plate_6_F10	MRTH1-0473	not available	1	AC=EFO:0009656;NT=plasma	run 555	proteomic profiling by mass spectrometry	PRM_20251207_MarthaReselection_Plate_6_F10.raw	PRM_20251207_MarthaReselection_Plate_6_F10.raw	NT=Parallel Reaction Monitoring;AC=MS:1002956	AC=MS:1002038;NT=label free sample	1	NT=High-performance liquid chromatography;AC=PRIDE:0000565	1	AC=MS:1001251;NT=Trypsin	not available	NT=Stellar;AC=MS:1003409	NT=Carbamidomethyl;AC=UNIMOD:4;TA=C;MT=Fixed	NT=Higher-energy Collisional Dissociation;AC=MS:1000422	27 NCE	40 ppm	0.05 Da	MRTH
PRM_20251207_MarthaReselection_Plate_6_G10	G	10	MRTH	82	RG10	0.1	C:\Xcalibur\methods\method1	smb://storage3.ad.scilifelab.se/massstorage/edfors%20lab/01_hot/Martha/RAW	PRM_20251207_MarthaReselection_Plate_6_G10	Homo sapiens	blood plasma	Plate_6	MarthaReselection	not available	not available	M	not available	not available	not available	not available	79	Plate_6_G10	MRTH1-0471	not available	1	AC=EFO:0009656;NT=plasma	run 556	proteomic profiling by mass spectrometry	PRM_20251207_MarthaReselection_Plate_6_G10.raw	PRM_20251207_MarthaReselection_Plate_6_G10.raw	NT=Parallel Reaction Monitoring;AC=MS:1002956	AC=MS:1002038;NT=label free sample	1	NT=High-performance liquid chromatography;AC=PRIDE:0000565	1	AC=MS:1001251;NT=Trypsin	not available	NT=Stellar;AC=MS:1003409	NT=Carbamidomethyl;AC=UNIMOD:4;TA=C;MT=Fixed	NT=Higher-energy Collisional Dissociation;AC=MS:1000422	27 NCE	40 ppm	0.05 Da	MRTH
PRM_20251207_MarthaReselection_Plate_6_H10	H	10	MRTH	94	RH10	0.1	C:\Xcalibur\methods\method1	smb://storage3.ad.scilifelab.se/massstorage/edfors%20lab/01_hot/Martha/RAW	PRM_20251207_MarthaReselection_Plate_6_H10	Homo sapiens	blood plasma	Plate_6	MarthaReselection	not available	not available	F	not available	not available	not available	not available	80	Plate_6_H10	MRTH1-1287	not available	1	AC=EFO:0009656;NT=plasma	run 557	proteomic profiling by mass spectrometry	PRM_20251207_MarthaReselection_Plate_6_H10.raw	PRM_20251207_MarthaReselection_Plate_6_H10.raw	NT=Parallel Reaction Monitoring;AC=MS:1002956	AC=MS:1002038;NT=label free sample	1	NT=High-performance liquid chromatography;AC=PRIDE:0000565	1	AC=MS:1001251;NT=Trypsin	not available	NT=Stellar;AC=MS:1003409	NT=Carbamidomethyl;AC=UNIMOD:4;TA=C;MT=Fixed	NT=Higher-energy Collisional Dissociation;AC=MS:1000422	27 NCE	40 ppm	0.05 Da	MRTH
PRM_20251207_MarthaReselection_Plate_6_A11	A	11	MRTH	11	RA11	0.1	C:\Xcalibur\methods\method1	smb://storage3.ad.scilifelab.se/massstorage/edfors%20lab/01_hot/Martha/RAW	PRM_20251207_MarthaReselection_Plate_6_A11	Homo sapiens	blood plasma	Plate_6	MarthaReselection	not available	not available	F	not available	not available	not available	not available	81	Plate_6_A11	MRTH1-0606	not available	1	AC=EFO:0009656;NT=plasma	run 558	proteomic profiling by mass spectrometry	PRM_20251207_MarthaReselection_Plate_6_A11.raw	PRM_20251207_MarthaReselection_Plate_6_A11.raw	NT=Parallel Reaction Monitoring;AC=MS:1002956	AC=MS:1002038;NT=label free sample	1	NT=High-performance liquid chromatography;AC=PRIDE:0000565	1	AC=MS:1001251;NT=Trypsin	not available	NT=Stellar;AC=MS:1003409	NT=Carbamidomethyl;AC=UNIMOD:4;TA=C;MT=Fixed	NT=Higher-energy Collisional Dissociation;AC=MS:1000422	27 NCE	40 ppm	0.05 Da	MRTH
PRM_20251207_MarthaReselection_Plate_6_B11	B	11	MRTH	23	RB11	0.1	C:\Xcalibur\methods\method1	smb://storage3.ad.scilifelab.se/massstorage/edfors%20lab/01_hot/Martha/RAW	PRM_20251207_MarthaReselection_Plate_6_B11	Homo sapiens	blood plasma	Plate_6	MarthaReselection	not available	not available	F	not available	not available	not available	not available	82	Plate_6_B11	MRTH1-0273	not available	1	AC=EFO:0009656;NT=plasma	run 559	proteomic profiling by mass spectrometry	PRM_20251207_MarthaReselection_Plate_6_B11.raw	PRM_20251207_MarthaReselection_Plate_6_B11.raw	NT=Parallel Reaction Monitoring;AC=MS:1002956	AC=MS:1002038;NT=label free sample	1	NT=High-performance liquid chromatography;AC=PRIDE:0000565	1	AC=MS:1001251;NT=Trypsin	not available	NT=Stellar;AC=MS:1003409	NT=Carbamidomethyl;AC=UNIMOD:4;TA=C;MT=Fixed	NT=Higher-energy Collisional Dissociation;AC=MS:1000422	27 NCE	40 ppm	0.05 Da	MRTH
PRM_20251207_MarthaReselection_Plate_6_C11	C	11	MRTH	35	RC11	0.1	C:\Xcalibur\methods\method1	smb://storage3.ad.scilifelab.se/massstorage/edfors%20lab/01_hot/Martha/RAW	PRM_20251207_MarthaReselection_Plate_6_C11	Homo sapiens	blood plasma	Plate_6	MarthaReselection	not available	not available	M	not available	not available	not available	not available	83	Plate_6_C11	MRTH1-0816	not available	1	AC=EFO:0009656;NT=plasma	run 560	proteomic profiling by mass spectrometry	PRM_20251207_MarthaReselection_Plate_6_C11.raw	PRM_20251207_MarthaReselection_Plate_6_C11.raw	NT=Parallel Reaction Monitoring;AC=MS:1002956	AC=MS:1002038;NT=label free sample	1	NT=High-performance liquid chromatography;AC=PRIDE:0000565	1	AC=MS:1001251;NT=Trypsin	not available	NT=Stellar;AC=MS:1003409	NT=Carbamidomethyl;AC=UNIMOD:4;TA=C;MT=Fixed	NT=Higher-energy Collisional Dissociation;AC=MS:1000422	27 NCE	40 ppm	0.05 Da	MRTH
PRM_20251207_MarthaReselection_Plate_6_D11	D	11	MRTH	47	RD11	0.1	C:\Xcalibur\methods\method1	smb://storage3.ad.scilifelab.se/massstorage/edfors%20lab/01_hot/Martha/RAW	PRM_20251207_MarthaReselection_Plate_6_D11	Homo sapiens	blood plasma	Plate_6	MarthaReselection	not available	not available	F	not available	not available	not available	not available	84	Plate_6_D11	MRTH1-0977	not available	1	AC=EFO:0009656;NT=plasma	run 561	proteomic profiling by mass spectrometry	PRM_20251207_MarthaReselection_Plate_6_D11.raw	PRM_20251207_MarthaReselection_Plate_6_D11.raw	NT=Parallel Reaction Monitoring;AC=MS:1002956	AC=MS:1002038;NT=label free sample	1	NT=High-performance liquid chromatography;AC=PRIDE:0000565	1	AC=MS:1001251;NT=Trypsin	not available	NT=Stellar;AC=MS:1003409	NT=Carbamidomethyl;AC=UNIMOD:4;TA=C;MT=Fixed	NT=Higher-energy Collisional Dissociation;AC=MS:1000422	27 NCE	40 ppm	0.05 Da	MRTH
PRM_20251207_MarthaReselection_Plate_6_E11	E	11	Pool	59	RE11	0.1	C:\Xcalibur\methods\method1	smb://storage3.ad.scilifelab.se/massstorage/edfors%20lab/01_hot/Martha/RAW	PRM_20251207_MarthaReselection_Plate_6_E11	Homo sapiens	blood plasma	Plate_6	MarthaReselection	not available	not available	NA	not available	not available	not available	not available	85	Plate_6_E11	EMPTY-0001	not available	1	AC=EFO:0009656;NT=plasma	run 562	proteomic profiling by mass spectrometry	PRM_20251207_MarthaReselection_Plate_6_E11.raw	PRM_20251207_MarthaReselection_Plate_6_E11.raw	NT=Parallel Reaction Monitoring;AC=MS:1002956	AC=MS:1002038;NT=label free sample	1	NT=High-performance liquid chromatography;AC=PRIDE:0000565	1	AC=MS:1001251;NT=Trypsin	not available	NT=Stellar;AC=MS:1003409	NT=Carbamidomethyl;AC=UNIMOD:4;TA=C;MT=Fixed	NT=Higher-energy Collisional Dissociation;AC=MS:1000422	27 NCE	40 ppm	0.05 Da	Pool
PRM_20251207_MarthaReselection_Plate_6_F11	F	11	MRTH	71	RF11	0.1	C:\Xcalibur\methods\method1	smb://storage3.ad.scilifelab.se/massstorage/edfors%20lab/01_hot/Martha/RAW	PRM_20251207_MarthaReselection_Plate_6_F11	Homo sapiens	blood plasma	Plate_6	MarthaReselection	not available	not available	F	not available	not available	not available	not available	86	Plate_6_F11	MRTH1-0719	not available	1	AC=EFO:0009656;NT=plasma	run 563	proteomic profiling by mass spectrometry	PRM_20251207_MarthaReselection_Plate_6_F11.raw	PRM_20251207_MarthaReselection_Plate_6_F11.raw	NT=Parallel Reaction Monitoring;AC=MS:1002956	AC=MS:1002038;NT=label free sample	1	NT=High-performance liquid chromatography;AC=PRIDE:0000565	1	AC=MS:1001251;NT=Trypsin	not available	NT=Stellar;AC=MS:1003409	NT=Carbamidomethyl;AC=UNIMOD:4;TA=C;MT=Fixed	NT=Higher-energy Collisional Dissociation;AC=MS:1000422	27 NCE	40 ppm	0.05 Da	MRTH
PRM_20251207_MarthaReselection_Plate_6_G11	G	11	MRTH	83	RG11	0.1	C:\Xcalibur\methods\method1	smb://storage3.ad.scilifelab.se/massstorage/edfors%20lab/01_hot/Martha/RAW	PRM_20251207_MarthaReselection_Plate_6_G11	Homo sapiens	blood plasma	Plate_6	MarthaReselection	not available	not available	F	not available	not available	not available	not available	87	Plate_6_G11	MRTH1-1057	not available	1	AC=EFO:0009656;NT=plasma	run 564	proteomic profiling by mass spectrometry	PRM_20251207_MarthaReselection_Plate_6_G11.raw	PRM_20251207_MarthaReselection_Plate_6_G11.raw	NT=Parallel Reaction Monitoring;AC=MS:1002956	AC=MS:1002038;NT=label free sample	1	NT=High-performance liquid chromatography;AC=PRIDE:0000565	1	AC=MS:1001251;NT=Trypsin	not available	NT=Stellar;AC=MS:1003409	NT=Carbamidomethyl;AC=UNIMOD:4;TA=C;MT=Fixed	NT=Higher-energy Collisional Dissociation;AC=MS:1000422	27 NCE	40 ppm	0.05 Da	MRTH
PRM_20251207_MarthaReselection_Plate_6_H11	H	11	MRTH	95	RH11	0.1	C:\Xcalibur\methods\method1	smb://storage3.ad.scilifelab.se/massstorage/edfors%20lab/01_hot/Martha/RAW	PRM_20251207_MarthaReselection_Plate_6_H11	Homo sapiens	blood plasma	Plate_6	MarthaReselection	not available	not available	F	not available	not available	not available	not available	88	Plate_6_H11	MRTH1-0859	not available	1	AC=EFO:0009656;NT=plasma	run 565	proteomic profiling by mass spectrometry	PRM_20251207_MarthaReselection_Plate_6_H11.raw	PRM_20251207_MarthaReselection_Plate_6_H11.raw	NT=Parallel Reaction Monitoring;AC=MS:1002956	AC=MS:1002038;NT=label free sample	1	NT=High-performance liquid chromatography;AC=PRIDE:0000565	1	AC=MS:1001251;NT=Trypsin	not available	NT=Stellar;AC=MS:1003409	NT=Carbamidomethyl;AC=UNIMOD:4;TA=C;MT=Fixed	NT=Higher-energy Collisional Dissociation;AC=MS:1000422	27 NCE	40 ppm	0.05 Da	MRTH
PRM_20251207_MarthaReselection_Plate_6_A12	A	12	MRTH	12	RA12	0.1	C:\Xcalibur\methods\method1	smb://storage3.ad.scilifelab.se/massstorage/edfors%20lab/01_hot/Martha/RAW	PRM_20251207_MarthaReselection_Plate_6_A12	Homo sapiens	blood plasma	Plate_6	MarthaReselection	not available	not available	F	not available	not available	not available	not available	89	Plate_6_A12	MRTH1-0230	not available	1	AC=EFO:0009656;NT=plasma	run 566	proteomic profiling by mass spectrometry	PRM_20251207_MarthaReselection_Plate_6_A12.raw	PRM_20251207_MarthaReselection_Plate_6_A12.raw	NT=Parallel Reaction Monitoring;AC=MS:1002956	AC=MS:1002038;NT=label free sample	1	NT=High-performance liquid chromatography;AC=PRIDE:0000565	1	AC=MS:1001251;NT=Trypsin	not available	NT=Stellar;AC=MS:1003409	NT=Carbamidomethyl;AC=UNIMOD:4;TA=C;MT=Fixed	NT=Higher-energy Collisional Dissociation;AC=MS:1000422	27 NCE	40 ppm	0.05 Da	MRTH
PRM_20251207_MarthaReselection_Plate_6_B12	B	12	MRTH	24	RB12	0.1	C:\Xcalibur\methods\method1	smb://storage3.ad.scilifelab.se/massstorage/edfors%20lab/01_hot/Martha/RAW	PRM_20251207_MarthaReselection_Plate_6_B12	Homo sapiens	blood plasma	Plate_6	MarthaReselection	not available	not available	M	not available	not available	not available	not available	90	Plate_6_B12	MRTH1-0900	not available	1	AC=EFO:0009656;NT=plasma	run 567	proteomic profiling by mass spectrometry	PRM_20251207_MarthaReselection_Plate_6_B12.raw	PRM_20251207_MarthaReselection_Plate_6_B12.raw	NT=Parallel Reaction Monitoring;AC=MS:1002956	AC=MS:1002038;NT=label free sample	1	NT=High-performance liquid chromatography;AC=PRIDE:0000565	1	AC=MS:1001251;NT=Trypsin	not available	NT=Stellar;AC=MS:1003409	NT=Carbamidomethyl;AC=UNIMOD:4;TA=C;MT=Fixed	NT=Higher-energy Collisional Dissociation;AC=MS:1000422	27 NCE	40 ppm	0.05 Da	MRTH
PRM_20251207_MarthaReselection_Plate_6_C12	C	12	MRTH	36	RC12	0.1	C:\Xcalibur\methods\method1	smb://storage3.ad.scilifelab.se/massstorage/edfors%20lab/01_hot/Martha/RAW	PRM_20251207_MarthaReselection_Plate_6_C12	Homo sapiens	blood plasma	Plate_6	MarthaReselection	not available	not available	F	not available	not available	not available	not available	91	Plate_6_C12	MRTH1-0030	not available	1	AC=EFO:0009656;NT=plasma	run 568	proteomic profiling by mass spectrometry	PRM_20251207_MarthaReselection_Plate_6_C12.raw	PRM_20251207_MarthaReselection_Plate_6_C12.raw	NT=Parallel Reaction Monitoring;AC=MS:1002956	AC=MS:1002038;NT=label free sample	1	NT=High-performance liquid chromatography;AC=PRIDE:0000565	1	AC=MS:1001251;NT=Trypsin	not available	NT=Stellar;AC=MS:1003409	NT=Carbamidomethyl;AC=UNIMOD:4;TA=C;MT=Fixed	NT=Higher-energy Collisional Dissociation;AC=MS:1000422	27 NCE	40 ppm	0.05 Da	MRTH
PRM_20251207_MarthaReselection_Plate_6_D12	D	12	MRTH	48	RD12	0.1	C:\Xcalibur\methods\method1	smb://storage3.ad.scilifelab.se/massstorage/edfors%20lab/01_hot/Martha/RAW	PRM_20251207_MarthaReselection_Plate_6_D12	Homo sapiens	blood plasma	Plate_6	MarthaReselection	not available	not available	M	not available	not available	not available	not available	92	Plate_6_D12	MRTH1-0671	not available	1	AC=EFO:0009656;NT=plasma	run 569	proteomic profiling by mass spectrometry	PRM_20251207_MarthaReselection_Plate_6_D12.raw	PRM_20251207_MarthaReselection_Plate_6_D12.raw	NT=Parallel Reaction Monitoring;AC=MS:1002956	AC=MS:1002038;NT=label free sample	1	NT=High-performance liquid chromatography;AC=PRIDE:0000565	1	AC=MS:1001251;NT=Trypsin	not available	NT=Stellar;AC=MS:1003409	NT=Carbamidomethyl;AC=UNIMOD:4;TA=C;MT=Fixed	NT=Higher-energy Collisional Dissociation;AC=MS:1000422	27 NCE	40 ppm	0.05 Da	MRTH
PRM_20251207_MarthaReselection_Plate_6_E12	E	12	MRTH	60	RE12	0.1	C:\Xcalibur\methods\method1	smb://storage3.ad.scilifelab.se/massstorage/edfors%20lab/01_hot/Martha/RAW	PRM_20251207_MarthaReselection_Plate_6_E12	Homo sapiens	blood plasma	Plate_6	MarthaReselection	not available	not available	F	not available	not available	not available	not available	93	Plate_6_E12	MRTH1-0582	not available	1	AC=EFO:0009656;NT=plasma	run 570	proteomic profiling by mass spectrometry	PRM_20251207_MarthaReselection_Plate_6_E12.raw	PRM_20251207_MarthaReselection_Plate_6_E12.raw	NT=Parallel Reaction Monitoring;AC=MS:1002956	AC=MS:1002038;NT=label free sample	1	NT=High-performance liquid chromatography;AC=PRIDE:0000565	1	AC=MS:1001251;NT=Trypsin	not available	NT=Stellar;AC=MS:1003409	NT=Carbamidomethyl;AC=UNIMOD:4;TA=C;MT=Fixed	NT=Higher-energy Collisional Dissociation;AC=MS:1000422	27 NCE	40 ppm	0.05 Da	MRTH
PRM_20251207_MarthaReselection_Plate_6_F12	F	12	Pool	72	RF12	0.1	C:\Xcalibur\methods\method1	smb://storage3.ad.scilifelab.se/massstorage/edfors%20lab/01_hot/Martha/RAW	PRM_20251207_MarthaReselection_Plate_6_F12	Homo sapiens	blood plasma	Plate_6	MarthaReselection	not available	not available	NA	not available	not available	not available	not available	94	Plate_6_F12	EMPTY-0001	not available	1	AC=EFO:0009656;NT=plasma	run 571	proteomic profiling by mass spectrometry	PRM_20251207_MarthaReselection_Plate_6_F12.raw	PRM_20251207_MarthaReselection_Plate_6_F12.raw	NT=Parallel Reaction Monitoring;AC=MS:1002956	AC=MS:1002038;NT=label free sample	1	NT=High-performance liquid chromatography;AC=PRIDE:0000565	1	AC=MS:1001251;NT=Trypsin	not available	NT=Stellar;AC=MS:1003409	NT=Carbamidomethyl;AC=UNIMOD:4;TA=C;MT=Fixed	NT=Higher-energy Collisional Dissociation;AC=MS:1000422	27 NCE	40 ppm	0.05 Da	Pool
PRM_20251207_MarthaReselection_Plate_6_G12	G	12	Pool	84	RG12	0.1	C:\Xcalibur\methods\method1	smb://storage3.ad.scilifelab.se/massstorage/edfors%20lab/01_hot/Martha/RAW	PRM_20251207_MarthaReselection_Plate_6_G12	Homo sapiens	blood plasma	Plate_6	MarthaReselection	not available	not available	NA	not available	not available	not available	not available	95	Plate_6_G12	EMPTY-0001	not available	1	AC=EFO:0009656;NT=plasma	run 572	proteomic profiling by mass spectrometry	PRM_20251207_MarthaReselection_Plate_6_G12.raw	PRM_20251207_MarthaReselection_Plate_6_G12.raw	NT=Parallel Reaction Monitoring;AC=MS:1002956	AC=MS:1002038;NT=label free sample	1	NT=High-performance liquid chromatography;AC=PRIDE:0000565	1	AC=MS:1001251;NT=Trypsin	not available	NT=Stellar;AC=MS:1003409	NT=Carbamidomethyl;AC=UNIMOD:4;TA=C;MT=Fixed	NT=Higher-energy Collisional Dissociation;AC=MS:1000422	27 NCE	40 ppm	0.05 Da	Pool
PRM_20251207_MarthaReselection_Plate_6_H12	H	12	Pool	96	RH12	0.1	C:\Xcalibur\methods\method1	smb://storage3.ad.scilifelab.se/massstorage/edfors%20lab/01_hot/Martha/RAW	PRM_20251207_MarthaReselection_Plate_6_H12	Homo sapiens	blood plasma	Plate_6	MarthaReselection	not available	not available	NA	not available	not available	not available	not available	96	Plate_6_H12	EMPTY-0001	not available	1	AC=EFO:0009656;NT=plasma	run 573	proteomic profiling by mass spectrometry	PRM_20251207_MarthaReselection_Plate_6_H12.raw	PRM_20251207_MarthaReselection_Plate_6_H12.raw	NT=Parallel Reaction Monitoring;AC=MS:1002956	AC=MS:1002038;NT=label free sample	1	NT=High-performance liquid chromatography;AC=PRIDE:0000565	1	AC=MS:1001251;NT=Trypsin	not available	NT=Stellar;AC=MS:1003409	NT=Carbamidomethyl;AC=UNIMOD:4;TA=C;MT=Fixed	NT=Higher-energy Collisional Dissociation;AC=MS:1000422	27 NCE	40 ppm	0.05 Da	Pool
PRM_20251216_MarthaReselection_Plate_7_A1	A	1	MRTH	1	RA1	0.1	C:\Xcalibur\methods\method1	smb://storage3.ad.scilifelab.se/massstorage/edfors%20lab/01_hot/Martha/RAW	PRM_20251216_MarthaReselection_Plate_7_A1	Homo sapiens	blood plasma	Plate_7	MarthaReselection	not available	not available	F	not available	not available	not available	not available	1	Plate_7_A1	MRTH1-0286	not available	1	AC=EFO:0009656;NT=plasma	run 574	proteomic profiling by mass spectrometry	PRM_20251216_MarthaReselection_Plate_7_A1.raw	PRM_20251216_MarthaReselection_Plate_7_A1.raw	NT=Parallel Reaction Monitoring;AC=MS:1002956	AC=MS:1002038;NT=label free sample	1	NT=High-performance liquid chromatography;AC=PRIDE:0000565	1	AC=MS:1001251;NT=Trypsin	not available	NT=Stellar;AC=MS:1003409	NT=Carbamidomethyl;AC=UNIMOD:4;TA=C;MT=Fixed	NT=Higher-energy Collisional Dissociation;AC=MS:1000422	27 NCE	40 ppm	0.05 Da	MRTH
PRM_20251216_MarthaReselection_Plate_7_B1	B	1	MRTH	13	RB1	0.1	C:\Xcalibur\methods\method1	smb://storage3.ad.scilifelab.se/massstorage/edfors%20lab/01_hot/Martha/RAW	PRM_20251216_MarthaReselection_Plate_7_B1	Homo sapiens	blood plasma	Plate_7	MarthaReselection	not available	not available	F	not available	not available	not available	not available	2	Plate_7_B1	MRTH1-1359	not available	1	AC=EFO:0009656;NT=plasma	run 575	proteomic profiling by mass spectrometry	PRM_20251216_MarthaReselection_Plate_7_B1.raw	PRM_20251216_MarthaReselection_Plate_7_B1.raw	NT=Parallel Reaction Monitoring;AC=MS:1002956	AC=MS:1002038;NT=label free sample	1	NT=High-performance liquid chromatography;AC=PRIDE:0000565	1	AC=MS:1001251;NT=Trypsin	not available	NT=Stellar;AC=MS:1003409	NT=Carbamidomethyl;AC=UNIMOD:4;TA=C;MT=Fixed	NT=Higher-energy Collisional Dissociation;AC=MS:1000422	27 NCE	40 ppm	0.05 Da	MRTH
PRM_20251216_MarthaReselection_Plate_7_C1	C	1	MRTH	25	RC1	0.1	C:\Xcalibur\methods\method1	smb://storage3.ad.scilifelab.se/massstorage/edfors%20lab/01_hot/Martha/RAW	PRM_20251216_MarthaReselection_Plate_7_C1	Homo sapiens	blood plasma	Plate_7	MarthaReselection	not available	not available	F	not available	not available	not available	not available	3	Plate_7_C1	MRTH1-0334	not available	1	AC=EFO:0009656;NT=plasma	run 576	proteomic profiling by mass spectrometry	PRM_20251216_MarthaReselection_Plate_7_C1.raw	PRM_20251216_MarthaReselection_Plate_7_C1.raw	NT=Parallel Reaction Monitoring;AC=MS:1002956	AC=MS:1002038;NT=label free sample	1	NT=High-performance liquid chromatography;AC=PRIDE:0000565	1	AC=MS:1001251;NT=Trypsin	not available	NT=Stellar;AC=MS:1003409	NT=Carbamidomethyl;AC=UNIMOD:4;TA=C;MT=Fixed	NT=Higher-energy Collisional Dissociation;AC=MS:1000422	27 NCE	40 ppm	0.05 Da	MRTH
PRM_20251216_MarthaReselection_Plate_7_D1	D	1	MRTH	37	RD1	0.1	C:\Xcalibur\methods\method1	smb://storage3.ad.scilifelab.se/massstorage/edfors%20lab/01_hot/Martha/RAW	PRM_20251216_MarthaReselection_Plate_7_D1	Homo sapiens	blood plasma	Plate_7	MarthaReselection	not available	not available	M	not available	not available	not available	not available	4	Plate_7_D1	MRTH1-0228	not available	1	AC=EFO:0009656;NT=plasma	run 577	proteomic profiling by mass spectrometry	PRM_20251216_MarthaReselection_Plate_7_D1.raw	PRM_20251216_MarthaReselection_Plate_7_D1.raw	NT=Parallel Reaction Monitoring;AC=MS:1002956	AC=MS:1002038;NT=label free sample	1	NT=High-performance liquid chromatography;AC=PRIDE:0000565	1	AC=MS:1001251;NT=Trypsin	not available	NT=Stellar;AC=MS:1003409	NT=Carbamidomethyl;AC=UNIMOD:4;TA=C;MT=Fixed	NT=Higher-energy Collisional Dissociation;AC=MS:1000422	27 NCE	40 ppm	0.05 Da	MRTH
PRM_20251216_MarthaReselection_Plate_7_E1	E	1	MRTH	49	RE1	0.1	C:\Xcalibur\methods\method1	smb://storage3.ad.scilifelab.se/massstorage/edfors%20lab/01_hot/Martha/RAW	PRM_20251216_MarthaReselection_Plate_7_E1	Homo sapiens	blood plasma	Plate_7	MarthaReselection	not available	not available	M	not available	not available	not available	not available	5	Plate_7_E1	MRTH1-0933	not available	1	AC=EFO:0009656;NT=plasma	run 578	proteomic profiling by mass spectrometry	PRM_20251216_MarthaReselection_Plate_7_E1.raw	PRM_20251216_MarthaReselection_Plate_7_E1.raw	NT=Parallel Reaction Monitoring;AC=MS:1002956	AC=MS:1002038;NT=label free sample	1	NT=High-performance liquid chromatography;AC=PRIDE:0000565	1	AC=MS:1001251;NT=Trypsin	not available	NT=Stellar;AC=MS:1003409	NT=Carbamidomethyl;AC=UNIMOD:4;TA=C;MT=Fixed	NT=Higher-energy Collisional Dissociation;AC=MS:1000422	27 NCE	40 ppm	0.05 Da	MRTH
PRM_20251216_MarthaReselection_Plate_7_F1	F	1	MRTH	61	RF1	0.1	C:\Xcalibur\methods\method1	smb://storage3.ad.scilifelab.se/massstorage/edfors%20lab/01_hot/Martha/RAW	PRM_20251216_MarthaReselection_Plate_7_F1	Homo sapiens	blood plasma	Plate_7	MarthaReselection	not available	not available	F	not available	not available	not available	not available	6	Plate_7_F1	MRTH1-0358	not available	1	AC=EFO:0009656;NT=plasma	run 579	proteomic profiling by mass spectrometry	PRM_20251216_MarthaReselection_Plate_7_F1.raw	PRM_20251216_MarthaReselection_Plate_7_F1.raw	NT=Parallel Reaction Monitoring;AC=MS:1002956	AC=MS:1002038;NT=label free sample	1	NT=High-performance liquid chromatography;AC=PRIDE:0000565	1	AC=MS:1001251;NT=Trypsin	not available	NT=Stellar;AC=MS:1003409	NT=Carbamidomethyl;AC=UNIMOD:4;TA=C;MT=Fixed	NT=Higher-energy Collisional Dissociation;AC=MS:1000422	27 NCE	40 ppm	0.05 Da	MRTH
PRM_20251216_MarthaReselection_Plate_7_G1	G	1	MRTH	73	RG1	0.1	C:\Xcalibur\methods\method1	smb://storage3.ad.scilifelab.se/massstorage/edfors%20lab/01_hot/Martha/RAW	PRM_20251216_MarthaReselection_Plate_7_G1	Homo sapiens	blood plasma	Plate_7	MarthaReselection	not available	not available	F	not available	not available	not available	not available	7	Plate_7_G1	MRTH1-0450	not available	1	AC=EFO:0009656;NT=plasma	run 580	proteomic profiling by mass spectrometry	PRM_20251216_MarthaReselection_Plate_7_G1.raw	PRM_20251216_MarthaReselection_Plate_7_G1.raw	NT=Parallel Reaction Monitoring;AC=MS:1002956	AC=MS:1002038;NT=label free sample	1	NT=High-performance liquid chromatography;AC=PRIDE:0000565	1	AC=MS:1001251;NT=Trypsin	not available	NT=Stellar;AC=MS:1003409	NT=Carbamidomethyl;AC=UNIMOD:4;TA=C;MT=Fixed	NT=Higher-energy Collisional Dissociation;AC=MS:1000422	27 NCE	40 ppm	0.05 Da	MRTH
PRM_20251216_MarthaReselection_Plate_7_H1	H	1	MRTH	85	RH1	0.1	C:\Xcalibur\methods\method1	smb://storage3.ad.scilifelab.se/massstorage/edfors%20lab/01_hot/Martha/RAW	PRM_20251216_MarthaReselection_Plate_7_H1	Homo sapiens	blood plasma	Plate_7	MarthaReselection	not available	not available	M	not available	not available	not available	not available	8	Plate_7_H1	MRTH1-0571	not available	1	AC=EFO:0009656;NT=plasma	run 581	proteomic profiling by mass spectrometry	PRM_20251216_MarthaReselection_Plate_7_H1.raw	PRM_20251216_MarthaReselection_Plate_7_H1.raw	NT=Parallel Reaction Monitoring;AC=MS:1002956	AC=MS:1002038;NT=label free sample	1	NT=High-performance liquid chromatography;AC=PRIDE:0000565	1	AC=MS:1001251;NT=Trypsin	not available	NT=Stellar;AC=MS:1003409	NT=Carbamidomethyl;AC=UNIMOD:4;TA=C;MT=Fixed	NT=Higher-energy Collisional Dissociation;AC=MS:1000422	27 NCE	40 ppm	0.05 Da	MRTH
PRM_20251216_MarthaReselection_Plate_7_A2	A	2	MRTH	2	RA2	0.1	C:\Xcalibur\methods\method1	smb://storage3.ad.scilifelab.se/massstorage/edfors%20lab/01_hot/Martha/RAW	PRM_20251216_MarthaReselection_Plate_7_A2	Homo sapiens	blood plasma	Plate_7	MarthaReselection	not available	not available	F	not available	not available	not available	not available	9	Plate_7_A2	MRTH1-1331	not available	1	AC=EFO:0009656;NT=plasma	run 582	proteomic profiling by mass spectrometry	PRM_20251216_MarthaReselection_Plate_7_A2.raw	PRM_20251216_MarthaReselection_Plate_7_A2.raw	NT=Parallel Reaction Monitoring;AC=MS:1002956	AC=MS:1002038;NT=label free sample	1	NT=High-performance liquid chromatography;AC=PRIDE:0000565	1	AC=MS:1001251;NT=Trypsin	not available	NT=Stellar;AC=MS:1003409	NT=Carbamidomethyl;AC=UNIMOD:4;TA=C;MT=Fixed	NT=Higher-energy Collisional Dissociation;AC=MS:1000422	27 NCE	40 ppm	0.05 Da	MRTH
PRM_20251216_MarthaReselection_Plate_7_B2	B	2	MRTH	14	RB2	0.1	C:\Xcalibur\methods\method1	smb://storage3.ad.scilifelab.se/massstorage/edfors%20lab/01_hot/Martha/RAW	PRM_20251216_MarthaReselection_Plate_7_B2	Homo sapiens	blood plasma	Plate_7	MarthaReselection	not available	not available	F	not available	not available	not available	not available	10	Plate_7_B2	MRTH1-0895	not available	1	AC=EFO:0009656;NT=plasma	run 583	proteomic profiling by mass spectrometry	PRM_20251216_MarthaReselection_Plate_7_B2.raw	PRM_20251216_MarthaReselection_Plate_7_B2.raw	NT=Parallel Reaction Monitoring;AC=MS:1002956	AC=MS:1002038;NT=label free sample	1	NT=High-performance liquid chromatography;AC=PRIDE:0000565	1	AC=MS:1001251;NT=Trypsin	not available	NT=Stellar;AC=MS:1003409	NT=Carbamidomethyl;AC=UNIMOD:4;TA=C;MT=Fixed	NT=Higher-energy Collisional Dissociation;AC=MS:1000422	27 NCE	40 ppm	0.05 Da	MRTH
PRM_20251216_MarthaReselection_Plate_7_C2	C	2	MRTH	26	RC2	0.1	C:\Xcalibur\methods\method1	smb://storage3.ad.scilifelab.se/massstorage/edfors%20lab/01_hot/Martha/RAW	PRM_20251216_MarthaReselection_Plate_7_C2	Homo sapiens	blood plasma	Plate_7	MarthaReselection	not available	not available	F	not available	not available	not available	not available	11	Plate_7_C2	MRTH1-0732	not available	1	AC=EFO:0009656;NT=plasma	run 584	proteomic profiling by mass spectrometry	PRM_20251216_MarthaReselection_Plate_7_C2.raw	PRM_20251216_MarthaReselection_Plate_7_C2.raw	NT=Parallel Reaction Monitoring;AC=MS:1002956	AC=MS:1002038;NT=label free sample	1	NT=High-performance liquid chromatography;AC=PRIDE:0000565	1	AC=MS:1001251;NT=Trypsin	not available	NT=Stellar;AC=MS:1003409	NT=Carbamidomethyl;AC=UNIMOD:4;TA=C;MT=Fixed	NT=Higher-energy Collisional Dissociation;AC=MS:1000422	27 NCE	40 ppm	0.05 Da	MRTH
PRM_20251216_MarthaReselection_Plate_7_D2	D	2	MRTH	38	RD2	0.1	C:\Xcalibur\methods\method1	smb://storage3.ad.scilifelab.se/massstorage/edfors%20lab/01_hot/Martha/RAW	PRM_20251216_MarthaReselection_Plate_7_D2	Homo sapiens	blood plasma	Plate_7	MarthaReselection	not available	not available	M	not available	not available	not available	not available	12	Plate_7_D2	MRTH1-0213	not available	1	AC=EFO:0009656;NT=plasma	run 585	proteomic profiling by mass spectrometry	PRM_20251216_MarthaReselection_Plate_7_D2.raw	PRM_20251216_MarthaReselection_Plate_7_D2.raw	NT=Parallel Reaction Monitoring;AC=MS:1002956	AC=MS:1002038;NT=label free sample	1	NT=High-performance liquid chromatography;AC=PRIDE:0000565	1	AC=MS:1001251;NT=Trypsin	not available	NT=Stellar;AC=MS:1003409	NT=Carbamidomethyl;AC=UNIMOD:4;TA=C;MT=Fixed	NT=Higher-energy Collisional Dissociation;AC=MS:1000422	27 NCE	40 ppm	0.05 Da	MRTH
PRM_20251216_MarthaReselection_Plate_7_E2	E	2	MRTH	50	RE2	0.1	C:\Xcalibur\methods\method1	smb://storage3.ad.scilifelab.se/massstorage/edfors%20lab/01_hot/Martha/RAW	PRM_20251216_MarthaReselection_Plate_7_E2	Homo sapiens	blood plasma	Plate_7	MarthaReselection	not available	not available	M	not available	not available	not available	not available	13	Plate_7_E2	MRTH1-0057	not available	1	AC=EFO:0009656;NT=plasma	run 586	proteomic profiling by mass spectrometry	PRM_20251216_MarthaReselection_Plate_7_E2.raw	PRM_20251216_MarthaReselection_Plate_7_E2.raw	NT=Parallel Reaction Monitoring;AC=MS:1002956	AC=MS:1002038;NT=label free sample	1	NT=High-performance liquid chromatography;AC=PRIDE:0000565	1	AC=MS:1001251;NT=Trypsin	not available	NT=Stellar;AC=MS:1003409	NT=Carbamidomethyl;AC=UNIMOD:4;TA=C;MT=Fixed	NT=Higher-energy Collisional Dissociation;AC=MS:1000422	27 NCE	40 ppm	0.05 Da	MRTH
PRM_20251216_MarthaReselection_Plate_7_F2	F	2	MRTH	62	RF2	0.1	C:\Xcalibur\methods\method1	smb://storage3.ad.scilifelab.se/massstorage/edfors%20lab/01_hot/Martha/RAW	PRM_20251216_MarthaReselection_Plate_7_F2	Homo sapiens	blood plasma	Plate_7	MarthaReselection	not available	not available	F	not available	not available	not available	not available	14	Plate_7_F2	MRTH1-0310	not available	1	AC=EFO:0009656;NT=plasma	run 587	proteomic profiling by mass spectrometry	PRM_20251216_MarthaReselection_Plate_7_F2.raw	PRM_20251216_MarthaReselection_Plate_7_F2.raw	NT=Parallel Reaction Monitoring;AC=MS:1002956	AC=MS:1002038;NT=label free sample	1	NT=High-performance liquid chromatography;AC=PRIDE:0000565	1	AC=MS:1001251;NT=Trypsin	not available	NT=Stellar;AC=MS:1003409	NT=Carbamidomethyl;AC=UNIMOD:4;TA=C;MT=Fixed	NT=Higher-energy Collisional Dissociation;AC=MS:1000422	27 NCE	40 ppm	0.05 Da	MRTH
PRM_20251216_MarthaReselection_Plate_7_G2	G	2	MRTH	74	RG2	0.1	C:\Xcalibur\methods\method1	smb://storage3.ad.scilifelab.se/massstorage/edfors%20lab/01_hot/Martha/RAW	PRM_20251216_MarthaReselection_Plate_7_G2	Homo sapiens	blood plasma	Plate_7	MarthaReselection	not available	not available	M	not available	not available	not available	not available	15	Plate_7_G2	MRTH1-0372	not available	1	AC=EFO:0009656;NT=plasma	run 588	proteomic profiling by mass spectrometry	PRM_20251216_MarthaReselection_Plate_7_G2.raw	PRM_20251216_MarthaReselection_Plate_7_G2.raw	NT=Parallel Reaction Monitoring;AC=MS:1002956	AC=MS:1002038;NT=label free sample	1	NT=High-performance liquid chromatography;AC=PRIDE:0000565	1	AC=MS:1001251;NT=Trypsin	not available	NT=Stellar;AC=MS:1003409	NT=Carbamidomethyl;AC=UNIMOD:4;TA=C;MT=Fixed	NT=Higher-energy Collisional Dissociation;AC=MS:1000422	27 NCE	40 ppm	0.05 Da	MRTH
PRM_20251216_MarthaReselection_Plate_7_H2	H	2	MRTH	86	RH2	0.1	C:\Xcalibur\methods\method1	smb://storage3.ad.scilifelab.se/massstorage/edfors%20lab/01_hot/Martha/RAW	PRM_20251216_MarthaReselection_Plate_7_H2	Homo sapiens	blood plasma	Plate_7	MarthaReselection	not available	not available	F	not available	not available	not available	not available	16	Plate_7_H2	MRTH1-0390	not available	1	AC=EFO:0009656;NT=plasma	run 589	proteomic profiling by mass spectrometry	PRM_20251216_MarthaReselection_Plate_7_H2.raw	PRM_20251216_MarthaReselection_Plate_7_H2.raw	NT=Parallel Reaction Monitoring;AC=MS:1002956	AC=MS:1002038;NT=label free sample	1	NT=High-performance liquid chromatography;AC=PRIDE:0000565	1	AC=MS:1001251;NT=Trypsin	not available	NT=Stellar;AC=MS:1003409	NT=Carbamidomethyl;AC=UNIMOD:4;TA=C;MT=Fixed	NT=Higher-energy Collisional Dissociation;AC=MS:1000422	27 NCE	40 ppm	0.05 Da	MRTH
PRM_20251216_MarthaReselection_Plate_7_A3	A	3	MRTH	3	RA3	0.1	C:\Xcalibur\methods\method1	smb://storage3.ad.scilifelab.se/massstorage/edfors%20lab/01_hot/Martha/RAW	PRM_20251216_MarthaReselection_Plate_7_A3	Homo sapiens	blood plasma	Plate_7	MarthaReselection	not available	not available	F	not available	not available	not available	not available	17	Plate_7_A3	MRTH1-0086	not available	1	AC=EFO:0009656;NT=plasma	run 590	proteomic profiling by mass spectrometry	PRM_20251216_MarthaReselection_Plate_7_A3.raw	PRM_20251216_MarthaReselection_Plate_7_A3.raw	NT=Parallel Reaction Monitoring;AC=MS:1002956	AC=MS:1002038;NT=label free sample	1	NT=High-performance liquid chromatography;AC=PRIDE:0000565	1	AC=MS:1001251;NT=Trypsin	not available	NT=Stellar;AC=MS:1003409	NT=Carbamidomethyl;AC=UNIMOD:4;TA=C;MT=Fixed	NT=Higher-energy Collisional Dissociation;AC=MS:1000422	27 NCE	40 ppm	0.05 Da	MRTH
PRM_20251216_MarthaReselection_Plate_7_B3	B	3	Pool	15	RB3	0.1	C:\Xcalibur\methods\method1	smb://storage3.ad.scilifelab.se/massstorage/edfors%20lab/01_hot/Martha/RAW	PRM_20251216_MarthaReselection_Plate_7_B3	Homo sapiens	blood plasma	Plate_7	MarthaReselection	not available	not available	NA	not available	not available	not available	not available	18	Plate_7_B3	EMPTY-0001	not available	1	AC=EFO:0009656;NT=plasma	run 591	proteomic profiling by mass spectrometry	PRM_20251216_MarthaReselection_Plate_7_B3.raw	PRM_20251216_MarthaReselection_Plate_7_B3.raw	NT=Parallel Reaction Monitoring;AC=MS:1002956	AC=MS:1002038;NT=label free sample	1	NT=High-performance liquid chromatography;AC=PRIDE:0000565	1	AC=MS:1001251;NT=Trypsin	not available	NT=Stellar;AC=MS:1003409	NT=Carbamidomethyl;AC=UNIMOD:4;TA=C;MT=Fixed	NT=Higher-energy Collisional Dissociation;AC=MS:1000422	27 NCE	40 ppm	0.05 Da	Pool
PRM_20251216_MarthaReselection_Plate_7_C3	C	3	MRTH	27	RC3	0.1	C:\Xcalibur\methods\method1	smb://storage3.ad.scilifelab.se/massstorage/edfors%20lab/01_hot/Martha/RAW	PRM_20251216_MarthaReselection_Plate_7_C3	Homo sapiens	blood plasma	Plate_7	MarthaReselection	not available	not available	F	not available	not available	not available	not available	19	Plate_7_C3	MRTH1-1059	not available	1	AC=EFO:0009656;NT=plasma	run 592	proteomic profiling by mass spectrometry	PRM_20251216_MarthaReselection_Plate_7_C3.raw	PRM_20251216_MarthaReselection_Plate_7_C3.raw	NT=Parallel Reaction Monitoring;AC=MS:1002956	AC=MS:1002038;NT=label free sample	1	NT=High-performance liquid chromatography;AC=PRIDE:0000565	1	AC=MS:1001251;NT=Trypsin	not available	NT=Stellar;AC=MS:1003409	NT=Carbamidomethyl;AC=UNIMOD:4;TA=C;MT=Fixed	NT=Higher-energy Collisional Dissociation;AC=MS:1000422	27 NCE	40 ppm	0.05 Da	MRTH
PRM_20251216_MarthaReselection_Plate_7_D3	D	3	MRTH	39	RD3	0.1	C:\Xcalibur\methods\method1	smb://storage3.ad.scilifelab.se/massstorage/edfors%20lab/01_hot/Martha/RAW	PRM_20251216_MarthaReselection_Plate_7_D3	Homo sapiens	blood plasma	Plate_7	MarthaReselection	not available	not available	M	not available	not available	not available	not available	20	Plate_7_D3	MRTH1-0674	not available	1	AC=EFO:0009656;NT=plasma	run 593	proteomic profiling by mass spectrometry	PRM_20251216_MarthaReselection_Plate_7_D3.raw	PRM_20251216_MarthaReselection_Plate_7_D3.raw	NT=Parallel Reaction Monitoring;AC=MS:1002956	AC=MS:1002038;NT=label free sample	1	NT=High-performance liquid chromatography;AC=PRIDE:0000565	1	AC=MS:1001251;NT=Trypsin	not available	NT=Stellar;AC=MS:1003409	NT=Carbamidomethyl;AC=UNIMOD:4;TA=C;MT=Fixed	NT=Higher-energy Collisional Dissociation;AC=MS:1000422	27 NCE	40 ppm	0.05 Da	MRTH
PRM_20251216_MarthaReselection_Plate_7_E3	E	3	MRTH	51	RE3	0.1	C:\Xcalibur\methods\method1	smb://storage3.ad.scilifelab.se/massstorage/edfors%20lab/01_hot/Martha/RAW	PRM_20251216_MarthaReselection_Plate_7_E3	Homo sapiens	blood plasma	Plate_7	MarthaReselection	not available	not available	M	not available	not available	not available	not available	21	Plate_7_E3	MRTH1-0610	not available	1	AC=EFO:0009656;NT=plasma	run 594	proteomic profiling by mass spectrometry	PRM_20251216_MarthaReselection_Plate_7_E3.raw	PRM_20251216_MarthaReselection_Plate_7_E3.raw	NT=Parallel Reaction Monitoring;AC=MS:1002956	AC=MS:1002038;NT=label free sample	1	NT=High-performance liquid chromatography;AC=PRIDE:0000565	1	AC=MS:1001251;NT=Trypsin	not available	NT=Stellar;AC=MS:1003409	NT=Carbamidomethyl;AC=UNIMOD:4;TA=C;MT=Fixed	NT=Higher-energy Collisional Dissociation;AC=MS:1000422	27 NCE	40 ppm	0.05 Da	MRTH
PRM_20251216_MarthaReselection_Plate_7_F3	F	3	MRTH	63	RF3	0.1	C:\Xcalibur\methods\method1	smb://storage3.ad.scilifelab.se/massstorage/edfors%20lab/01_hot/Martha/RAW	PRM_20251216_MarthaReselection_Plate_7_F3	Homo sapiens	blood plasma	Plate_7	MarthaReselection	not available	not available	M	not available	not available	not available	not available	22	Plate_7_F3	MRTH1-0989	not available	1	AC=EFO:0009656;NT=plasma	run 595	proteomic profiling by mass spectrometry	PRM_20251216_MarthaReselection_Plate_7_F3.raw	PRM_20251216_MarthaReselection_Plate_7_F3.raw	NT=Parallel Reaction Monitoring;AC=MS:1002956	AC=MS:1002038;NT=label free sample	1	NT=High-performance liquid chromatography;AC=PRIDE:0000565	1	AC=MS:1001251;NT=Trypsin	not available	NT=Stellar;AC=MS:1003409	NT=Carbamidomethyl;AC=UNIMOD:4;TA=C;MT=Fixed	NT=Higher-energy Collisional Dissociation;AC=MS:1000422	27 NCE	40 ppm	0.05 Da	MRTH
PRM_20251216_MarthaReselection_Plate_7_G3	G	3	MRTH	75	RG3	0.1	C:\Xcalibur\methods\method1	smb://storage3.ad.scilifelab.se/massstorage/edfors%20lab/01_hot/Martha/RAW	PRM_20251216_MarthaReselection_Plate_7_G3	Homo sapiens	blood plasma	Plate_7	MarthaReselection	not available	not available	F	not available	not available	not available	not available	23	Plate_7_G3	MRTH1-1136	not available	1	AC=EFO:0009656;NT=plasma	run 596	proteomic profiling by mass spectrometry	PRM_20251216_MarthaReselection_Plate_7_G3.raw	PRM_20251216_MarthaReselection_Plate_7_G3.raw	NT=Parallel Reaction Monitoring;AC=MS:1002956	AC=MS:1002038;NT=label free sample	1	NT=High-performance liquid chromatography;AC=PRIDE:0000565	1	AC=MS:1001251;NT=Trypsin	not available	NT=Stellar;AC=MS:1003409	NT=Carbamidomethyl;AC=UNIMOD:4;TA=C;MT=Fixed	NT=Higher-energy Collisional Dissociation;AC=MS:1000422	27 NCE	40 ppm	0.05 Da	MRTH
PRM_20251216_MarthaReselection_Plate_7_H3	H	3	MRTH	87	RH3	0.1	C:\Xcalibur\methods\method1	smb://storage3.ad.scilifelab.se/massstorage/edfors%20lab/01_hot/Martha/RAW	PRM_20251216_MarthaReselection_Plate_7_H3	Homo sapiens	blood plasma	Plate_7	MarthaReselection	not available	not available	M	not available	not available	not available	not available	24	Plate_7_H3	MRTH1-0785	not available	1	AC=EFO:0009656;NT=plasma	run 597	proteomic profiling by mass spectrometry	PRM_20251216_MarthaReselection_Plate_7_H3.raw	PRM_20251216_MarthaReselection_Plate_7_H3.raw	NT=Parallel Reaction Monitoring;AC=MS:1002956	AC=MS:1002038;NT=label free sample	1	NT=High-performance liquid chromatography;AC=PRIDE:0000565	1	AC=MS:1001251;NT=Trypsin	not available	NT=Stellar;AC=MS:1003409	NT=Carbamidomethyl;AC=UNIMOD:4;TA=C;MT=Fixed	NT=Higher-energy Collisional Dissociation;AC=MS:1000422	27 NCE	40 ppm	0.05 Da	MRTH
PRM_20251216_MarthaReselection_Plate_7_A4	A	4	MRTH	4	RA4	0.1	C:\Xcalibur\methods\method1	smb://storage3.ad.scilifelab.se/massstorage/edfors%20lab/01_hot/Martha/RAW	PRM_20251216_MarthaReselection_Plate_7_A4	Homo sapiens	blood plasma	Plate_7	MarthaReselection	not available	not available	M	not available	not available	not available	not available	25	Plate_7_A4	MRTH1-0409	not available	1	AC=EFO:0009656;NT=plasma	run 598	proteomic profiling by mass spectrometry	PRM_20251216_MarthaReselection_Plate_7_A4.raw	PRM_20251216_MarthaReselection_Plate_7_A4.raw	NT=Parallel Reaction Monitoring;AC=MS:1002956	AC=MS:1002038;NT=label free sample	1	NT=High-performance liquid chromatography;AC=PRIDE:0000565	1	AC=MS:1001251;NT=Trypsin	not available	NT=Stellar;AC=MS:1003409	NT=Carbamidomethyl;AC=UNIMOD:4;TA=C;MT=Fixed	NT=Higher-energy Collisional Dissociation;AC=MS:1000422	27 NCE	40 ppm	0.05 Da	MRTH
PRM_20251216_MarthaReselection_Plate_7_B4	B	4	MRTH	16	RB4	0.1	C:\Xcalibur\methods\method1	smb://storage3.ad.scilifelab.se/massstorage/edfors%20lab/01_hot/Martha/RAW	PRM_20251216_MarthaReselection_Plate_7_B4	Homo sapiens	blood plasma	Plate_7	MarthaReselection	not available	not available	F	not available	not available	not available	not available	26	Plate_7_B4	MRTH1-0793	not available	1	AC=EFO:0009656;NT=plasma	run 599	proteomic profiling by mass spectrometry	PRM_20251216_MarthaReselection_Plate_7_B4.raw	PRM_20251216_MarthaReselection_Plate_7_B4.raw	NT=Parallel Reaction Monitoring;AC=MS:1002956	AC=MS:1002038;NT=label free sample	1	NT=High-performance liquid chromatography;AC=PRIDE:0000565	1	AC=MS:1001251;NT=Trypsin	not available	NT=Stellar;AC=MS:1003409	NT=Carbamidomethyl;AC=UNIMOD:4;TA=C;MT=Fixed	NT=Higher-energy Collisional Dissociation;AC=MS:1000422	27 NCE	40 ppm	0.05 Da	MRTH
PRM_20251216_MarthaReselection_Plate_7_C4	C	4	MRTH	28	RC4	0.1	C:\Xcalibur\methods\method1	smb://storage3.ad.scilifelab.se/massstorage/edfors%20lab/01_hot/Martha/RAW	PRM_20251216_MarthaReselection_Plate_7_C4	Homo sapiens	blood plasma	Plate_7	MarthaReselection	not available	not available	F	not available	not available	not available	not available	27	Plate_7_C4	MRTH1-1112	not available	1	AC=EFO:0009656;NT=plasma	run 600	proteomic profiling by mass spectrometry	PRM_20251216_MarthaReselection_Plate_7_C4.raw	PRM_20251216_MarthaReselection_Plate_7_C4.raw	NT=Parallel Reaction Monitoring;AC=MS:1002956	AC=MS:1002038;NT=label free sample	1	NT=High-performance liquid chromatography;AC=PRIDE:0000565	1	AC=MS:1001251;NT=Trypsin	not available	NT=Stellar;AC=MS:1003409	NT=Carbamidomethyl;AC=UNIMOD:4;TA=C;MT=Fixed	NT=Higher-energy Collisional Dissociation;AC=MS:1000422	27 NCE	40 ppm	0.05 Da	MRTH
PRM_20251216_MarthaReselection_Plate_7_D4	D	4	MRTH	40	RD4	0.1	C:\Xcalibur\methods\method1	smb://storage3.ad.scilifelab.se/massstorage/edfors%20lab/01_hot/Martha/RAW	PRM_20251216_MarthaReselection_Plate_7_D4	Homo sapiens	blood plasma	Plate_7	MarthaReselection	not available	not available	M	not available	not available	not available	not available	28	Plate_7_D4	MRTH1-0468	not available	1	AC=EFO:0009656;NT=plasma	run 601	proteomic profiling by mass spectrometry	PRM_20251216_MarthaReselection_Plate_7_D4.raw	PRM_20251216_MarthaReselection_Plate_7_D4.raw	NT=Parallel Reaction Monitoring;AC=MS:1002956	AC=MS:1002038;NT=label free sample	1	NT=High-performance liquid chromatography;AC=PRIDE:0000565	1	AC=MS:1001251;NT=Trypsin	not available	NT=Stellar;AC=MS:1003409	NT=Carbamidomethyl;AC=UNIMOD:4;TA=C;MT=Fixed	NT=Higher-energy Collisional Dissociation;AC=MS:1000422	27 NCE	40 ppm	0.05 Da	MRTH
PRM_20251216_MarthaReselection_Plate_7_E4	E	4	MRTH	52	RE4	0.1	C:\Xcalibur\methods\method1	smb://storage3.ad.scilifelab.se/massstorage/edfors%20lab/01_hot/Martha/RAW	PRM_20251216_MarthaReselection_Plate_7_E4	Homo sapiens	blood plasma	Plate_7	MarthaReselection	not available	not available	F	not available	not available	not available	not available	29	Plate_7_E4	MRTH1-0433	not available	1	AC=EFO:0009656;NT=plasma	run 602	proteomic profiling by mass spectrometry	PRM_20251216_MarthaReselection_Plate_7_E4.raw	PRM_20251216_MarthaReselection_Plate_7_E4.raw	NT=Parallel Reaction Monitoring;AC=MS:1002956	AC=MS:1002038;NT=label free sample	1	NT=High-performance liquid chromatography;AC=PRIDE:0000565	1	AC=MS:1001251;NT=Trypsin	not available	NT=Stellar;AC=MS:1003409	NT=Carbamidomethyl;AC=UNIMOD:4;TA=C;MT=Fixed	NT=Higher-energy Collisional Dissociation;AC=MS:1000422	27 NCE	40 ppm	0.05 Da	MRTH
PRM_20251216_MarthaReselection_Plate_7_F4	F	4	MRTH	64	RF4	0.1	C:\Xcalibur\methods\method1	smb://storage3.ad.scilifelab.se/massstorage/edfors%20lab/01_hot/Martha/RAW	PRM_20251216_MarthaReselection_Plate_7_F4	Homo sapiens	blood plasma	Plate_7	MarthaReselection	not available	not available	M	not available	not available	not available	not available	30	Plate_7_F4	MRTH1-0278	not available	1	AC=EFO:0009656;NT=plasma	run 603	proteomic profiling by mass spectrometry	PRM_20251216_MarthaReselection_Plate_7_F4.raw	PRM_20251216_MarthaReselection_Plate_7_F4.raw	NT=Parallel Reaction Monitoring;AC=MS:1002956	AC=MS:1002038;NT=label free sample	1	NT=High-performance liquid chromatography;AC=PRIDE:0000565	1	AC=MS:1001251;NT=Trypsin	not available	NT=Stellar;AC=MS:1003409	NT=Carbamidomethyl;AC=UNIMOD:4;TA=C;MT=Fixed	NT=Higher-energy Collisional Dissociation;AC=MS:1000422	27 NCE	40 ppm	0.05 Da	MRTH
PRM_20251216_MarthaReselection_Plate_7_G4	G	4	MRTH	76	RG4	0.1	C:\Xcalibur\methods\method1	smb://storage3.ad.scilifelab.se/massstorage/edfors%20lab/01_hot/Martha/RAW	PRM_20251216_MarthaReselection_Plate_7_G4	Homo sapiens	blood plasma	Plate_7	MarthaReselection	not available	not available	F	not available	not available	not available	not available	31	Plate_7_G4	MRTH1-0082	not available	1	AC=EFO:0009656;NT=plasma	run 604	proteomic profiling by mass spectrometry	PRM_20251216_MarthaReselection_Plate_7_G4.raw	PRM_20251216_MarthaReselection_Plate_7_G4.raw	NT=Parallel Reaction Monitoring;AC=MS:1002956	AC=MS:1002038;NT=label free sample	1	NT=High-performance liquid chromatography;AC=PRIDE:0000565	1	AC=MS:1001251;NT=Trypsin	not available	NT=Stellar;AC=MS:1003409	NT=Carbamidomethyl;AC=UNIMOD:4;TA=C;MT=Fixed	NT=Higher-energy Collisional Dissociation;AC=MS:1000422	27 NCE	40 ppm	0.05 Da	MRTH
PRM_20251216_MarthaReselection_Plate_7_H4	H	4	MRTH	88	RH4	0.1	C:\Xcalibur\methods\method1	smb://storage3.ad.scilifelab.se/massstorage/edfors%20lab/01_hot/Martha/RAW	PRM_20251216_MarthaReselection_Plate_7_H4	Homo sapiens	blood plasma	Plate_7	MarthaReselection	not available	not available	F	not available	not available	not available	not available	32	Plate_7_H4	MRTH1-1071	not available	1	AC=EFO:0009656;NT=plasma	run 605	proteomic profiling by mass spectrometry	PRM_20251216_MarthaReselection_Plate_7_H4.raw	PRM_20251216_MarthaReselection_Plate_7_H4.raw	NT=Parallel Reaction Monitoring;AC=MS:1002956	AC=MS:1002038;NT=label free sample	1	NT=High-performance liquid chromatography;AC=PRIDE:0000565	1	AC=MS:1001251;NT=Trypsin	not available	NT=Stellar;AC=MS:1003409	NT=Carbamidomethyl;AC=UNIMOD:4;TA=C;MT=Fixed	NT=Higher-energy Collisional Dissociation;AC=MS:1000422	27 NCE	40 ppm	0.05 Da	MRTH
PRM_20251216_MarthaReselection_Plate_7_A5	A	5	MRTH	5	RA5	0.1	C:\Xcalibur\methods\method1	smb://storage3.ad.scilifelab.se/massstorage/edfors%20lab/01_hot/Martha/RAW	PRM_20251216_MarthaReselection_Plate_7_A5	Homo sapiens	blood plasma	Plate_7	MarthaReselection	not available	not available	F	not available	not available	not available	not available	33	Plate_7_A5	MRTH1-0713	not available	1	AC=EFO:0009656;NT=plasma	run 606	proteomic profiling by mass spectrometry	PRM_20251216_MarthaReselection_Plate_7_A5.raw	PRM_20251216_MarthaReselection_Plate_7_A5.raw	NT=Parallel Reaction Monitoring;AC=MS:1002956	AC=MS:1002038;NT=label free sample	1	NT=High-performance liquid chromatography;AC=PRIDE:0000565	1	AC=MS:1001251;NT=Trypsin	not available	NT=Stellar;AC=MS:1003409	NT=Carbamidomethyl;AC=UNIMOD:4;TA=C;MT=Fixed	NT=Higher-energy Collisional Dissociation;AC=MS:1000422	27 NCE	40 ppm	0.05 Da	MRTH
PRM_20251216_MarthaReselection_Plate_7_B5	B	5	MRTH	17	RB5	0.1	C:\Xcalibur\methods\method1	smb://storage3.ad.scilifelab.se/massstorage/edfors%20lab/01_hot/Martha/RAW	PRM_20251216_MarthaReselection_Plate_7_B5	Homo sapiens	blood plasma	Plate_7	MarthaReselection	not available	not available	F	not available	not available	not available	not available	34	Plate_7_B5	MRTH1-1293	not available	1	AC=EFO:0009656;NT=plasma	run 607	proteomic profiling by mass spectrometry	PRM_20251216_MarthaReselection_Plate_7_B5.raw	PRM_20251216_MarthaReselection_Plate_7_B5.raw	NT=Parallel Reaction Monitoring;AC=MS:1002956	AC=MS:1002038;NT=label free sample	1	NT=High-performance liquid chromatography;AC=PRIDE:0000565	1	AC=MS:1001251;NT=Trypsin	not available	NT=Stellar;AC=MS:1003409	NT=Carbamidomethyl;AC=UNIMOD:4;TA=C;MT=Fixed	NT=Higher-energy Collisional Dissociation;AC=MS:1000422	27 NCE	40 ppm	0.05 Da	MRTH
PRM_20251216_MarthaReselection_Plate_7_C5	C	5	MRTH	29	RC5	0.1	C:\Xcalibur\methods\method1	smb://storage3.ad.scilifelab.se/massstorage/edfors%20lab/01_hot/Martha/RAW	PRM_20251216_MarthaReselection_Plate_7_C5	Homo sapiens	blood plasma	Plate_7	MarthaReselection	not available	not available	F	not available	not available	not available	not available	35	Plate_7_C5	MRTH1-0733	not available	1	AC=EFO:0009656;NT=plasma	run 608	proteomic profiling by mass spectrometry	PRM_20251216_MarthaReselection_Plate_7_C5.raw	PRM_20251216_MarthaReselection_Plate_7_C5.raw	NT=Parallel Reaction Monitoring;AC=MS:1002956	AC=MS:1002038;NT=label free sample	1	NT=High-performance liquid chromatography;AC=PRIDE:0000565	1	AC=MS:1001251;NT=Trypsin	not available	NT=Stellar;AC=MS:1003409	NT=Carbamidomethyl;AC=UNIMOD:4;TA=C;MT=Fixed	NT=Higher-energy Collisional Dissociation;AC=MS:1000422	27 NCE	40 ppm	0.05 Da	MRTH
PRM_20251216_MarthaReselection_Plate_7_D5	D	5	MRTH	41	RD5	0.1	C:\Xcalibur\methods\method1	smb://storage3.ad.scilifelab.se/massstorage/edfors%20lab/01_hot/Martha/RAW	PRM_20251216_MarthaReselection_Plate_7_D5	Homo sapiens	blood plasma	Plate_7	MarthaReselection	not available	not available	F	not available	not available	not available	not available	36	Plate_7_D5	MRTH1-0640	not available	1	AC=EFO:0009656;NT=plasma	run 609	proteomic profiling by mass spectrometry	PRM_20251216_MarthaReselection_Plate_7_D5.raw	PRM_20251216_MarthaReselection_Plate_7_D5.raw	NT=Parallel Reaction Monitoring;AC=MS:1002956	AC=MS:1002038;NT=label free sample	1	NT=High-performance liquid chromatography;AC=PRIDE:0000565	1	AC=MS:1001251;NT=Trypsin	not available	NT=Stellar;AC=MS:1003409	NT=Carbamidomethyl;AC=UNIMOD:4;TA=C;MT=Fixed	NT=Higher-energy Collisional Dissociation;AC=MS:1000422	27 NCE	40 ppm	0.05 Da	MRTH
PRM_20251216_MarthaReselection_Plate_7_E5	E	5	MRTH	53	RE5	0.1	C:\Xcalibur\methods\method1	smb://storage3.ad.scilifelab.se/massstorage/edfors%20lab/01_hot/Martha/RAW	PRM_20251216_MarthaReselection_Plate_7_E5	Homo sapiens	blood plasma	Plate_7	MarthaReselection	not available	not available	M	not available	not available	not available	not available	37	Plate_7_E5	MRTH1-1089	not available	1	AC=EFO:0009656;NT=plasma	run 610	proteomic profiling by mass spectrometry	PRM_20251216_MarthaReselection_Plate_7_E5.raw	PRM_20251216_MarthaReselection_Plate_7_E5.raw	NT=Parallel Reaction Monitoring;AC=MS:1002956	AC=MS:1002038;NT=label free sample	1	NT=High-performance liquid chromatography;AC=PRIDE:0000565	1	AC=MS:1001251;NT=Trypsin	not available	NT=Stellar;AC=MS:1003409	NT=Carbamidomethyl;AC=UNIMOD:4;TA=C;MT=Fixed	NT=Higher-energy Collisional Dissociation;AC=MS:1000422	27 NCE	40 ppm	0.05 Da	MRTH
PRM_20251216_MarthaReselection_Plate_7_F5	F	5	MRTH	65	RF5	0.1	C:\Xcalibur\methods\method1	smb://storage3.ad.scilifelab.se/massstorage/edfors%20lab/01_hot/Martha/RAW	PRM_20251216_MarthaReselection_Plate_7_F5	Homo sapiens	blood plasma	Plate_7	MarthaReselection	not available	not available	F	not available	not available	not available	not available	38	Plate_7_F5	MRTH1-0225	not available	1	AC=EFO:0009656;NT=plasma	run 611	proteomic profiling by mass spectrometry	PRM_20251216_MarthaReselection_Plate_7_F5.raw	PRM_20251216_MarthaReselection_Plate_7_F5.raw	NT=Parallel Reaction Monitoring;AC=MS:1002956	AC=MS:1002038;NT=label free sample	1	NT=High-performance liquid chromatography;AC=PRIDE:0000565	1	AC=MS:1001251;NT=Trypsin	not available	NT=Stellar;AC=MS:1003409	NT=Carbamidomethyl;AC=UNIMOD:4;TA=C;MT=Fixed	NT=Higher-energy Collisional Dissociation;AC=MS:1000422	27 NCE	40 ppm	0.05 Da	MRTH
PRM_20251216_MarthaReselection_Plate_7_G5	G	5	MRTH	77	RG5	0.1	C:\Xcalibur\methods\method1	smb://storage3.ad.scilifelab.se/massstorage/edfors%20lab/01_hot/Martha/RAW	PRM_20251216_MarthaReselection_Plate_7_G5	Homo sapiens	blood plasma	Plate_7	MarthaReselection	not available	not available	F	not available	not available	not available	not available	39	Plate_7_G5	MRTH1-0739	not available	1	AC=EFO:0009656;NT=plasma	run 612	proteomic profiling by mass spectrometry	PRM_20251216_MarthaReselection_Plate_7_G5.raw	PRM_20251216_MarthaReselection_Plate_7_G5.raw	NT=Parallel Reaction Monitoring;AC=MS:1002956	AC=MS:1002038;NT=label free sample	1	NT=High-performance liquid chromatography;AC=PRIDE:0000565	1	AC=MS:1001251;NT=Trypsin	not available	NT=Stellar;AC=MS:1003409	NT=Carbamidomethyl;AC=UNIMOD:4;TA=C;MT=Fixed	NT=Higher-energy Collisional Dissociation;AC=MS:1000422	27 NCE	40 ppm	0.05 Da	MRTH
PRM_20251216_MarthaReselection_Plate_7_H5	H	5	MRTH	89	RH5	0.1	C:\Xcalibur\methods\method1	smb://storage3.ad.scilifelab.se/massstorage/edfors%20lab/01_hot/Martha/RAW	PRM_20251216_MarthaReselection_Plate_7_H5	Homo sapiens	blood plasma	Plate_7	MarthaReselection	not available	not available	F	not available	not available	not available	not available	40	Plate_7_H5	MRTH1-0258	not available	1	AC=EFO:0009656;NT=plasma	run 613	proteomic profiling by mass spectrometry	PRM_20251216_MarthaReselection_Plate_7_H5.raw	PRM_20251216_MarthaReselection_Plate_7_H5.raw	NT=Parallel Reaction Monitoring;AC=MS:1002956	AC=MS:1002038;NT=label free sample	1	NT=High-performance liquid chromatography;AC=PRIDE:0000565	1	AC=MS:1001251;NT=Trypsin	not available	NT=Stellar;AC=MS:1003409	NT=Carbamidomethyl;AC=UNIMOD:4;TA=C;MT=Fixed	NT=Higher-energy Collisional Dissociation;AC=MS:1000422	27 NCE	40 ppm	0.05 Da	MRTH
PRM_20251216_MarthaReselection_Plate_7_A6	A	6	MRTH	6	RA6	0.1	C:\Xcalibur\methods\method1	smb://storage3.ad.scilifelab.se/massstorage/edfors%20lab/01_hot/Martha/RAW	PRM_20251216_MarthaReselection_Plate_7_A6	Homo sapiens	blood plasma	Plate_7	MarthaReselection	not available	not available	F	not available	not available	not available	not available	41	Plate_7_A6	MRTH1-1275	not available	1	AC=EFO:0009656;NT=plasma	run 614	proteomic profiling by mass spectrometry	PRM_20251216_MarthaReselection_Plate_7_A6.raw	PRM_20251216_MarthaReselection_Plate_7_A6.raw	NT=Parallel Reaction Monitoring;AC=MS:1002956	AC=MS:1002038;NT=label free sample	1	NT=High-performance liquid chromatography;AC=PRIDE:0000565	1	AC=MS:1001251;NT=Trypsin	not available	NT=Stellar;AC=MS:1003409	NT=Carbamidomethyl;AC=UNIMOD:4;TA=C;MT=Fixed	NT=Higher-energy Collisional Dissociation;AC=MS:1000422	27 NCE	40 ppm	0.05 Da	MRTH
PRM_20251216_MarthaReselection_Plate_7_B6	B	6	MRTH	18	RB6	0.1	C:\Xcalibur\methods\method1	smb://storage3.ad.scilifelab.se/massstorage/edfors%20lab/01_hot/Martha/RAW	PRM_20251216_MarthaReselection_Plate_7_B6	Homo sapiens	blood plasma	Plate_7	MarthaReselection	not available	not available	F	not available	not available	not available	not available	42	Plate_7_B6	MRTH1-0218	not available	1	AC=EFO:0009656;NT=plasma	run 615	proteomic profiling by mass spectrometry	PRM_20251216_MarthaReselection_Plate_7_B6.raw	PRM_20251216_MarthaReselection_Plate_7_B6.raw	NT=Parallel Reaction Monitoring;AC=MS:1002956	AC=MS:1002038;NT=label free sample	1	NT=High-performance liquid chromatography;AC=PRIDE:0000565	1	AC=MS:1001251;NT=Trypsin	not available	NT=Stellar;AC=MS:1003409	NT=Carbamidomethyl;AC=UNIMOD:4;TA=C;MT=Fixed	NT=Higher-energy Collisional Dissociation;AC=MS:1000422	27 NCE	40 ppm	0.05 Da	MRTH
PRM_20251216_MarthaReselection_Plate_7_C6	C	6	MRTH	30	RC6	0.1	C:\Xcalibur\methods\method1	smb://storage3.ad.scilifelab.se/massstorage/edfors%20lab/01_hot/Martha/RAW	PRM_20251216_MarthaReselection_Plate_7_C6	Homo sapiens	blood plasma	Plate_7	MarthaReselection	not available	not available	F	not available	not available	not available	not available	43	Plate_7_C6	MRTH1-1217	not available	1	AC=EFO:0009656;NT=plasma	run 616	proteomic profiling by mass spectrometry	PRM_20251216_MarthaReselection_Plate_7_C6.raw	PRM_20251216_MarthaReselection_Plate_7_C6.raw	NT=Parallel Reaction Monitoring;AC=MS:1002956	AC=MS:1002038;NT=label free sample	1	NT=High-performance liquid chromatography;AC=PRIDE:0000565	1	AC=MS:1001251;NT=Trypsin	not available	NT=Stellar;AC=MS:1003409	NT=Carbamidomethyl;AC=UNIMOD:4;TA=C;MT=Fixed	NT=Higher-energy Collisional Dissociation;AC=MS:1000422	27 NCE	40 ppm	0.05 Da	MRTH
PRM_20251216_MarthaReselection_Plate_7_D6	D	6	MRTH	42	RD6	0.1	C:\Xcalibur\methods\method1	smb://storage3.ad.scilifelab.se/massstorage/edfors%20lab/01_hot/Martha/RAW	PRM_20251216_MarthaReselection_Plate_7_D6	Homo sapiens	blood plasma	Plate_7	MarthaReselection	not available	not available	F	not available	not available	not available	not available	44	Plate_7_D6	MRTH1-0867	not available	1	AC=EFO:0009656;NT=plasma	run 617	proteomic profiling by mass spectrometry	PRM_20251216_MarthaReselection_Plate_7_D6.raw	PRM_20251216_MarthaReselection_Plate_7_D6.raw	NT=Parallel Reaction Monitoring;AC=MS:1002956	AC=MS:1002038;NT=label free sample	1	NT=High-performance liquid chromatography;AC=PRIDE:0000565	1	AC=MS:1001251;NT=Trypsin	not available	NT=Stellar;AC=MS:1003409	NT=Carbamidomethyl;AC=UNIMOD:4;TA=C;MT=Fixed	NT=Higher-energy Collisional Dissociation;AC=MS:1000422	27 NCE	40 ppm	0.05 Da	MRTH
PRM_20251216_MarthaReselection_Plate_7_E6	E	6	MRTH	54	RE6	0.1	C:\Xcalibur\methods\method1	smb://storage3.ad.scilifelab.se/massstorage/edfors%20lab/01_hot/Martha/RAW	PRM_20251216_MarthaReselection_Plate_7_E6	Homo sapiens	blood plasma	Plate_7	MarthaReselection	not available	not available	M	not available	not available	not available	not available	45	Plate_7_E6	MRTH1-0162	not available	1	AC=EFO:0009656;NT=plasma	run 618	proteomic profiling by mass spectrometry	PRM_20251216_MarthaReselection_Plate_7_E6.raw	PRM_20251216_MarthaReselection_Plate_7_E6.raw	NT=Parallel Reaction Monitoring;AC=MS:1002956	AC=MS:1002038;NT=label free sample	1	NT=High-performance liquid chromatography;AC=PRIDE:0000565	1	AC=MS:1001251;NT=Trypsin	not available	NT=Stellar;AC=MS:1003409	NT=Carbamidomethyl;AC=UNIMOD:4;TA=C;MT=Fixed	NT=Higher-energy Collisional Dissociation;AC=MS:1000422	27 NCE	40 ppm	0.05 Da	MRTH
PRM_20251216_MarthaReselection_Plate_7_F6	F	6	MRTH	66	RF6	0.1	C:\Xcalibur\methods\method1	smb://storage3.ad.scilifelab.se/massstorage/edfors%20lab/01_hot/Martha/RAW	PRM_20251216_MarthaReselection_Plate_7_F6	Homo sapiens	blood plasma	Plate_7	MarthaReselection	not available	not available	F	not available	not available	not available	not available	46	Plate_7_F6	MRTH1-0492	not available	1	AC=EFO:0009656;NT=plasma	run 619	proteomic profiling by mass spectrometry	PRM_20251216_MarthaReselection_Plate_7_F6.raw	PRM_20251216_MarthaReselection_Plate_7_F6.raw	NT=Parallel Reaction Monitoring;AC=MS:1002956	AC=MS:1002038;NT=label free sample	1	NT=High-performance liquid chromatography;AC=PRIDE:0000565	1	AC=MS:1001251;NT=Trypsin	not available	NT=Stellar;AC=MS:1003409	NT=Carbamidomethyl;AC=UNIMOD:4;TA=C;MT=Fixed	NT=Higher-energy Collisional Dissociation;AC=MS:1000422	27 NCE	40 ppm	0.05 Da	MRTH
PRM_20251216_MarthaReselection_Plate_7_G6	G	6	MRTH	78	RG6	0.1	C:\Xcalibur\methods\method1	smb://storage3.ad.scilifelab.se/massstorage/edfors%20lab/01_hot/Martha/RAW	PRM_20251216_MarthaReselection_Plate_7_G6	Homo sapiens	blood plasma	Plate_7	MarthaReselection	not available	not available	F	not available	not available	not available	not available	47	Plate_7_G6	MRTH1-0353	not available	1	AC=EFO:0009656;NT=plasma	run 620	proteomic profiling by mass spectrometry	PRM_20251216_MarthaReselection_Plate_7_G6.raw	PRM_20251216_MarthaReselection_Plate_7_G6.raw	NT=Parallel Reaction Monitoring;AC=MS:1002956	AC=MS:1002038;NT=label free sample	1	NT=High-performance liquid chromatography;AC=PRIDE:0000565	1	AC=MS:1001251;NT=Trypsin	not available	NT=Stellar;AC=MS:1003409	NT=Carbamidomethyl;AC=UNIMOD:4;TA=C;MT=Fixed	NT=Higher-energy Collisional Dissociation;AC=MS:1000422	27 NCE	40 ppm	0.05 Da	MRTH
PRM_20251216_MarthaReselection_Plate_7_H6	H	6	MRTH	90	RH6	0.1	C:\Xcalibur\methods\method1	smb://storage3.ad.scilifelab.se/massstorage/edfors%20lab/01_hot/Martha/RAW	PRM_20251216_MarthaReselection_Plate_7_H6	Homo sapiens	blood plasma	Plate_7	MarthaReselection	not available	not available	F	not available	not available	not available	not available	48	Plate_7_H6	MRTH1-1039	not available	1	AC=EFO:0009656;NT=plasma	run 621	proteomic profiling by mass spectrometry	PRM_20251216_MarthaReselection_Plate_7_H6.raw	PRM_20251216_MarthaReselection_Plate_7_H6.raw	NT=Parallel Reaction Monitoring;AC=MS:1002956	AC=MS:1002038;NT=label free sample	1	NT=High-performance liquid chromatography;AC=PRIDE:0000565	1	AC=MS:1001251;NT=Trypsin	not available	NT=Stellar;AC=MS:1003409	NT=Carbamidomethyl;AC=UNIMOD:4;TA=C;MT=Fixed	NT=Higher-energy Collisional Dissociation;AC=MS:1000422	27 NCE	40 ppm	0.05 Da	MRTH
PRM_20251216_MarthaReselection_Plate_7_A7	A	7	MRTH	7	RA7	0.1	C:\Xcalibur\methods\method1	smb://storage3.ad.scilifelab.se/massstorage/edfors%20lab/01_hot/Martha/RAW	PRM_20251216_MarthaReselection_Plate_7_A7	Homo sapiens	blood plasma	Plate_7	MarthaReselection	not available	not available	M	not available	not available	not available	not available	49	Plate_7_A7	MRTH1-1161	not available	1	AC=EFO:0009656;NT=plasma	run 622	proteomic profiling by mass spectrometry	PRM_20251216_MarthaReselection_Plate_7_A7.raw	PRM_20251216_MarthaReselection_Plate_7_A7.raw	NT=Parallel Reaction Monitoring;AC=MS:1002956	AC=MS:1002038;NT=label free sample	1	NT=High-performance liquid chromatography;AC=PRIDE:0000565	1	AC=MS:1001251;NT=Trypsin	not available	NT=Stellar;AC=MS:1003409	NT=Carbamidomethyl;AC=UNIMOD:4;TA=C;MT=Fixed	NT=Higher-energy Collisional Dissociation;AC=MS:1000422	27 NCE	40 ppm	0.05 Da	MRTH
PRM_20251216_MarthaReselection_Plate_7_B7	B	7	MRTH	19	RB7	0.1	C:\Xcalibur\methods\method1	smb://storage3.ad.scilifelab.se/massstorage/edfors%20lab/01_hot/Martha/RAW	PRM_20251216_MarthaReselection_Plate_7_B7	Homo sapiens	blood plasma	Plate_7	MarthaReselection	not available	not available	M	not available	not available	not available	not available	50	Plate_7_B7	MRTH1-0389	not available	1	AC=EFO:0009656;NT=plasma	run 623	proteomic profiling by mass spectrometry	PRM_20251216_MarthaReselection_Plate_7_B7.raw	PRM_20251216_MarthaReselection_Plate_7_B7.raw	NT=Parallel Reaction Monitoring;AC=MS:1002956	AC=MS:1002038;NT=label free sample	1	NT=High-performance liquid chromatography;AC=PRIDE:0000565	1	AC=MS:1001251;NT=Trypsin	not available	NT=Stellar;AC=MS:1003409	NT=Carbamidomethyl;AC=UNIMOD:4;TA=C;MT=Fixed	NT=Higher-energy Collisional Dissociation;AC=MS:1000422	27 NCE	40 ppm	0.05 Da	MRTH
PRM_20251216_MarthaReselection_Plate_7_C7	C	7	MRTH	31	RC7	0.1	C:\Xcalibur\methods\method1	smb://storage3.ad.scilifelab.se/massstorage/edfors%20lab/01_hot/Martha/RAW	PRM_20251216_MarthaReselection_Plate_7_C7	Homo sapiens	blood plasma	Plate_7	MarthaReselection	not available	not available	F	not available	not available	not available	not available	51	Plate_7_C7	MRTH1-0175	not available	1	AC=EFO:0009656;NT=plasma	run 624	proteomic profiling by mass spectrometry	PRM_20251216_MarthaReselection_Plate_7_C7.raw	PRM_20251216_MarthaReselection_Plate_7_C7.raw	NT=Parallel Reaction Monitoring;AC=MS:1002956	AC=MS:1002038;NT=label free sample	1	NT=High-performance liquid chromatography;AC=PRIDE:0000565	1	AC=MS:1001251;NT=Trypsin	not available	NT=Stellar;AC=MS:1003409	NT=Carbamidomethyl;AC=UNIMOD:4;TA=C;MT=Fixed	NT=Higher-energy Collisional Dissociation;AC=MS:1000422	27 NCE	40 ppm	0.05 Da	MRTH
PRM_20251216_MarthaReselection_Plate_7_D7	D	7	MRTH	43	RD7	0.1	C:\Xcalibur\methods\method1	smb://storage3.ad.scilifelab.se/massstorage/edfors%20lab/01_hot/Martha/RAW	PRM_20251216_MarthaReselection_Plate_7_D7	Homo sapiens	blood plasma	Plate_7	MarthaReselection	not available	not available	F	not available	not available	not available	not available	52	Plate_7_D7	MRTH1-0770	not available	1	AC=EFO:0009656;NT=plasma	run 625	proteomic profiling by mass spectrometry	PRM_20251216_MarthaReselection_Plate_7_D7.raw	PRM_20251216_MarthaReselection_Plate_7_D7.raw	NT=Parallel Reaction Monitoring;AC=MS:1002956	AC=MS:1002038;NT=label free sample	1	NT=High-performance liquid chromatography;AC=PRIDE:0000565	1	AC=MS:1001251;NT=Trypsin	not available	NT=Stellar;AC=MS:1003409	NT=Carbamidomethyl;AC=UNIMOD:4;TA=C;MT=Fixed	NT=Higher-energy Collisional Dissociation;AC=MS:1000422	27 NCE	40 ppm	0.05 Da	MRTH
PRM_20251216_MarthaReselection_Plate_7_E7	E	7	MRTH	55	RE7	0.1	C:\Xcalibur\methods\method1	smb://storage3.ad.scilifelab.se/massstorage/edfors%20lab/01_hot/Martha/RAW	PRM_20251216_MarthaReselection_Plate_7_E7	Homo sapiens	blood plasma	Plate_7	MarthaReselection	not available	not available	F	not available	not available	not available	not available	53	Plate_7_E7	MRTH1-0703	not available	1	AC=EFO:0009656;NT=plasma	run 626	proteomic profiling by mass spectrometry	PRM_20251216_MarthaReselection_Plate_7_E7.raw	PRM_20251216_MarthaReselection_Plate_7_E7.raw	NT=Parallel Reaction Monitoring;AC=MS:1002956	AC=MS:1002038;NT=label free sample	1	NT=High-performance liquid chromatography;AC=PRIDE:0000565	1	AC=MS:1001251;NT=Trypsin	not available	NT=Stellar;AC=MS:1003409	NT=Carbamidomethyl;AC=UNIMOD:4;TA=C;MT=Fixed	NT=Higher-energy Collisional Dissociation;AC=MS:1000422	27 NCE	40 ppm	0.05 Da	MRTH
PRM_20251216_MarthaReselection_Plate_7_F7	F	7	MRTH	67	RF7	0.1	C:\Xcalibur\methods\method1	smb://storage3.ad.scilifelab.se/massstorage/edfors%20lab/01_hot/Martha/RAW	PRM_20251216_MarthaReselection_Plate_7_F7	Homo sapiens	blood plasma	Plate_7	MarthaReselection	not available	not available	M	not available	not available	not available	not available	54	Plate_7_F7	MRTH1-1143	not available	1	AC=EFO:0009656;NT=plasma	run 627	proteomic profiling by mass spectrometry	PRM_20251216_MarthaReselection_Plate_7_F7.raw	PRM_20251216_MarthaReselection_Plate_7_F7.raw	NT=Parallel Reaction Monitoring;AC=MS:1002956	AC=MS:1002038;NT=label free sample	1	NT=High-performance liquid chromatography;AC=PRIDE:0000565	1	AC=MS:1001251;NT=Trypsin	not available	NT=Stellar;AC=MS:1003409	NT=Carbamidomethyl;AC=UNIMOD:4;TA=C;MT=Fixed	NT=Higher-energy Collisional Dissociation;AC=MS:1000422	27 NCE	40 ppm	0.05 Da	MRTH
PRM_20251216_MarthaReselection_Plate_7_G7	G	7	MRTH	79	RG7	0.1	C:\Xcalibur\methods\method1	smb://storage3.ad.scilifelab.se/massstorage/edfors%20lab/01_hot/Martha/RAW	PRM_20251216_MarthaReselection_Plate_7_G7	Homo sapiens	blood plasma	Plate_7	MarthaReselection	not available	not available	F	not available	not available	not available	not available	55	Plate_7_G7	MRTH1-0838	not available	1	AC=EFO:0009656;NT=plasma	run 628	proteomic profiling by mass spectrometry	PRM_20251216_MarthaReselection_Plate_7_G7.raw	PRM_20251216_MarthaReselection_Plate_7_G7.raw	NT=Parallel Reaction Monitoring;AC=MS:1002956	AC=MS:1002038;NT=label free sample	1	NT=High-performance liquid chromatography;AC=PRIDE:0000565	1	AC=MS:1001251;NT=Trypsin	not available	NT=Stellar;AC=MS:1003409	NT=Carbamidomethyl;AC=UNIMOD:4;TA=C;MT=Fixed	NT=Higher-energy Collisional Dissociation;AC=MS:1000422	27 NCE	40 ppm	0.05 Da	MRTH
PRM_20251216_MarthaReselection_Plate_7_H7	H	7	MRTH	91	RH7	0.1	C:\Xcalibur\methods\method1	smb://storage3.ad.scilifelab.se/massstorage/edfors%20lab/01_hot/Martha/RAW	PRM_20251216_MarthaReselection_Plate_7_H7	Homo sapiens	blood plasma	Plate_7	MarthaReselection	not available	not available	M	not available	not available	not available	not available	56	Plate_7_H7	MRTH1-0710	not available	1	AC=EFO:0009656;NT=plasma	run 629	proteomic profiling by mass spectrometry	PRM_20251216_MarthaReselection_Plate_7_H7.raw	PRM_20251216_MarthaReselection_Plate_7_H7.raw	NT=Parallel Reaction Monitoring;AC=MS:1002956	AC=MS:1002038;NT=label free sample	1	NT=High-performance liquid chromatography;AC=PRIDE:0000565	1	AC=MS:1001251;NT=Trypsin	not available	NT=Stellar;AC=MS:1003409	NT=Carbamidomethyl;AC=UNIMOD:4;TA=C;MT=Fixed	NT=Higher-energy Collisional Dissociation;AC=MS:1000422	27 NCE	40 ppm	0.05 Da	MRTH
PRM_20251216_MarthaReselection_Plate_7_A8	A	8	MRTH	8	RA8	0.1	C:\Xcalibur\methods\method1	smb://storage3.ad.scilifelab.se/massstorage/edfors%20lab/01_hot/Martha/RAW	PRM_20251216_MarthaReselection_Plate_7_A8	Homo sapiens	blood plasma	Plate_7	MarthaReselection	not available	not available	F	not available	not available	not available	not available	57	Plate_7_A8	MRTH1-0698	not available	1	AC=EFO:0009656;NT=plasma	run 630	proteomic profiling by mass spectrometry	PRM_20251216_MarthaReselection_Plate_7_A8.raw	PRM_20251216_MarthaReselection_Plate_7_A8.raw	NT=Parallel Reaction Monitoring;AC=MS:1002956	AC=MS:1002038;NT=label free sample	1	NT=High-performance liquid chromatography;AC=PRIDE:0000565	1	AC=MS:1001251;NT=Trypsin	not available	NT=Stellar;AC=MS:1003409	NT=Carbamidomethyl;AC=UNIMOD:4;TA=C;MT=Fixed	NT=Higher-energy Collisional Dissociation;AC=MS:1000422	27 NCE	40 ppm	0.05 Da	MRTH
PRM_20251216_MarthaReselection_Plate_7_B8	B	8	MRTH	20	RB8	0.1	C:\Xcalibur\methods\method1	smb://storage3.ad.scilifelab.se/massstorage/edfors%20lab/01_hot/Martha/RAW	PRM_20251216_MarthaReselection_Plate_7_B8	Homo sapiens	blood plasma	Plate_7	MarthaReselection	not available	not available	F	not available	not available	not available	not available	58	Plate_7_B8	MRTH1-0284	not available	1	AC=EFO:0009656;NT=plasma	run 631	proteomic profiling by mass spectrometry	PRM_20251216_MarthaReselection_Plate_7_B8.raw	PRM_20251216_MarthaReselection_Plate_7_B8.raw	NT=Parallel Reaction Monitoring;AC=MS:1002956	AC=MS:1002038;NT=label free sample	1	NT=High-performance liquid chromatography;AC=PRIDE:0000565	1	AC=MS:1001251;NT=Trypsin	not available	NT=Stellar;AC=MS:1003409	NT=Carbamidomethyl;AC=UNIMOD:4;TA=C;MT=Fixed	NT=Higher-energy Collisional Dissociation;AC=MS:1000422	27 NCE	40 ppm	0.05 Da	MRTH
PRM_20251216_MarthaReselection_Plate_7_C8	C	8	MRTH	32	RC8	0.1	C:\Xcalibur\methods\method1	smb://storage3.ad.scilifelab.se/massstorage/edfors%20lab/01_hot/Martha/RAW	PRM_20251216_MarthaReselection_Plate_7_C8	Homo sapiens	blood plasma	Plate_7	MarthaReselection	not available	not available	F	not available	not available	not available	not available	59	Plate_7_C8	MRTH1-0375	not available	1	AC=EFO:0009656;NT=plasma	run 632	proteomic profiling by mass spectrometry	PRM_20251216_MarthaReselection_Plate_7_C8.raw	PRM_20251216_MarthaReselection_Plate_7_C8.raw	NT=Parallel Reaction Monitoring;AC=MS:1002956	AC=MS:1002038;NT=label free sample	1	NT=High-performance liquid chromatography;AC=PRIDE:0000565	1	AC=MS:1001251;NT=Trypsin	not available	NT=Stellar;AC=MS:1003409	NT=Carbamidomethyl;AC=UNIMOD:4;TA=C;MT=Fixed	NT=Higher-energy Collisional Dissociation;AC=MS:1000422	27 NCE	40 ppm	0.05 Da	MRTH
PRM_20251216_MarthaReselection_Plate_7_D8	D	8	MRTH	44	RD8	0.1	C:\Xcalibur\methods\method1	smb://storage3.ad.scilifelab.se/massstorage/edfors%20lab/01_hot/Martha/RAW	PRM_20251216_MarthaReselection_Plate_7_D8	Homo sapiens	blood plasma	Plate_7	MarthaReselection	not available	not available	F	not available	not available	not available	not available	60	Plate_7_D8	MRTH1-0422	not available	1	AC=EFO:0009656;NT=plasma	run 633	proteomic profiling by mass spectrometry	PRM_20251216_MarthaReselection_Plate_7_D8.raw	PRM_20251216_MarthaReselection_Plate_7_D8.raw	NT=Parallel Reaction Monitoring;AC=MS:1002956	AC=MS:1002038;NT=label free sample	1	NT=High-performance liquid chromatography;AC=PRIDE:0000565	1	AC=MS:1001251;NT=Trypsin	not available	NT=Stellar;AC=MS:1003409	NT=Carbamidomethyl;AC=UNIMOD:4;TA=C;MT=Fixed	NT=Higher-energy Collisional Dissociation;AC=MS:1000422	27 NCE	40 ppm	0.05 Da	MRTH
PRM_20251216_MarthaReselection_Plate_7_E8	E	8	MRTH	56	RE8	0.1	C:\Xcalibur\methods\method1	smb://storage3.ad.scilifelab.se/massstorage/edfors%20lab/01_hot/Martha/RAW	PRM_20251216_MarthaReselection_Plate_7_E8	Homo sapiens	blood plasma	Plate_7	MarthaReselection	not available	not available	F	not available	not available	not available	not available	61	Plate_7_E8	MRTH1-0178	not available	1	AC=EFO:0009656;NT=plasma	run 634	proteomic profiling by mass spectrometry	PRM_20251216_MarthaReselection_Plate_7_E8.raw	PRM_20251216_MarthaReselection_Plate_7_E8.raw	NT=Parallel Reaction Monitoring;AC=MS:1002956	AC=MS:1002038;NT=label free sample	1	NT=High-performance liquid chromatography;AC=PRIDE:0000565	1	AC=MS:1001251;NT=Trypsin	not available	NT=Stellar;AC=MS:1003409	NT=Carbamidomethyl;AC=UNIMOD:4;TA=C;MT=Fixed	NT=Higher-energy Collisional Dissociation;AC=MS:1000422	27 NCE	40 ppm	0.05 Da	MRTH
PRM_20251216_MarthaReselection_Plate_7_F8	F	8	MRTH	68	RF8	0.1	C:\Xcalibur\methods\method1	smb://storage3.ad.scilifelab.se/massstorage/edfors%20lab/01_hot/Martha/RAW	PRM_20251216_MarthaReselection_Plate_7_F8	Homo sapiens	blood plasma	Plate_7	MarthaReselection	not available	not available	F	not available	not available	not available	not available	62	Plate_7_F8	MRTH1-1290	not available	1	AC=EFO:0009656;NT=plasma	run 635	proteomic profiling by mass spectrometry	PRM_20251216_MarthaReselection_Plate_7_F8.raw	PRM_20251216_MarthaReselection_Plate_7_F8.raw	NT=Parallel Reaction Monitoring;AC=MS:1002956	AC=MS:1002038;NT=label free sample	1	NT=High-performance liquid chromatography;AC=PRIDE:0000565	1	AC=MS:1001251;NT=Trypsin	not available	NT=Stellar;AC=MS:1003409	NT=Carbamidomethyl;AC=UNIMOD:4;TA=C;MT=Fixed	NT=Higher-energy Collisional Dissociation;AC=MS:1000422	27 NCE	40 ppm	0.05 Da	MRTH
PRM_20251216_MarthaReselection_Plate_7_G8	G	8	MRTH	80	RG8	0.1	C:\Xcalibur\methods\method1	smb://storage3.ad.scilifelab.se/massstorage/edfors%20lab/01_hot/Martha/RAW	PRM_20251216_MarthaReselection_Plate_7_G8	Homo sapiens	blood plasma	Plate_7	MarthaReselection	not available	not available	M	not available	not available	not available	not available	63	Plate_7_G8	MRTH1-0590	not available	1	AC=EFO:0009656;NT=plasma	run 636	proteomic profiling by mass spectrometry	PRM_20251216_MarthaReselection_Plate_7_G8.raw	PRM_20251216_MarthaReselection_Plate_7_G8.raw	NT=Parallel Reaction Monitoring;AC=MS:1002956	AC=MS:1002038;NT=label free sample	1	NT=High-performance liquid chromatography;AC=PRIDE:0000565	1	AC=MS:1001251;NT=Trypsin	not available	NT=Stellar;AC=MS:1003409	NT=Carbamidomethyl;AC=UNIMOD:4;TA=C;MT=Fixed	NT=Higher-energy Collisional Dissociation;AC=MS:1000422	27 NCE	40 ppm	0.05 Da	MRTH
PRM_20251216_MarthaReselection_Plate_7_H8	H	8	MRTH	92	RH8	0.1	C:\Xcalibur\methods\method1	smb://storage3.ad.scilifelab.se/massstorage/edfors%20lab/01_hot/Martha/RAW	PRM_20251216_MarthaReselection_Plate_7_H8	Homo sapiens	blood plasma	Plate_7	MarthaReselection	not available	not available	M	not available	not available	not available	not available	64	Plate_7_H8	MRTH1-0536	not available	1	AC=EFO:0009656;NT=plasma	run 637	proteomic profiling by mass spectrometry	PRM_20251216_MarthaReselection_Plate_7_H8.raw	PRM_20251216_MarthaReselection_Plate_7_H8.raw	NT=Parallel Reaction Monitoring;AC=MS:1002956	AC=MS:1002038;NT=label free sample	1	NT=High-performance liquid chromatography;AC=PRIDE:0000565	1	AC=MS:1001251;NT=Trypsin	not available	NT=Stellar;AC=MS:1003409	NT=Carbamidomethyl;AC=UNIMOD:4;TA=C;MT=Fixed	NT=Higher-energy Collisional Dissociation;AC=MS:1000422	27 NCE	40 ppm	0.05 Da	MRTH
PRM_20251216_MarthaReselection_Plate_7_A9	A	9	MRTH	9	RA9	0.1	C:\Xcalibur\methods\method1	smb://storage3.ad.scilifelab.se/massstorage/edfors%20lab/01_hot/Martha/RAW	PRM_20251216_MarthaReselection_Plate_7_A9	Homo sapiens	blood plasma	Plate_7	MarthaReselection	not available	not available	F	not available	not available	not available	not available	65	Plate_7_A9	MRTH1-0237	not available	1	AC=EFO:0009656;NT=plasma	run 638	proteomic profiling by mass spectrometry	PRM_20251216_MarthaReselection_Plate_7_A9.raw	PRM_20251216_MarthaReselection_Plate_7_A9.raw	NT=Parallel Reaction Monitoring;AC=MS:1002956	AC=MS:1002038;NT=label free sample	1	NT=High-performance liquid chromatography;AC=PRIDE:0000565	1	AC=MS:1001251;NT=Trypsin	not available	NT=Stellar;AC=MS:1003409	NT=Carbamidomethyl;AC=UNIMOD:4;TA=C;MT=Fixed	NT=Higher-energy Collisional Dissociation;AC=MS:1000422	27 NCE	40 ppm	0.05 Da	MRTH
PRM_20251216_MarthaReselection_Plate_7_B9	B	9	MRTH	21	RB9	0.1	C:\Xcalibur\methods\method1	smb://storage3.ad.scilifelab.se/massstorage/edfors%20lab/01_hot/Martha/RAW	PRM_20251216_MarthaReselection_Plate_7_B9	Homo sapiens	blood plasma	Plate_7	MarthaReselection	not available	not available	F	not available	not available	not available	not available	66	Plate_7_B9	MRTH1-0572	not available	1	AC=EFO:0009656;NT=plasma	run 639	proteomic profiling by mass spectrometry	PRM_20251216_MarthaReselection_Plate_7_B9.raw	PRM_20251216_MarthaReselection_Plate_7_B9.raw	NT=Parallel Reaction Monitoring;AC=MS:1002956	AC=MS:1002038;NT=label free sample	1	NT=High-performance liquid chromatography;AC=PRIDE:0000565	1	AC=MS:1001251;NT=Trypsin	not available	NT=Stellar;AC=MS:1003409	NT=Carbamidomethyl;AC=UNIMOD:4;TA=C;MT=Fixed	NT=Higher-energy Collisional Dissociation;AC=MS:1000422	27 NCE	40 ppm	0.05 Da	MRTH
PRM_20251216_MarthaReselection_Plate_7_C9	C	9	MRTH	33	RC9	0.1	C:\Xcalibur\methods\method1	smb://storage3.ad.scilifelab.se/massstorage/edfors%20lab/01_hot/Martha/RAW	PRM_20251216_MarthaReselection_Plate_7_C9	Homo sapiens	blood plasma	Plate_7	MarthaReselection	not available	not available	M	not available	not available	not available	not available	67	Plate_7_C9	MRTH1-1367	not available	1	AC=EFO:0009656;NT=plasma	run 640	proteomic profiling by mass spectrometry	PRM_20251216_MarthaReselection_Plate_7_C9.raw	PRM_20251216_MarthaReselection_Plate_7_C9.raw	NT=Parallel Reaction Monitoring;AC=MS:1002956	AC=MS:1002038;NT=label free sample	1	NT=High-performance liquid chromatography;AC=PRIDE:0000565	1	AC=MS:1001251;NT=Trypsin	not available	NT=Stellar;AC=MS:1003409	NT=Carbamidomethyl;AC=UNIMOD:4;TA=C;MT=Fixed	NT=Higher-energy Collisional Dissociation;AC=MS:1000422	27 NCE	40 ppm	0.05 Da	MRTH
PRM_20251216_MarthaReselection_Plate_7_D9	D	9	MRTH	45	RD9	0.1	C:\Xcalibur\methods\method1	smb://storage3.ad.scilifelab.se/massstorage/edfors%20lab/01_hot/Martha/RAW	PRM_20251216_MarthaReselection_Plate_7_D9	Homo sapiens	blood plasma	Plate_7	MarthaReselection	not available	not available	F	not available	not available	not available	not available	68	Plate_7_D9	MRTH1-0832	not available	1	AC=EFO:0009656;NT=plasma	run 641	proteomic profiling by mass spectrometry	PRM_20251216_MarthaReselection_Plate_7_D9.raw	PRM_20251216_MarthaReselection_Plate_7_D9.raw	NT=Parallel Reaction Monitoring;AC=MS:1002956	AC=MS:1002038;NT=label free sample	1	NT=High-performance liquid chromatography;AC=PRIDE:0000565	1	AC=MS:1001251;NT=Trypsin	not available	NT=Stellar;AC=MS:1003409	NT=Carbamidomethyl;AC=UNIMOD:4;TA=C;MT=Fixed	NT=Higher-energy Collisional Dissociation;AC=MS:1000422	27 NCE	40 ppm	0.05 Da	MRTH
PRM_20251216_MarthaReselection_Plate_7_E9	E	9	MRTH	57	RE9	0.1	C:\Xcalibur\methods\method1	smb://storage3.ad.scilifelab.se/massstorage/edfors%20lab/01_hot/Martha/RAW	PRM_20251216_MarthaReselection_Plate_7_E9	Homo sapiens	blood plasma	Plate_7	MarthaReselection	not available	not available	F	not available	not available	not available	not available	69	Plate_7_E9	MRTH1-0425	not available	1	AC=EFO:0009656;NT=plasma	run 642	proteomic profiling by mass spectrometry	PRM_20251216_MarthaReselection_Plate_7_E9.raw	PRM_20251216_MarthaReselection_Plate_7_E9.raw	NT=Parallel Reaction Monitoring;AC=MS:1002956	AC=MS:1002038;NT=label free sample	1	NT=High-performance liquid chromatography;AC=PRIDE:0000565	1	AC=MS:1001251;NT=Trypsin	not available	NT=Stellar;AC=MS:1003409	NT=Carbamidomethyl;AC=UNIMOD:4;TA=C;MT=Fixed	NT=Higher-energy Collisional Dissociation;AC=MS:1000422	27 NCE	40 ppm	0.05 Da	MRTH
PRM_20251216_MarthaReselection_Plate_7_F9	F	9	MRTH	69	RF9	0.1	C:\Xcalibur\methods\method1	smb://storage3.ad.scilifelab.se/massstorage/edfors%20lab/01_hot/Martha/RAW	PRM_20251216_MarthaReselection_Plate_7_F9	Homo sapiens	blood plasma	Plate_7	MarthaReselection	not available	not available	F	not available	not available	not available	not available	70	Plate_7_F9	MRTH1-0922	not available	1	AC=EFO:0009656;NT=plasma	run 643	proteomic profiling by mass spectrometry	PRM_20251216_MarthaReselection_Plate_7_F9.raw	PRM_20251216_MarthaReselection_Plate_7_F9.raw	NT=Parallel Reaction Monitoring;AC=MS:1002956	AC=MS:1002038;NT=label free sample	1	NT=High-performance liquid chromatography;AC=PRIDE:0000565	1	AC=MS:1001251;NT=Trypsin	not available	NT=Stellar;AC=MS:1003409	NT=Carbamidomethyl;AC=UNIMOD:4;TA=C;MT=Fixed	NT=Higher-energy Collisional Dissociation;AC=MS:1000422	27 NCE	40 ppm	0.05 Da	MRTH
PRM_20251216_MarthaReselection_Plate_7_G9	G	9	MRTH	81	RG9	0.1	C:\Xcalibur\methods\method1	smb://storage3.ad.scilifelab.se/massstorage/edfors%20lab/01_hot/Martha/RAW	PRM_20251216_MarthaReselection_Plate_7_G9	Homo sapiens	blood plasma	Plate_7	MarthaReselection	not available	not available	F	not available	not available	not available	not available	71	Plate_7_G9	MRTH1-0842	not available	1	AC=EFO:0009656;NT=plasma	run 644	proteomic profiling by mass spectrometry	PRM_20251216_MarthaReselection_Plate_7_G9.raw	PRM_20251216_MarthaReselection_Plate_7_G9.raw	NT=Parallel Reaction Monitoring;AC=MS:1002956	AC=MS:1002038;NT=label free sample	1	NT=High-performance liquid chromatography;AC=PRIDE:0000565	1	AC=MS:1001251;NT=Trypsin	not available	NT=Stellar;AC=MS:1003409	NT=Carbamidomethyl;AC=UNIMOD:4;TA=C;MT=Fixed	NT=Higher-energy Collisional Dissociation;AC=MS:1000422	27 NCE	40 ppm	0.05 Da	MRTH
PRM_20251216_MarthaReselection_Plate_7_H9	H	9	MRTH	93	RH9	0.1	C:\Xcalibur\methods\method1	smb://storage3.ad.scilifelab.se/massstorage/edfors%20lab/01_hot/Martha/RAW	PRM_20251216_MarthaReselection_Plate_7_H9	Homo sapiens	blood plasma	Plate_7	MarthaReselection	not available	not available	M	not available	not available	not available	not available	72	Plate_7_H9	MRTH1-0944	not available	1	AC=EFO:0009656;NT=plasma	run 645	proteomic profiling by mass spectrometry	PRM_20251216_MarthaReselection_Plate_7_H9.raw	PRM_20251216_MarthaReselection_Plate_7_H9.raw	NT=Parallel Reaction Monitoring;AC=MS:1002956	AC=MS:1002038;NT=label free sample	1	NT=High-performance liquid chromatography;AC=PRIDE:0000565	1	AC=MS:1001251;NT=Trypsin	not available	NT=Stellar;AC=MS:1003409	NT=Carbamidomethyl;AC=UNIMOD:4;TA=C;MT=Fixed	NT=Higher-energy Collisional Dissociation;AC=MS:1000422	27 NCE	40 ppm	0.05 Da	MRTH
PRM_20251216_MarthaReselection_Plate_7_A10	A	10	MRTH	10	RA10	0.1	C:\Xcalibur\methods\method1	smb://storage3.ad.scilifelab.se/massstorage/edfors%20lab/01_hot/Martha/RAW	PRM_20251216_MarthaReselection_Plate_7_A10	Homo sapiens	blood plasma	Plate_7	MarthaReselection	not available	not available	F	not available	not available	not available	not available	73	Plate_7_A10	MRTH1-0804	not available	1	AC=EFO:0009656;NT=plasma	run 646	proteomic profiling by mass spectrometry	PRM_20251216_MarthaReselection_Plate_7_A10.raw	PRM_20251216_MarthaReselection_Plate_7_A10.raw	NT=Parallel Reaction Monitoring;AC=MS:1002956	AC=MS:1002038;NT=label free sample	1	NT=High-performance liquid chromatography;AC=PRIDE:0000565	1	AC=MS:1001251;NT=Trypsin	not available	NT=Stellar;AC=MS:1003409	NT=Carbamidomethyl;AC=UNIMOD:4;TA=C;MT=Fixed	NT=Higher-energy Collisional Dissociation;AC=MS:1000422	27 NCE	40 ppm	0.05 Da	MRTH
PRM_20251216_MarthaReselection_Plate_7_B10	B	10	MRTH	22	RB10	0.1	C:\Xcalibur\methods\method1	smb://storage3.ad.scilifelab.se/massstorage/edfors%20lab/01_hot/Martha/RAW	PRM_20251216_MarthaReselection_Plate_7_B10	Homo sapiens	blood plasma	Plate_7	MarthaReselection	not available	not available	F	not available	not available	not available	not available	74	Plate_7_B10	MRTH1-0027	not available	1	AC=EFO:0009656;NT=plasma	run 647	proteomic profiling by mass spectrometry	PRM_20251216_MarthaReselection_Plate_7_B10.raw	PRM_20251216_MarthaReselection_Plate_7_B10.raw	NT=Parallel Reaction Monitoring;AC=MS:1002956	AC=MS:1002038;NT=label free sample	1	NT=High-performance liquid chromatography;AC=PRIDE:0000565	1	AC=MS:1001251;NT=Trypsin	not available	NT=Stellar;AC=MS:1003409	NT=Carbamidomethyl;AC=UNIMOD:4;TA=C;MT=Fixed	NT=Higher-energy Collisional Dissociation;AC=MS:1000422	27 NCE	40 ppm	0.05 Da	MRTH
PRM_20251216_MarthaReselection_Plate_7_C10	C	10	MRTH	34	RC10	0.1	C:\Xcalibur\methods\method1	smb://storage3.ad.scilifelab.se/massstorage/edfors%20lab/01_hot/Martha/RAW	PRM_20251216_MarthaReselection_Plate_7_C10	Homo sapiens	blood plasma	Plate_7	MarthaReselection	not available	not available	F	not available	not available	not available	not available	75	Plate_7_C10	MRTH1-1076	not available	1	AC=EFO:0009656;NT=plasma	run 648	proteomic profiling by mass spectrometry	PRM_20251216_MarthaReselection_Plate_7_C10.raw	PRM_20251216_MarthaReselection_Plate_7_C10.raw	NT=Parallel Reaction Monitoring;AC=MS:1002956	AC=MS:1002038;NT=label free sample	1	NT=High-performance liquid chromatography;AC=PRIDE:0000565	1	AC=MS:1001251;NT=Trypsin	not available	NT=Stellar;AC=MS:1003409	NT=Carbamidomethyl;AC=UNIMOD:4;TA=C;MT=Fixed	NT=Higher-energy Collisional Dissociation;AC=MS:1000422	27 NCE	40 ppm	0.05 Da	MRTH
PRM_20251216_MarthaReselection_Plate_7_D10	D	10	MRTH	46	RD10	0.1	C:\Xcalibur\methods\method1	smb://storage3.ad.scilifelab.se/massstorage/edfors%20lab/01_hot/Martha/RAW	PRM_20251216_MarthaReselection_Plate_7_D10	Homo sapiens	blood plasma	Plate_7	MarthaReselection	not available	not available	M	not available	not available	not available	not available	76	Plate_7_D10	MRTH1-0393	not available	1	AC=EFO:0009656;NT=plasma	run 649	proteomic profiling by mass spectrometry	PRM_20251216_MarthaReselection_Plate_7_D10.raw	PRM_20251216_MarthaReselection_Plate_7_D10.raw	NT=Parallel Reaction Monitoring;AC=MS:1002956	AC=MS:1002038;NT=label free sample	1	NT=High-performance liquid chromatography;AC=PRIDE:0000565	1	AC=MS:1001251;NT=Trypsin	not available	NT=Stellar;AC=MS:1003409	NT=Carbamidomethyl;AC=UNIMOD:4;TA=C;MT=Fixed	NT=Higher-energy Collisional Dissociation;AC=MS:1000422	27 NCE	40 ppm	0.05 Da	MRTH
PRM_20251216_MarthaReselection_Plate_7_E10	E	10	MRTH	58	RE10	0.1	C:\Xcalibur\methods\method1	smb://storage3.ad.scilifelab.se/massstorage/edfors%20lab/01_hot/Martha/RAW	PRM_20251216_MarthaReselection_Plate_7_E10	Homo sapiens	blood plasma	Plate_7	MarthaReselection	not available	not available	F	not available	not available	not available	not available	77	Plate_7_E10	MRTH1-0701	not available	1	AC=EFO:0009656;NT=plasma	run 650	proteomic profiling by mass spectrometry	PRM_20251216_MarthaReselection_Plate_7_E10.raw	PRM_20251216_MarthaReselection_Plate_7_E10.raw	NT=Parallel Reaction Monitoring;AC=MS:1002956	AC=MS:1002038;NT=label free sample	1	NT=High-performance liquid chromatography;AC=PRIDE:0000565	1	AC=MS:1001251;NT=Trypsin	not available	NT=Stellar;AC=MS:1003409	NT=Carbamidomethyl;AC=UNIMOD:4;TA=C;MT=Fixed	NT=Higher-energy Collisional Dissociation;AC=MS:1000422	27 NCE	40 ppm	0.05 Da	MRTH
PRM_20251216_MarthaReselection_Plate_7_F10	F	10	MRTH	70	RF10	0.1	C:\Xcalibur\methods\method1	smb://storage3.ad.scilifelab.se/massstorage/edfors%20lab/01_hot/Martha/RAW	PRM_20251216_MarthaReselection_Plate_7_F10	Homo sapiens	blood plasma	Plate_7	MarthaReselection	not available	not available	F	not available	not available	not available	not available	78	Plate_7_F10	MRTH1-0524	not available	1	AC=EFO:0009656;NT=plasma	run 651	proteomic profiling by mass spectrometry	PRM_20251216_MarthaReselection_Plate_7_F10.raw	PRM_20251216_MarthaReselection_Plate_7_F10.raw	NT=Parallel Reaction Monitoring;AC=MS:1002956	AC=MS:1002038;NT=label free sample	1	NT=High-performance liquid chromatography;AC=PRIDE:0000565	1	AC=MS:1001251;NT=Trypsin	not available	NT=Stellar;AC=MS:1003409	NT=Carbamidomethyl;AC=UNIMOD:4;TA=C;MT=Fixed	NT=Higher-energy Collisional Dissociation;AC=MS:1000422	27 NCE	40 ppm	0.05 Da	MRTH
PRM_20251216_MarthaReselection_Plate_7_G10	G	10	MRTH	82	RG10	0.1	C:\Xcalibur\methods\method1	smb://storage3.ad.scilifelab.se/massstorage/edfors%20lab/01_hot/Martha/RAW	PRM_20251216_MarthaReselection_Plate_7_G10	Homo sapiens	blood plasma	Plate_7	MarthaReselection	not available	not available	F	not available	not available	not available	not available	79	Plate_7_G10	MRTH1-0860	not available	1	AC=EFO:0009656;NT=plasma	run 652	proteomic profiling by mass spectrometry	PRM_20251216_MarthaReselection_Plate_7_G10.raw	PRM_20251216_MarthaReselection_Plate_7_G10.raw	NT=Parallel Reaction Monitoring;AC=MS:1002956	AC=MS:1002038;NT=label free sample	1	NT=High-performance liquid chromatography;AC=PRIDE:0000565	1	AC=MS:1001251;NT=Trypsin	not available	NT=Stellar;AC=MS:1003409	NT=Carbamidomethyl;AC=UNIMOD:4;TA=C;MT=Fixed	NT=Higher-energy Collisional Dissociation;AC=MS:1000422	27 NCE	40 ppm	0.05 Da	MRTH
PRM_20251216_MarthaReselection_Plate_7_H10	H	10	MRTH	94	RH10	0.1	C:\Xcalibur\methods\method1	smb://storage3.ad.scilifelab.se/massstorage/edfors%20lab/01_hot/Martha/RAW	PRM_20251216_MarthaReselection_Plate_7_H10	Homo sapiens	blood plasma	Plate_7	MarthaReselection	not available	not available	M	not available	not available	not available	not available	80	Plate_7_H10	MRTH1-0626	not available	1	AC=EFO:0009656;NT=plasma	run 653	proteomic profiling by mass spectrometry	PRM_20251216_MarthaReselection_Plate_7_H10.raw	PRM_20251216_MarthaReselection_Plate_7_H10.raw	NT=Parallel Reaction Monitoring;AC=MS:1002956	AC=MS:1002038;NT=label free sample	1	NT=High-performance liquid chromatography;AC=PRIDE:0000565	1	AC=MS:1001251;NT=Trypsin	not available	NT=Stellar;AC=MS:1003409	NT=Carbamidomethyl;AC=UNIMOD:4;TA=C;MT=Fixed	NT=Higher-energy Collisional Dissociation;AC=MS:1000422	27 NCE	40 ppm	0.05 Da	MRTH
PRM_20251216_MarthaReselection_Plate_7_A11	A	11	MRTH	11	RA11	0.1	C:\Xcalibur\methods\method1	smb://storage3.ad.scilifelab.se/massstorage/edfors%20lab/01_hot/Martha/RAW	PRM_20251216_MarthaReselection_Plate_7_A11	Homo sapiens	blood plasma	Plate_7	MarthaReselection	not available	not available	F	not available	not available	not available	not available	81	Plate_7_A11	MRTH1-0565	not available	1	AC=EFO:0009656;NT=plasma	run 654	proteomic profiling by mass spectrometry	PRM_20251216_MarthaReselection_Plate_7_A11.raw	PRM_20251216_MarthaReselection_Plate_7_A11.raw	NT=Parallel Reaction Monitoring;AC=MS:1002956	AC=MS:1002038;NT=label free sample	1	NT=High-performance liquid chromatography;AC=PRIDE:0000565	1	AC=MS:1001251;NT=Trypsin	not available	NT=Stellar;AC=MS:1003409	NT=Carbamidomethyl;AC=UNIMOD:4;TA=C;MT=Fixed	NT=Higher-energy Collisional Dissociation;AC=MS:1000422	27 NCE	40 ppm	0.05 Da	MRTH
PRM_20251216_MarthaReselection_Plate_7_B11	B	11	MRTH	23	RB11	0.1	C:\Xcalibur\methods\method1	smb://storage3.ad.scilifelab.se/massstorage/edfors%20lab/01_hot/Martha/RAW	PRM_20251216_MarthaReselection_Plate_7_B11	Homo sapiens	blood plasma	Plate_7	MarthaReselection	not available	not available	M	not available	not available	not available	not available	82	Plate_7_B11	MRTH1-0515	not available	1	AC=EFO:0009656;NT=plasma	run 655	proteomic profiling by mass spectrometry	PRM_20251216_MarthaReselection_Plate_7_B11.raw	PRM_20251216_MarthaReselection_Plate_7_B11.raw	NT=Parallel Reaction Monitoring;AC=MS:1002956	AC=MS:1002038;NT=label free sample	1	NT=High-performance liquid chromatography;AC=PRIDE:0000565	1	AC=MS:1001251;NT=Trypsin	not available	NT=Stellar;AC=MS:1003409	NT=Carbamidomethyl;AC=UNIMOD:4;TA=C;MT=Fixed	NT=Higher-energy Collisional Dissociation;AC=MS:1000422	27 NCE	40 ppm	0.05 Da	MRTH
PRM_20251216_MarthaReselection_Plate_7_C11	C	11	MRTH	35	RC11	0.1	C:\Xcalibur\methods\method1	smb://storage3.ad.scilifelab.se/massstorage/edfors%20lab/01_hot/Martha/RAW	PRM_20251216_MarthaReselection_Plate_7_C11	Homo sapiens	blood plasma	Plate_7	MarthaReselection	not available	not available	M	not available	not available	not available	not available	83	Plate_7_C11	MRTH1-0883	not available	1	AC=EFO:0009656;NT=plasma	run 656	proteomic profiling by mass spectrometry	PRM_20251216_MarthaReselection_Plate_7_C11.raw	PRM_20251216_MarthaReselection_Plate_7_C11.raw	NT=Parallel Reaction Monitoring;AC=MS:1002956	AC=MS:1002038;NT=label free sample	1	NT=High-performance liquid chromatography;AC=PRIDE:0000565	1	AC=MS:1001251;NT=Trypsin	not available	NT=Stellar;AC=MS:1003409	NT=Carbamidomethyl;AC=UNIMOD:4;TA=C;MT=Fixed	NT=Higher-energy Collisional Dissociation;AC=MS:1000422	27 NCE	40 ppm	0.05 Da	MRTH
PRM_20251216_MarthaReselection_Plate_7_D11	D	11	MRTH	47	RD11	0.1	C:\Xcalibur\methods\method1	smb://storage3.ad.scilifelab.se/massstorage/edfors%20lab/01_hot/Martha/RAW	PRM_20251216_MarthaReselection_Plate_7_D11	Homo sapiens	blood plasma	Plate_7	MarthaReselection	not available	not available	F	not available	not available	not available	not available	84	Plate_7_D11	MRTH1-0780	not available	1	AC=EFO:0009656;NT=plasma	run 657	proteomic profiling by mass spectrometry	PRM_20251216_MarthaReselection_Plate_7_D11.raw	PRM_20251216_MarthaReselection_Plate_7_D11.raw	NT=Parallel Reaction Monitoring;AC=MS:1002956	AC=MS:1002038;NT=label free sample	1	NT=High-performance liquid chromatography;AC=PRIDE:0000565	1	AC=MS:1001251;NT=Trypsin	not available	NT=Stellar;AC=MS:1003409	NT=Carbamidomethyl;AC=UNIMOD:4;TA=C;MT=Fixed	NT=Higher-energy Collisional Dissociation;AC=MS:1000422	27 NCE	40 ppm	0.05 Da	MRTH
PRM_20251216_MarthaReselection_Plate_7_E11	E	11	MRTH	59	RE11	0.1	C:\Xcalibur\methods\method1	smb://storage3.ad.scilifelab.se/massstorage/edfors%20lab/01_hot/Martha/RAW	PRM_20251216_MarthaReselection_Plate_7_E11	Homo sapiens	blood plasma	Plate_7	MarthaReselection	not available	not available	F	not available	not available	not available	not available	85	Plate_7_E11	MRTH1-0493	not available	1	AC=EFO:0009656;NT=plasma	run 658	proteomic profiling by mass spectrometry	PRM_20251216_MarthaReselection_Plate_7_E11.raw	PRM_20251216_MarthaReselection_Plate_7_E11.raw	NT=Parallel Reaction Monitoring;AC=MS:1002956	AC=MS:1002038;NT=label free sample	1	NT=High-performance liquid chromatography;AC=PRIDE:0000565	1	AC=MS:1001251;NT=Trypsin	not available	NT=Stellar;AC=MS:1003409	NT=Carbamidomethyl;AC=UNIMOD:4;TA=C;MT=Fixed	NT=Higher-energy Collisional Dissociation;AC=MS:1000422	27 NCE	40 ppm	0.05 Da	MRTH
PRM_20251216_MarthaReselection_Plate_7_F11	F	11	Pool	71	RF11	0.1	C:\Xcalibur\methods\method1	smb://storage3.ad.scilifelab.se/massstorage/edfors%20lab/01_hot/Martha/RAW	PRM_20251216_MarthaReselection_Plate_7_F11	Homo sapiens	blood plasma	Plate_7	MarthaReselection	not available	not available	NA	not available	not available	not available	not available	86	Plate_7_F11	EMPTY-0001	not available	1	AC=EFO:0009656;NT=plasma	run 659	proteomic profiling by mass spectrometry	PRM_20251216_MarthaReselection_Plate_7_F11.raw	PRM_20251216_MarthaReselection_Plate_7_F11.raw	NT=Parallel Reaction Monitoring;AC=MS:1002956	AC=MS:1002038;NT=label free sample	1	NT=High-performance liquid chromatography;AC=PRIDE:0000565	1	AC=MS:1001251;NT=Trypsin	not available	NT=Stellar;AC=MS:1003409	NT=Carbamidomethyl;AC=UNIMOD:4;TA=C;MT=Fixed	NT=Higher-energy Collisional Dissociation;AC=MS:1000422	27 NCE	40 ppm	0.05 Da	Pool
PRM_20251216_MarthaReselection_Plate_7_G11	G	11	MRTH	83	RG11	0.1	C:\Xcalibur\methods\method1	smb://storage3.ad.scilifelab.se/massstorage/edfors%20lab/01_hot/Martha/RAW	PRM_20251216_MarthaReselection_Plate_7_G11	Homo sapiens	blood plasma	Plate_7	MarthaReselection	not available	not available	F	not available	not available	not available	not available	87	Plate_7_G11	MRTH1-0621	not available	1	AC=EFO:0009656;NT=plasma	run 660	proteomic profiling by mass spectrometry	PRM_20251216_MarthaReselection_Plate_7_G11.raw	PRM_20251216_MarthaReselection_Plate_7_G11.raw	NT=Parallel Reaction Monitoring;AC=MS:1002956	AC=MS:1002038;NT=label free sample	1	NT=High-performance liquid chromatography;AC=PRIDE:0000565	1	AC=MS:1001251;NT=Trypsin	not available	NT=Stellar;AC=MS:1003409	NT=Carbamidomethyl;AC=UNIMOD:4;TA=C;MT=Fixed	NT=Higher-energy Collisional Dissociation;AC=MS:1000422	27 NCE	40 ppm	0.05 Da	MRTH
PRM_20251216_MarthaReselection_Plate_7_H11	H	11	MRTH	95	RH11	0.1	C:\Xcalibur\methods\method1	smb://storage3.ad.scilifelab.se/massstorage/edfors%20lab/01_hot/Martha/RAW	PRM_20251216_MarthaReselection_Plate_7_H11	Homo sapiens	blood plasma	Plate_7	MarthaReselection	not available	not available	M	not available	not available	not available	not available	88	Plate_7_H11	MRTH1-1226	not available	1	AC=EFO:0009656;NT=plasma	run 661	proteomic profiling by mass spectrometry	PRM_20251216_MarthaReselection_Plate_7_H11.raw	PRM_20251216_MarthaReselection_Plate_7_H11.raw	NT=Parallel Reaction Monitoring;AC=MS:1002956	AC=MS:1002038;NT=label free sample	1	NT=High-performance liquid chromatography;AC=PRIDE:0000565	1	AC=MS:1001251;NT=Trypsin	not available	NT=Stellar;AC=MS:1003409	NT=Carbamidomethyl;AC=UNIMOD:4;TA=C;MT=Fixed	NT=Higher-energy Collisional Dissociation;AC=MS:1000422	27 NCE	40 ppm	0.05 Da	MRTH
PRM_20251216_MarthaReselection_Plate_7_A12	A	12	MRTH	12	RA12	0.1	C:\Xcalibur\methods\method1	smb://storage3.ad.scilifelab.se/massstorage/edfors%20lab/01_hot/Martha/RAW	PRM_20251216_MarthaReselection_Plate_7_A12	Homo sapiens	blood plasma	Plate_7	MarthaReselection	not available	not available	F	not available	not available	not available	not available	89	Plate_7_A12	MRTH1-1098	not available	1	AC=EFO:0009656;NT=plasma	run 662	proteomic profiling by mass spectrometry	PRM_20251216_MarthaReselection_Plate_7_A12.raw	PRM_20251216_MarthaReselection_Plate_7_A12.raw	NT=Parallel Reaction Monitoring;AC=MS:1002956	AC=MS:1002038;NT=label free sample	1	NT=High-performance liquid chromatography;AC=PRIDE:0000565	1	AC=MS:1001251;NT=Trypsin	not available	NT=Stellar;AC=MS:1003409	NT=Carbamidomethyl;AC=UNIMOD:4;TA=C;MT=Fixed	NT=Higher-energy Collisional Dissociation;AC=MS:1000422	27 NCE	40 ppm	0.05 Da	MRTH
PRM_20251216_MarthaReselection_Plate_7_B12	B	12	MRTH	24	RB12	0.1	C:\Xcalibur\methods\method1	smb://storage3.ad.scilifelab.se/massstorage/edfors%20lab/01_hot/Martha/RAW	PRM_20251216_MarthaReselection_Plate_7_B12	Homo sapiens	blood plasma	Plate_7	MarthaReselection	not available	not available	F	not available	not available	not available	not available	90	Plate_7_B12	MRTH1-0420	not available	1	AC=EFO:0009656;NT=plasma	run 663	proteomic profiling by mass spectrometry	PRM_20251216_MarthaReselection_Plate_7_B12.raw	PRM_20251216_MarthaReselection_Plate_7_B12.raw	NT=Parallel Reaction Monitoring;AC=MS:1002956	AC=MS:1002038;NT=label free sample	1	NT=High-performance liquid chromatography;AC=PRIDE:0000565	1	AC=MS:1001251;NT=Trypsin	not available	NT=Stellar;AC=MS:1003409	NT=Carbamidomethyl;AC=UNIMOD:4;TA=C;MT=Fixed	NT=Higher-energy Collisional Dissociation;AC=MS:1000422	27 NCE	40 ppm	0.05 Da	MRTH
PRM_20251216_MarthaReselection_Plate_7_C12	C	12	MRTH	36	RC12	0.1	C:\Xcalibur\methods\method1	smb://storage3.ad.scilifelab.se/massstorage/edfors%20lab/01_hot/Martha/RAW	PRM_20251216_MarthaReselection_Plate_7_C12	Homo sapiens	blood plasma	Plate_7	MarthaReselection	not available	not available	F	not available	not available	not available	not available	91	Plate_7_C12	MRTH1-0165	not available	1	AC=EFO:0009656;NT=plasma	run 664	proteomic profiling by mass spectrometry	PRM_20251216_MarthaReselection_Plate_7_C12.raw	PRM_20251216_MarthaReselection_Plate_7_C12.raw	NT=Parallel Reaction Monitoring;AC=MS:1002956	AC=MS:1002038;NT=label free sample	1	NT=High-performance liquid chromatography;AC=PRIDE:0000565	1	AC=MS:1001251;NT=Trypsin	not available	NT=Stellar;AC=MS:1003409	NT=Carbamidomethyl;AC=UNIMOD:4;TA=C;MT=Fixed	NT=Higher-energy Collisional Dissociation;AC=MS:1000422	27 NCE	40 ppm	0.05 Da	MRTH
PRM_20251216_MarthaReselection_Plate_7_D12	D	12	MRTH	48	RD12	0.1	C:\Xcalibur\methods\method1	smb://storage3.ad.scilifelab.se/massstorage/edfors%20lab/01_hot/Martha/RAW	PRM_20251216_MarthaReselection_Plate_7_D12	Homo sapiens	blood plasma	Plate_7	MarthaReselection	not available	not available	M	not available	not available	not available	not available	92	Plate_7_D12	MRTH1-0659	not available	1	AC=EFO:0009656;NT=plasma	run 665	proteomic profiling by mass spectrometry	PRM_20251216_MarthaReselection_Plate_7_D12.raw	PRM_20251216_MarthaReselection_Plate_7_D12.raw	NT=Parallel Reaction Monitoring;AC=MS:1002956	AC=MS:1002038;NT=label free sample	1	NT=High-performance liquid chromatography;AC=PRIDE:0000565	1	AC=MS:1001251;NT=Trypsin	not available	NT=Stellar;AC=MS:1003409	NT=Carbamidomethyl;AC=UNIMOD:4;TA=C;MT=Fixed	NT=Higher-energy Collisional Dissociation;AC=MS:1000422	27 NCE	40 ppm	0.05 Da	MRTH
PRM_20251216_MarthaReselection_Plate_7_E12	E	12	MRTH	60	RE12	0.1	C:\Xcalibur\methods\method1	smb://storage3.ad.scilifelab.se/massstorage/edfors%20lab/01_hot/Martha/RAW	PRM_20251216_MarthaReselection_Plate_7_E12	Homo sapiens	blood plasma	Plate_7	MarthaReselection	not available	not available	F	not available	not available	not available	not available	93	Plate_7_E12	MRTH1-0071	not available	1	AC=EFO:0009656;NT=plasma	run 666	proteomic profiling by mass spectrometry	PRM_20251216_MarthaReselection_Plate_7_E12.raw	PRM_20251216_MarthaReselection_Plate_7_E12.raw	NT=Parallel Reaction Monitoring;AC=MS:1002956	AC=MS:1002038;NT=label free sample	1	NT=High-performance liquid chromatography;AC=PRIDE:0000565	1	AC=MS:1001251;NT=Trypsin	not available	NT=Stellar;AC=MS:1003409	NT=Carbamidomethyl;AC=UNIMOD:4;TA=C;MT=Fixed	NT=Higher-energy Collisional Dissociation;AC=MS:1000422	27 NCE	40 ppm	0.05 Da	MRTH
PRM_20251216_MarthaReselection_Plate_7_F12	F	12	Pool	72	RF12	0.1	C:\Xcalibur\methods\method1	smb://storage3.ad.scilifelab.se/massstorage/edfors%20lab/01_hot/Martha/RAW	PRM_20251216_MarthaReselection_Plate_7_F12	Homo sapiens	blood plasma	Plate_7	MarthaReselection	not available	not available	NA	not available	not available	not available	not available	94	Plate_7_F12	EMPTY-0001	not available	1	AC=EFO:0009656;NT=plasma	run 667	proteomic profiling by mass spectrometry	PRM_20251216_MarthaReselection_Plate_7_F12.raw	PRM_20251216_MarthaReselection_Plate_7_F12.raw	NT=Parallel Reaction Monitoring;AC=MS:1002956	AC=MS:1002038;NT=label free sample	1	NT=High-performance liquid chromatography;AC=PRIDE:0000565	1	AC=MS:1001251;NT=Trypsin	not available	NT=Stellar;AC=MS:1003409	NT=Carbamidomethyl;AC=UNIMOD:4;TA=C;MT=Fixed	NT=Higher-energy Collisional Dissociation;AC=MS:1000422	27 NCE	40 ppm	0.05 Da	Pool
PRM_20251216_MarthaReselection_Plate_7_G12	G	12	Pool	84	RG12	0.1	C:\Xcalibur\methods\method1	smb://storage3.ad.scilifelab.se/massstorage/edfors%20lab/01_hot/Martha/RAW	PRM_20251216_MarthaReselection_Plate_7_G12	Homo sapiens	blood plasma	Plate_7	MarthaReselection	not available	not available	NA	not available	not available	not available	not available	95	Plate_7_G12	EMPTY-0001	not available	1	AC=EFO:0009656;NT=plasma	run 668	proteomic profiling by mass spectrometry	PRM_20251216_MarthaReselection_Plate_7_G12.raw	PRM_20251216_MarthaReselection_Plate_7_G12.raw	NT=Parallel Reaction Monitoring;AC=MS:1002956	AC=MS:1002038;NT=label free sample	1	NT=High-performance liquid chromatography;AC=PRIDE:0000565	1	AC=MS:1001251;NT=Trypsin	not available	NT=Stellar;AC=MS:1003409	NT=Carbamidomethyl;AC=UNIMOD:4;TA=C;MT=Fixed	NT=Higher-energy Collisional Dissociation;AC=MS:1000422	27 NCE	40 ppm	0.05 Da	Pool
PRM_20251216_MarthaReselection_Plate_7_H12	H	12	Pool	96	RH12	0.1	C:\Xcalibur\methods\method1	smb://storage3.ad.scilifelab.se/massstorage/edfors%20lab/01_hot/Martha/RAW	PRM_20251216_MarthaReselection_Plate_7_H12	Homo sapiens	blood plasma	Plate_7	MarthaReselection	not available	not available	NA	not available	not available	not available	not available	96	Plate_7_H12	EMPTY-0001	not available	1	AC=EFO:0009656;NT=plasma	run 669	proteomic profiling by mass spectrometry	PRM_20251216_MarthaReselection_Plate_7_H12.raw	PRM_20251216_MarthaReselection_Plate_7_H12.raw	NT=Parallel Reaction Monitoring;AC=MS:1002956	AC=MS:1002038;NT=label free sample	1	NT=High-performance liquid chromatography;AC=PRIDE:0000565	1	AC=MS:1001251;NT=Trypsin	not available	NT=Stellar;AC=MS:1003409	NT=Carbamidomethyl;AC=UNIMOD:4;TA=C;MT=Fixed	NT=Higher-energy Collisional Dissociation;AC=MS:1000422	27 NCE	40 ppm	0.05 Da	Pool
PRM_20251218_MarthaReselection_Plate_8_A1	A	1	MRTH	1	RA1	0.1	C:\Xcalibur\methods\method1	smb://storage3.ad.scilifelab.se/massstorage/edfors%20lab/01_hot/Martha/RAW	PRM_20251218_MarthaReselection_Plate_8_A1	Homo sapiens	blood plasma	Plate_8	MarthaReselection	not available	not available	M	not available	not available	not available	not available	1	Plate_8_A1	MRTH1-0398	not available	1	AC=EFO:0009656;NT=plasma	run 670	proteomic profiling by mass spectrometry	PRM_20251218_MarthaReselection_Plate_8_A1.raw	PRM_20251218_MarthaReselection_Plate_8_A1.raw	NT=Parallel Reaction Monitoring;AC=MS:1002956	AC=MS:1002038;NT=label free sample	1	NT=High-performance liquid chromatography;AC=PRIDE:0000565	1	AC=MS:1001251;NT=Trypsin	not available	NT=Stellar;AC=MS:1003409	NT=Carbamidomethyl;AC=UNIMOD:4;TA=C;MT=Fixed	NT=Higher-energy Collisional Dissociation;AC=MS:1000422	27 NCE	40 ppm	0.05 Da	MRTH
PRM_20251218_MarthaReselection_Plate_8_B1	B	1	MRTH	13	RB1	0.1	C:\Xcalibur\methods\method1	smb://storage3.ad.scilifelab.se/massstorage/edfors%20lab/01_hot/Martha/RAW	PRM_20251218_MarthaReselection_Plate_8_B1	Homo sapiens	blood plasma	Plate_8	MarthaReselection	not available	not available	F	not available	not available	not available	not available	2	Plate_8_B1	MRTH1-1158	not available	1	AC=EFO:0009656;NT=plasma	run 671	proteomic profiling by mass spectrometry	PRM_20251218_MarthaReselection_Plate_8_B1.raw	PRM_20251218_MarthaReselection_Plate_8_B1.raw	NT=Parallel Reaction Monitoring;AC=MS:1002956	AC=MS:1002038;NT=label free sample	1	NT=High-performance liquid chromatography;AC=PRIDE:0000565	1	AC=MS:1001251;NT=Trypsin	not available	NT=Stellar;AC=MS:1003409	NT=Carbamidomethyl;AC=UNIMOD:4;TA=C;MT=Fixed	NT=Higher-energy Collisional Dissociation;AC=MS:1000422	27 NCE	40 ppm	0.05 Da	MRTH
PRM_20251218_MarthaReselection_Plate_8_C1	C	1	MRTH	25	RC1	0.1	C:\Xcalibur\methods\method1	smb://storage3.ad.scilifelab.se/massstorage/edfors%20lab/01_hot/Martha/RAW	PRM_20251218_MarthaReselection_Plate_8_C1	Homo sapiens	blood plasma	Plate_8	MarthaReselection	not available	not available	F	not available	not available	not available	not available	3	Plate_8_C1	MRTH1-0251	not available	1	AC=EFO:0009656;NT=plasma	run 672	proteomic profiling by mass spectrometry	PRM_20251218_MarthaReselection_Plate_8_C1.raw	PRM_20251218_MarthaReselection_Plate_8_C1.raw	NT=Parallel Reaction Monitoring;AC=MS:1002956	AC=MS:1002038;NT=label free sample	1	NT=High-performance liquid chromatography;AC=PRIDE:0000565	1	AC=MS:1001251;NT=Trypsin	not available	NT=Stellar;AC=MS:1003409	NT=Carbamidomethyl;AC=UNIMOD:4;TA=C;MT=Fixed	NT=Higher-energy Collisional Dissociation;AC=MS:1000422	27 NCE	40 ppm	0.05 Da	MRTH
PRM_20251218_MarthaReselection_Plate_8_D1	D	1	MRTH	37	RD1	0.1	C:\Xcalibur\methods\method1	smb://storage3.ad.scilifelab.se/massstorage/edfors%20lab/01_hot/Martha/RAW	PRM_20251218_MarthaReselection_Plate_8_D1	Homo sapiens	blood plasma	Plate_8	MarthaReselection	not available	not available	F	not available	not available	not available	not available	4	Plate_8_D1	MRTH1-1022	not available	1	AC=EFO:0009656;NT=plasma	run 673	proteomic profiling by mass spectrometry	PRM_20251218_MarthaReselection_Plate_8_D1.raw	PRM_20251218_MarthaReselection_Plate_8_D1.raw	NT=Parallel Reaction Monitoring;AC=MS:1002956	AC=MS:1002038;NT=label free sample	1	NT=High-performance liquid chromatography;AC=PRIDE:0000565	1	AC=MS:1001251;NT=Trypsin	not available	NT=Stellar;AC=MS:1003409	NT=Carbamidomethyl;AC=UNIMOD:4;TA=C;MT=Fixed	NT=Higher-energy Collisional Dissociation;AC=MS:1000422	27 NCE	40 ppm	0.05 Da	MRTH
PRM_20251218_MarthaReselection_Plate_8_E1	E	1	MRTH	49	RE1	0.1	C:\Xcalibur\methods\method1	smb://storage3.ad.scilifelab.se/massstorage/edfors%20lab/01_hot/Martha/RAW	PRM_20251218_MarthaReselection_Plate_8_E1	Homo sapiens	blood plasma	Plate_8	MarthaReselection	not available	not available	F	not available	not available	not available	not available	5	Plate_8_E1	MRTH1-0185	not available	1	AC=EFO:0009656;NT=plasma	run 674	proteomic profiling by mass spectrometry	PRM_20251218_MarthaReselection_Plate_8_E1.raw	PRM_20251218_MarthaReselection_Plate_8_E1.raw	NT=Parallel Reaction Monitoring;AC=MS:1002956	AC=MS:1002038;NT=label free sample	1	NT=High-performance liquid chromatography;AC=PRIDE:0000565	1	AC=MS:1001251;NT=Trypsin	not available	NT=Stellar;AC=MS:1003409	NT=Carbamidomethyl;AC=UNIMOD:4;TA=C;MT=Fixed	NT=Higher-energy Collisional Dissociation;AC=MS:1000422	27 NCE	40 ppm	0.05 Da	MRTH
PRM_20251218_MarthaReselection_Plate_8_F1	F	1	MRTH	61	RF1	0.1	C:\Xcalibur\methods\method1	smb://storage3.ad.scilifelab.se/massstorage/edfors%20lab/01_hot/Martha/RAW	PRM_20251218_MarthaReselection_Plate_8_F1	Homo sapiens	blood plasma	Plate_8	MarthaReselection	not available	not available	M	not available	not available	not available	not available	6	Plate_8_F1	MRTH1-0164	not available	1	AC=EFO:0009656;NT=plasma	run 675	proteomic profiling by mass spectrometry	PRM_20251218_MarthaReselection_Plate_8_F1.raw	PRM_20251218_MarthaReselection_Plate_8_F1.raw	NT=Parallel Reaction Monitoring;AC=MS:1002956	AC=MS:1002038;NT=label free sample	1	NT=High-performance liquid chromatography;AC=PRIDE:0000565	1	AC=MS:1001251;NT=Trypsin	not available	NT=Stellar;AC=MS:1003409	NT=Carbamidomethyl;AC=UNIMOD:4;TA=C;MT=Fixed	NT=Higher-energy Collisional Dissociation;AC=MS:1000422	27 NCE	40 ppm	0.05 Da	MRTH
PRM_20251218_MarthaReselection_Plate_8_G1	G	1	MRTH	73	RG1	0.1	C:\Xcalibur\methods\method1	smb://storage3.ad.scilifelab.se/massstorage/edfors%20lab/01_hot/Martha/RAW	PRM_20251218_MarthaReselection_Plate_8_G1	Homo sapiens	blood plasma	Plate_8	MarthaReselection	not available	not available	F	not available	not available	not available	not available	7	Plate_8_G1	MRTH1-1324	not available	1	AC=EFO:0009656;NT=plasma	run 676	proteomic profiling by mass spectrometry	PRM_20251218_MarthaReselection_Plate_8_G1.raw	PRM_20251218_MarthaReselection_Plate_8_G1.raw	NT=Parallel Reaction Monitoring;AC=MS:1002956	AC=MS:1002038;NT=label free sample	1	NT=High-performance liquid chromatography;AC=PRIDE:0000565	1	AC=MS:1001251;NT=Trypsin	not available	NT=Stellar;AC=MS:1003409	NT=Carbamidomethyl;AC=UNIMOD:4;TA=C;MT=Fixed	NT=Higher-energy Collisional Dissociation;AC=MS:1000422	27 NCE	40 ppm	0.05 Da	MRTH
PRM_20251218_MarthaReselection_Plate_8_H1	H	1	MRTH	85	RH1	0.1	C:\Xcalibur\methods\method1	smb://storage3.ad.scilifelab.se/massstorage/edfors%20lab/01_hot/Martha/RAW	PRM_20251218_MarthaReselection_Plate_8_H1	Homo sapiens	blood plasma	Plate_8	MarthaReselection	not available	not available	M	not available	not available	not available	not available	8	Plate_8_H1	MRTH1-0687	not available	1	AC=EFO:0009656;NT=plasma	run 677	proteomic profiling by mass spectrometry	PRM_20251218_MarthaReselection_Plate_8_H1.raw	PRM_20251218_MarthaReselection_Plate_8_H1.raw	NT=Parallel Reaction Monitoring;AC=MS:1002956	AC=MS:1002038;NT=label free sample	1	NT=High-performance liquid chromatography;AC=PRIDE:0000565	1	AC=MS:1001251;NT=Trypsin	not available	NT=Stellar;AC=MS:1003409	NT=Carbamidomethyl;AC=UNIMOD:4;TA=C;MT=Fixed	NT=Higher-energy Collisional Dissociation;AC=MS:1000422	27 NCE	40 ppm	0.05 Da	MRTH
PRM_20251218_MarthaReselection_Plate_8_A2	A	2	MRTH	2	RA2	0.1	C:\Xcalibur\methods\method1	smb://storage3.ad.scilifelab.se/massstorage/edfors%20lab/01_hot/Martha/RAW	PRM_20251218_MarthaReselection_Plate_8_A2	Homo sapiens	blood plasma	Plate_8	MarthaReselection	not available	not available	F	not available	not available	not available	not available	9	Plate_8_A2	MRTH1-0357	not available	1	AC=EFO:0009656;NT=plasma	run 678	proteomic profiling by mass spectrometry	PRM_20251218_MarthaReselection_Plate_8_A2.raw	PRM_20251218_MarthaReselection_Plate_8_A2.raw	NT=Parallel Reaction Monitoring;AC=MS:1002956	AC=MS:1002038;NT=label free sample	1	NT=High-performance liquid chromatography;AC=PRIDE:0000565	1	AC=MS:1001251;NT=Trypsin	not available	NT=Stellar;AC=MS:1003409	NT=Carbamidomethyl;AC=UNIMOD:4;TA=C;MT=Fixed	NT=Higher-energy Collisional Dissociation;AC=MS:1000422	27 NCE	40 ppm	0.05 Da	MRTH
PRM_20251218_MarthaReselection_Plate_8_B2	B	2	MRTH	14	RB2	0.1	C:\Xcalibur\methods\method1	smb://storage3.ad.scilifelab.se/massstorage/edfors%20lab/01_hot/Martha/RAW	PRM_20251218_MarthaReselection_Plate_8_B2	Homo sapiens	blood plasma	Plate_8	MarthaReselection	not available	not available	M	not available	not available	not available	not available	10	Plate_8_B2	MRTH1-0380	not available	1	AC=EFO:0009656;NT=plasma	run 679	proteomic profiling by mass spectrometry	PRM_20251218_MarthaReselection_Plate_8_B2.raw	PRM_20251218_MarthaReselection_Plate_8_B2.raw	NT=Parallel Reaction Monitoring;AC=MS:1002956	AC=MS:1002038;NT=label free sample	1	NT=High-performance liquid chromatography;AC=PRIDE:0000565	1	AC=MS:1001251;NT=Trypsin	not available	NT=Stellar;AC=MS:1003409	NT=Carbamidomethyl;AC=UNIMOD:4;TA=C;MT=Fixed	NT=Higher-energy Collisional Dissociation;AC=MS:1000422	27 NCE	40 ppm	0.05 Da	MRTH
PRM_20251218_MarthaReselection_Plate_8_C2	C	2	MRTH	26	RC2	0.1	C:\Xcalibur\methods\method1	smb://storage3.ad.scilifelab.se/massstorage/edfors%20lab/01_hot/Martha/RAW	PRM_20251218_MarthaReselection_Plate_8_C2	Homo sapiens	blood plasma	Plate_8	MarthaReselection	not available	not available	M	not available	not available	not available	not available	11	Plate_8_C2	MRTH1-1281	not available	1	AC=EFO:0009656;NT=plasma	run 680	proteomic profiling by mass spectrometry	PRM_20251218_MarthaReselection_Plate_8_C2.raw	PRM_20251218_MarthaReselection_Plate_8_C2.raw	NT=Parallel Reaction Monitoring;AC=MS:1002956	AC=MS:1002038;NT=label free sample	1	NT=High-performance liquid chromatography;AC=PRIDE:0000565	1	AC=MS:1001251;NT=Trypsin	not available	NT=Stellar;AC=MS:1003409	NT=Carbamidomethyl;AC=UNIMOD:4;TA=C;MT=Fixed	NT=Higher-energy Collisional Dissociation;AC=MS:1000422	27 NCE	40 ppm	0.05 Da	MRTH
PRM_20251218_MarthaReselection_Plate_8_D2	D	2	MRTH	38	RD2	0.1	C:\Xcalibur\methods\method1	smb://storage3.ad.scilifelab.se/massstorage/edfors%20lab/01_hot/Martha/RAW	PRM_20251218_MarthaReselection_Plate_8_D2	Homo sapiens	blood plasma	Plate_8	MarthaReselection	not available	not available	M	not available	not available	not available	not available	12	Plate_8_D2	MRTH1-0611	not available	1	AC=EFO:0009656;NT=plasma	run 681	proteomic profiling by mass spectrometry	PRM_20251218_MarthaReselection_Plate_8_D2.raw	PRM_20251218_MarthaReselection_Plate_8_D2.raw	NT=Parallel Reaction Monitoring;AC=MS:1002956	AC=MS:1002038;NT=label free sample	1	NT=High-performance liquid chromatography;AC=PRIDE:0000565	1	AC=MS:1001251;NT=Trypsin	not available	NT=Stellar;AC=MS:1003409	NT=Carbamidomethyl;AC=UNIMOD:4;TA=C;MT=Fixed	NT=Higher-energy Collisional Dissociation;AC=MS:1000422	27 NCE	40 ppm	0.05 Da	MRTH
PRM_20251218_MarthaReselection_Plate_8_E2	E	2	MRTH	50	RE2	0.1	C:\Xcalibur\methods\method1	smb://storage3.ad.scilifelab.se/massstorage/edfors%20lab/01_hot/Martha/RAW	PRM_20251218_MarthaReselection_Plate_8_E2	Homo sapiens	blood plasma	Plate_8	MarthaReselection	not available	not available	M	not available	not available	not available	not available	13	Plate_8_E2	MRTH1-0060	not available	1	AC=EFO:0009656;NT=plasma	run 682	proteomic profiling by mass spectrometry	PRM_20251218_MarthaReselection_Plate_8_E2.raw	PRM_20251218_MarthaReselection_Plate_8_E2.raw	NT=Parallel Reaction Monitoring;AC=MS:1002956	AC=MS:1002038;NT=label free sample	1	NT=High-performance liquid chromatography;AC=PRIDE:0000565	1	AC=MS:1001251;NT=Trypsin	not available	NT=Stellar;AC=MS:1003409	NT=Carbamidomethyl;AC=UNIMOD:4;TA=C;MT=Fixed	NT=Higher-energy Collisional Dissociation;AC=MS:1000422	27 NCE	40 ppm	0.05 Da	MRTH
PRM_20251218_MarthaReselection_Plate_8_F2	F	2	MRTH	62	RF2	0.1	C:\Xcalibur\methods\method1	smb://storage3.ad.scilifelab.se/massstorage/edfors%20lab/01_hot/Martha/RAW	PRM_20251218_MarthaReselection_Plate_8_F2	Homo sapiens	blood plasma	Plate_8	MarthaReselection	not available	not available	M	not available	not available	not available	not available	14	Plate_8_F2	MRTH1-0758	not available	1	AC=EFO:0009656;NT=plasma	run 683	proteomic profiling by mass spectrometry	PRM_20251218_MarthaReselection_Plate_8_F2.raw	PRM_20251218_MarthaReselection_Plate_8_F2.raw	NT=Parallel Reaction Monitoring;AC=MS:1002956	AC=MS:1002038;NT=label free sample	1	NT=High-performance liquid chromatography;AC=PRIDE:0000565	1	AC=MS:1001251;NT=Trypsin	not available	NT=Stellar;AC=MS:1003409	NT=Carbamidomethyl;AC=UNIMOD:4;TA=C;MT=Fixed	NT=Higher-energy Collisional Dissociation;AC=MS:1000422	27 NCE	40 ppm	0.05 Da	MRTH
PRM_20251218_MarthaReselection_Plate_8_G2	G	2	MRTH	74	RG2	0.1	C:\Xcalibur\methods\method1	smb://storage3.ad.scilifelab.se/massstorage/edfors%20lab/01_hot/Martha/RAW	PRM_20251218_MarthaReselection_Plate_8_G2	Homo sapiens	blood plasma	Plate_8	MarthaReselection	not available	not available	F	not available	not available	not available	not available	15	Plate_8_G2	MRTH1-1064	not available	1	AC=EFO:0009656;NT=plasma	run 684	proteomic profiling by mass spectrometry	PRM_20251218_MarthaReselection_Plate_8_G2.raw	PRM_20251218_MarthaReselection_Plate_8_G2.raw	NT=Parallel Reaction Monitoring;AC=MS:1002956	AC=MS:1002038;NT=label free sample	1	NT=High-performance liquid chromatography;AC=PRIDE:0000565	1	AC=MS:1001251;NT=Trypsin	not available	NT=Stellar;AC=MS:1003409	NT=Carbamidomethyl;AC=UNIMOD:4;TA=C;MT=Fixed	NT=Higher-energy Collisional Dissociation;AC=MS:1000422	27 NCE	40 ppm	0.05 Da	MRTH
PRM_20251218_MarthaReselection_Plate_8_H2	H	2	MRTH	86	RH2	0.1	C:\Xcalibur\methods\method1	smb://storage3.ad.scilifelab.se/massstorage/edfors%20lab/01_hot/Martha/RAW	PRM_20251218_MarthaReselection_Plate_8_H2	Homo sapiens	blood plasma	Plate_8	MarthaReselection	not available	not available	F	not available	not available	not available	not available	16	Plate_8_H2	MRTH1-0291	not available	1	AC=EFO:0009656;NT=plasma	run 685	proteomic profiling by mass spectrometry	PRM_20251218_MarthaReselection_Plate_8_H2.raw	PRM_20251218_MarthaReselection_Plate_8_H2.raw	NT=Parallel Reaction Monitoring;AC=MS:1002956	AC=MS:1002038;NT=label free sample	1	NT=High-performance liquid chromatography;AC=PRIDE:0000565	1	AC=MS:1001251;NT=Trypsin	not available	NT=Stellar;AC=MS:1003409	NT=Carbamidomethyl;AC=UNIMOD:4;TA=C;MT=Fixed	NT=Higher-energy Collisional Dissociation;AC=MS:1000422	27 NCE	40 ppm	0.05 Da	MRTH
PRM_20251218_MarthaReselection_Plate_8_A3	A	3	MRTH	3	RA3	0.1	C:\Xcalibur\methods\method1	smb://storage3.ad.scilifelab.se/massstorage/edfors%20lab/01_hot/Martha/RAW	PRM_20251218_MarthaReselection_Plate_8_A3	Homo sapiens	blood plasma	Plate_8	MarthaReselection	not available	not available	F	not available	not available	not available	not available	17	Plate_8_A3	MRTH1-0497	not available	1	AC=EFO:0009656;NT=plasma	run 686	proteomic profiling by mass spectrometry	PRM_20251218_MarthaReselection_Plate_8_A3.raw	PRM_20251218_MarthaReselection_Plate_8_A3.raw	NT=Parallel Reaction Monitoring;AC=MS:1002956	AC=MS:1002038;NT=label free sample	1	NT=High-performance liquid chromatography;AC=PRIDE:0000565	1	AC=MS:1001251;NT=Trypsin	not available	NT=Stellar;AC=MS:1003409	NT=Carbamidomethyl;AC=UNIMOD:4;TA=C;MT=Fixed	NT=Higher-energy Collisional Dissociation;AC=MS:1000422	27 NCE	40 ppm	0.05 Da	MRTH
PRM_20251218_MarthaReselection_Plate_8_B3	B	3	MRTH	15	RB3	0.1	C:\Xcalibur\methods\method1	smb://storage3.ad.scilifelab.se/massstorage/edfors%20lab/01_hot/Martha/RAW	PRM_20251218_MarthaReselection_Plate_8_B3	Homo sapiens	blood plasma	Plate_8	MarthaReselection	not available	not available	F	not available	not available	not available	not available	18	Plate_8_B3	MRTH1-0040	not available	1	AC=EFO:0009656;NT=plasma	run 687	proteomic profiling by mass spectrometry	PRM_20251218_MarthaReselection_Plate_8_B3.raw	PRM_20251218_MarthaReselection_Plate_8_B3.raw	NT=Parallel Reaction Monitoring;AC=MS:1002956	AC=MS:1002038;NT=label free sample	1	NT=High-performance liquid chromatography;AC=PRIDE:0000565	1	AC=MS:1001251;NT=Trypsin	not available	NT=Stellar;AC=MS:1003409	NT=Carbamidomethyl;AC=UNIMOD:4;TA=C;MT=Fixed	NT=Higher-energy Collisional Dissociation;AC=MS:1000422	27 NCE	40 ppm	0.05 Da	MRTH
PRM_20251218_MarthaReselection_Plate_8_C3	C	3	Pool	27	RC3	0.1	C:\Xcalibur\methods\method1	smb://storage3.ad.scilifelab.se/massstorage/edfors%20lab/01_hot/Martha/RAW	PRM_20251218_MarthaReselection_Plate_8_C3	Homo sapiens	blood plasma	Plate_8	MarthaReselection	not available	not available	NA	not available	not available	not available	not available	19	Plate_8_C3	EMPTY-0001	not available	1	AC=EFO:0009656;NT=plasma	run 688	proteomic profiling by mass spectrometry	PRM_20251218_MarthaReselection_Plate_8_C3.raw	PRM_20251218_MarthaReselection_Plate_8_C3.raw	NT=Parallel Reaction Monitoring;AC=MS:1002956	AC=MS:1002038;NT=label free sample	1	NT=High-performance liquid chromatography;AC=PRIDE:0000565	1	AC=MS:1001251;NT=Trypsin	not available	NT=Stellar;AC=MS:1003409	NT=Carbamidomethyl;AC=UNIMOD:4;TA=C;MT=Fixed	NT=Higher-energy Collisional Dissociation;AC=MS:1000422	27 NCE	40 ppm	0.05 Da	Pool
PRM_20251218_MarthaReselection_Plate_8_D3	D	3	MRTH	39	RD3	0.1	C:\Xcalibur\methods\method1	smb://storage3.ad.scilifelab.se/massstorage/edfors%20lab/01_hot/Martha/RAW	PRM_20251218_MarthaReselection_Plate_8_D3	Homo sapiens	blood plasma	Plate_8	MarthaReselection	not available	not available	M	not available	not available	not available	not available	20	Plate_8_D3	MRTH1-0884	not available	1	AC=EFO:0009656;NT=plasma	run 689	proteomic profiling by mass spectrometry	PRM_20251218_MarthaReselection_Plate_8_D3.raw	PRM_20251218_MarthaReselection_Plate_8_D3.raw	NT=Parallel Reaction Monitoring;AC=MS:1002956	AC=MS:1002038;NT=label free sample	1	NT=High-performance liquid chromatography;AC=PRIDE:0000565	1	AC=MS:1001251;NT=Trypsin	not available	NT=Stellar;AC=MS:1003409	NT=Carbamidomethyl;AC=UNIMOD:4;TA=C;MT=Fixed	NT=Higher-energy Collisional Dissociation;AC=MS:1000422	27 NCE	40 ppm	0.05 Da	MRTH
PRM_20251218_MarthaReselection_Plate_8_E3	E	3	MRTH	51	RE3	0.1	C:\Xcalibur\methods\method1	smb://storage3.ad.scilifelab.se/massstorage/edfors%20lab/01_hot/Martha/RAW	PRM_20251218_MarthaReselection_Plate_8_E3	Homo sapiens	blood plasma	Plate_8	MarthaReselection	not available	not available	M	not available	not available	not available	not available	21	Plate_8_E3	MRTH1-0749	not available	1	AC=EFO:0009656;NT=plasma	run 690	proteomic profiling by mass spectrometry	PRM_20251218_MarthaReselection_Plate_8_E3.raw	PRM_20251218_MarthaReselection_Plate_8_E3.raw	NT=Parallel Reaction Monitoring;AC=MS:1002956	AC=MS:1002038;NT=label free sample	1	NT=High-performance liquid chromatography;AC=PRIDE:0000565	1	AC=MS:1001251;NT=Trypsin	not available	NT=Stellar;AC=MS:1003409	NT=Carbamidomethyl;AC=UNIMOD:4;TA=C;MT=Fixed	NT=Higher-energy Collisional Dissociation;AC=MS:1000422	27 NCE	40 ppm	0.05 Da	MRTH
PRM_20251218_MarthaReselection_Plate_8_F3	F	3	MRTH	63	RF3	0.1	C:\Xcalibur\methods\method1	smb://storage3.ad.scilifelab.se/massstorage/edfors%20lab/01_hot/Martha/RAW	PRM_20251218_MarthaReselection_Plate_8_F3	Homo sapiens	blood plasma	Plate_8	MarthaReselection	not available	not available	F	not available	not available	not available	not available	22	Plate_8_F3	MRTH1-1266	not available	1	AC=EFO:0009656;NT=plasma	run 691	proteomic profiling by mass spectrometry	PRM_20251218_MarthaReselection_Plate_8_F3.raw	PRM_20251218_MarthaReselection_Plate_8_F3.raw	NT=Parallel Reaction Monitoring;AC=MS:1002956	AC=MS:1002038;NT=label free sample	1	NT=High-performance liquid chromatography;AC=PRIDE:0000565	1	AC=MS:1001251;NT=Trypsin	not available	NT=Stellar;AC=MS:1003409	NT=Carbamidomethyl;AC=UNIMOD:4;TA=C;MT=Fixed	NT=Higher-energy Collisional Dissociation;AC=MS:1000422	27 NCE	40 ppm	0.05 Da	MRTH
PRM_20251218_MarthaReselection_Plate_8_G3	G	3	MRTH	75	RG3	0.1	C:\Xcalibur\methods\method1	smb://storage3.ad.scilifelab.se/massstorage/edfors%20lab/01_hot/Martha/RAW	PRM_20251218_MarthaReselection_Plate_8_G3	Homo sapiens	blood plasma	Plate_8	MarthaReselection	not available	not available	F	not available	not available	not available	not available	23	Plate_8_G3	MRTH1-0744	not available	1	AC=EFO:0009656;NT=plasma	run 692	proteomic profiling by mass spectrometry	PRM_20251218_MarthaReselection_Plate_8_G3.raw	PRM_20251218_MarthaReselection_Plate_8_G3.raw	NT=Parallel Reaction Monitoring;AC=MS:1002956	AC=MS:1002038;NT=label free sample	1	NT=High-performance liquid chromatography;AC=PRIDE:0000565	1	AC=MS:1001251;NT=Trypsin	not available	NT=Stellar;AC=MS:1003409	NT=Carbamidomethyl;AC=UNIMOD:4;TA=C;MT=Fixed	NT=Higher-energy Collisional Dissociation;AC=MS:1000422	27 NCE	40 ppm	0.05 Da	MRTH
PRM_20251218_MarthaReselection_Plate_8_H3	H	3	MRTH	87	RH3	0.1	C:\Xcalibur\methods\method1	smb://storage3.ad.scilifelab.se/massstorage/edfors%20lab/01_hot/Martha/RAW	PRM_20251218_MarthaReselection_Plate_8_H3	Homo sapiens	blood plasma	Plate_8	MarthaReselection	not available	not available	F	not available	not available	not available	not available	24	Plate_8_H3	MRTH1-0840	not available	1	AC=EFO:0009656;NT=plasma	run 693	proteomic profiling by mass spectrometry	PRM_20251218_MarthaReselection_Plate_8_H3.raw	PRM_20251218_MarthaReselection_Plate_8_H3.raw	NT=Parallel Reaction Monitoring;AC=MS:1002956	AC=MS:1002038;NT=label free sample	1	NT=High-performance liquid chromatography;AC=PRIDE:0000565	1	AC=MS:1001251;NT=Trypsin	not available	NT=Stellar;AC=MS:1003409	NT=Carbamidomethyl;AC=UNIMOD:4;TA=C;MT=Fixed	NT=Higher-energy Collisional Dissociation;AC=MS:1000422	27 NCE	40 ppm	0.05 Da	MRTH
PRM_20251218_MarthaReselection_Plate_8_A4	A	4	MRTH	4	RA4	0.1	C:\Xcalibur\methods\method1	smb://storage3.ad.scilifelab.se/massstorage/edfors%20lab/01_hot/Martha/RAW	PRM_20251218_MarthaReselection_Plate_8_A4	Homo sapiens	blood plasma	Plate_8	MarthaReselection	not available	not available	F	not available	not available	not available	not available	25	Plate_8_A4	MRTH1-1351	not available	1	AC=EFO:0009656;NT=plasma	run 694	proteomic profiling by mass spectrometry	PRM_20251218_MarthaReselection_Plate_8_A4.raw	PRM_20251218_MarthaReselection_Plate_8_A4.raw	NT=Parallel Reaction Monitoring;AC=MS:1002956	AC=MS:1002038;NT=label free sample	1	NT=High-performance liquid chromatography;AC=PRIDE:0000565	1	AC=MS:1001251;NT=Trypsin	not available	NT=Stellar;AC=MS:1003409	NT=Carbamidomethyl;AC=UNIMOD:4;TA=C;MT=Fixed	NT=Higher-energy Collisional Dissociation;AC=MS:1000422	27 NCE	40 ppm	0.05 Da	MRTH
PRM_20251218_MarthaReselection_Plate_8_B4	B	4	MRTH	16	RB4	0.1	C:\Xcalibur\methods\method1	smb://storage3.ad.scilifelab.se/massstorage/edfors%20lab/01_hot/Martha/RAW	PRM_20251218_MarthaReselection_Plate_8_B4	Homo sapiens	blood plasma	Plate_8	MarthaReselection	not available	not available	F	not available	not available	not available	not available	26	Plate_8_B4	MRTH1-0240	not available	1	AC=EFO:0009656;NT=plasma	run 695	proteomic profiling by mass spectrometry	PRM_20251218_MarthaReselection_Plate_8_B4.raw	PRM_20251218_MarthaReselection_Plate_8_B4.raw	NT=Parallel Reaction Monitoring;AC=MS:1002956	AC=MS:1002038;NT=label free sample	1	NT=High-performance liquid chromatography;AC=PRIDE:0000565	1	AC=MS:1001251;NT=Trypsin	not available	NT=Stellar;AC=MS:1003409	NT=Carbamidomethyl;AC=UNIMOD:4;TA=C;MT=Fixed	NT=Higher-energy Collisional Dissociation;AC=MS:1000422	27 NCE	40 ppm	0.05 Da	MRTH
PRM_20251218_MarthaReselection_Plate_8_C4	C	4	MRTH	28	RC4	0.1	C:\Xcalibur\methods\method1	smb://storage3.ad.scilifelab.se/massstorage/edfors%20lab/01_hot/Martha/RAW	PRM_20251218_MarthaReselection_Plate_8_C4	Homo sapiens	blood plasma	Plate_8	MarthaReselection	not available	not available	F	not available	not available	not available	not available	27	Plate_8_C4	MRTH1-1253	not available	1	AC=EFO:0009656;NT=plasma	run 696	proteomic profiling by mass spectrometry	PRM_20251218_MarthaReselection_Plate_8_C4.raw	PRM_20251218_MarthaReselection_Plate_8_C4.raw	NT=Parallel Reaction Monitoring;AC=MS:1002956	AC=MS:1002038;NT=label free sample	1	NT=High-performance liquid chromatography;AC=PRIDE:0000565	1	AC=MS:1001251;NT=Trypsin	not available	NT=Stellar;AC=MS:1003409	NT=Carbamidomethyl;AC=UNIMOD:4;TA=C;MT=Fixed	NT=Higher-energy Collisional Dissociation;AC=MS:1000422	27 NCE	40 ppm	0.05 Da	MRTH
PRM_20251218_MarthaReselection_Plate_8_D4	D	4	MRTH	40	RD4	0.1	C:\Xcalibur\methods\method1	smb://storage3.ad.scilifelab.se/massstorage/edfors%20lab/01_hot/Martha/RAW	PRM_20251218_MarthaReselection_Plate_8_D4	Homo sapiens	blood plasma	Plate_8	MarthaReselection	not available	not available	F	not available	not available	not available	not available	28	Plate_8_D4	MRTH1-0501	not available	1	AC=EFO:0009656;NT=plasma	run 697	proteomic profiling by mass spectrometry	PRM_20251218_MarthaReselection_Plate_8_D4.raw	PRM_20251218_MarthaReselection_Plate_8_D4.raw	NT=Parallel Reaction Monitoring;AC=MS:1002956	AC=MS:1002038;NT=label free sample	1	NT=High-performance liquid chromatography;AC=PRIDE:0000565	1	AC=MS:1001251;NT=Trypsin	not available	NT=Stellar;AC=MS:1003409	NT=Carbamidomethyl;AC=UNIMOD:4;TA=C;MT=Fixed	NT=Higher-energy Collisional Dissociation;AC=MS:1000422	27 NCE	40 ppm	0.05 Da	MRTH
PRM_20251218_MarthaReselection_Plate_8_E4	E	4	MRTH	52	RE4	0.1	C:\Xcalibur\methods\method1	smb://storage3.ad.scilifelab.se/massstorage/edfors%20lab/01_hot/Martha/RAW	PRM_20251218_MarthaReselection_Plate_8_E4	Homo sapiens	blood plasma	Plate_8	MarthaReselection	not available	not available	F	not available	not available	not available	not available	29	Plate_8_E4	MRTH1-1252	not available	1	AC=EFO:0009656;NT=plasma	run 698	proteomic profiling by mass spectrometry	PRM_20251218_MarthaReselection_Plate_8_E4.raw	PRM_20251218_MarthaReselection_Plate_8_E4.raw	NT=Parallel Reaction Monitoring;AC=MS:1002956	AC=MS:1002038;NT=label free sample	1	NT=High-performance liquid chromatography;AC=PRIDE:0000565	1	AC=MS:1001251;NT=Trypsin	not available	NT=Stellar;AC=MS:1003409	NT=Carbamidomethyl;AC=UNIMOD:4;TA=C;MT=Fixed	NT=Higher-energy Collisional Dissociation;AC=MS:1000422	27 NCE	40 ppm	0.05 Da	MRTH
PRM_20251218_MarthaReselection_Plate_8_F4	F	4	MRTH	64	RF4	0.1	C:\Xcalibur\methods\method1	smb://storage3.ad.scilifelab.se/massstorage/edfors%20lab/01_hot/Martha/RAW	PRM_20251218_MarthaReselection_Plate_8_F4	Homo sapiens	blood plasma	Plate_8	MarthaReselection	not available	not available	M	not available	not available	not available	not available	30	Plate_8_F4	MRTH1-0257	not available	1	AC=EFO:0009656;NT=plasma	run 699	proteomic profiling by mass spectrometry	PRM_20251218_MarthaReselection_Plate_8_F4.raw	PRM_20251218_MarthaReselection_Plate_8_F4.raw	NT=Parallel Reaction Monitoring;AC=MS:1002956	AC=MS:1002038;NT=label free sample	1	NT=High-performance liquid chromatography;AC=PRIDE:0000565	1	AC=MS:1001251;NT=Trypsin	not available	NT=Stellar;AC=MS:1003409	NT=Carbamidomethyl;AC=UNIMOD:4;TA=C;MT=Fixed	NT=Higher-energy Collisional Dissociation;AC=MS:1000422	27 NCE	40 ppm	0.05 Da	MRTH
PRM_20251218_MarthaReselection_Plate_8_G4	G	4	MRTH	76	RG4	0.1	C:\Xcalibur\methods\method1	smb://storage3.ad.scilifelab.se/massstorage/edfors%20lab/01_hot/Martha/RAW	PRM_20251218_MarthaReselection_Plate_8_G4	Homo sapiens	blood plasma	Plate_8	MarthaReselection	not available	not available	M	not available	not available	not available	not available	31	Plate_8_G4	MRTH1-1044	not available	1	AC=EFO:0009656;NT=plasma	run 700	proteomic profiling by mass spectrometry	PRM_20251218_MarthaReselection_Plate_8_G4.raw	PRM_20251218_MarthaReselection_Plate_8_G4.raw	NT=Parallel Reaction Monitoring;AC=MS:1002956	AC=MS:1002038;NT=label free sample	1	NT=High-performance liquid chromatography;AC=PRIDE:0000565	1	AC=MS:1001251;NT=Trypsin	not available	NT=Stellar;AC=MS:1003409	NT=Carbamidomethyl;AC=UNIMOD:4;TA=C;MT=Fixed	NT=Higher-energy Collisional Dissociation;AC=MS:1000422	27 NCE	40 ppm	0.05 Da	MRTH
PRM_20251218_MarthaReselection_Plate_8_H4	H	4	MRTH	88	RH4	0.1	C:\Xcalibur\methods\method1	smb://storage3.ad.scilifelab.se/massstorage/edfors%20lab/01_hot/Martha/RAW	PRM_20251218_MarthaReselection_Plate_8_H4	Homo sapiens	blood plasma	Plate_8	MarthaReselection	not available	not available	F	not available	not available	not available	not available	32	Plate_8_H4	MRTH1-0750	not available	1	AC=EFO:0009656;NT=plasma	run 701	proteomic profiling by mass spectrometry	PRM_20251218_MarthaReselection_Plate_8_H4.raw	PRM_20251218_MarthaReselection_Plate_8_H4.raw	NT=Parallel Reaction Monitoring;AC=MS:1002956	AC=MS:1002038;NT=label free sample	1	NT=High-performance liquid chromatography;AC=PRIDE:0000565	1	AC=MS:1001251;NT=Trypsin	not available	NT=Stellar;AC=MS:1003409	NT=Carbamidomethyl;AC=UNIMOD:4;TA=C;MT=Fixed	NT=Higher-energy Collisional Dissociation;AC=MS:1000422	27 NCE	40 ppm	0.05 Da	MRTH
PRM_20251218_MarthaReselection_Plate_8_A5	A	5	MRTH	5	RA5	0.1	C:\Xcalibur\methods\method1	smb://storage3.ad.scilifelab.se/massstorage/edfors%20lab/01_hot/Martha/RAW	PRM_20251218_MarthaReselection_Plate_8_A5	Homo sapiens	blood plasma	Plate_8	MarthaReselection	not available	not available	F	not available	not available	not available	not available	33	Plate_8_A5	MRTH1-0613	not available	1	AC=EFO:0009656;NT=plasma	run 702	proteomic profiling by mass spectrometry	PRM_20251218_MarthaReselection_Plate_8_A5.raw	PRM_20251218_MarthaReselection_Plate_8_A5.raw	NT=Parallel Reaction Monitoring;AC=MS:1002956	AC=MS:1002038;NT=label free sample	1	NT=High-performance liquid chromatography;AC=PRIDE:0000565	1	AC=MS:1001251;NT=Trypsin	not available	NT=Stellar;AC=MS:1003409	NT=Carbamidomethyl;AC=UNIMOD:4;TA=C;MT=Fixed	NT=Higher-energy Collisional Dissociation;AC=MS:1000422	27 NCE	40 ppm	0.05 Da	MRTH
PRM_20251218_MarthaReselection_Plate_8_B5	B	5	MRTH	17	RB5	0.1	C:\Xcalibur\methods\method1	smb://storage3.ad.scilifelab.se/massstorage/edfors%20lab/01_hot/Martha/RAW	PRM_20251218_MarthaReselection_Plate_8_B5	Homo sapiens	blood plasma	Plate_8	MarthaReselection	not available	not available	F	not available	not available	not available	not available	34	Plate_8_B5	MRTH1-0403	not available	1	AC=EFO:0009656;NT=plasma	run 703	proteomic profiling by mass spectrometry	PRM_20251218_MarthaReselection_Plate_8_B5.raw	PRM_20251218_MarthaReselection_Plate_8_B5.raw	NT=Parallel Reaction Monitoring;AC=MS:1002956	AC=MS:1002038;NT=label free sample	1	NT=High-performance liquid chromatography;AC=PRIDE:0000565	1	AC=MS:1001251;NT=Trypsin	not available	NT=Stellar;AC=MS:1003409	NT=Carbamidomethyl;AC=UNIMOD:4;TA=C;MT=Fixed	NT=Higher-energy Collisional Dissociation;AC=MS:1000422	27 NCE	40 ppm	0.05 Da	MRTH
PRM_20251218_MarthaReselection_Plate_8_C5	C	5	MRTH	29	RC5	0.1	C:\Xcalibur\methods\method1	smb://storage3.ad.scilifelab.se/massstorage/edfors%20lab/01_hot/Martha/RAW	PRM_20251218_MarthaReselection_Plate_8_C5	Homo sapiens	blood plasma	Plate_8	MarthaReselection	not available	not available	F	not available	not available	not available	not available	35	Plate_8_C5	MRTH1-0173	not available	1	AC=EFO:0009656;NT=plasma	run 704	proteomic profiling by mass spectrometry	PRM_20251218_MarthaReselection_Plate_8_C5.raw	PRM_20251218_MarthaReselection_Plate_8_C5.raw	NT=Parallel Reaction Monitoring;AC=MS:1002956	AC=MS:1002038;NT=label free sample	1	NT=High-performance liquid chromatography;AC=PRIDE:0000565	1	AC=MS:1001251;NT=Trypsin	not available	NT=Stellar;AC=MS:1003409	NT=Carbamidomethyl;AC=UNIMOD:4;TA=C;MT=Fixed	NT=Higher-energy Collisional Dissociation;AC=MS:1000422	27 NCE	40 ppm	0.05 Da	MRTH
PRM_20251218_MarthaReselection_Plate_8_D5	D	5	MRTH	41	RD5	0.1	C:\Xcalibur\methods\method1	smb://storage3.ad.scilifelab.se/massstorage/edfors%20lab/01_hot/Martha/RAW	PRM_20251218_MarthaReselection_Plate_8_D5	Homo sapiens	blood plasma	Plate_8	MarthaReselection	not available	not available	F	not available	not available	not available	not available	36	Plate_8_D5	MRTH1-1105	not available	1	AC=EFO:0009656;NT=plasma	run 705	proteomic profiling by mass spectrometry	PRM_20251218_MarthaReselection_Plate_8_D5.raw	PRM_20251218_MarthaReselection_Plate_8_D5.raw	NT=Parallel Reaction Monitoring;AC=MS:1002956	AC=MS:1002038;NT=label free sample	1	NT=High-performance liquid chromatography;AC=PRIDE:0000565	1	AC=MS:1001251;NT=Trypsin	not available	NT=Stellar;AC=MS:1003409	NT=Carbamidomethyl;AC=UNIMOD:4;TA=C;MT=Fixed	NT=Higher-energy Collisional Dissociation;AC=MS:1000422	27 NCE	40 ppm	0.05 Da	MRTH
PRM_20251218_MarthaReselection_Plate_8_E5	E	5	MRTH	53	RE5	0.1	C:\Xcalibur\methods\method1	smb://storage3.ad.scilifelab.se/massstorage/edfors%20lab/01_hot/Martha/RAW	PRM_20251218_MarthaReselection_Plate_8_E5	Homo sapiens	blood plasma	Plate_8	MarthaReselection	not available	not available	F	not available	not available	not available	not available	37	Plate_8_E5	MRTH1-1027	not available	1	AC=EFO:0009656;NT=plasma	run 706	proteomic profiling by mass spectrometry	PRM_20251218_MarthaReselection_Plate_8_E5.raw	PRM_20251218_MarthaReselection_Plate_8_E5.raw	NT=Parallel Reaction Monitoring;AC=MS:1002956	AC=MS:1002038;NT=label free sample	1	NT=High-performance liquid chromatography;AC=PRIDE:0000565	1	AC=MS:1001251;NT=Trypsin	not available	NT=Stellar;AC=MS:1003409	NT=Carbamidomethyl;AC=UNIMOD:4;TA=C;MT=Fixed	NT=Higher-energy Collisional Dissociation;AC=MS:1000422	27 NCE	40 ppm	0.05 Da	MRTH
PRM_20251218_MarthaReselection_Plate_8_F5	F	5	MRTH	65	RF5	0.1	C:\Xcalibur\methods\method1	smb://storage3.ad.scilifelab.se/massstorage/edfors%20lab/01_hot/Martha/RAW	PRM_20251218_MarthaReselection_Plate_8_F5	Homo sapiens	blood plasma	Plate_8	MarthaReselection	not available	not available	F	not available	not available	not available	not available	38	Plate_8_F5	MRTH1-0118	not available	1	AC=EFO:0009656;NT=plasma	run 707	proteomic profiling by mass spectrometry	PRM_20251218_MarthaReselection_Plate_8_F5.raw	PRM_20251218_MarthaReselection_Plate_8_F5.raw	NT=Parallel Reaction Monitoring;AC=MS:1002956	AC=MS:1002038;NT=label free sample	1	NT=High-performance liquid chromatography;AC=PRIDE:0000565	1	AC=MS:1001251;NT=Trypsin	not available	NT=Stellar;AC=MS:1003409	NT=Carbamidomethyl;AC=UNIMOD:4;TA=C;MT=Fixed	NT=Higher-energy Collisional Dissociation;AC=MS:1000422	27 NCE	40 ppm	0.05 Da	MRTH
PRM_20251218_MarthaReselection_Plate_8_G5	G	5	MRTH	77	RG5	0.1	C:\Xcalibur\methods\method1	smb://storage3.ad.scilifelab.se/massstorage/edfors%20lab/01_hot/Martha/RAW	PRM_20251218_MarthaReselection_Plate_8_G5	Homo sapiens	blood plasma	Plate_8	MarthaReselection	not available	not available	F	not available	not available	not available	not available	39	Plate_8_G5	MRTH1-0756	not available	1	AC=EFO:0009656;NT=plasma	run 708	proteomic profiling by mass spectrometry	PRM_20251218_MarthaReselection_Plate_8_G5.raw	PRM_20251218_MarthaReselection_Plate_8_G5.raw	NT=Parallel Reaction Monitoring;AC=MS:1002956	AC=MS:1002038;NT=label free sample	1	NT=High-performance liquid chromatography;AC=PRIDE:0000565	1	AC=MS:1001251;NT=Trypsin	not available	NT=Stellar;AC=MS:1003409	NT=Carbamidomethyl;AC=UNIMOD:4;TA=C;MT=Fixed	NT=Higher-energy Collisional Dissociation;AC=MS:1000422	27 NCE	40 ppm	0.05 Da	MRTH
PRM_20251218_MarthaReselection_Plate_8_H5	H	5	MRTH	89	RH5	0.1	C:\Xcalibur\methods\method1	smb://storage3.ad.scilifelab.se/massstorage/edfors%20lab/01_hot/Martha/RAW	PRM_20251218_MarthaReselection_Plate_8_H5	Homo sapiens	blood plasma	Plate_8	MarthaReselection	not available	not available	F	not available	not available	not available	not available	40	Plate_8_H5	MRTH1-1274	not available	1	AC=EFO:0009656;NT=plasma	run 709	proteomic profiling by mass spectrometry	PRM_20251218_MarthaReselection_Plate_8_H5.raw	PRM_20251218_MarthaReselection_Plate_8_H5.raw	NT=Parallel Reaction Monitoring;AC=MS:1002956	AC=MS:1002038;NT=label free sample	1	NT=High-performance liquid chromatography;AC=PRIDE:0000565	1	AC=MS:1001251;NT=Trypsin	not available	NT=Stellar;AC=MS:1003409	NT=Carbamidomethyl;AC=UNIMOD:4;TA=C;MT=Fixed	NT=Higher-energy Collisional Dissociation;AC=MS:1000422	27 NCE	40 ppm	0.05 Da	MRTH
PRM_20251218_MarthaReselection_Plate_8_A6	A	6	MRTH	6	RA6	0.1	C:\Xcalibur\methods\method1	smb://storage3.ad.scilifelab.se/massstorage/edfors%20lab/01_hot/Martha/RAW	PRM_20251218_MarthaReselection_Plate_8_A6	Homo sapiens	blood plasma	Plate_8	MarthaReselection	not available	not available	M	not available	not available	not available	not available	41	Plate_8_A6	MRTH1-0587	not available	1	AC=EFO:0009656;NT=plasma	run 710	proteomic profiling by mass spectrometry	PRM_20251218_MarthaReselection_Plate_8_A6.raw	PRM_20251218_MarthaReselection_Plate_8_A6.raw	NT=Parallel Reaction Monitoring;AC=MS:1002956	AC=MS:1002038;NT=label free sample	1	NT=High-performance liquid chromatography;AC=PRIDE:0000565	1	AC=MS:1001251;NT=Trypsin	not available	NT=Stellar;AC=MS:1003409	NT=Carbamidomethyl;AC=UNIMOD:4;TA=C;MT=Fixed	NT=Higher-energy Collisional Dissociation;AC=MS:1000422	27 NCE	40 ppm	0.05 Da	MRTH
PRM_20251218_MarthaReselection_Plate_8_B6	B	6	MRTH	18	RB6	0.1	C:\Xcalibur\methods\method1	smb://storage3.ad.scilifelab.se/massstorage/edfors%20lab/01_hot/Martha/RAW	PRM_20251218_MarthaReselection_Plate_8_B6	Homo sapiens	blood plasma	Plate_8	MarthaReselection	not available	not available	F	not available	not available	not available	not available	42	Plate_8_B6	MRTH1-0775	not available	1	AC=EFO:0009656;NT=plasma	run 711	proteomic profiling by mass spectrometry	PRM_20251218_MarthaReselection_Plate_8_B6.raw	PRM_20251218_MarthaReselection_Plate_8_B6.raw	NT=Parallel Reaction Monitoring;AC=MS:1002956	AC=MS:1002038;NT=label free sample	1	NT=High-performance liquid chromatography;AC=PRIDE:0000565	1	AC=MS:1001251;NT=Trypsin	not available	NT=Stellar;AC=MS:1003409	NT=Carbamidomethyl;AC=UNIMOD:4;TA=C;MT=Fixed	NT=Higher-energy Collisional Dissociation;AC=MS:1000422	27 NCE	40 ppm	0.05 Da	MRTH
PRM_20251218_MarthaReselection_Plate_8_C6	C	6	MRTH	30	RC6	0.1	C:\Xcalibur\methods\method1	smb://storage3.ad.scilifelab.se/massstorage/edfors%20lab/01_hot/Martha/RAW	PRM_20251218_MarthaReselection_Plate_8_C6	Homo sapiens	blood plasma	Plate_8	MarthaReselection	not available	not available	F	not available	not available	not available	not available	43	Plate_8_C6	MRTH1-0530	not available	1	AC=EFO:0009656;NT=plasma	run 712	proteomic profiling by mass spectrometry	PRM_20251218_MarthaReselection_Plate_8_C6.raw	PRM_20251218_MarthaReselection_Plate_8_C6.raw	NT=Parallel Reaction Monitoring;AC=MS:1002956	AC=MS:1002038;NT=label free sample	1	NT=High-performance liquid chromatography;AC=PRIDE:0000565	1	AC=MS:1001251;NT=Trypsin	not available	NT=Stellar;AC=MS:1003409	NT=Carbamidomethyl;AC=UNIMOD:4;TA=C;MT=Fixed	NT=Higher-energy Collisional Dissociation;AC=MS:1000422	27 NCE	40 ppm	0.05 Da	MRTH
PRM_20251218_MarthaReselection_Plate_8_D6	D	6	MRTH	42	RD6	0.1	C:\Xcalibur\methods\method1	smb://storage3.ad.scilifelab.se/massstorage/edfors%20lab/01_hot/Martha/RAW	PRM_20251218_MarthaReselection_Plate_8_D6	Homo sapiens	blood plasma	Plate_8	MarthaReselection	not available	not available	M	not available	not available	not available	not available	44	Plate_8_D6	MRTH1-1227	not available	1	AC=EFO:0009656;NT=plasma	run 713	proteomic profiling by mass spectrometry	PRM_20251218_MarthaReselection_Plate_8_D6.raw	PRM_20251218_MarthaReselection_Plate_8_D6.raw	NT=Parallel Reaction Monitoring;AC=MS:1002956	AC=MS:1002038;NT=label free sample	1	NT=High-performance liquid chromatography;AC=PRIDE:0000565	1	AC=MS:1001251;NT=Trypsin	not available	NT=Stellar;AC=MS:1003409	NT=Carbamidomethyl;AC=UNIMOD:4;TA=C;MT=Fixed	NT=Higher-energy Collisional Dissociation;AC=MS:1000422	27 NCE	40 ppm	0.05 Da	MRTH
PRM_20251218_MarthaReselection_Plate_8_E6	E	6	MRTH	54	RE6	0.1	C:\Xcalibur\methods\method1	smb://storage3.ad.scilifelab.se/massstorage/edfors%20lab/01_hot/Martha/RAW	PRM_20251218_MarthaReselection_Plate_8_E6	Homo sapiens	blood plasma	Plate_8	MarthaReselection	not available	not available	M	not available	not available	not available	not available	45	Plate_8_E6	MRTH1-0405	not available	1	AC=EFO:0009656;NT=plasma	run 714	proteomic profiling by mass spectrometry	PRM_20251218_MarthaReselection_Plate_8_E6.raw	PRM_20251218_MarthaReselection_Plate_8_E6.raw	NT=Parallel Reaction Monitoring;AC=MS:1002956	AC=MS:1002038;NT=label free sample	1	NT=High-performance liquid chromatography;AC=PRIDE:0000565	1	AC=MS:1001251;NT=Trypsin	not available	NT=Stellar;AC=MS:1003409	NT=Carbamidomethyl;AC=UNIMOD:4;TA=C;MT=Fixed	NT=Higher-energy Collisional Dissociation;AC=MS:1000422	27 NCE	40 ppm	0.05 Da	MRTH
PRM_20251218_MarthaReselection_Plate_8_F6	F	6	MRTH	66	RF6	0.1	C:\Xcalibur\methods\method1	smb://storage3.ad.scilifelab.se/massstorage/edfors%20lab/01_hot/Martha/RAW	PRM_20251218_MarthaReselection_Plate_8_F6	Homo sapiens	blood plasma	Plate_8	MarthaReselection	not available	not available	M	not available	not available	not available	not available	46	Plate_8_F6	MRTH1-0559	not available	1	AC=EFO:0009656;NT=plasma	run 715	proteomic profiling by mass spectrometry	PRM_20251218_MarthaReselection_Plate_8_F6.raw	PRM_20251218_MarthaReselection_Plate_8_F6.raw	NT=Parallel Reaction Monitoring;AC=MS:1002956	AC=MS:1002038;NT=label free sample	1	NT=High-performance liquid chromatography;AC=PRIDE:0000565	1	AC=MS:1001251;NT=Trypsin	not available	NT=Stellar;AC=MS:1003409	NT=Carbamidomethyl;AC=UNIMOD:4;TA=C;MT=Fixed	NT=Higher-energy Collisional Dissociation;AC=MS:1000422	27 NCE	40 ppm	0.05 Da	MRTH
PRM_20251218_MarthaReselection_Plate_8_G6	G	6	MRTH	78	RG6	0.1	C:\Xcalibur\methods\method1	smb://storage3.ad.scilifelab.se/massstorage/edfors%20lab/01_hot/Martha/RAW	PRM_20251218_MarthaReselection_Plate_8_G6	Homo sapiens	blood plasma	Plate_8	MarthaReselection	not available	not available	F	not available	not available	not available	not available	47	Plate_8_G6	MRTH1-0309	not available	1	AC=EFO:0009656;NT=plasma	run 716	proteomic profiling by mass spectrometry	PRM_20251218_MarthaReselection_Plate_8_G6.raw	PRM_20251218_MarthaReselection_Plate_8_G6.raw	NT=Parallel Reaction Monitoring;AC=MS:1002956	AC=MS:1002038;NT=label free sample	1	NT=High-performance liquid chromatography;AC=PRIDE:0000565	1	AC=MS:1001251;NT=Trypsin	not available	NT=Stellar;AC=MS:1003409	NT=Carbamidomethyl;AC=UNIMOD:4;TA=C;MT=Fixed	NT=Higher-energy Collisional Dissociation;AC=MS:1000422	27 NCE	40 ppm	0.05 Da	MRTH
PRM_20251218_MarthaReselection_Plate_8_H6	H	6	MRTH	90	RH6	0.1	C:\Xcalibur\methods\method1	smb://storage3.ad.scilifelab.se/massstorage/edfors%20lab/01_hot/Martha/RAW	PRM_20251218_MarthaReselection_Plate_8_H6	Homo sapiens	blood plasma	Plate_8	MarthaReselection	not available	not available	M	not available	not available	not available	not available	48	Plate_8_H6	MRTH1-0636	not available	1	AC=EFO:0009656;NT=plasma	run 717	proteomic profiling by mass spectrometry	PRM_20251218_MarthaReselection_Plate_8_H6.raw	PRM_20251218_MarthaReselection_Plate_8_H6.raw	NT=Parallel Reaction Monitoring;AC=MS:1002956	AC=MS:1002038;NT=label free sample	1	NT=High-performance liquid chromatography;AC=PRIDE:0000565	1	AC=MS:1001251;NT=Trypsin	not available	NT=Stellar;AC=MS:1003409	NT=Carbamidomethyl;AC=UNIMOD:4;TA=C;MT=Fixed	NT=Higher-energy Collisional Dissociation;AC=MS:1000422	27 NCE	40 ppm	0.05 Da	MRTH
PRM_20251218_MarthaReselection_Plate_8_A7	A	7	MRTH	7	RA7	0.1	C:\Xcalibur\methods\method1	smb://storage3.ad.scilifelab.se/massstorage/edfors%20lab/01_hot/Martha/RAW	PRM_20251218_MarthaReselection_Plate_8_A7	Homo sapiens	blood plasma	Plate_8	MarthaReselection	not available	not available	F	not available	not available	not available	not available	49	Plate_8_A7	MRTH1-0608	not available	1	AC=EFO:0009656;NT=plasma	run 718	proteomic profiling by mass spectrometry	PRM_20251218_MarthaReselection_Plate_8_A7.raw	PRM_20251218_MarthaReselection_Plate_8_A7.raw	NT=Parallel Reaction Monitoring;AC=MS:1002956	AC=MS:1002038;NT=label free sample	1	NT=High-performance liquid chromatography;AC=PRIDE:0000565	1	AC=MS:1001251;NT=Trypsin	not available	NT=Stellar;AC=MS:1003409	NT=Carbamidomethyl;AC=UNIMOD:4;TA=C;MT=Fixed	NT=Higher-energy Collisional Dissociation;AC=MS:1000422	27 NCE	40 ppm	0.05 Da	MRTH
PRM_20251218_MarthaReselection_Plate_8_B7	B	7	MRTH	19	RB7	0.1	C:\Xcalibur\methods\method1	smb://storage3.ad.scilifelab.se/massstorage/edfors%20lab/01_hot/Martha/RAW	PRM_20251218_MarthaReselection_Plate_8_B7	Homo sapiens	blood plasma	Plate_8	MarthaReselection	not available	not available	F	not available	not available	not available	not available	50	Plate_8_B7	MRTH1-0909	not available	1	AC=EFO:0009656;NT=plasma	run 719	proteomic profiling by mass spectrometry	PRM_20251218_MarthaReselection_Plate_8_B7.raw	PRM_20251218_MarthaReselection_Plate_8_B7.raw	NT=Parallel Reaction Monitoring;AC=MS:1002956	AC=MS:1002038;NT=label free sample	1	NT=High-performance liquid chromatography;AC=PRIDE:0000565	1	AC=MS:1001251;NT=Trypsin	not available	NT=Stellar;AC=MS:1003409	NT=Carbamidomethyl;AC=UNIMOD:4;TA=C;MT=Fixed	NT=Higher-energy Collisional Dissociation;AC=MS:1000422	27 NCE	40 ppm	0.05 Da	MRTH
PRM_20251218_MarthaReselection_Plate_8_C7	C	7	MRTH	31	RC7	0.1	C:\Xcalibur\methods\method1	smb://storage3.ad.scilifelab.se/massstorage/edfors%20lab/01_hot/Martha/RAW	PRM_20251218_MarthaReselection_Plate_8_C7	Homo sapiens	blood plasma	Plate_8	MarthaReselection	not available	not available	F	not available	not available	not available	not available	51	Plate_8_C7	MRTH1-0503	not available	1	AC=EFO:0009656;NT=plasma	run 720	proteomic profiling by mass spectrometry	PRM_20251218_MarthaReselection_Plate_8_C7.raw	PRM_20251218_MarthaReselection_Plate_8_C7.raw	NT=Parallel Reaction Monitoring;AC=MS:1002956	AC=MS:1002038;NT=label free sample	1	NT=High-performance liquid chromatography;AC=PRIDE:0000565	1	AC=MS:1001251;NT=Trypsin	not available	NT=Stellar;AC=MS:1003409	NT=Carbamidomethyl;AC=UNIMOD:4;TA=C;MT=Fixed	NT=Higher-energy Collisional Dissociation;AC=MS:1000422	27 NCE	40 ppm	0.05 Da	MRTH
PRM_20251218_MarthaReselection_Plate_8_D7	D	7	MRTH	43	RD7	0.1	C:\Xcalibur\methods\method1	smb://storage3.ad.scilifelab.se/massstorage/edfors%20lab/01_hot/Martha/RAW	PRM_20251218_MarthaReselection_Plate_8_D7	Homo sapiens	blood plasma	Plate_8	MarthaReselection	not available	not available	F	not available	not available	not available	not available	52	Plate_8_D7	MRTH1-0259	not available	1	AC=EFO:0009656;NT=plasma	run 721	proteomic profiling by mass spectrometry	PRM_20251218_MarthaReselection_Plate_8_D7.raw	PRM_20251218_MarthaReselection_Plate_8_D7.raw	NT=Parallel Reaction Monitoring;AC=MS:1002956	AC=MS:1002038;NT=label free sample	1	NT=High-performance liquid chromatography;AC=PRIDE:0000565	1	AC=MS:1001251;NT=Trypsin	not available	NT=Stellar;AC=MS:1003409	NT=Carbamidomethyl;AC=UNIMOD:4;TA=C;MT=Fixed	NT=Higher-energy Collisional Dissociation;AC=MS:1000422	27 NCE	40 ppm	0.05 Da	MRTH
PRM_20251218_MarthaReselection_Plate_8_E7	E	7	MRTH	55	RE7	0.1	C:\Xcalibur\methods\method1	smb://storage3.ad.scilifelab.se/massstorage/edfors%20lab/01_hot/Martha/RAW	PRM_20251218_MarthaReselection_Plate_8_E7	Homo sapiens	blood plasma	Plate_8	MarthaReselection	not available	not available	F	not available	not available	not available	not available	53	Plate_8_E7	MRTH1-0508	not available	1	AC=EFO:0009656;NT=plasma	run 722	proteomic profiling by mass spectrometry	PRM_20251218_MarthaReselection_Plate_8_E7.raw	PRM_20251218_MarthaReselection_Plate_8_E7.raw	NT=Parallel Reaction Monitoring;AC=MS:1002956	AC=MS:1002038;NT=label free sample	1	NT=High-performance liquid chromatography;AC=PRIDE:0000565	1	AC=MS:1001251;NT=Trypsin	not available	NT=Stellar;AC=MS:1003409	NT=Carbamidomethyl;AC=UNIMOD:4;TA=C;MT=Fixed	NT=Higher-energy Collisional Dissociation;AC=MS:1000422	27 NCE	40 ppm	0.05 Da	MRTH
PRM_20251218_MarthaReselection_Plate_8_F7	F	7	MRTH	67	RF7	0.1	C:\Xcalibur\methods\method1	smb://storage3.ad.scilifelab.se/massstorage/edfors%20lab/01_hot/Martha/RAW	PRM_20251218_MarthaReselection_Plate_8_F7	Homo sapiens	blood plasma	Plate_8	MarthaReselection	not available	not available	F	not available	not available	not available	not available	54	Plate_8_F7	MRTH1-0482	not available	1	AC=EFO:0009656;NT=plasma	run 723	proteomic profiling by mass spectrometry	PRM_20251218_MarthaReselection_Plate_8_F7.raw	PRM_20251218_MarthaReselection_Plate_8_F7.raw	NT=Parallel Reaction Monitoring;AC=MS:1002956	AC=MS:1002038;NT=label free sample	1	NT=High-performance liquid chromatography;AC=PRIDE:0000565	1	AC=MS:1001251;NT=Trypsin	not available	NT=Stellar;AC=MS:1003409	NT=Carbamidomethyl;AC=UNIMOD:4;TA=C;MT=Fixed	NT=Higher-energy Collisional Dissociation;AC=MS:1000422	27 NCE	40 ppm	0.05 Da	MRTH
PRM_20251218_MarthaReselection_Plate_8_G7	G	7	MRTH	79	RG7	0.1	C:\Xcalibur\methods\method1	smb://storage3.ad.scilifelab.se/massstorage/edfors%20lab/01_hot/Martha/RAW	PRM_20251218_MarthaReselection_Plate_8_G7	Homo sapiens	blood plasma	Plate_8	MarthaReselection	not available	not available	F	not available	not available	not available	not available	55	Plate_8_G7	MRTH1-0736	not available	1	AC=EFO:0009656;NT=plasma	run 724	proteomic profiling by mass spectrometry	PRM_20251218_MarthaReselection_Plate_8_G7.raw	PRM_20251218_MarthaReselection_Plate_8_G7.raw	NT=Parallel Reaction Monitoring;AC=MS:1002956	AC=MS:1002038;NT=label free sample	1	NT=High-performance liquid chromatography;AC=PRIDE:0000565	1	AC=MS:1001251;NT=Trypsin	not available	NT=Stellar;AC=MS:1003409	NT=Carbamidomethyl;AC=UNIMOD:4;TA=C;MT=Fixed	NT=Higher-energy Collisional Dissociation;AC=MS:1000422	27 NCE	40 ppm	0.05 Da	MRTH
PRM_20251218_MarthaReselection_Plate_8_H7	H	7	MRTH	91	RH7	0.1	C:\Xcalibur\methods\method1	smb://storage3.ad.scilifelab.se/massstorage/edfors%20lab/01_hot/Martha/RAW	PRM_20251218_MarthaReselection_Plate_8_H7	Homo sapiens	blood plasma	Plate_8	MarthaReselection	not available	not available	F	not available	not available	not available	not available	56	Plate_8_H7	MRTH1-0332	not available	1	AC=EFO:0009656;NT=plasma	run 725	proteomic profiling by mass spectrometry	PRM_20251218_MarthaReselection_Plate_8_H7.raw	PRM_20251218_MarthaReselection_Plate_8_H7.raw	NT=Parallel Reaction Monitoring;AC=MS:1002956	AC=MS:1002038;NT=label free sample	1	NT=High-performance liquid chromatography;AC=PRIDE:0000565	1	AC=MS:1001251;NT=Trypsin	not available	NT=Stellar;AC=MS:1003409	NT=Carbamidomethyl;AC=UNIMOD:4;TA=C;MT=Fixed	NT=Higher-energy Collisional Dissociation;AC=MS:1000422	27 NCE	40 ppm	0.05 Da	MRTH
PRM_20251218_MarthaReselection_Plate_8_A8	A	8	MRTH	8	RA8	0.1	C:\Xcalibur\methods\method1	smb://storage3.ad.scilifelab.se/massstorage/edfors%20lab/01_hot/Martha/RAW	PRM_20251218_MarthaReselection_Plate_8_A8	Homo sapiens	blood plasma	Plate_8	MarthaReselection	not available	not available	M	not available	not available	not available	not available	57	Plate_8_A8	MRTH1-0577	not available	1	AC=EFO:0009656;NT=plasma	run 726	proteomic profiling by mass spectrometry	PRM_20251218_MarthaReselection_Plate_8_A8.raw	PRM_20251218_MarthaReselection_Plate_8_A8.raw	NT=Parallel Reaction Monitoring;AC=MS:1002956	AC=MS:1002038;NT=label free sample	1	NT=High-performance liquid chromatography;AC=PRIDE:0000565	1	AC=MS:1001251;NT=Trypsin	not available	NT=Stellar;AC=MS:1003409	NT=Carbamidomethyl;AC=UNIMOD:4;TA=C;MT=Fixed	NT=Higher-energy Collisional Dissociation;AC=MS:1000422	27 NCE	40 ppm	0.05 Da	MRTH
PRM_20251218_MarthaReselection_Plate_8_B8	B	8	MRTH	20	RB8	0.1	C:\Xcalibur\methods\method1	smb://storage3.ad.scilifelab.se/massstorage/edfors%20lab/01_hot/Martha/RAW	PRM_20251218_MarthaReselection_Plate_8_B8	Homo sapiens	blood plasma	Plate_8	MarthaReselection	not available	not available	M	not available	not available	not available	not available	58	Plate_8_B8	MRTH1-0415	not available	1	AC=EFO:0009656;NT=plasma	run 727	proteomic profiling by mass spectrometry	PRM_20251218_MarthaReselection_Plate_8_B8.raw	PRM_20251218_MarthaReselection_Plate_8_B8.raw	NT=Parallel Reaction Monitoring;AC=MS:1002956	AC=MS:1002038;NT=label free sample	1	NT=High-performance liquid chromatography;AC=PRIDE:0000565	1	AC=MS:1001251;NT=Trypsin	not available	NT=Stellar;AC=MS:1003409	NT=Carbamidomethyl;AC=UNIMOD:4;TA=C;MT=Fixed	NT=Higher-energy Collisional Dissociation;AC=MS:1000422	27 NCE	40 ppm	0.05 Da	MRTH
PRM_20251218_MarthaReselection_Plate_8_C8	C	8	MRTH	32	RC8	0.1	C:\Xcalibur\methods\method1	smb://storage3.ad.scilifelab.se/massstorage/edfors%20lab/01_hot/Martha/RAW	PRM_20251218_MarthaReselection_Plate_8_C8	Homo sapiens	blood plasma	Plate_8	MarthaReselection	not available	not available	F	not available	not available	not available	not available	59	Plate_8_C8	MRTH1-1350	not available	1	AC=EFO:0009656;NT=plasma	run 728	proteomic profiling by mass spectrometry	PRM_20251218_MarthaReselection_Plate_8_C8.raw	PRM_20251218_MarthaReselection_Plate_8_C8.raw	NT=Parallel Reaction Monitoring;AC=MS:1002956	AC=MS:1002038;NT=label free sample	1	NT=High-performance liquid chromatography;AC=PRIDE:0000565	1	AC=MS:1001251;NT=Trypsin	not available	NT=Stellar;AC=MS:1003409	NT=Carbamidomethyl;AC=UNIMOD:4;TA=C;MT=Fixed	NT=Higher-energy Collisional Dissociation;AC=MS:1000422	27 NCE	40 ppm	0.05 Da	MRTH
PRM_20251218_MarthaReselection_Plate_8_D8	D	8	MRTH	44	RD8	0.1	C:\Xcalibur\methods\method1	smb://storage3.ad.scilifelab.se/massstorage/edfors%20lab/01_hot/Martha/RAW	PRM_20251218_MarthaReselection_Plate_8_D8	Homo sapiens	blood plasma	Plate_8	MarthaReselection	not available	not available	M	not available	not available	not available	not available	60	Plate_8_D8	MRTH1-0914	not available	1	AC=EFO:0009656;NT=plasma	run 729	proteomic profiling by mass spectrometry	PRM_20251218_MarthaReselection_Plate_8_D8.raw	PRM_20251218_MarthaReselection_Plate_8_D8.raw	NT=Parallel Reaction Monitoring;AC=MS:1002956	AC=MS:1002038;NT=label free sample	1	NT=High-performance liquid chromatography;AC=PRIDE:0000565	1	AC=MS:1001251;NT=Trypsin	not available	NT=Stellar;AC=MS:1003409	NT=Carbamidomethyl;AC=UNIMOD:4;TA=C;MT=Fixed	NT=Higher-energy Collisional Dissociation;AC=MS:1000422	27 NCE	40 ppm	0.05 Da	MRTH
PRM_20251218_MarthaReselection_Plate_8_E8	E	8	MRTH	56	RE8	0.1	C:\Xcalibur\methods\method1	smb://storage3.ad.scilifelab.se/massstorage/edfors%20lab/01_hot/Martha/RAW	PRM_20251218_MarthaReselection_Plate_8_E8	Homo sapiens	blood plasma	Plate_8	MarthaReselection	not available	not available	F	not available	not available	not available	not available	61	Plate_8_E8	MRTH1-1347	not available	1	AC=EFO:0009656;NT=plasma	run 730	proteomic profiling by mass spectrometry	PRM_20251218_MarthaReselection_Plate_8_E8.raw	PRM_20251218_MarthaReselection_Plate_8_E8.raw	NT=Parallel Reaction Monitoring;AC=MS:1002956	AC=MS:1002038;NT=label free sample	1	NT=High-performance liquid chromatography;AC=PRIDE:0000565	1	AC=MS:1001251;NT=Trypsin	not available	NT=Stellar;AC=MS:1003409	NT=Carbamidomethyl;AC=UNIMOD:4;TA=C;MT=Fixed	NT=Higher-energy Collisional Dissociation;AC=MS:1000422	27 NCE	40 ppm	0.05 Da	MRTH
PRM_20251218_MarthaReselection_Plate_8_F8	F	8	MRTH	68	RF8	0.1	C:\Xcalibur\methods\method1	smb://storage3.ad.scilifelab.se/massstorage/edfors%20lab/01_hot/Martha/RAW	PRM_20251218_MarthaReselection_Plate_8_F8	Homo sapiens	blood plasma	Plate_8	MarthaReselection	not available	not available	M	not available	not available	not available	not available	62	Plate_8_F8	MRTH1-1025	not available	1	AC=EFO:0009656;NT=plasma	run 731	proteomic profiling by mass spectrometry	PRM_20251218_MarthaReselection_Plate_8_F8.raw	PRM_20251218_MarthaReselection_Plate_8_F8.raw	NT=Parallel Reaction Monitoring;AC=MS:1002956	AC=MS:1002038;NT=label free sample	1	NT=High-performance liquid chromatography;AC=PRIDE:0000565	1	AC=MS:1001251;NT=Trypsin	not available	NT=Stellar;AC=MS:1003409	NT=Carbamidomethyl;AC=UNIMOD:4;TA=C;MT=Fixed	NT=Higher-energy Collisional Dissociation;AC=MS:1000422	27 NCE	40 ppm	0.05 Da	MRTH
PRM_20251218_MarthaReselection_Plate_8_G8	G	8	MRTH	80	RG8	0.1	C:\Xcalibur\methods\method1	smb://storage3.ad.scilifelab.se/massstorage/edfors%20lab/01_hot/Martha/RAW	PRM_20251218_MarthaReselection_Plate_8_G8	Homo sapiens	blood plasma	Plate_8	MarthaReselection	not available	not available	M	not available	not available	not available	not available	63	Plate_8_G8	MRTH1-1162	not available	1	AC=EFO:0009656;NT=plasma	run 732	proteomic profiling by mass spectrometry	PRM_20251218_MarthaReselection_Plate_8_G8.raw	PRM_20251218_MarthaReselection_Plate_8_G8.raw	NT=Parallel Reaction Monitoring;AC=MS:1002956	AC=MS:1002038;NT=label free sample	1	NT=High-performance liquid chromatography;AC=PRIDE:0000565	1	AC=MS:1001251;NT=Trypsin	not available	NT=Stellar;AC=MS:1003409	NT=Carbamidomethyl;AC=UNIMOD:4;TA=C;MT=Fixed	NT=Higher-energy Collisional Dissociation;AC=MS:1000422	27 NCE	40 ppm	0.05 Da	MRTH
PRM_20251218_MarthaReselection_Plate_8_H8	H	8	MRTH	92	RH8	0.1	C:\Xcalibur\methods\method1	smb://storage3.ad.scilifelab.se/massstorage/edfors%20lab/01_hot/Martha/RAW	PRM_20251218_MarthaReselection_Plate_8_H8	Homo sapiens	blood plasma	Plate_8	MarthaReselection	not available	not available	F	not available	not available	not available	not available	64	Plate_8_H8	MRTH1-0012	not available	1	AC=EFO:0009656;NT=plasma	run 733	proteomic profiling by mass spectrometry	PRM_20251218_MarthaReselection_Plate_8_H8.raw	PRM_20251218_MarthaReselection_Plate_8_H8.raw	NT=Parallel Reaction Monitoring;AC=MS:1002956	AC=MS:1002038;NT=label free sample	1	NT=High-performance liquid chromatography;AC=PRIDE:0000565	1	AC=MS:1001251;NT=Trypsin	not available	NT=Stellar;AC=MS:1003409	NT=Carbamidomethyl;AC=UNIMOD:4;TA=C;MT=Fixed	NT=Higher-energy Collisional Dissociation;AC=MS:1000422	27 NCE	40 ppm	0.05 Da	MRTH
PRM_20251218_MarthaReselection_Plate_8_A9	A	9	MRTH	9	RA9	0.1	C:\Xcalibur\methods\method1	smb://storage3.ad.scilifelab.se/massstorage/edfors%20lab/01_hot/Martha/RAW	PRM_20251218_MarthaReselection_Plate_8_A9	Homo sapiens	blood plasma	Plate_8	MarthaReselection	not available	not available	F	not available	not available	not available	not available	65	Plate_8_A9	MRTH1-1103	not available	1	AC=EFO:0009656;NT=plasma	run 734	proteomic profiling by mass spectrometry	PRM_20251218_MarthaReselection_Plate_8_A9.raw	PRM_20251218_MarthaReselection_Plate_8_A9.raw	NT=Parallel Reaction Monitoring;AC=MS:1002956	AC=MS:1002038;NT=label free sample	1	NT=High-performance liquid chromatography;AC=PRIDE:0000565	1	AC=MS:1001251;NT=Trypsin	not available	NT=Stellar;AC=MS:1003409	NT=Carbamidomethyl;AC=UNIMOD:4;TA=C;MT=Fixed	NT=Higher-energy Collisional Dissociation;AC=MS:1000422	27 NCE	40 ppm	0.05 Da	MRTH
PRM_20251218_MarthaReselection_Plate_8_B9	B	9	MRTH	21	RB9	0.1	C:\Xcalibur\methods\method1	smb://storage3.ad.scilifelab.se/massstorage/edfors%20lab/01_hot/Martha/RAW	PRM_20251218_MarthaReselection_Plate_8_B9	Homo sapiens	blood plasma	Plate_8	MarthaReselection	not available	not available	M	not available	not available	not available	not available	66	Plate_8_B9	MRTH1-1091	not available	1	AC=EFO:0009656;NT=plasma	run 735	proteomic profiling by mass spectrometry	PRM_20251218_MarthaReselection_Plate_8_B9.raw	PRM_20251218_MarthaReselection_Plate_8_B9.raw	NT=Parallel Reaction Monitoring;AC=MS:1002956	AC=MS:1002038;NT=label free sample	1	NT=High-performance liquid chromatography;AC=PRIDE:0000565	1	AC=MS:1001251;NT=Trypsin	not available	NT=Stellar;AC=MS:1003409	NT=Carbamidomethyl;AC=UNIMOD:4;TA=C;MT=Fixed	NT=Higher-energy Collisional Dissociation;AC=MS:1000422	27 NCE	40 ppm	0.05 Da	MRTH
PRM_20251218_MarthaReselection_Plate_8_C9	C	9	MRTH	33	RC9	0.1	C:\Xcalibur\methods\method1	smb://storage3.ad.scilifelab.se/massstorage/edfors%20lab/01_hot/Martha/RAW	PRM_20251218_MarthaReselection_Plate_8_C9	Homo sapiens	blood plasma	Plate_8	MarthaReselection	not available	not available	F	not available	not available	not available	not available	67	Plate_8_C9	MRTH1-0056	not available	1	AC=EFO:0009656;NT=plasma	run 736	proteomic profiling by mass spectrometry	PRM_20251218_MarthaReselection_Plate_8_C9.raw	PRM_20251218_MarthaReselection_Plate_8_C9.raw	NT=Parallel Reaction Monitoring;AC=MS:1002956	AC=MS:1002038;NT=label free sample	1	NT=High-performance liquid chromatography;AC=PRIDE:0000565	1	AC=MS:1001251;NT=Trypsin	not available	NT=Stellar;AC=MS:1003409	NT=Carbamidomethyl;AC=UNIMOD:4;TA=C;MT=Fixed	NT=Higher-energy Collisional Dissociation;AC=MS:1000422	27 NCE	40 ppm	0.05 Da	MRTH
PRM_20251218_MarthaReselection_Plate_8_D9	D	9	MRTH	45	RD9	0.1	C:\Xcalibur\methods\method1	smb://storage3.ad.scilifelab.se/massstorage/edfors%20lab/01_hot/Martha/RAW	PRM_20251218_MarthaReselection_Plate_8_D9	Homo sapiens	blood plasma	Plate_8	MarthaReselection	not available	not available	F	not available	not available	not available	not available	68	Plate_8_D9	MRTH1-0632	not available	1	AC=EFO:0009656;NT=plasma	run 737	proteomic profiling by mass spectrometry	PRM_20251218_MarthaReselection_Plate_8_D9.raw	PRM_20251218_MarthaReselection_Plate_8_D9.raw	NT=Parallel Reaction Monitoring;AC=MS:1002956	AC=MS:1002038;NT=label free sample	1	NT=High-performance liquid chromatography;AC=PRIDE:0000565	1	AC=MS:1001251;NT=Trypsin	not available	NT=Stellar;AC=MS:1003409	NT=Carbamidomethyl;AC=UNIMOD:4;TA=C;MT=Fixed	NT=Higher-energy Collisional Dissociation;AC=MS:1000422	27 NCE	40 ppm	0.05 Da	MRTH
PRM_20251218_MarthaReselection_Plate_8_E9	E	9	MRTH	57	RE9	0.1	C:\Xcalibur\methods\method1	smb://storage3.ad.scilifelab.se/massstorage/edfors%20lab/01_hot/Martha/RAW	PRM_20251218_MarthaReselection_Plate_8_E9	Homo sapiens	blood plasma	Plate_8	MarthaReselection	not available	not available	M	not available	not available	not available	not available	69	Plate_8_E9	MRTH1-1100	not available	1	AC=EFO:0009656;NT=plasma	run 738	proteomic profiling by mass spectrometry	PRM_20251218_MarthaReselection_Plate_8_E9.raw	PRM_20251218_MarthaReselection_Plate_8_E9.raw	NT=Parallel Reaction Monitoring;AC=MS:1002956	AC=MS:1002038;NT=label free sample	1	NT=High-performance liquid chromatography;AC=PRIDE:0000565	1	AC=MS:1001251;NT=Trypsin	not available	NT=Stellar;AC=MS:1003409	NT=Carbamidomethyl;AC=UNIMOD:4;TA=C;MT=Fixed	NT=Higher-energy Collisional Dissociation;AC=MS:1000422	27 NCE	40 ppm	0.05 Da	MRTH
PRM_20251218_MarthaReselection_Plate_8_F9	F	9	MRTH	69	RF9	0.1	C:\Xcalibur\methods\method1	smb://storage3.ad.scilifelab.se/massstorage/edfors%20lab/01_hot/Martha/RAW	PRM_20251218_MarthaReselection_Plate_8_F9	Homo sapiens	blood plasma	Plate_8	MarthaReselection	not available	not available	F	not available	not available	not available	not available	70	Plate_8_F9	MRTH1-0318	not available	1	AC=EFO:0009656;NT=plasma	run 739	proteomic profiling by mass spectrometry	PRM_20251218_MarthaReselection_Plate_8_F9.raw	PRM_20251218_MarthaReselection_Plate_8_F9.raw	NT=Parallel Reaction Monitoring;AC=MS:1002956	AC=MS:1002038;NT=label free sample	1	NT=High-performance liquid chromatography;AC=PRIDE:0000565	1	AC=MS:1001251;NT=Trypsin	not available	NT=Stellar;AC=MS:1003409	NT=Carbamidomethyl;AC=UNIMOD:4;TA=C;MT=Fixed	NT=Higher-energy Collisional Dissociation;AC=MS:1000422	27 NCE	40 ppm	0.05 Da	MRTH
PRM_20251218_MarthaReselection_Plate_8_G9	G	9	MRTH	81	RG9	0.1	C:\Xcalibur\methods\method1	smb://storage3.ad.scilifelab.se/massstorage/edfors%20lab/01_hot/Martha/RAW	PRM_20251218_MarthaReselection_Plate_8_G9	Homo sapiens	blood plasma	Plate_8	MarthaReselection	not available	not available	F	not available	not available	not available	not available	71	Plate_8_G9	MRTH1-0195	not available	1	AC=EFO:0009656;NT=plasma	run 740	proteomic profiling by mass spectrometry	PRM_20251218_MarthaReselection_Plate_8_G9.raw	PRM_20251218_MarthaReselection_Plate_8_G9.raw	NT=Parallel Reaction Monitoring;AC=MS:1002956	AC=MS:1002038;NT=label free sample	1	NT=High-performance liquid chromatography;AC=PRIDE:0000565	1	AC=MS:1001251;NT=Trypsin	not available	NT=Stellar;AC=MS:1003409	NT=Carbamidomethyl;AC=UNIMOD:4;TA=C;MT=Fixed	NT=Higher-energy Collisional Dissociation;AC=MS:1000422	27 NCE	40 ppm	0.05 Da	MRTH
PRM_20251218_MarthaReselection_Plate_8_H9	H	9	MRTH	93	RH9	0.1	C:\Xcalibur\methods\method1	smb://storage3.ad.scilifelab.se/massstorage/edfors%20lab/01_hot/Martha/RAW	PRM_20251218_MarthaReselection_Plate_8_H9	Homo sapiens	blood plasma	Plate_8	MarthaReselection	not available	not available	F	not available	not available	not available	not available	72	Plate_8_H9	MRTH1-1018	not available	1	AC=EFO:0009656;NT=plasma	run 741	proteomic profiling by mass spectrometry	PRM_20251218_MarthaReselection_Plate_8_H9.raw	PRM_20251218_MarthaReselection_Plate_8_H9.raw	NT=Parallel Reaction Monitoring;AC=MS:1002956	AC=MS:1002038;NT=label free sample	1	NT=High-performance liquid chromatography;AC=PRIDE:0000565	1	AC=MS:1001251;NT=Trypsin	not available	NT=Stellar;AC=MS:1003409	NT=Carbamidomethyl;AC=UNIMOD:4;TA=C;MT=Fixed	NT=Higher-energy Collisional Dissociation;AC=MS:1000422	27 NCE	40 ppm	0.05 Da	MRTH
PRM_20251218_MarthaReselection_Plate_8_A10	A	10	MRTH	10	RA10	0.1	C:\Xcalibur\methods\method1	smb://storage3.ad.scilifelab.se/massstorage/edfors%20lab/01_hot/Martha/RAW	PRM_20251218_MarthaReselection_Plate_8_A10	Homo sapiens	blood plasma	Plate_8	MarthaReselection	not available	not available	F	not available	not available	not available	not available	73	Plate_8_A10	MRTH1-1065	not available	1	AC=EFO:0009656;NT=plasma	run 742	proteomic profiling by mass spectrometry	PRM_20251218_MarthaReselection_Plate_8_A10.raw	PRM_20251218_MarthaReselection_Plate_8_A10.raw	NT=Parallel Reaction Monitoring;AC=MS:1002956	AC=MS:1002038;NT=label free sample	1	NT=High-performance liquid chromatography;AC=PRIDE:0000565	1	AC=MS:1001251;NT=Trypsin	not available	NT=Stellar;AC=MS:1003409	NT=Carbamidomethyl;AC=UNIMOD:4;TA=C;MT=Fixed	NT=Higher-energy Collisional Dissociation;AC=MS:1000422	27 NCE	40 ppm	0.05 Da	MRTH
PRM_20251218_MarthaReselection_Plate_8_B10	B	10	MRTH	22	RB10	0.1	C:\Xcalibur\methods\method1	smb://storage3.ad.scilifelab.se/massstorage/edfors%20lab/01_hot/Martha/RAW	PRM_20251218_MarthaReselection_Plate_8_B10	Homo sapiens	blood plasma	Plate_8	MarthaReselection	not available	not available	M	not available	not available	not available	not available	74	Plate_8_B10	MRTH1-0112	not available	1	AC=EFO:0009656;NT=plasma	run 743	proteomic profiling by mass spectrometry	PRM_20251218_MarthaReselection_Plate_8_B10.raw	PRM_20251218_MarthaReselection_Plate_8_B10.raw	NT=Parallel Reaction Monitoring;AC=MS:1002956	AC=MS:1002038;NT=label free sample	1	NT=High-performance liquid chromatography;AC=PRIDE:0000565	1	AC=MS:1001251;NT=Trypsin	not available	NT=Stellar;AC=MS:1003409	NT=Carbamidomethyl;AC=UNIMOD:4;TA=C;MT=Fixed	NT=Higher-energy Collisional Dissociation;AC=MS:1000422	27 NCE	40 ppm	0.05 Da	MRTH
PRM_20251218_MarthaReselection_Plate_8_C10	C	10	MRTH	34	RC10	0.1	C:\Xcalibur\methods\method1	smb://storage3.ad.scilifelab.se/massstorage/edfors%20lab/01_hot/Martha/RAW	PRM_20251218_MarthaReselection_Plate_8_C10	Homo sapiens	blood plasma	Plate_8	MarthaReselection	not available	not available	M	not available	not available	not available	not available	75	Plate_8_C10	MRTH1-1337	not available	1	AC=EFO:0009656;NT=plasma	run 744	proteomic profiling by mass spectrometry	PRM_20251218_MarthaReselection_Plate_8_C10.raw	PRM_20251218_MarthaReselection_Plate_8_C10.raw	NT=Parallel Reaction Monitoring;AC=MS:1002956	AC=MS:1002038;NT=label free sample	1	NT=High-performance liquid chromatography;AC=PRIDE:0000565	1	AC=MS:1001251;NT=Trypsin	not available	NT=Stellar;AC=MS:1003409	NT=Carbamidomethyl;AC=UNIMOD:4;TA=C;MT=Fixed	NT=Higher-energy Collisional Dissociation;AC=MS:1000422	27 NCE	40 ppm	0.05 Da	MRTH
PRM_20251218_MarthaReselection_Plate_8_D10	D	10	MRTH	46	RD10	0.1	C:\Xcalibur\methods\method1	smb://storage3.ad.scilifelab.se/massstorage/edfors%20lab/01_hot/Martha/RAW	PRM_20251218_MarthaReselection_Plate_8_D10	Homo sapiens	blood plasma	Plate_8	MarthaReselection	not available	not available	F	not available	not available	not available	not available	76	Plate_8_D10	MRTH1-0566	not available	1	AC=EFO:0009656;NT=plasma	run 745	proteomic profiling by mass spectrometry	PRM_20251218_MarthaReselection_Plate_8_D10.raw	PRM_20251218_MarthaReselection_Plate_8_D10.raw	NT=Parallel Reaction Monitoring;AC=MS:1002956	AC=MS:1002038;NT=label free sample	1	NT=High-performance liquid chromatography;AC=PRIDE:0000565	1	AC=MS:1001251;NT=Trypsin	not available	NT=Stellar;AC=MS:1003409	NT=Carbamidomethyl;AC=UNIMOD:4;TA=C;MT=Fixed	NT=Higher-energy Collisional Dissociation;AC=MS:1000422	27 NCE	40 ppm	0.05 Da	MRTH
PRM_20251218_MarthaReselection_Plate_8_E10	E	10	MRTH	58	RE10	0.1	C:\Xcalibur\methods\method1	smb://storage3.ad.scilifelab.se/massstorage/edfors%20lab/01_hot/Martha/RAW	PRM_20251218_MarthaReselection_Plate_8_E10	Homo sapiens	blood plasma	Plate_8	MarthaReselection	not available	not available	F	not available	not available	not available	not available	77	Plate_8_E10	MRTH1-0680	not available	1	AC=EFO:0009656;NT=plasma	run 746	proteomic profiling by mass spectrometry	PRM_20251218_MarthaReselection_Plate_8_E10.raw	PRM_20251218_MarthaReselection_Plate_8_E10.raw	NT=Parallel Reaction Monitoring;AC=MS:1002956	AC=MS:1002038;NT=label free sample	1	NT=High-performance liquid chromatography;AC=PRIDE:0000565	1	AC=MS:1001251;NT=Trypsin	not available	NT=Stellar;AC=MS:1003409	NT=Carbamidomethyl;AC=UNIMOD:4;TA=C;MT=Fixed	NT=Higher-energy Collisional Dissociation;AC=MS:1000422	27 NCE	40 ppm	0.05 Da	MRTH
PRM_20251218_MarthaReselection_Plate_8_F10	F	10	MRTH	70	RF10	0.1	C:\Xcalibur\methods\method1	smb://storage3.ad.scilifelab.se/massstorage/edfors%20lab/01_hot/Martha/RAW	PRM_20251218_MarthaReselection_Plate_8_F10	Homo sapiens	blood plasma	Plate_8	MarthaReselection	not available	not available	F	not available	not available	not available	not available	78	Plate_8_F10	MRTH1-0295	not available	1	AC=EFO:0009656;NT=plasma	run 747	proteomic profiling by mass spectrometry	PRM_20251218_MarthaReselection_Plate_8_F10.raw	PRM_20251218_MarthaReselection_Plate_8_F10.raw	NT=Parallel Reaction Monitoring;AC=MS:1002956	AC=MS:1002038;NT=label free sample	1	NT=High-performance liquid chromatography;AC=PRIDE:0000565	1	AC=MS:1001251;NT=Trypsin	not available	NT=Stellar;AC=MS:1003409	NT=Carbamidomethyl;AC=UNIMOD:4;TA=C;MT=Fixed	NT=Higher-energy Collisional Dissociation;AC=MS:1000422	27 NCE	40 ppm	0.05 Da	MRTH
PRM_20251218_MarthaReselection_Plate_8_G10	G	10	MRTH	82	RG10	0.1	C:\Xcalibur\methods\method1	smb://storage3.ad.scilifelab.se/massstorage/edfors%20lab/01_hot/Martha/RAW	PRM_20251218_MarthaReselection_Plate_8_G10	Homo sapiens	blood plasma	Plate_8	MarthaReselection	not available	not available	F	not available	not available	not available	not available	79	Plate_8_G10	MRTH1-0232	not available	1	AC=EFO:0009656;NT=plasma	run 748	proteomic profiling by mass spectrometry	PRM_20251218_MarthaReselection_Plate_8_G10.raw	PRM_20251218_MarthaReselection_Plate_8_G10.raw	NT=Parallel Reaction Monitoring;AC=MS:1002956	AC=MS:1002038;NT=label free sample	1	NT=High-performance liquid chromatography;AC=PRIDE:0000565	1	AC=MS:1001251;NT=Trypsin	not available	NT=Stellar;AC=MS:1003409	NT=Carbamidomethyl;AC=UNIMOD:4;TA=C;MT=Fixed	NT=Higher-energy Collisional Dissociation;AC=MS:1000422	27 NCE	40 ppm	0.05 Da	MRTH
PRM_20251218_MarthaReselection_Plate_8_H10	H	10	MRTH	94	RH10	0.1	C:\Xcalibur\methods\method1	smb://storage3.ad.scilifelab.se/massstorage/edfors%20lab/01_hot/Martha/RAW	PRM_20251218_MarthaReselection_Plate_8_H10	Homo sapiens	blood plasma	Plate_8	MarthaReselection	not available	not available	F	not available	not available	not available	not available	80	Plate_8_H10	MRTH1-0552	not available	1	AC=EFO:0009656;NT=plasma	run 749	proteomic profiling by mass spectrometry	PRM_20251218_MarthaReselection_Plate_8_H10.raw	PRM_20251218_MarthaReselection_Plate_8_H10.raw	NT=Parallel Reaction Monitoring;AC=MS:1002956	AC=MS:1002038;NT=label free sample	1	NT=High-performance liquid chromatography;AC=PRIDE:0000565	1	AC=MS:1001251;NT=Trypsin	not available	NT=Stellar;AC=MS:1003409	NT=Carbamidomethyl;AC=UNIMOD:4;TA=C;MT=Fixed	NT=Higher-energy Collisional Dissociation;AC=MS:1000422	27 NCE	40 ppm	0.05 Da	MRTH
PRM_20251218_MarthaReselection_Plate_8_A11	A	11	MRTH	11	RA11	0.1	C:\Xcalibur\methods\method1	smb://storage3.ad.scilifelab.se/massstorage/edfors%20lab/01_hot/Martha/RAW	PRM_20251218_MarthaReselection_Plate_8_A11	Homo sapiens	blood plasma	Plate_8	MarthaReselection	not available	not available	F	not available	not available	not available	not available	81	Plate_8_A11	MRTH1-0329	not available	1	AC=EFO:0009656;NT=plasma	run 750	proteomic profiling by mass spectrometry	PRM_20251218_MarthaReselection_Plate_8_A11.raw	PRM_20251218_MarthaReselection_Plate_8_A11.raw	NT=Parallel Reaction Monitoring;AC=MS:1002956	AC=MS:1002038;NT=label free sample	1	NT=High-performance liquid chromatography;AC=PRIDE:0000565	1	AC=MS:1001251;NT=Trypsin	not available	NT=Stellar;AC=MS:1003409	NT=Carbamidomethyl;AC=UNIMOD:4;TA=C;MT=Fixed	NT=Higher-energy Collisional Dissociation;AC=MS:1000422	27 NCE	40 ppm	0.05 Da	MRTH
PRM_20251218_MarthaReselection_Plate_8_B11	B	11	MRTH	23	RB11	0.1	C:\Xcalibur\methods\method1	smb://storage3.ad.scilifelab.se/massstorage/edfors%20lab/01_hot/Martha/RAW	PRM_20251218_MarthaReselection_Plate_8_B11	Homo sapiens	blood plasma	Plate_8	MarthaReselection	not available	not available	M	not available	not available	not available	not available	82	Plate_8_B11	MRTH1-0421	not available	1	AC=EFO:0009656;NT=plasma	run 751	proteomic profiling by mass spectrometry	PRM_20251218_MarthaReselection_Plate_8_B11.raw	PRM_20251218_MarthaReselection_Plate_8_B11.raw	NT=Parallel Reaction Monitoring;AC=MS:1002956	AC=MS:1002038;NT=label free sample	1	NT=High-performance liquid chromatography;AC=PRIDE:0000565	1	AC=MS:1001251;NT=Trypsin	not available	NT=Stellar;AC=MS:1003409	NT=Carbamidomethyl;AC=UNIMOD:4;TA=C;MT=Fixed	NT=Higher-energy Collisional Dissociation;AC=MS:1000422	27 NCE	40 ppm	0.05 Da	MRTH
PRM_20251218_MarthaReselection_Plate_8_C11	C	11	MRTH	35	RC11	0.1	C:\Xcalibur\methods\method1	smb://storage3.ad.scilifelab.se/massstorage/edfors%20lab/01_hot/Martha/RAW	PRM_20251218_MarthaReselection_Plate_8_C11	Homo sapiens	blood plasma	Plate_8	MarthaReselection	not available	not available	F	not available	not available	not available	not available	83	Plate_8_C11	MRTH1-0316	not available	1	AC=EFO:0009656;NT=plasma	run 752	proteomic profiling by mass spectrometry	PRM_20251218_MarthaReselection_Plate_8_C11.raw	PRM_20251218_MarthaReselection_Plate_8_C11.raw	NT=Parallel Reaction Monitoring;AC=MS:1002956	AC=MS:1002038;NT=label free sample	1	NT=High-performance liquid chromatography;AC=PRIDE:0000565	1	AC=MS:1001251;NT=Trypsin	not available	NT=Stellar;AC=MS:1003409	NT=Carbamidomethyl;AC=UNIMOD:4;TA=C;MT=Fixed	NT=Higher-energy Collisional Dissociation;AC=MS:1000422	27 NCE	40 ppm	0.05 Da	MRTH
PRM_20251218_MarthaReselection_Plate_8_D11	D	11	MRTH	47	RD11	0.1	C:\Xcalibur\methods\method1	smb://storage3.ad.scilifelab.se/massstorage/edfors%20lab/01_hot/Martha/RAW	PRM_20251218_MarthaReselection_Plate_8_D11	Homo sapiens	blood plasma	Plate_8	MarthaReselection	not available	not available	F	not available	not available	not available	not available	84	Plate_8_D11	MRTH1-0387	not available	1	AC=EFO:0009656;NT=plasma	run 753	proteomic profiling by mass spectrometry	PRM_20251218_MarthaReselection_Plate_8_D11.raw	PRM_20251218_MarthaReselection_Plate_8_D11.raw	NT=Parallel Reaction Monitoring;AC=MS:1002956	AC=MS:1002038;NT=label free sample	1	NT=High-performance liquid chromatography;AC=PRIDE:0000565	1	AC=MS:1001251;NT=Trypsin	not available	NT=Stellar;AC=MS:1003409	NT=Carbamidomethyl;AC=UNIMOD:4;TA=C;MT=Fixed	NT=Higher-energy Collisional Dissociation;AC=MS:1000422	27 NCE	40 ppm	0.05 Da	MRTH
PRM_20251218_MarthaReselection_Plate_8_E11	E	11	MRTH	59	RE11	0.1	C:\Xcalibur\methods\method1	smb://storage3.ad.scilifelab.se/massstorage/edfors%20lab/01_hot/Martha/RAW	PRM_20251218_MarthaReselection_Plate_8_E11	Homo sapiens	blood plasma	Plate_8	MarthaReselection	not available	not available	M	not available	not available	not available	not available	85	Plate_8_E11	MRTH1-0865	not available	1	AC=EFO:0009656;NT=plasma	run 754	proteomic profiling by mass spectrometry	PRM_20251218_MarthaReselection_Plate_8_E11.raw	PRM_20251218_MarthaReselection_Plate_8_E11.raw	NT=Parallel Reaction Monitoring;AC=MS:1002956	AC=MS:1002038;NT=label free sample	1	NT=High-performance liquid chromatography;AC=PRIDE:0000565	1	AC=MS:1001251;NT=Trypsin	not available	NT=Stellar;AC=MS:1003409	NT=Carbamidomethyl;AC=UNIMOD:4;TA=C;MT=Fixed	NT=Higher-energy Collisional Dissociation;AC=MS:1000422	27 NCE	40 ppm	0.05 Da	MRTH
PRM_20251218_MarthaReselection_Plate_8_F11	F	11	MRTH	71	RF11	0.1	C:\Xcalibur\methods\method1	smb://storage3.ad.scilifelab.se/massstorage/edfors%20lab/01_hot/Martha/RAW	PRM_20251218_MarthaReselection_Plate_8_F11	Homo sapiens	blood plasma	Plate_8	MarthaReselection	not available	not available	M	not available	not available	not available	not available	86	Plate_8_F11	MRTH1-0048	not available	1	AC=EFO:0009656;NT=plasma	run 755	proteomic profiling by mass spectrometry	PRM_20251218_MarthaReselection_Plate_8_F11.raw	PRM_20251218_MarthaReselection_Plate_8_F11.raw	NT=Parallel Reaction Monitoring;AC=MS:1002956	AC=MS:1002038;NT=label free sample	1	NT=High-performance liquid chromatography;AC=PRIDE:0000565	1	AC=MS:1001251;NT=Trypsin	not available	NT=Stellar;AC=MS:1003409	NT=Carbamidomethyl;AC=UNIMOD:4;TA=C;MT=Fixed	NT=Higher-energy Collisional Dissociation;AC=MS:1000422	27 NCE	40 ppm	0.05 Da	MRTH
PRM_20251218_MarthaReselection_Plate_8_G11	G	11	Pool	83	RG11	0.1	C:\Xcalibur\methods\method1	smb://storage3.ad.scilifelab.se/massstorage/edfors%20lab/01_hot/Martha/RAW	PRM_20251218_MarthaReselection_Plate_8_G11	Homo sapiens	blood plasma	Plate_8	MarthaReselection	not available	not available	NA	not available	not available	not available	not available	87	Plate_8_G11	EMPTY-0001	not available	1	AC=EFO:0009656;NT=plasma	run 756	proteomic profiling by mass spectrometry	PRM_20251218_MarthaReselection_Plate_8_G11.raw	PRM_20251218_MarthaReselection_Plate_8_G11.raw	NT=Parallel Reaction Monitoring;AC=MS:1002956	AC=MS:1002038;NT=label free sample	1	NT=High-performance liquid chromatography;AC=PRIDE:0000565	1	AC=MS:1001251;NT=Trypsin	not available	NT=Stellar;AC=MS:1003409	NT=Carbamidomethyl;AC=UNIMOD:4;TA=C;MT=Fixed	NT=Higher-energy Collisional Dissociation;AC=MS:1000422	27 NCE	40 ppm	0.05 Da	Pool
PRM_20251218_MarthaReselection_Plate_8_H11	H	11	MRTH	95	RH11	0.1	C:\Xcalibur\methods\method1	smb://storage3.ad.scilifelab.se/massstorage/edfors%20lab/01_hot/Martha/RAW	PRM_20251218_MarthaReselection_Plate_8_H11	Homo sapiens	blood plasma	Plate_8	MarthaReselection	not available	not available	F	not available	not available	not available	not available	88	Plate_8_H11	MRTH1-0709	not available	1	AC=EFO:0009656;NT=plasma	run 757	proteomic profiling by mass spectrometry	PRM_20251218_MarthaReselection_Plate_8_H11.raw	PRM_20251218_MarthaReselection_Plate_8_H11.raw	NT=Parallel Reaction Monitoring;AC=MS:1002956	AC=MS:1002038;NT=label free sample	1	NT=High-performance liquid chromatography;AC=PRIDE:0000565	1	AC=MS:1001251;NT=Trypsin	not available	NT=Stellar;AC=MS:1003409	NT=Carbamidomethyl;AC=UNIMOD:4;TA=C;MT=Fixed	NT=Higher-energy Collisional Dissociation;AC=MS:1000422	27 NCE	40 ppm	0.05 Da	MRTH
PRM_20251218_MarthaReselection_Plate_8_A12	A	12	MRTH	12	RA12	0.1	C:\Xcalibur\methods\method1	smb://storage3.ad.scilifelab.se/massstorage/edfors%20lab/01_hot/Martha/RAW	PRM_20251218_MarthaReselection_Plate_8_A12	Homo sapiens	blood plasma	Plate_8	MarthaReselection	not available	not available	F	not available	not available	not available	not available	89	Plate_8_A12	MRTH1-0343	not available	1	AC=EFO:0009656;NT=plasma	run 758	proteomic profiling by mass spectrometry	PRM_20251218_MarthaReselection_Plate_8_A12.raw	PRM_20251218_MarthaReselection_Plate_8_A12.raw	NT=Parallel Reaction Monitoring;AC=MS:1002956	AC=MS:1002038;NT=label free sample	1	NT=High-performance liquid chromatography;AC=PRIDE:0000565	1	AC=MS:1001251;NT=Trypsin	not available	NT=Stellar;AC=MS:1003409	NT=Carbamidomethyl;AC=UNIMOD:4;TA=C;MT=Fixed	NT=Higher-energy Collisional Dissociation;AC=MS:1000422	27 NCE	40 ppm	0.05 Da	MRTH
PRM_20251218_MarthaReselection_Plate_8_B12	B	12	MRTH	24	RB12	0.1	C:\Xcalibur\methods\method1	smb://storage3.ad.scilifelab.se/massstorage/edfors%20lab/01_hot/Martha/RAW	PRM_20251218_MarthaReselection_Plate_8_B12	Homo sapiens	blood plasma	Plate_8	MarthaReselection	not available	not available	F	not available	not available	not available	not available	90	Plate_8_B12	MRTH1-1368	not available	1	AC=EFO:0009656;NT=plasma	run 759	proteomic profiling by mass spectrometry	PRM_20251218_MarthaReselection_Plate_8_B12.raw	PRM_20251218_MarthaReselection_Plate_8_B12.raw	NT=Parallel Reaction Monitoring;AC=MS:1002956	AC=MS:1002038;NT=label free sample	1	NT=High-performance liquid chromatography;AC=PRIDE:0000565	1	AC=MS:1001251;NT=Trypsin	not available	NT=Stellar;AC=MS:1003409	NT=Carbamidomethyl;AC=UNIMOD:4;TA=C;MT=Fixed	NT=Higher-energy Collisional Dissociation;AC=MS:1000422	27 NCE	40 ppm	0.05 Da	MRTH
PRM_20251218_MarthaReselection_Plate_8_C12	C	12	MRTH	36	RC12	0.1	C:\Xcalibur\methods\method1	smb://storage3.ad.scilifelab.se/massstorage/edfors%20lab/01_hot/Martha/RAW	PRM_20251218_MarthaReselection_Plate_8_C12	Homo sapiens	blood plasma	Plate_8	MarthaReselection	not available	not available	M	not available	not available	not available	not available	91	Plate_8_C12	MRTH1-0217	not available	1	AC=EFO:0009656;NT=plasma	run 760	proteomic profiling by mass spectrometry	PRM_20251218_MarthaReselection_Plate_8_C12.raw	PRM_20251218_MarthaReselection_Plate_8_C12.raw	NT=Parallel Reaction Monitoring;AC=MS:1002956	AC=MS:1002038;NT=label free sample	1	NT=High-performance liquid chromatography;AC=PRIDE:0000565	1	AC=MS:1001251;NT=Trypsin	not available	NT=Stellar;AC=MS:1003409	NT=Carbamidomethyl;AC=UNIMOD:4;TA=C;MT=Fixed	NT=Higher-energy Collisional Dissociation;AC=MS:1000422	27 NCE	40 ppm	0.05 Da	MRTH
PRM_20251218_MarthaReselection_Plate_8_D12	D	12	MRTH	48	RD12	0.1	C:\Xcalibur\methods\method1	smb://storage3.ad.scilifelab.se/massstorage/edfors%20lab/01_hot/Martha/RAW	PRM_20251218_MarthaReselection_Plate_8_D12	Homo sapiens	blood plasma	Plate_8	MarthaReselection	not available	not available	M	not available	not available	not available	not available	92	Plate_8_D12	MRTH1-0966	not available	1	AC=EFO:0009656;NT=plasma	run 761	proteomic profiling by mass spectrometry	PRM_20251218_MarthaReselection_Plate_8_D12.raw	PRM_20251218_MarthaReselection_Plate_8_D12.raw	NT=Parallel Reaction Monitoring;AC=MS:1002956	AC=MS:1002038;NT=label free sample	1	NT=High-performance liquid chromatography;AC=PRIDE:0000565	1	AC=MS:1001251;NT=Trypsin	not available	NT=Stellar;AC=MS:1003409	NT=Carbamidomethyl;AC=UNIMOD:4;TA=C;MT=Fixed	NT=Higher-energy Collisional Dissociation;AC=MS:1000422	27 NCE	40 ppm	0.05 Da	MRTH
PRM_20251218_MarthaReselection_Plate_8_E12	E	12	MRTH	60	RE12	0.1	C:\Xcalibur\methods\method1	smb://storage3.ad.scilifelab.se/massstorage/edfors%20lab/01_hot/Martha/RAW	PRM_20251218_MarthaReselection_Plate_8_E12	Homo sapiens	blood plasma	Plate_8	MarthaReselection	not available	not available	M	not available	not available	not available	not available	93	Plate_8_E12	MRTH1-1282	not available	1	AC=EFO:0009656;NT=plasma	run 762	proteomic profiling by mass spectrometry	PRM_20251218_MarthaReselection_Plate_8_E12.raw	PRM_20251218_MarthaReselection_Plate_8_E12.raw	NT=Parallel Reaction Monitoring;AC=MS:1002956	AC=MS:1002038;NT=label free sample	1	NT=High-performance liquid chromatography;AC=PRIDE:0000565	1	AC=MS:1001251;NT=Trypsin	not available	NT=Stellar;AC=MS:1003409	NT=Carbamidomethyl;AC=UNIMOD:4;TA=C;MT=Fixed	NT=Higher-energy Collisional Dissociation;AC=MS:1000422	27 NCE	40 ppm	0.05 Da	MRTH
PRM_20251218_MarthaReselection_Plate_8_F12	F	12	Pool	72	RF12	0.1	C:\Xcalibur\methods\method1	smb://storage3.ad.scilifelab.se/massstorage/edfors%20lab/01_hot/Martha/RAW	PRM_20251218_MarthaReselection_Plate_8_F12	Homo sapiens	blood plasma	Plate_8	MarthaReselection	not available	not available	NA	not available	not available	not available	not available	94	Plate_8_F12	EMPTY-0001	not available	1	AC=EFO:0009656;NT=plasma	run 763	proteomic profiling by mass spectrometry	PRM_20251218_MarthaReselection_Plate_8_F12.raw	PRM_20251218_MarthaReselection_Plate_8_F12.raw	NT=Parallel Reaction Monitoring;AC=MS:1002956	AC=MS:1002038;NT=label free sample	1	NT=High-performance liquid chromatography;AC=PRIDE:0000565	1	AC=MS:1001251;NT=Trypsin	not available	NT=Stellar;AC=MS:1003409	NT=Carbamidomethyl;AC=UNIMOD:4;TA=C;MT=Fixed	NT=Higher-energy Collisional Dissociation;AC=MS:1000422	27 NCE	40 ppm	0.05 Da	Pool
PRM_20251218_MarthaReselection_Plate_8_G12	G	12	Pool	84	RG12	0.1	C:\Xcalibur\methods\method1	smb://storage3.ad.scilifelab.se/massstorage/edfors%20lab/01_hot/Martha/RAW	PRM_20251218_MarthaReselection_Plate_8_G12	Homo sapiens	blood plasma	Plate_8	MarthaReselection	not available	not available	NA	not available	not available	not available	not available	95	Plate_8_G12	EMPTY-0001	not available	1	AC=EFO:0009656;NT=plasma	run 764	proteomic profiling by mass spectrometry	PRM_20251218_MarthaReselection_Plate_8_G12.raw	PRM_20251218_MarthaReselection_Plate_8_G12.raw	NT=Parallel Reaction Monitoring;AC=MS:1002956	AC=MS:1002038;NT=label free sample	1	NT=High-performance liquid chromatography;AC=PRIDE:0000565	1	AC=MS:1001251;NT=Trypsin	not available	NT=Stellar;AC=MS:1003409	NT=Carbamidomethyl;AC=UNIMOD:4;TA=C;MT=Fixed	NT=Higher-energy Collisional Dissociation;AC=MS:1000422	27 NCE	40 ppm	0.05 Da	Pool
PRM_20251218_MarthaReselection_Plate_8_H12	H	12	Pool	96	RH12	0.1	C:\Xcalibur\methods\method1	smb://storage3.ad.scilifelab.se/massstorage/edfors%20lab/01_hot/Martha/RAW	PRM_20251218_MarthaReselection_Plate_8_H12	Homo sapiens	blood plasma	Plate_8	MarthaReselection	not available	not available	NA	not available	not available	not available	not available	96	Plate_8_H12	EMPTY-0001	not available	1	AC=EFO:0009656;NT=plasma	run 765	proteomic profiling by mass spectrometry	PRM_20251218_MarthaReselection_Plate_8_H12.raw	PRM_20251218_MarthaReselection_Plate_8_H12.raw	NT=Parallel Reaction Monitoring;AC=MS:1002956	AC=MS:1002038;NT=label free sample	1	NT=High-performance liquid chromatography;AC=PRIDE:0000565	1	AC=MS:1001251;NT=Trypsin	not available	NT=Stellar;AC=MS:1003409	NT=Carbamidomethyl;AC=UNIMOD:4;TA=C;MT=Fixed	NT=Higher-energy Collisional Dissociation;AC=MS:1000422	27 NCE	40 ppm	0.05 Da	Pool
PRM_20251218_MarthaReselection_Plate_9_A1	A	1	MRTH	1	RA1	0.1	C:\Xcalibur\methods\method1	smb://storage3.ad.scilifelab.se/massstorage/edfors%20lab/01_hot/Martha/RAW	PRM_20251218_MarthaReselection_Plate_9_A1	Homo sapiens	blood plasma	Plate_9	MarthaReselection	not available	not available	M	not available	not available	not available	not available	1	Plate_9_A1	MRTH1-0663	not available	1	AC=EFO:0009656;NT=plasma	run 766	proteomic profiling by mass spectrometry	PRM_20251218_MarthaReselection_Plate_9_A1.raw	PRM_20251218_MarthaReselection_Plate_9_A1.raw	NT=Parallel Reaction Monitoring;AC=MS:1002956	AC=MS:1002038;NT=label free sample	1	NT=High-performance liquid chromatography;AC=PRIDE:0000565	1	AC=MS:1001251;NT=Trypsin	not available	NT=Stellar;AC=MS:1003409	NT=Carbamidomethyl;AC=UNIMOD:4;TA=C;MT=Fixed	NT=Higher-energy Collisional Dissociation;AC=MS:1000422	27 NCE	40 ppm	0.05 Da	MRTH
PRM_20251218_MarthaReselection_Plate_9_B1	B	1	MRTH	13	RB1	0.1	C:\Xcalibur\methods\method1	smb://storage3.ad.scilifelab.se/massstorage/edfors%20lab/01_hot/Martha/RAW	PRM_20251218_MarthaReselection_Plate_9_B1	Homo sapiens	blood plasma	Plate_9	MarthaReselection	not available	not available	M	not available	not available	not available	not available	2	Plate_9_B1	MRTH1-1363	not available	1	AC=EFO:0009656;NT=plasma	run 767	proteomic profiling by mass spectrometry	PRM_20251218_MarthaReselection_Plate_9_B1.raw	PRM_20251218_MarthaReselection_Plate_9_B1.raw	NT=Parallel Reaction Monitoring;AC=MS:1002956	AC=MS:1002038;NT=label free sample	1	NT=High-performance liquid chromatography;AC=PRIDE:0000565	1	AC=MS:1001251;NT=Trypsin	not available	NT=Stellar;AC=MS:1003409	NT=Carbamidomethyl;AC=UNIMOD:4;TA=C;MT=Fixed	NT=Higher-energy Collisional Dissociation;AC=MS:1000422	27 NCE	40 ppm	0.05 Da	MRTH
PRM_20251218_MarthaReselection_Plate_9_C1	C	1	MRTH	25	RC1	0.1	C:\Xcalibur\methods\method1	smb://storage3.ad.scilifelab.se/massstorage/edfors%20lab/01_hot/Martha/RAW	PRM_20251218_MarthaReselection_Plate_9_C1	Homo sapiens	blood plasma	Plate_9	MarthaReselection	not available	not available	F	not available	not available	not available	not available	3	Plate_9_C1	MRTH1-0688	not available	1	AC=EFO:0009656;NT=plasma	run 768	proteomic profiling by mass spectrometry	PRM_20251218_MarthaReselection_Plate_9_C1.raw	PRM_20251218_MarthaReselection_Plate_9_C1.raw	NT=Parallel Reaction Monitoring;AC=MS:1002956	AC=MS:1002038;NT=label free sample	1	NT=High-performance liquid chromatography;AC=PRIDE:0000565	1	AC=MS:1001251;NT=Trypsin	not available	NT=Stellar;AC=MS:1003409	NT=Carbamidomethyl;AC=UNIMOD:4;TA=C;MT=Fixed	NT=Higher-energy Collisional Dissociation;AC=MS:1000422	27 NCE	40 ppm	0.05 Da	MRTH
PRM_20251218_MarthaReselection_Plate_9_D1	D	1	MRTH	37	RD1	0.1	C:\Xcalibur\methods\method1	smb://storage3.ad.scilifelab.se/massstorage/edfors%20lab/01_hot/Martha/RAW	PRM_20251218_MarthaReselection_Plate_9_D1	Homo sapiens	blood plasma	Plate_9	MarthaReselection	not available	not available	F	not available	not available	not available	not available	4	Plate_9_D1	MRTH1-1381	not available	1	AC=EFO:0009656;NT=plasma	run 769	proteomic profiling by mass spectrometry	PRM_20251218_MarthaReselection_Plate_9_D1.raw	PRM_20251218_MarthaReselection_Plate_9_D1.raw	NT=Parallel Reaction Monitoring;AC=MS:1002956	AC=MS:1002038;NT=label free sample	1	NT=High-performance liquid chromatography;AC=PRIDE:0000565	1	AC=MS:1001251;NT=Trypsin	not available	NT=Stellar;AC=MS:1003409	NT=Carbamidomethyl;AC=UNIMOD:4;TA=C;MT=Fixed	NT=Higher-energy Collisional Dissociation;AC=MS:1000422	27 NCE	40 ppm	0.05 Da	MRTH
PRM_20251218_MarthaReselection_Plate_9_E1	E	1	MRTH	49	RE1	0.1	C:\Xcalibur\methods\method1	smb://storage3.ad.scilifelab.se/massstorage/edfors%20lab/01_hot/Martha/RAW	PRM_20251218_MarthaReselection_Plate_9_E1	Homo sapiens	blood plasma	Plate_9	MarthaReselection	not available	not available	F	not available	not available	not available	not available	5	Plate_9_E1	MRTH1-0210	not available	1	AC=EFO:0009656;NT=plasma	run 770	proteomic profiling by mass spectrometry	PRM_20251218_MarthaReselection_Plate_9_E1.raw	PRM_20251218_MarthaReselection_Plate_9_E1.raw	NT=Parallel Reaction Monitoring;AC=MS:1002956	AC=MS:1002038;NT=label free sample	1	NT=High-performance liquid chromatography;AC=PRIDE:0000565	1	AC=MS:1001251;NT=Trypsin	not available	NT=Stellar;AC=MS:1003409	NT=Carbamidomethyl;AC=UNIMOD:4;TA=C;MT=Fixed	NT=Higher-energy Collisional Dissociation;AC=MS:1000422	27 NCE	40 ppm	0.05 Da	MRTH
PRM_20251218_MarthaReselection_Plate_9_F1	F	1	MRTH	61	RF1	0.1	C:\Xcalibur\methods\method1	smb://storage3.ad.scilifelab.se/massstorage/edfors%20lab/01_hot/Martha/RAW	PRM_20251218_MarthaReselection_Plate_9_F1	Homo sapiens	blood plasma	Plate_9	MarthaReselection	not available	not available	F	not available	not available	not available	not available	6	Plate_9_F1	MRTH1-0488	not available	1	AC=EFO:0009656;NT=plasma	run 771	proteomic profiling by mass spectrometry	PRM_20251218_MarthaReselection_Plate_9_F1.raw	PRM_20251218_MarthaReselection_Plate_9_F1.raw	NT=Parallel Reaction Monitoring;AC=MS:1002956	AC=MS:1002038;NT=label free sample	1	NT=High-performance liquid chromatography;AC=PRIDE:0000565	1	AC=MS:1001251;NT=Trypsin	not available	NT=Stellar;AC=MS:1003409	NT=Carbamidomethyl;AC=UNIMOD:4;TA=C;MT=Fixed	NT=Higher-energy Collisional Dissociation;AC=MS:1000422	27 NCE	40 ppm	0.05 Da	MRTH
PRM_20251218_MarthaReselection_Plate_9_G1	G	1	MRTH	73	RG1	0.1	C:\Xcalibur\methods\method1	smb://storage3.ad.scilifelab.se/massstorage/edfors%20lab/01_hot/Martha/RAW	PRM_20251218_MarthaReselection_Plate_9_G1	Homo sapiens	blood plasma	Plate_9	MarthaReselection	not available	not available	F	not available	not available	not available	not available	7	Plate_9_G1	MRTH1-0141	not available	1	AC=EFO:0009656;NT=plasma	run 772	proteomic profiling by mass spectrometry	PRM_20251218_MarthaReselection_Plate_9_G1.raw	PRM_20251218_MarthaReselection_Plate_9_G1.raw	NT=Parallel Reaction Monitoring;AC=MS:1002956	AC=MS:1002038;NT=label free sample	1	NT=High-performance liquid chromatography;AC=PRIDE:0000565	1	AC=MS:1001251;NT=Trypsin	not available	NT=Stellar;AC=MS:1003409	NT=Carbamidomethyl;AC=UNIMOD:4;TA=C;MT=Fixed	NT=Higher-energy Collisional Dissociation;AC=MS:1000422	27 NCE	40 ppm	0.05 Da	MRTH
PRM_20251218_MarthaReselection_Plate_9_H1	H	1	MRTH	85	RH1	0.1	C:\Xcalibur\methods\method1	smb://storage3.ad.scilifelab.se/massstorage/edfors%20lab/01_hot/Martha/RAW	PRM_20251218_MarthaReselection_Plate_9_H1	Homo sapiens	blood plasma	Plate_9	MarthaReselection	not available	not available	M	not available	not available	not available	not available	8	Plate_9_H1	MRTH1-0568	not available	1	AC=EFO:0009656;NT=plasma	run 773	proteomic profiling by mass spectrometry	PRM_20251218_MarthaReselection_Plate_9_H1.raw	PRM_20251218_MarthaReselection_Plate_9_H1.raw	NT=Parallel Reaction Monitoring;AC=MS:1002956	AC=MS:1002038;NT=label free sample	1	NT=High-performance liquid chromatography;AC=PRIDE:0000565	1	AC=MS:1001251;NT=Trypsin	not available	NT=Stellar;AC=MS:1003409	NT=Carbamidomethyl;AC=UNIMOD:4;TA=C;MT=Fixed	NT=Higher-energy Collisional Dissociation;AC=MS:1000422	27 NCE	40 ppm	0.05 Da	MRTH
PRM_20251218_MarthaReselection_Plate_9_A2	A	2	MRTH	2	RA2	0.1	C:\Xcalibur\methods\method1	smb://storage3.ad.scilifelab.se/massstorage/edfors%20lab/01_hot/Martha/RAW	PRM_20251218_MarthaReselection_Plate_9_A2	Homo sapiens	blood plasma	Plate_9	MarthaReselection	not available	not available	F	not available	not available	not available	not available	9	Plate_9_A2	MRTH1-1053	not available	1	AC=EFO:0009656;NT=plasma	run 774	proteomic profiling by mass spectrometry	PRM_20251218_MarthaReselection_Plate_9_A2.raw	PRM_20251218_MarthaReselection_Plate_9_A2.raw	NT=Parallel Reaction Monitoring;AC=MS:1002956	AC=MS:1002038;NT=label free sample	1	NT=High-performance liquid chromatography;AC=PRIDE:0000565	1	AC=MS:1001251;NT=Trypsin	not available	NT=Stellar;AC=MS:1003409	NT=Carbamidomethyl;AC=UNIMOD:4;TA=C;MT=Fixed	NT=Higher-energy Collisional Dissociation;AC=MS:1000422	27 NCE	40 ppm	0.05 Da	MRTH
PRM_20251218_MarthaReselection_Plate_9_B2	B	2	MRTH	14	RB2	0.1	C:\Xcalibur\methods\method1	smb://storage3.ad.scilifelab.se/massstorage/edfors%20lab/01_hot/Martha/RAW	PRM_20251218_MarthaReselection_Plate_9_B2	Homo sapiens	blood plasma	Plate_9	MarthaReselection	not available	not available	F	not available	not available	not available	not available	10	Plate_9_B2	MRTH1-0365	not available	1	AC=EFO:0009656;NT=plasma	run 775	proteomic profiling by mass spectrometry	PRM_20251218_MarthaReselection_Plate_9_B2.raw	PRM_20251218_MarthaReselection_Plate_9_B2.raw	NT=Parallel Reaction Monitoring;AC=MS:1002956	AC=MS:1002038;NT=label free sample	1	NT=High-performance liquid chromatography;AC=PRIDE:0000565	1	AC=MS:1001251;NT=Trypsin	not available	NT=Stellar;AC=MS:1003409	NT=Carbamidomethyl;AC=UNIMOD:4;TA=C;MT=Fixed	NT=Higher-energy Collisional Dissociation;AC=MS:1000422	27 NCE	40 ppm	0.05 Da	MRTH
PRM_20251218_MarthaReselection_Plate_9_C2	C	2	MRTH	26	RC2	0.1	C:\Xcalibur\methods\method1	smb://storage3.ad.scilifelab.se/massstorage/edfors%20lab/01_hot/Martha/RAW	PRM_20251218_MarthaReselection_Plate_9_C2	Homo sapiens	blood plasma	Plate_9	MarthaReselection	not available	not available	F	not available	not available	not available	not available	11	Plate_9_C2	MRTH1-1012	not available	1	AC=EFO:0009656;NT=plasma	run 776	proteomic profiling by mass spectrometry	PRM_20251218_MarthaReselection_Plate_9_C2.raw	PRM_20251218_MarthaReselection_Plate_9_C2.raw	NT=Parallel Reaction Monitoring;AC=MS:1002956	AC=MS:1002038;NT=label free sample	1	NT=High-performance liquid chromatography;AC=PRIDE:0000565	1	AC=MS:1001251;NT=Trypsin	not available	NT=Stellar;AC=MS:1003409	NT=Carbamidomethyl;AC=UNIMOD:4;TA=C;MT=Fixed	NT=Higher-energy Collisional Dissociation;AC=MS:1000422	27 NCE	40 ppm	0.05 Da	MRTH
PRM_20251218_MarthaReselection_Plate_9_D2	D	2	MRTH	38	RD2	0.1	C:\Xcalibur\methods\method1	smb://storage3.ad.scilifelab.se/massstorage/edfors%20lab/01_hot/Martha/RAW	PRM_20251218_MarthaReselection_Plate_9_D2	Homo sapiens	blood plasma	Plate_9	MarthaReselection	not available	not available	M	not available	not available	not available	not available	12	Plate_9_D2	MRTH1-1228	not available	1	AC=EFO:0009656;NT=plasma	run 777	proteomic profiling by mass spectrometry	PRM_20251218_MarthaReselection_Plate_9_D2.raw	PRM_20251218_MarthaReselection_Plate_9_D2.raw	NT=Parallel Reaction Monitoring;AC=MS:1002956	AC=MS:1002038;NT=label free sample	1	NT=High-performance liquid chromatography;AC=PRIDE:0000565	1	AC=MS:1001251;NT=Trypsin	not available	NT=Stellar;AC=MS:1003409	NT=Carbamidomethyl;AC=UNIMOD:4;TA=C;MT=Fixed	NT=Higher-energy Collisional Dissociation;AC=MS:1000422	27 NCE	40 ppm	0.05 Da	MRTH
PRM_20251218_MarthaReselection_Plate_9_E2	E	2	MRTH	50	RE2	0.1	C:\Xcalibur\methods\method1	smb://storage3.ad.scilifelab.se/massstorage/edfors%20lab/01_hot/Martha/RAW	PRM_20251218_MarthaReselection_Plate_9_E2	Homo sapiens	blood plasma	Plate_9	MarthaReselection	not available	not available	M	not available	not available	not available	not available	13	Plate_9_E2	MRTH1-0485	not available	1	AC=EFO:0009656;NT=plasma	run 778	proteomic profiling by mass spectrometry	PRM_20251218_MarthaReselection_Plate_9_E2.raw	PRM_20251218_MarthaReselection_Plate_9_E2.raw	NT=Parallel Reaction Monitoring;AC=MS:1002956	AC=MS:1002038;NT=label free sample	1	NT=High-performance liquid chromatography;AC=PRIDE:0000565	1	AC=MS:1001251;NT=Trypsin	not available	NT=Stellar;AC=MS:1003409	NT=Carbamidomethyl;AC=UNIMOD:4;TA=C;MT=Fixed	NT=Higher-energy Collisional Dissociation;AC=MS:1000422	27 NCE	40 ppm	0.05 Da	MRTH
PRM_20251218_MarthaReselection_Plate_9_F2	F	2	MRTH	62	RF2	0.1	C:\Xcalibur\methods\method1	smb://storage3.ad.scilifelab.se/massstorage/edfors%20lab/01_hot/Martha/RAW	PRM_20251218_MarthaReselection_Plate_9_F2	Homo sapiens	blood plasma	Plate_9	MarthaReselection	not available	not available	F	not available	not available	not available	not available	14	Plate_9_F2	MRTH1-0101	not available	1	AC=EFO:0009656;NT=plasma	run 779	proteomic profiling by mass spectrometry	PRM_20251218_MarthaReselection_Plate_9_F2.raw	PRM_20251218_MarthaReselection_Plate_9_F2.raw	NT=Parallel Reaction Monitoring;AC=MS:1002956	AC=MS:1002038;NT=label free sample	1	NT=High-performance liquid chromatography;AC=PRIDE:0000565	1	AC=MS:1001251;NT=Trypsin	not available	NT=Stellar;AC=MS:1003409	NT=Carbamidomethyl;AC=UNIMOD:4;TA=C;MT=Fixed	NT=Higher-energy Collisional Dissociation;AC=MS:1000422	27 NCE	40 ppm	0.05 Da	MRTH
PRM_20251218_MarthaReselection_Plate_9_G2	G	2	MRTH	74	RG2	0.1	C:\Xcalibur\methods\method1	smb://storage3.ad.scilifelab.se/massstorage/edfors%20lab/01_hot/Martha/RAW	PRM_20251218_MarthaReselection_Plate_9_G2	Homo sapiens	blood plasma	Plate_9	MarthaReselection	not available	not available	F	not available	not available	not available	not available	15	Plate_9_G2	MRTH1-0930	not available	1	AC=EFO:0009656;NT=plasma	run 780	proteomic profiling by mass spectrometry	PRM_20251218_MarthaReselection_Plate_9_G2.raw	PRM_20251218_MarthaReselection_Plate_9_G2.raw	NT=Parallel Reaction Monitoring;AC=MS:1002956	AC=MS:1002038;NT=label free sample	1	NT=High-performance liquid chromatography;AC=PRIDE:0000565	1	AC=MS:1001251;NT=Trypsin	not available	NT=Stellar;AC=MS:1003409	NT=Carbamidomethyl;AC=UNIMOD:4;TA=C;MT=Fixed	NT=Higher-energy Collisional Dissociation;AC=MS:1000422	27 NCE	40 ppm	0.05 Da	MRTH
PRM_20251218_MarthaReselection_Plate_9_H2	H	2	MRTH	86	RH2	0.1	C:\Xcalibur\methods\method1	smb://storage3.ad.scilifelab.se/massstorage/edfors%20lab/01_hot/Martha/RAW	PRM_20251218_MarthaReselection_Plate_9_H2	Homo sapiens	blood plasma	Plate_9	MarthaReselection	not available	not available	M	not available	not available	not available	not available	16	Plate_9_H2	MRTH1-0564	not available	1	AC=EFO:0009656;NT=plasma	run 781	proteomic profiling by mass spectrometry	PRM_20251218_MarthaReselection_Plate_9_H2.raw	PRM_20251218_MarthaReselection_Plate_9_H2.raw	NT=Parallel Reaction Monitoring;AC=MS:1002956	AC=MS:1002038;NT=label free sample	1	NT=High-performance liquid chromatography;AC=PRIDE:0000565	1	AC=MS:1001251;NT=Trypsin	not available	NT=Stellar;AC=MS:1003409	NT=Carbamidomethyl;AC=UNIMOD:4;TA=C;MT=Fixed	NT=Higher-energy Collisional Dissociation;AC=MS:1000422	27 NCE	40 ppm	0.05 Da	MRTH
PRM_20251218_MarthaReselection_Plate_9_A3	A	3	MRTH	3	RA3	0.1	C:\Xcalibur\methods\method1	smb://storage3.ad.scilifelab.se/massstorage/edfors%20lab/01_hot/Martha/RAW	PRM_20251218_MarthaReselection_Plate_9_A3	Homo sapiens	blood plasma	Plate_9	MarthaReselection	not available	not available	F	not available	not available	not available	not available	17	Plate_9_A3	MRTH1-0499	not available	1	AC=EFO:0009656;NT=plasma	run 782	proteomic profiling by mass spectrometry	PRM_20251218_MarthaReselection_Plate_9_A3.raw	PRM_20251218_MarthaReselection_Plate_9_A3.raw	NT=Parallel Reaction Monitoring;AC=MS:1002956	AC=MS:1002038;NT=label free sample	1	NT=High-performance liquid chromatography;AC=PRIDE:0000565	1	AC=MS:1001251;NT=Trypsin	not available	NT=Stellar;AC=MS:1003409	NT=Carbamidomethyl;AC=UNIMOD:4;TA=C;MT=Fixed	NT=Higher-energy Collisional Dissociation;AC=MS:1000422	27 NCE	40 ppm	0.05 Da	MRTH
PRM_20251218_MarthaReselection_Plate_9_B3	B	3	MRTH	15	RB3	0.1	C:\Xcalibur\methods\method1	smb://storage3.ad.scilifelab.se/massstorage/edfors%20lab/01_hot/Martha/RAW	PRM_20251218_MarthaReselection_Plate_9_B3	Homo sapiens	blood plasma	Plate_9	MarthaReselection	not available	not available	M	not available	not available	not available	not available	18	Plate_9_B3	MRTH1-0928	not available	1	AC=EFO:0009656;NT=plasma	run 783	proteomic profiling by mass spectrometry	PRM_20251218_MarthaReselection_Plate_9_B3.raw	PRM_20251218_MarthaReselection_Plate_9_B3.raw	NT=Parallel Reaction Monitoring;AC=MS:1002956	AC=MS:1002038;NT=label free sample	1	NT=High-performance liquid chromatography;AC=PRIDE:0000565	1	AC=MS:1001251;NT=Trypsin	not available	NT=Stellar;AC=MS:1003409	NT=Carbamidomethyl;AC=UNIMOD:4;TA=C;MT=Fixed	NT=Higher-energy Collisional Dissociation;AC=MS:1000422	27 NCE	40 ppm	0.05 Da	MRTH
PRM_20251218_MarthaReselection_Plate_9_C3	C	3	MRTH	27	RC3	0.1	C:\Xcalibur\methods\method1	smb://storage3.ad.scilifelab.se/massstorage/edfors%20lab/01_hot/Martha/RAW	PRM_20251218_MarthaReselection_Plate_9_C3	Homo sapiens	blood plasma	Plate_9	MarthaReselection	not available	not available	M	not available	not available	not available	not available	19	Plate_9_C3	MRTH1-0603	not available	1	AC=EFO:0009656;NT=plasma	run 784	proteomic profiling by mass spectrometry	PRM_20251218_MarthaReselection_Plate_9_C3.raw	PRM_20251218_MarthaReselection_Plate_9_C3.raw	NT=Parallel Reaction Monitoring;AC=MS:1002956	AC=MS:1002038;NT=label free sample	1	NT=High-performance liquid chromatography;AC=PRIDE:0000565	1	AC=MS:1001251;NT=Trypsin	not available	NT=Stellar;AC=MS:1003409	NT=Carbamidomethyl;AC=UNIMOD:4;TA=C;MT=Fixed	NT=Higher-energy Collisional Dissociation;AC=MS:1000422	27 NCE	40 ppm	0.05 Da	MRTH
PRM_20251218_MarthaReselection_Plate_9_D3	D	3	MRTH	39	RD3	0.1	C:\Xcalibur\methods\method1	smb://storage3.ad.scilifelab.se/massstorage/edfors%20lab/01_hot/Martha/RAW	PRM_20251218_MarthaReselection_Plate_9_D3	Homo sapiens	blood plasma	Plate_9	MarthaReselection	not available	not available	M	not available	not available	not available	not available	20	Plate_9_D3	MRTH1-0504	not available	1	AC=EFO:0009656;NT=plasma	run 785	proteomic profiling by mass spectrometry	PRM_20251218_MarthaReselection_Plate_9_D3.raw	PRM_20251218_MarthaReselection_Plate_9_D3.raw	NT=Parallel Reaction Monitoring;AC=MS:1002956	AC=MS:1002038;NT=label free sample	1	NT=High-performance liquid chromatography;AC=PRIDE:0000565	1	AC=MS:1001251;NT=Trypsin	not available	NT=Stellar;AC=MS:1003409	NT=Carbamidomethyl;AC=UNIMOD:4;TA=C;MT=Fixed	NT=Higher-energy Collisional Dissociation;AC=MS:1000422	27 NCE	40 ppm	0.05 Da	MRTH
PRM_20251218_MarthaReselection_Plate_9_E3	E	3	MRTH	51	RE3	0.1	C:\Xcalibur\methods\method1	smb://storage3.ad.scilifelab.se/massstorage/edfors%20lab/01_hot/Martha/RAW	PRM_20251218_MarthaReselection_Plate_9_E3	Homo sapiens	blood plasma	Plate_9	MarthaReselection	not available	not available	M	not available	not available	not available	not available	21	Plate_9_E3	MRTH1-0465	not available	1	AC=EFO:0009656;NT=plasma	run 786	proteomic profiling by mass spectrometry	PRM_20251218_MarthaReselection_Plate_9_E3.raw	PRM_20251218_MarthaReselection_Plate_9_E3.raw	NT=Parallel Reaction Monitoring;AC=MS:1002956	AC=MS:1002038;NT=label free sample	1	NT=High-performance liquid chromatography;AC=PRIDE:0000565	1	AC=MS:1001251;NT=Trypsin	not available	NT=Stellar;AC=MS:1003409	NT=Carbamidomethyl;AC=UNIMOD:4;TA=C;MT=Fixed	NT=Higher-energy Collisional Dissociation;AC=MS:1000422	27 NCE	40 ppm	0.05 Da	MRTH
PRM_20251218_MarthaReselection_Plate_9_F3	F	3	MRTH	63	RF3	0.1	C:\Xcalibur\methods\method1	smb://storage3.ad.scilifelab.se/massstorage/edfors%20lab/01_hot/Martha/RAW	PRM_20251218_MarthaReselection_Plate_9_F3	Homo sapiens	blood plasma	Plate_9	MarthaReselection	not available	not available	F	not available	not available	not available	not available	22	Plate_9_F3	MRTH1-0686	not available	1	AC=EFO:0009656;NT=plasma	run 787	proteomic profiling by mass spectrometry	PRM_20251218_MarthaReselection_Plate_9_F3.raw	PRM_20251218_MarthaReselection_Plate_9_F3.raw	NT=Parallel Reaction Monitoring;AC=MS:1002956	AC=MS:1002038;NT=label free sample	1	NT=High-performance liquid chromatography;AC=PRIDE:0000565	1	AC=MS:1001251;NT=Trypsin	not available	NT=Stellar;AC=MS:1003409	NT=Carbamidomethyl;AC=UNIMOD:4;TA=C;MT=Fixed	NT=Higher-energy Collisional Dissociation;AC=MS:1000422	27 NCE	40 ppm	0.05 Da	MRTH
PRM_20251218_MarthaReselection_Plate_9_G3	G	3	MRTH	75	RG3	0.1	C:\Xcalibur\methods\method1	smb://storage3.ad.scilifelab.se/massstorage/edfors%20lab/01_hot/Martha/RAW	PRM_20251218_MarthaReselection_Plate_9_G3	Homo sapiens	blood plasma	Plate_9	MarthaReselection	not available	not available	F	not available	not available	not available	not available	23	Plate_9_G3	MRTH1-0498	not available	1	AC=EFO:0009656;NT=plasma	run 788	proteomic profiling by mass spectrometry	PRM_20251218_MarthaReselection_Plate_9_G3.raw	PRM_20251218_MarthaReselection_Plate_9_G3.raw	NT=Parallel Reaction Monitoring;AC=MS:1002956	AC=MS:1002038;NT=label free sample	1	NT=High-performance liquid chromatography;AC=PRIDE:0000565	1	AC=MS:1001251;NT=Trypsin	not available	NT=Stellar;AC=MS:1003409	NT=Carbamidomethyl;AC=UNIMOD:4;TA=C;MT=Fixed	NT=Higher-energy Collisional Dissociation;AC=MS:1000422	27 NCE	40 ppm	0.05 Da	MRTH
PRM_20251218_MarthaReselection_Plate_9_H3	H	3	MRTH	87	RH3	0.1	C:\Xcalibur\methods\method1	smb://storage3.ad.scilifelab.se/massstorage/edfors%20lab/01_hot/Martha/RAW	PRM_20251218_MarthaReselection_Plate_9_H3	Homo sapiens	blood plasma	Plate_9	MarthaReselection	not available	not available	F	not available	not available	not available	not available	24	Plate_9_H3	MRTH1-0982	not available	1	AC=EFO:0009656;NT=plasma	run 789	proteomic profiling by mass spectrometry	PRM_20251218_MarthaReselection_Plate_9_H3.raw	PRM_20251218_MarthaReselection_Plate_9_H3.raw	NT=Parallel Reaction Monitoring;AC=MS:1002956	AC=MS:1002038;NT=label free sample	1	NT=High-performance liquid chromatography;AC=PRIDE:0000565	1	AC=MS:1001251;NT=Trypsin	not available	NT=Stellar;AC=MS:1003409	NT=Carbamidomethyl;AC=UNIMOD:4;TA=C;MT=Fixed	NT=Higher-energy Collisional Dissociation;AC=MS:1000422	27 NCE	40 ppm	0.05 Da	MRTH
PRM_20251218_MarthaReselection_Plate_9_A4	A	4	CHAPS	4	RA4	0.1	C:\Xcalibur\methods\method1	smb://storage3.ad.scilifelab.se/massstorage/edfors%20lab/01_hot/Martha/RAW	PRM_20251218_MarthaReselection_Plate_9_A4	Homo sapiens	blood plasma	Plate_9	MarthaReselection	not available	not available	NA	not available	not available	not available	not available	25	Plate_9_A4	MIF_3-0095	not available	1	AC=EFO:0009656;NT=plasma	run 790	proteomic profiling by mass spectrometry	PRM_20251218_MarthaReselection_Plate_9_A4.raw	PRM_20251218_MarthaReselection_Plate_9_A4.raw	NT=Parallel Reaction Monitoring;AC=MS:1002956	AC=MS:1002038;NT=label free sample	1	NT=High-performance liquid chromatography;AC=PRIDE:0000565	1	AC=MS:1001251;NT=Trypsin	not available	NT=Stellar;AC=MS:1003409	NT=Carbamidomethyl;AC=UNIMOD:4;TA=C;MT=Fixed	NT=Higher-energy Collisional Dissociation;AC=MS:1000422	27 NCE	40 ppm	0.05 Da	CHAPS
PRM_20251218_MarthaReselection_Plate_9_B4	B	4	CHAPS	16	RB4	0.1	C:\Xcalibur\methods\method1	smb://storage3.ad.scilifelab.se/massstorage/edfors%20lab/01_hot/Martha/RAW	PRM_20251218_MarthaReselection_Plate_9_B4	Homo sapiens	blood plasma	Plate_9	MarthaReselection	not available	not available	NA	not available	not available	not available	not available	26	Plate_9_B4	MIF_3-0030	not available	1	AC=EFO:0009656;NT=plasma	run 791	proteomic profiling by mass spectrometry	PRM_20251218_MarthaReselection_Plate_9_B4.raw	PRM_20251218_MarthaReselection_Plate_9_B4.raw	NT=Parallel Reaction Monitoring;AC=MS:1002956	AC=MS:1002038;NT=label free sample	1	NT=High-performance liquid chromatography;AC=PRIDE:0000565	1	AC=MS:1001251;NT=Trypsin	not available	NT=Stellar;AC=MS:1003409	NT=Carbamidomethyl;AC=UNIMOD:4;TA=C;MT=Fixed	NT=Higher-energy Collisional Dissociation;AC=MS:1000422	27 NCE	40 ppm	0.05 Da	CHAPS
PRM_20251218_MarthaReselection_Plate_9_C4	C	4	CHAPS	28	RC4	0.1	C:\Xcalibur\methods\method1	smb://storage3.ad.scilifelab.se/massstorage/edfors%20lab/01_hot/Martha/RAW	PRM_20251218_MarthaReselection_Plate_9_C4	Homo sapiens	blood plasma	Plate_9	MarthaReselection	not available	not available	NA	not available	not available	not available	not available	27	Plate_9_C4	MIF_3-0076	not available	1	AC=EFO:0009656;NT=plasma	run 792	proteomic profiling by mass spectrometry	PRM_20251218_MarthaReselection_Plate_9_C4.raw	PRM_20251218_MarthaReselection_Plate_9_C4.raw	NT=Parallel Reaction Monitoring;AC=MS:1002956	AC=MS:1002038;NT=label free sample	1	NT=High-performance liquid chromatography;AC=PRIDE:0000565	1	AC=MS:1001251;NT=Trypsin	not available	NT=Stellar;AC=MS:1003409	NT=Carbamidomethyl;AC=UNIMOD:4;TA=C;MT=Fixed	NT=Higher-energy Collisional Dissociation;AC=MS:1000422	27 NCE	40 ppm	0.05 Da	CHAPS
PRM_20251218_MarthaReselection_Plate_9_D4	D	4	CHAPS	40	RD4	0.1	C:\Xcalibur\methods\method1	smb://storage3.ad.scilifelab.se/massstorage/edfors%20lab/01_hot/Martha/RAW	PRM_20251218_MarthaReselection_Plate_9_D4	Homo sapiens	blood plasma	Plate_9	MarthaReselection	not available	not available	NA	not available	not available	not available	not available	28	Plate_9_D4	MIF_3-0065	not available	1	AC=EFO:0009656;NT=plasma	run 793	proteomic profiling by mass spectrometry	PRM_20251218_MarthaReselection_Plate_9_D4.raw	PRM_20251218_MarthaReselection_Plate_9_D4.raw	NT=Parallel Reaction Monitoring;AC=MS:1002956	AC=MS:1002038;NT=label free sample	1	NT=High-performance liquid chromatography;AC=PRIDE:0000565	1	AC=MS:1001251;NT=Trypsin	not available	NT=Stellar;AC=MS:1003409	NT=Carbamidomethyl;AC=UNIMOD:4;TA=C;MT=Fixed	NT=Higher-energy Collisional Dissociation;AC=MS:1000422	27 NCE	40 ppm	0.05 Da	CHAPS
PRM_20251218_MarthaReselection_Plate_9_E4	E	4	CHAPS	52	RE4	0.1	C:\Xcalibur\methods\method1	smb://storage3.ad.scilifelab.se/massstorage/edfors%20lab/01_hot/Martha/RAW	PRM_20251218_MarthaReselection_Plate_9_E4	Homo sapiens	blood plasma	Plate_9	MarthaReselection	not available	not available	NA	not available	not available	not available	not available	29	Plate_9_E4	MIF_3-0060	not available	1	AC=EFO:0009656;NT=plasma	run 794	proteomic profiling by mass spectrometry	PRM_20251218_MarthaReselection_Plate_9_E4.raw	PRM_20251218_MarthaReselection_Plate_9_E4.raw	NT=Parallel Reaction Monitoring;AC=MS:1002956	AC=MS:1002038;NT=label free sample	1	NT=High-performance liquid chromatography;AC=PRIDE:0000565	1	AC=MS:1001251;NT=Trypsin	not available	NT=Stellar;AC=MS:1003409	NT=Carbamidomethyl;AC=UNIMOD:4;TA=C;MT=Fixed	NT=Higher-energy Collisional Dissociation;AC=MS:1000422	27 NCE	40 ppm	0.05 Da	CHAPS
PRM_20251218_MarthaReselection_Plate_9_F4	F	4	CHAPS	64	RF4	0.1	C:\Xcalibur\methods\method1	smb://storage3.ad.scilifelab.se/massstorage/edfors%20lab/01_hot/Martha/RAW	PRM_20251218_MarthaReselection_Plate_9_F4	Homo sapiens	blood plasma	Plate_9	MarthaReselection	not available	not available	NA	not available	not available	not available	not available	30	Plate_9_F4	MIF_3-0078	not available	1	AC=EFO:0009656;NT=plasma	run 795	proteomic profiling by mass spectrometry	PRM_20251218_MarthaReselection_Plate_9_F4.raw	PRM_20251218_MarthaReselection_Plate_9_F4.raw	NT=Parallel Reaction Monitoring;AC=MS:1002956	AC=MS:1002038;NT=label free sample	1	NT=High-performance liquid chromatography;AC=PRIDE:0000565	1	AC=MS:1001251;NT=Trypsin	not available	NT=Stellar;AC=MS:1003409	NT=Carbamidomethyl;AC=UNIMOD:4;TA=C;MT=Fixed	NT=Higher-energy Collisional Dissociation;AC=MS:1000422	27 NCE	40 ppm	0.05 Da	CHAPS
PRM_20251218_MarthaReselection_Plate_9_G4	G	4	CHAPS	76	RG4	0.1	C:\Xcalibur\methods\method1	smb://storage3.ad.scilifelab.se/massstorage/edfors%20lab/01_hot/Martha/RAW	PRM_20251218_MarthaReselection_Plate_9_G4	Homo sapiens	blood plasma	Plate_9	MarthaReselection	not available	not available	NA	not available	not available	not available	not available	31	Plate_9_G4	MIF_3-0063	not available	1	AC=EFO:0009656;NT=plasma	run 796	proteomic profiling by mass spectrometry	PRM_20251218_MarthaReselection_Plate_9_G4.raw	PRM_20251218_MarthaReselection_Plate_9_G4.raw	NT=Parallel Reaction Monitoring;AC=MS:1002956	AC=MS:1002038;NT=label free sample	1	NT=High-performance liquid chromatography;AC=PRIDE:0000565	1	AC=MS:1001251;NT=Trypsin	not available	NT=Stellar;AC=MS:1003409	NT=Carbamidomethyl;AC=UNIMOD:4;TA=C;MT=Fixed	NT=Higher-energy Collisional Dissociation;AC=MS:1000422	27 NCE	40 ppm	0.05 Da	CHAPS
PRM_20251218_MarthaReselection_Plate_9_H4	H	4	CHAPS	88	RH4	0.1	C:\Xcalibur\methods\method1	smb://storage3.ad.scilifelab.se/massstorage/edfors%20lab/01_hot/Martha/RAW	PRM_20251218_MarthaReselection_Plate_9_H4	Homo sapiens	blood plasma	Plate_9	MarthaReselection	not available	not available	NA	not available	not available	not available	not available	32	Plate_9_H4	MIF_3-0094	not available	1	AC=EFO:0009656;NT=plasma	run 797	proteomic profiling by mass spectrometry	PRM_20251218_MarthaReselection_Plate_9_H4.raw	PRM_20251218_MarthaReselection_Plate_9_H4.raw	NT=Parallel Reaction Monitoring;AC=MS:1002956	AC=MS:1002038;NT=label free sample	1	NT=High-performance liquid chromatography;AC=PRIDE:0000565	1	AC=MS:1001251;NT=Trypsin	not available	NT=Stellar;AC=MS:1003409	NT=Carbamidomethyl;AC=UNIMOD:4;TA=C;MT=Fixed	NT=Higher-energy Collisional Dissociation;AC=MS:1000422	27 NCE	40 ppm	0.05 Da	CHAPS
PRM_20251218_MarthaReselection_Plate_9_A5	A	5	CHAPS	5	RA5	0.1	C:\Xcalibur\methods\method1	smb://storage3.ad.scilifelab.se/massstorage/edfors%20lab/01_hot/Martha/RAW	PRM_20251218_MarthaReselection_Plate_9_A5	Homo sapiens	blood plasma	Plate_9	MarthaReselection	not available	not available	NA	not available	not available	not available	not available	33	Plate_9_A5	MIF_3-0051	not available	1	AC=EFO:0009656;NT=plasma	run 798	proteomic profiling by mass spectrometry	PRM_20251218_MarthaReselection_Plate_9_A5.raw	PRM_20251218_MarthaReselection_Plate_9_A5.raw	NT=Parallel Reaction Monitoring;AC=MS:1002956	AC=MS:1002038;NT=label free sample	1	NT=High-performance liquid chromatography;AC=PRIDE:0000565	1	AC=MS:1001251;NT=Trypsin	not available	NT=Stellar;AC=MS:1003409	NT=Carbamidomethyl;AC=UNIMOD:4;TA=C;MT=Fixed	NT=Higher-energy Collisional Dissociation;AC=MS:1000422	27 NCE	40 ppm	0.05 Da	CHAPS
PRM_20251218_MarthaReselection_Plate_9_B5	B	5	CHAPS	17	RB5	0.1	C:\Xcalibur\methods\method1	smb://storage3.ad.scilifelab.se/massstorage/edfors%20lab/01_hot/Martha/RAW	PRM_20251218_MarthaReselection_Plate_9_B5	Homo sapiens	blood plasma	Plate_9	MarthaReselection	not available	not available	NA	not available	not available	not available	not available	34	Plate_9_B5	MIF_3-0048	not available	1	AC=EFO:0009656;NT=plasma	run 799	proteomic profiling by mass spectrometry	PRM_20251218_MarthaReselection_Plate_9_B5.raw	PRM_20251218_MarthaReselection_Plate_9_B5.raw	NT=Parallel Reaction Monitoring;AC=MS:1002956	AC=MS:1002038;NT=label free sample	1	NT=High-performance liquid chromatography;AC=PRIDE:0000565	1	AC=MS:1001251;NT=Trypsin	not available	NT=Stellar;AC=MS:1003409	NT=Carbamidomethyl;AC=UNIMOD:4;TA=C;MT=Fixed	NT=Higher-energy Collisional Dissociation;AC=MS:1000422	27 NCE	40 ppm	0.05 Da	CHAPS
PRM_20251218_MarthaReselection_Plate_9_C5	C	5	CHAPS	29	RC5	0.1	C:\Xcalibur\methods\method1	smb://storage3.ad.scilifelab.se/massstorage/edfors%20lab/01_hot/Martha/RAW	PRM_20251218_MarthaReselection_Plate_9_C5	Homo sapiens	blood plasma	Plate_9	MarthaReselection	not available	not available	NA	not available	not available	not available	not available	35	Plate_9_C5	MIF_3-0029	not available	1	AC=EFO:0009656;NT=plasma	run 800	proteomic profiling by mass spectrometry	PRM_20251218_MarthaReselection_Plate_9_C5.raw	PRM_20251218_MarthaReselection_Plate_9_C5.raw	NT=Parallel Reaction Monitoring;AC=MS:1002956	AC=MS:1002038;NT=label free sample	1	NT=High-performance liquid chromatography;AC=PRIDE:0000565	1	AC=MS:1001251;NT=Trypsin	not available	NT=Stellar;AC=MS:1003409	NT=Carbamidomethyl;AC=UNIMOD:4;TA=C;MT=Fixed	NT=Higher-energy Collisional Dissociation;AC=MS:1000422	27 NCE	40 ppm	0.05 Da	CHAPS
PRM_20251218_MarthaReselection_Plate_9_D5	D	5	CHAPS	41	RD5	0.1	C:\Xcalibur\methods\method1	smb://storage3.ad.scilifelab.se/massstorage/edfors%20lab/01_hot/Martha/RAW	PRM_20251218_MarthaReselection_Plate_9_D5	Homo sapiens	blood plasma	Plate_9	MarthaReselection	not available	not available	NA	not available	not available	not available	not available	36	Plate_9_D5	MIF_3-0046	not available	1	AC=EFO:0009656;NT=plasma	run 801	proteomic profiling by mass spectrometry	PRM_20251218_MarthaReselection_Plate_9_D5.raw	PRM_20251218_MarthaReselection_Plate_9_D5.raw	NT=Parallel Reaction Monitoring;AC=MS:1002956	AC=MS:1002038;NT=label free sample	1	NT=High-performance liquid chromatography;AC=PRIDE:0000565	1	AC=MS:1001251;NT=Trypsin	not available	NT=Stellar;AC=MS:1003409	NT=Carbamidomethyl;AC=UNIMOD:4;TA=C;MT=Fixed	NT=Higher-energy Collisional Dissociation;AC=MS:1000422	27 NCE	40 ppm	0.05 Da	CHAPS
PRM_20251218_MarthaReselection_Plate_9_E5	E	5	CHAPS	53	RE5	0.1	C:\Xcalibur\methods\method1	smb://storage3.ad.scilifelab.se/massstorage/edfors%20lab/01_hot/Martha/RAW	PRM_20251218_MarthaReselection_Plate_9_E5	Homo sapiens	blood plasma	Plate_9	MarthaReselection	not available	not available	NA	not available	not available	not available	not available	37	Plate_9_E5	MIF_3-0093	not available	1	AC=EFO:0009656;NT=plasma	run 802	proteomic profiling by mass spectrometry	PRM_20251218_MarthaReselection_Plate_9_E5.raw	PRM_20251218_MarthaReselection_Plate_9_E5.raw	NT=Parallel Reaction Monitoring;AC=MS:1002956	AC=MS:1002038;NT=label free sample	1	NT=High-performance liquid chromatography;AC=PRIDE:0000565	1	AC=MS:1001251;NT=Trypsin	not available	NT=Stellar;AC=MS:1003409	NT=Carbamidomethyl;AC=UNIMOD:4;TA=C;MT=Fixed	NT=Higher-energy Collisional Dissociation;AC=MS:1000422	27 NCE	40 ppm	0.05 Da	CHAPS
PRM_20251218_MarthaReselection_Plate_9_F5	F	5	CHAPS	65	RF5	0.1	C:\Xcalibur\methods\method1	smb://storage3.ad.scilifelab.se/massstorage/edfors%20lab/01_hot/Martha/RAW	PRM_20251218_MarthaReselection_Plate_9_F5	Homo sapiens	blood plasma	Plate_9	MarthaReselection	not available	not available	NA	not available	not available	not available	not available	38	Plate_9_F5	MIF_3-0049	not available	1	AC=EFO:0009656;NT=plasma	run 803	proteomic profiling by mass spectrometry	PRM_20251218_MarthaReselection_Plate_9_F5.raw	PRM_20251218_MarthaReselection_Plate_9_F5.raw	NT=Parallel Reaction Monitoring;AC=MS:1002956	AC=MS:1002038;NT=label free sample	1	NT=High-performance liquid chromatography;AC=PRIDE:0000565	1	AC=MS:1001251;NT=Trypsin	not available	NT=Stellar;AC=MS:1003409	NT=Carbamidomethyl;AC=UNIMOD:4;TA=C;MT=Fixed	NT=Higher-energy Collisional Dissociation;AC=MS:1000422	27 NCE	40 ppm	0.05 Da	CHAPS
PRM_20251218_MarthaReselection_Plate_9_G5	G	5	CHAPS	77	RG5	0.1	C:\Xcalibur\methods\method1	smb://storage3.ad.scilifelab.se/massstorage/edfors%20lab/01_hot/Martha/RAW	PRM_20251218_MarthaReselection_Plate_9_G5	Homo sapiens	blood plasma	Plate_9	MarthaReselection	not available	not available	NA	not available	not available	not available	not available	39	Plate_9_G5	MIF_3-0013	not available	1	AC=EFO:0009656;NT=plasma	run 804	proteomic profiling by mass spectrometry	PRM_20251218_MarthaReselection_Plate_9_G5.raw	PRM_20251218_MarthaReselection_Plate_9_G5.raw	NT=Parallel Reaction Monitoring;AC=MS:1002956	AC=MS:1002038;NT=label free sample	1	NT=High-performance liquid chromatography;AC=PRIDE:0000565	1	AC=MS:1001251;NT=Trypsin	not available	NT=Stellar;AC=MS:1003409	NT=Carbamidomethyl;AC=UNIMOD:4;TA=C;MT=Fixed	NT=Higher-energy Collisional Dissociation;AC=MS:1000422	27 NCE	40 ppm	0.05 Da	CHAPS
PRM_20251218_MarthaReselection_Plate_9_H5	H	5	CHAPS	89	RH5	0.1	C:\Xcalibur\methods\method1	smb://storage3.ad.scilifelab.se/massstorage/edfors%20lab/01_hot/Martha/RAW	PRM_20251218_MarthaReselection_Plate_9_H5	Homo sapiens	blood plasma	Plate_9	MarthaReselection	not available	not available	NA	not available	not available	not available	not available	40	Plate_9_H5	MIF_3-0008	not available	1	AC=EFO:0009656;NT=plasma	run 805	proteomic profiling by mass spectrometry	PRM_20251218_MarthaReselection_Plate_9_H5.raw	PRM_20251218_MarthaReselection_Plate_9_H5.raw	NT=Parallel Reaction Monitoring;AC=MS:1002956	AC=MS:1002038;NT=label free sample	1	NT=High-performance liquid chromatography;AC=PRIDE:0000565	1	AC=MS:1001251;NT=Trypsin	not available	NT=Stellar;AC=MS:1003409	NT=Carbamidomethyl;AC=UNIMOD:4;TA=C;MT=Fixed	NT=Higher-energy Collisional Dissociation;AC=MS:1000422	27 NCE	40 ppm	0.05 Da	CHAPS
PRM_20251218_MarthaReselection_Plate_9_A6	A	6	CHAPS	6	RA6	0.1	C:\Xcalibur\methods\method1	smb://storage3.ad.scilifelab.se/massstorage/edfors%20lab/01_hot/Martha/RAW	PRM_20251218_MarthaReselection_Plate_9_A6	Homo sapiens	blood plasma	Plate_9	MarthaReselection	not available	not available	NA	not available	not available	not available	not available	41	Plate_9_A6	MIF_3-0002	not available	1	AC=EFO:0009656;NT=plasma	run 806	proteomic profiling by mass spectrometry	PRM_20251218_MarthaReselection_Plate_9_A6.raw	PRM_20251218_MarthaReselection_Plate_9_A6.raw	NT=Parallel Reaction Monitoring;AC=MS:1002956	AC=MS:1002038;NT=label free sample	1	NT=High-performance liquid chromatography;AC=PRIDE:0000565	1	AC=MS:1001251;NT=Trypsin	not available	NT=Stellar;AC=MS:1003409	NT=Carbamidomethyl;AC=UNIMOD:4;TA=C;MT=Fixed	NT=Higher-energy Collisional Dissociation;AC=MS:1000422	27 NCE	40 ppm	0.05 Da	CHAPS
PRM_20251218_MarthaReselection_Plate_9_B6	B	6	CHAPS	18	RB6	0.1	C:\Xcalibur\methods\method1	smb://storage3.ad.scilifelab.se/massstorage/edfors%20lab/01_hot/Martha/RAW	PRM_20251218_MarthaReselection_Plate_9_B6	Homo sapiens	blood plasma	Plate_9	MarthaReselection	not available	not available	NA	not available	not available	not available	not available	42	Plate_9_B6	MIF_3-0033	not available	1	AC=EFO:0009656;NT=plasma	run 807	proteomic profiling by mass spectrometry	PRM_20251218_MarthaReselection_Plate_9_B6.raw	PRM_20251218_MarthaReselection_Plate_9_B6.raw	NT=Parallel Reaction Monitoring;AC=MS:1002956	AC=MS:1002038;NT=label free sample	1	NT=High-performance liquid chromatography;AC=PRIDE:0000565	1	AC=MS:1001251;NT=Trypsin	not available	NT=Stellar;AC=MS:1003409	NT=Carbamidomethyl;AC=UNIMOD:4;TA=C;MT=Fixed	NT=Higher-energy Collisional Dissociation;AC=MS:1000422	27 NCE	40 ppm	0.05 Da	CHAPS
PRM_20251218_MarthaReselection_Plate_9_C6	C	6	CHAPS	30	RC6	0.1	C:\Xcalibur\methods\method1	smb://storage3.ad.scilifelab.se/massstorage/edfors%20lab/01_hot/Martha/RAW	PRM_20251218_MarthaReselection_Plate_9_C6	Homo sapiens	blood plasma	Plate_9	MarthaReselection	not available	not available	NA	not available	not available	not available	not available	43	Plate_9_C6	MIF_3-0006	not available	1	AC=EFO:0009656;NT=plasma	run 808	proteomic profiling by mass spectrometry	PRM_20251218_MarthaReselection_Plate_9_C6.raw	PRM_20251218_MarthaReselection_Plate_9_C6.raw	NT=Parallel Reaction Monitoring;AC=MS:1002956	AC=MS:1002038;NT=label free sample	1	NT=High-performance liquid chromatography;AC=PRIDE:0000565	1	AC=MS:1001251;NT=Trypsin	not available	NT=Stellar;AC=MS:1003409	NT=Carbamidomethyl;AC=UNIMOD:4;TA=C;MT=Fixed	NT=Higher-energy Collisional Dissociation;AC=MS:1000422	27 NCE	40 ppm	0.05 Da	CHAPS
PRM_20251218_MarthaReselection_Plate_9_D6	D	6	CHAPS	42	RD6	0.1	C:\Xcalibur\methods\method1	smb://storage3.ad.scilifelab.se/massstorage/edfors%20lab/01_hot/Martha/RAW	PRM_20251218_MarthaReselection_Plate_9_D6	Homo sapiens	blood plasma	Plate_9	MarthaReselection	not available	not available	NA	not available	not available	not available	not available	44	Plate_9_D6	MIF_3-0032	not available	1	AC=EFO:0009656;NT=plasma	run 809	proteomic profiling by mass spectrometry	PRM_20251218_MarthaReselection_Plate_9_D6.raw	PRM_20251218_MarthaReselection_Plate_9_D6.raw	NT=Parallel Reaction Monitoring;AC=MS:1002956	AC=MS:1002038;NT=label free sample	1	NT=High-performance liquid chromatography;AC=PRIDE:0000565	1	AC=MS:1001251;NT=Trypsin	not available	NT=Stellar;AC=MS:1003409	NT=Carbamidomethyl;AC=UNIMOD:4;TA=C;MT=Fixed	NT=Higher-energy Collisional Dissociation;AC=MS:1000422	27 NCE	40 ppm	0.05 Da	CHAPS
PRM_20251218_MarthaReselection_Plate_9_E6	E	6	CHAPS	54	RE6	0.1	C:\Xcalibur\methods\method1	smb://storage3.ad.scilifelab.se/massstorage/edfors%20lab/01_hot/Martha/RAW	PRM_20251218_MarthaReselection_Plate_9_E6	Homo sapiens	blood plasma	Plate_9	MarthaReselection	not available	not available	NA	not available	not available	not available	not available	45	Plate_9_E6	MIF_3-0082	not available	1	AC=EFO:0009656;NT=plasma	run 810	proteomic profiling by mass spectrometry	PRM_20251218_MarthaReselection_Plate_9_E6.raw	PRM_20251218_MarthaReselection_Plate_9_E6.raw	NT=Parallel Reaction Monitoring;AC=MS:1002956	AC=MS:1002038;NT=label free sample	1	NT=High-performance liquid chromatography;AC=PRIDE:0000565	1	AC=MS:1001251;NT=Trypsin	not available	NT=Stellar;AC=MS:1003409	NT=Carbamidomethyl;AC=UNIMOD:4;TA=C;MT=Fixed	NT=Higher-energy Collisional Dissociation;AC=MS:1000422	27 NCE	40 ppm	0.05 Da	CHAPS
PRM_20251218_MarthaReselection_Plate_9_F6	F	6	CHAPS	66	RF6	0.1	C:\Xcalibur\methods\method1	smb://storage3.ad.scilifelab.se/massstorage/edfors%20lab/01_hot/Martha/RAW	PRM_20251218_MarthaReselection_Plate_9_F6	Homo sapiens	blood plasma	Plate_9	MarthaReselection	not available	not available	NA	not available	not available	not available	not available	46	Plate_9_F6	MIF_3-0021	not available	1	AC=EFO:0009656;NT=plasma	run 811	proteomic profiling by mass spectrometry	PRM_20251218_MarthaReselection_Plate_9_F6.raw	PRM_20251218_MarthaReselection_Plate_9_F6.raw	NT=Parallel Reaction Monitoring;AC=MS:1002956	AC=MS:1002038;NT=label free sample	1	NT=High-performance liquid chromatography;AC=PRIDE:0000565	1	AC=MS:1001251;NT=Trypsin	not available	NT=Stellar;AC=MS:1003409	NT=Carbamidomethyl;AC=UNIMOD:4;TA=C;MT=Fixed	NT=Higher-energy Collisional Dissociation;AC=MS:1000422	27 NCE	40 ppm	0.05 Da	CHAPS
PRM_20251218_MarthaReselection_Plate_9_G6	G	6	CHAPS	78	RG6	0.1	C:\Xcalibur\methods\method1	smb://storage3.ad.scilifelab.se/massstorage/edfors%20lab/01_hot/Martha/RAW	PRM_20251218_MarthaReselection_Plate_9_G6	Homo sapiens	blood plasma	Plate_9	MarthaReselection	not available	not available	NA	not available	not available	not available	not available	47	Plate_9_G6	MIF_3-0077	not available	1	AC=EFO:0009656;NT=plasma	run 812	proteomic profiling by mass spectrometry	PRM_20251218_MarthaReselection_Plate_9_G6.raw	PRM_20251218_MarthaReselection_Plate_9_G6.raw	NT=Parallel Reaction Monitoring;AC=MS:1002956	AC=MS:1002038;NT=label free sample	1	NT=High-performance liquid chromatography;AC=PRIDE:0000565	1	AC=MS:1001251;NT=Trypsin	not available	NT=Stellar;AC=MS:1003409	NT=Carbamidomethyl;AC=UNIMOD:4;TA=C;MT=Fixed	NT=Higher-energy Collisional Dissociation;AC=MS:1000422	27 NCE	40 ppm	0.05 Da	CHAPS
PRM_20251218_MarthaReselection_Plate_9_H6	H	6	CHAPS	90	RH6	0.1	C:\Xcalibur\methods\method1	smb://storage3.ad.scilifelab.se/massstorage/edfors%20lab/01_hot/Martha/RAW	PRM_20251218_MarthaReselection_Plate_9_H6	Homo sapiens	blood plasma	Plate_9	MarthaReselection	not available	not available	NA	not available	not available	not available	not available	48	Plate_9_H6	MIF_3-0081	not available	1	AC=EFO:0009656;NT=plasma	run 813	proteomic profiling by mass spectrometry	PRM_20251218_MarthaReselection_Plate_9_H6.raw	PRM_20251218_MarthaReselection_Plate_9_H6.raw	NT=Parallel Reaction Monitoring;AC=MS:1002956	AC=MS:1002038;NT=label free sample	1	NT=High-performance liquid chromatography;AC=PRIDE:0000565	1	AC=MS:1001251;NT=Trypsin	not available	NT=Stellar;AC=MS:1003409	NT=Carbamidomethyl;AC=UNIMOD:4;TA=C;MT=Fixed	NT=Higher-energy Collisional Dissociation;AC=MS:1000422	27 NCE	40 ppm	0.05 Da	CHAPS
PRM_20251218_MarthaReselection_Plate_9_A7	A	7	CHAPS	7	RA7	0.1	C:\Xcalibur\methods\method1	smb://storage3.ad.scilifelab.se/massstorage/edfors%20lab/01_hot/Martha/RAW	PRM_20251218_MarthaReselection_Plate_9_A7	Homo sapiens	blood plasma	Plate_9	MarthaReselection	not available	not available	NA	not available	not available	not available	not available	49	Plate_9_A7	MIF_3-0014	not available	1	AC=EFO:0009656;NT=plasma	run 814	proteomic profiling by mass spectrometry	PRM_20251218_MarthaReselection_Plate_9_A7.raw	PRM_20251218_MarthaReselection_Plate_9_A7.raw	NT=Parallel Reaction Monitoring;AC=MS:1002956	AC=MS:1002038;NT=label free sample	1	NT=High-performance liquid chromatography;AC=PRIDE:0000565	1	AC=MS:1001251;NT=Trypsin	not available	NT=Stellar;AC=MS:1003409	NT=Carbamidomethyl;AC=UNIMOD:4;TA=C;MT=Fixed	NT=Higher-energy Collisional Dissociation;AC=MS:1000422	27 NCE	40 ppm	0.05 Da	CHAPS
PRM_20251218_MarthaReselection_Plate_9_B7	B	7	CHAPS	19	RB7	0.1	C:\Xcalibur\methods\method1	smb://storage3.ad.scilifelab.se/massstorage/edfors%20lab/01_hot/Martha/RAW	PRM_20251218_MarthaReselection_Plate_9_B7	Homo sapiens	blood plasma	Plate_9	MarthaReselection	not available	not available	NA	not available	not available	not available	not available	50	Plate_9_B7	MIF_3-0061	not available	1	AC=EFO:0009656;NT=plasma	run 815	proteomic profiling by mass spectrometry	PRM_20251218_MarthaReselection_Plate_9_B7.raw	PRM_20251218_MarthaReselection_Plate_9_B7.raw	NT=Parallel Reaction Monitoring;AC=MS:1002956	AC=MS:1002038;NT=label free sample	1	NT=High-performance liquid chromatography;AC=PRIDE:0000565	1	AC=MS:1001251;NT=Trypsin	not available	NT=Stellar;AC=MS:1003409	NT=Carbamidomethyl;AC=UNIMOD:4;TA=C;MT=Fixed	NT=Higher-energy Collisional Dissociation;AC=MS:1000422	27 NCE	40 ppm	0.05 Da	CHAPS
PRM_20251218_MarthaReselection_Plate_9_C7	C	7	CHAPS	31	RC7	0.1	C:\Xcalibur\methods\method1	smb://storage3.ad.scilifelab.se/massstorage/edfors%20lab/01_hot/Martha/RAW	PRM_20251218_MarthaReselection_Plate_9_C7	Homo sapiens	blood plasma	Plate_9	MarthaReselection	not available	not available	NA	not available	not available	not available	not available	51	Plate_9_C7	MIF_3-0059	not available	1	AC=EFO:0009656;NT=plasma	run 816	proteomic profiling by mass spectrometry	PRM_20251218_MarthaReselection_Plate_9_C7.raw	PRM_20251218_MarthaReselection_Plate_9_C7.raw	NT=Parallel Reaction Monitoring;AC=MS:1002956	AC=MS:1002038;NT=label free sample	1	NT=High-performance liquid chromatography;AC=PRIDE:0000565	1	AC=MS:1001251;NT=Trypsin	not available	NT=Stellar;AC=MS:1003409	NT=Carbamidomethyl;AC=UNIMOD:4;TA=C;MT=Fixed	NT=Higher-energy Collisional Dissociation;AC=MS:1000422	27 NCE	40 ppm	0.05 Da	CHAPS
PRM_20251218_MarthaReselection_Plate_9_D7	D	7	CHAPS	43	RD7	0.1	C:\Xcalibur\methods\method1	smb://storage3.ad.scilifelab.se/massstorage/edfors%20lab/01_hot/Martha/RAW	PRM_20251218_MarthaReselection_Plate_9_D7	Homo sapiens	blood plasma	Plate_9	MarthaReselection	not available	not available	NA	not available	not available	not available	not available	52	Plate_9_D7	MIF_3-0058	not available	1	AC=EFO:0009656;NT=plasma	run 817	proteomic profiling by mass spectrometry	PRM_20251218_MarthaReselection_Plate_9_D7.raw	PRM_20251218_MarthaReselection_Plate_9_D7.raw	NT=Parallel Reaction Monitoring;AC=MS:1002956	AC=MS:1002038;NT=label free sample	1	NT=High-performance liquid chromatography;AC=PRIDE:0000565	1	AC=MS:1001251;NT=Trypsin	not available	NT=Stellar;AC=MS:1003409	NT=Carbamidomethyl;AC=UNIMOD:4;TA=C;MT=Fixed	NT=Higher-energy Collisional Dissociation;AC=MS:1000422	27 NCE	40 ppm	0.05 Da	CHAPS
PRM_20251218_MarthaReselection_Plate_9_E7	E	7	CHAPS	55	RE7	0.1	C:\Xcalibur\methods\method1	smb://storage3.ad.scilifelab.se/massstorage/edfors%20lab/01_hot/Martha/RAW	PRM_20251218_MarthaReselection_Plate_9_E7	Homo sapiens	blood plasma	Plate_9	MarthaReselection	not available	not available	NA	not available	not available	not available	not available	53	Plate_9_E7	MIF_3-0068	not available	1	AC=EFO:0009656;NT=plasma	run 818	proteomic profiling by mass spectrometry	PRM_20251218_MarthaReselection_Plate_9_E7.raw	PRM_20251218_MarthaReselection_Plate_9_E7.raw	NT=Parallel Reaction Monitoring;AC=MS:1002956	AC=MS:1002038;NT=label free sample	1	NT=High-performance liquid chromatography;AC=PRIDE:0000565	1	AC=MS:1001251;NT=Trypsin	not available	NT=Stellar;AC=MS:1003409	NT=Carbamidomethyl;AC=UNIMOD:4;TA=C;MT=Fixed	NT=Higher-energy Collisional Dissociation;AC=MS:1000422	27 NCE	40 ppm	0.05 Da	CHAPS
PRM_20251218_MarthaReselection_Plate_9_F7	F	7	CHAPS	67	RF7	0.1	C:\Xcalibur\methods\method1	smb://storage3.ad.scilifelab.se/massstorage/edfors%20lab/01_hot/Martha/RAW	PRM_20251218_MarthaReselection_Plate_9_F7	Homo sapiens	blood plasma	Plate_9	MarthaReselection	not available	not available	NA	not available	not available	not available	not available	54	Plate_9_F7	MIF_3-0045	not available	1	AC=EFO:0009656;NT=plasma	run 819	proteomic profiling by mass spectrometry	PRM_20251218_MarthaReselection_Plate_9_F7.raw	PRM_20251218_MarthaReselection_Plate_9_F7.raw	NT=Parallel Reaction Monitoring;AC=MS:1002956	AC=MS:1002038;NT=label free sample	1	NT=High-performance liquid chromatography;AC=PRIDE:0000565	1	AC=MS:1001251;NT=Trypsin	not available	NT=Stellar;AC=MS:1003409	NT=Carbamidomethyl;AC=UNIMOD:4;TA=C;MT=Fixed	NT=Higher-energy Collisional Dissociation;AC=MS:1000422	27 NCE	40 ppm	0.05 Da	CHAPS
PRM_20251218_MarthaReselection_Plate_9_G7	G	7	CHAPS	79	RG7	0.1	C:\Xcalibur\methods\method1	smb://storage3.ad.scilifelab.se/massstorage/edfors%20lab/01_hot/Martha/RAW	PRM_20251218_MarthaReselection_Plate_9_G7	Homo sapiens	blood plasma	Plate_9	MarthaReselection	not available	not available	NA	not available	not available	not available	not available	55	Plate_9_G7	MIF_3-0085	not available	1	AC=EFO:0009656;NT=plasma	run 820	proteomic profiling by mass spectrometry	PRM_20251218_MarthaReselection_Plate_9_G7.raw	PRM_20251218_MarthaReselection_Plate_9_G7.raw	NT=Parallel Reaction Monitoring;AC=MS:1002956	AC=MS:1002038;NT=label free sample	1	NT=High-performance liquid chromatography;AC=PRIDE:0000565	1	AC=MS:1001251;NT=Trypsin	not available	NT=Stellar;AC=MS:1003409	NT=Carbamidomethyl;AC=UNIMOD:4;TA=C;MT=Fixed	NT=Higher-energy Collisional Dissociation;AC=MS:1000422	27 NCE	40 ppm	0.05 Da	CHAPS
PRM_20251218_MarthaReselection_Plate_9_H7	H	7	CHAPS	91	RH7	0.1	C:\Xcalibur\methods\method1	smb://storage3.ad.scilifelab.se/massstorage/edfors%20lab/01_hot/Martha/RAW	PRM_20251218_MarthaReselection_Plate_9_H7	Homo sapiens	blood plasma	Plate_9	MarthaReselection	not available	not available	NA	not available	not available	not available	not available	56	Plate_9_H7	MIF_3-0050	not available	1	AC=EFO:0009656;NT=plasma	run 821	proteomic profiling by mass spectrometry	PRM_20251218_MarthaReselection_Plate_9_H7.raw	PRM_20251218_MarthaReselection_Plate_9_H7.raw	NT=Parallel Reaction Monitoring;AC=MS:1002956	AC=MS:1002038;NT=label free sample	1	NT=High-performance liquid chromatography;AC=PRIDE:0000565	1	AC=MS:1001251;NT=Trypsin	not available	NT=Stellar;AC=MS:1003409	NT=Carbamidomethyl;AC=UNIMOD:4;TA=C;MT=Fixed	NT=Higher-energy Collisional Dissociation;AC=MS:1000422	27 NCE	40 ppm	0.05 Da	CHAPS
PRM_20251218_MarthaReselection_Plate_9_A8	A	8	CHAPS	8	RA8	0.1	C:\Xcalibur\methods\method1	smb://storage3.ad.scilifelab.se/massstorage/edfors%20lab/01_hot/Martha/RAW	PRM_20251218_MarthaReselection_Plate_9_A8	Homo sapiens	blood plasma	Plate_9	MarthaReselection	not available	not available	NA	not available	not available	not available	not available	57	Plate_9_A8	MIF_3-0009	not available	1	AC=EFO:0009656;NT=plasma	run 822	proteomic profiling by mass spectrometry	PRM_20251218_MarthaReselection_Plate_9_A8.raw	PRM_20251218_MarthaReselection_Plate_9_A8.raw	NT=Parallel Reaction Monitoring;AC=MS:1002956	AC=MS:1002038;NT=label free sample	1	NT=High-performance liquid chromatography;AC=PRIDE:0000565	1	AC=MS:1001251;NT=Trypsin	not available	NT=Stellar;AC=MS:1003409	NT=Carbamidomethyl;AC=UNIMOD:4;TA=C;MT=Fixed	NT=Higher-energy Collisional Dissociation;AC=MS:1000422	27 NCE	40 ppm	0.05 Da	CHAPS
PRM_20251218_MarthaReselection_Plate_9_B8	B	8	CHAPS	20	RB8	0.1	C:\Xcalibur\methods\method1	smb://storage3.ad.scilifelab.se/massstorage/edfors%20lab/01_hot/Martha/RAW	PRM_20251218_MarthaReselection_Plate_9_B8	Homo sapiens	blood plasma	Plate_9	MarthaReselection	not available	not available	NA	not available	not available	not available	not available	58	Plate_9_B8	MIF_3-0044	not available	1	AC=EFO:0009656;NT=plasma	run 823	proteomic profiling by mass spectrometry	PRM_20251218_MarthaReselection_Plate_9_B8.raw	PRM_20251218_MarthaReselection_Plate_9_B8.raw	NT=Parallel Reaction Monitoring;AC=MS:1002956	AC=MS:1002038;NT=label free sample	1	NT=High-performance liquid chromatography;AC=PRIDE:0000565	1	AC=MS:1001251;NT=Trypsin	not available	NT=Stellar;AC=MS:1003409	NT=Carbamidomethyl;AC=UNIMOD:4;TA=C;MT=Fixed	NT=Higher-energy Collisional Dissociation;AC=MS:1000422	27 NCE	40 ppm	0.05 Da	CHAPS
PRM_20251218_MarthaReselection_Plate_9_C8	C	8	CHAPS	32	RC8	0.1	C:\Xcalibur\methods\method1	smb://storage3.ad.scilifelab.se/massstorage/edfors%20lab/01_hot/Martha/RAW	PRM_20251218_MarthaReselection_Plate_9_C8	Homo sapiens	blood plasma	Plate_9	MarthaReselection	not available	not available	NA	not available	not available	not available	not available	59	Plate_9_C8	MIF_3-0055	not available	1	AC=EFO:0009656;NT=plasma	run 824	proteomic profiling by mass spectrometry	PRM_20251218_MarthaReselection_Plate_9_C8.raw	PRM_20251218_MarthaReselection_Plate_9_C8.raw	NT=Parallel Reaction Monitoring;AC=MS:1002956	AC=MS:1002038;NT=label free sample	1	NT=High-performance liquid chromatography;AC=PRIDE:0000565	1	AC=MS:1001251;NT=Trypsin	not available	NT=Stellar;AC=MS:1003409	NT=Carbamidomethyl;AC=UNIMOD:4;TA=C;MT=Fixed	NT=Higher-energy Collisional Dissociation;AC=MS:1000422	27 NCE	40 ppm	0.05 Da	CHAPS
PRM_20251218_MarthaReselection_Plate_9_D8	D	8	CHAPS	44	RD8	0.1	C:\Xcalibur\methods\method1	smb://storage3.ad.scilifelab.se/massstorage/edfors%20lab/01_hot/Martha/RAW	PRM_20251218_MarthaReselection_Plate_9_D8	Homo sapiens	blood plasma	Plate_9	MarthaReselection	not available	not available	NA	not available	not available	not available	not available	60	Plate_9_D8	MIF_3-0007	not available	1	AC=EFO:0009656;NT=plasma	run 825	proteomic profiling by mass spectrometry	PRM_20251218_MarthaReselection_Plate_9_D8.raw	PRM_20251218_MarthaReselection_Plate_9_D8.raw	NT=Parallel Reaction Monitoring;AC=MS:1002956	AC=MS:1002038;NT=label free sample	1	NT=High-performance liquid chromatography;AC=PRIDE:0000565	1	AC=MS:1001251;NT=Trypsin	not available	NT=Stellar;AC=MS:1003409	NT=Carbamidomethyl;AC=UNIMOD:4;TA=C;MT=Fixed	NT=Higher-energy Collisional Dissociation;AC=MS:1000422	27 NCE	40 ppm	0.05 Da	CHAPS
PRM_20251218_MarthaReselection_Plate_9_E8	E	8	CHAPS	56	RE8	0.1	C:\Xcalibur\methods\method1	smb://storage3.ad.scilifelab.se/massstorage/edfors%20lab/01_hot/Martha/RAW	PRM_20251218_MarthaReselection_Plate_9_E8	Homo sapiens	blood plasma	Plate_9	MarthaReselection	not available	not available	NA	not available	not available	not available	not available	61	Plate_9_E8	MIF_3-0020	not available	1	AC=EFO:0009656;NT=plasma	run 826	proteomic profiling by mass spectrometry	PRM_20251218_MarthaReselection_Plate_9_E8.raw	PRM_20251218_MarthaReselection_Plate_9_E8.raw	NT=Parallel Reaction Monitoring;AC=MS:1002956	AC=MS:1002038;NT=label free sample	1	NT=High-performance liquid chromatography;AC=PRIDE:0000565	1	AC=MS:1001251;NT=Trypsin	not available	NT=Stellar;AC=MS:1003409	NT=Carbamidomethyl;AC=UNIMOD:4;TA=C;MT=Fixed	NT=Higher-energy Collisional Dissociation;AC=MS:1000422	27 NCE	40 ppm	0.05 Da	CHAPS
PRM_20251218_MarthaReselection_Plate_9_F8	F	8	CHAPS	68	RF8	0.1	C:\Xcalibur\methods\method1	smb://storage3.ad.scilifelab.se/massstorage/edfors%20lab/01_hot/Martha/RAW	PRM_20251218_MarthaReselection_Plate_9_F8	Homo sapiens	blood plasma	Plate_9	MarthaReselection	not available	not available	NA	not available	not available	not available	not available	62	Plate_9_F8	MIF_3-0071	not available	1	AC=EFO:0009656;NT=plasma	run 827	proteomic profiling by mass spectrometry	PRM_20251218_MarthaReselection_Plate_9_F8.raw	PRM_20251218_MarthaReselection_Plate_9_F8.raw	NT=Parallel Reaction Monitoring;AC=MS:1002956	AC=MS:1002038;NT=label free sample	1	NT=High-performance liquid chromatography;AC=PRIDE:0000565	1	AC=MS:1001251;NT=Trypsin	not available	NT=Stellar;AC=MS:1003409	NT=Carbamidomethyl;AC=UNIMOD:4;TA=C;MT=Fixed	NT=Higher-energy Collisional Dissociation;AC=MS:1000422	27 NCE	40 ppm	0.05 Da	CHAPS
PRM_20251218_MarthaReselection_Plate_9_G8	G	8	CHAPS	80	RG8	0.1	C:\Xcalibur\methods\method1	smb://storage3.ad.scilifelab.se/massstorage/edfors%20lab/01_hot/Martha/RAW	PRM_20251218_MarthaReselection_Plate_9_G8	Homo sapiens	blood plasma	Plate_9	MarthaReselection	not available	not available	NA	not available	not available	not available	not available	63	Plate_9_G8	MIF_3-0052	not available	1	AC=EFO:0009656;NT=plasma	run 828	proteomic profiling by mass spectrometry	PRM_20251218_MarthaReselection_Plate_9_G8.raw	PRM_20251218_MarthaReselection_Plate_9_G8.raw	NT=Parallel Reaction Monitoring;AC=MS:1002956	AC=MS:1002038;NT=label free sample	1	NT=High-performance liquid chromatography;AC=PRIDE:0000565	1	AC=MS:1001251;NT=Trypsin	not available	NT=Stellar;AC=MS:1003409	NT=Carbamidomethyl;AC=UNIMOD:4;TA=C;MT=Fixed	NT=Higher-energy Collisional Dissociation;AC=MS:1000422	27 NCE	40 ppm	0.05 Da	CHAPS
PRM_20251218_MarthaReselection_Plate_9_H8	H	8	CHAPS	92	RH8	0.1	C:\Xcalibur\methods\method1	smb://storage3.ad.scilifelab.se/massstorage/edfors%20lab/01_hot/Martha/RAW	PRM_20251218_MarthaReselection_Plate_9_H8	Homo sapiens	blood plasma	Plate_9	MarthaReselection	not available	not available	NA	not available	not available	not available	not available	64	Plate_9_H8	MIF_3-0091	not available	1	AC=EFO:0009656;NT=plasma	run 829	proteomic profiling by mass spectrometry	PRM_20251218_MarthaReselection_Plate_9_H8.raw	PRM_20251218_MarthaReselection_Plate_9_H8.raw	NT=Parallel Reaction Monitoring;AC=MS:1002956	AC=MS:1002038;NT=label free sample	1	NT=High-performance liquid chromatography;AC=PRIDE:0000565	1	AC=MS:1001251;NT=Trypsin	not available	NT=Stellar;AC=MS:1003409	NT=Carbamidomethyl;AC=UNIMOD:4;TA=C;MT=Fixed	NT=Higher-energy Collisional Dissociation;AC=MS:1000422	27 NCE	40 ppm	0.05 Da	CHAPS
PRM_20251218_MarthaReselection_Plate_9_A9	A	9	CHAPS	9	RA9	0.1	C:\Xcalibur\methods\method1	smb://storage3.ad.scilifelab.se/massstorage/edfors%20lab/01_hot/Martha/RAW	PRM_20251218_MarthaReselection_Plate_9_A9	Homo sapiens	blood plasma	Plate_9	MarthaReselection	not available	not available	NA	not available	not available	not available	not available	65	Plate_9_A9	MIF_3-0005	not available	1	AC=EFO:0009656;NT=plasma	run 830	proteomic profiling by mass spectrometry	PRM_20251218_MarthaReselection_Plate_9_A9.raw	PRM_20251218_MarthaReselection_Plate_9_A9.raw	NT=Parallel Reaction Monitoring;AC=MS:1002956	AC=MS:1002038;NT=label free sample	1	NT=High-performance liquid chromatography;AC=PRIDE:0000565	1	AC=MS:1001251;NT=Trypsin	not available	NT=Stellar;AC=MS:1003409	NT=Carbamidomethyl;AC=UNIMOD:4;TA=C;MT=Fixed	NT=Higher-energy Collisional Dissociation;AC=MS:1000422	27 NCE	40 ppm	0.05 Da	CHAPS
PRM_20251218_MarthaReselection_Plate_9_B9	B	9	CHAPS	21	RB9	0.1	C:\Xcalibur\methods\method1	smb://storage3.ad.scilifelab.se/massstorage/edfors%20lab/01_hot/Martha/RAW	PRM_20251218_MarthaReselection_Plate_9_B9	Homo sapiens	blood plasma	Plate_9	MarthaReselection	not available	not available	NA	not available	not available	not available	not available	66	Plate_9_B9	MIF_3-0004	not available	1	AC=EFO:0009656;NT=plasma	run 831	proteomic profiling by mass spectrometry	PRM_20251218_MarthaReselection_Plate_9_B9.raw	PRM_20251218_MarthaReselection_Plate_9_B9.raw	NT=Parallel Reaction Monitoring;AC=MS:1002956	AC=MS:1002038;NT=label free sample	1	NT=High-performance liquid chromatography;AC=PRIDE:0000565	1	AC=MS:1001251;NT=Trypsin	not available	NT=Stellar;AC=MS:1003409	NT=Carbamidomethyl;AC=UNIMOD:4;TA=C;MT=Fixed	NT=Higher-energy Collisional Dissociation;AC=MS:1000422	27 NCE	40 ppm	0.05 Da	CHAPS
PRM_20251218_MarthaReselection_Plate_9_C9	C	9	CHAPS	33	RC9	0.1	C:\Xcalibur\methods\method1	smb://storage3.ad.scilifelab.se/massstorage/edfors%20lab/01_hot/Martha/RAW	PRM_20251218_MarthaReselection_Plate_9_C9	Homo sapiens	blood plasma	Plate_9	MarthaReselection	not available	not available	NA	not available	not available	not available	not available	67	Plate_9_C9	MIF_3-0096	not available	1	AC=EFO:0009656;NT=plasma	run 832	proteomic profiling by mass spectrometry	PRM_20251218_MarthaReselection_Plate_9_C9.raw	PRM_20251218_MarthaReselection_Plate_9_C9.raw	NT=Parallel Reaction Monitoring;AC=MS:1002956	AC=MS:1002038;NT=label free sample	1	NT=High-performance liquid chromatography;AC=PRIDE:0000565	1	AC=MS:1001251;NT=Trypsin	not available	NT=Stellar;AC=MS:1003409	NT=Carbamidomethyl;AC=UNIMOD:4;TA=C;MT=Fixed	NT=Higher-energy Collisional Dissociation;AC=MS:1000422	27 NCE	40 ppm	0.05 Da	CHAPS
PRM_20251218_MarthaReselection_Plate_9_D9	D	9	CHAPS	45	RD9	0.1	C:\Xcalibur\methods\method1	smb://storage3.ad.scilifelab.se/massstorage/edfors%20lab/01_hot/Martha/RAW	PRM_20251218_MarthaReselection_Plate_9_D9	Homo sapiens	blood plasma	Plate_9	MarthaReselection	not available	not available	NA	not available	not available	not available	not available	68	Plate_9_D9	MIF_3-0074	not available	1	AC=EFO:0009656;NT=plasma	run 833	proteomic profiling by mass spectrometry	PRM_20251218_MarthaReselection_Plate_9_D9.raw	PRM_20251218_MarthaReselection_Plate_9_D9.raw	NT=Parallel Reaction Monitoring;AC=MS:1002956	AC=MS:1002038;NT=label free sample	1	NT=High-performance liquid chromatography;AC=PRIDE:0000565	1	AC=MS:1001251;NT=Trypsin	not available	NT=Stellar;AC=MS:1003409	NT=Carbamidomethyl;AC=UNIMOD:4;TA=C;MT=Fixed	NT=Higher-energy Collisional Dissociation;AC=MS:1000422	27 NCE	40 ppm	0.05 Da	CHAPS
PRM_20251218_MarthaReselection_Plate_9_E9	E	9	CHAPS	57	RE9	0.1	C:\Xcalibur\methods\method1	smb://storage3.ad.scilifelab.se/massstorage/edfors%20lab/01_hot/Martha/RAW	PRM_20251218_MarthaReselection_Plate_9_E9	Homo sapiens	blood plasma	Plate_9	MarthaReselection	not available	not available	NA	not available	not available	not available	not available	69	Plate_9_E9	MIF_3-0080	not available	1	AC=EFO:0009656;NT=plasma	run 834	proteomic profiling by mass spectrometry	PRM_20251218_MarthaReselection_Plate_9_E9.raw	PRM_20251218_MarthaReselection_Plate_9_E9.raw	NT=Parallel Reaction Monitoring;AC=MS:1002956	AC=MS:1002038;NT=label free sample	1	NT=High-performance liquid chromatography;AC=PRIDE:0000565	1	AC=MS:1001251;NT=Trypsin	not available	NT=Stellar;AC=MS:1003409	NT=Carbamidomethyl;AC=UNIMOD:4;TA=C;MT=Fixed	NT=Higher-energy Collisional Dissociation;AC=MS:1000422	27 NCE	40 ppm	0.05 Da	CHAPS
PRM_20251218_MarthaReselection_Plate_9_F9	F	9	CHAPS	69	RF9	0.1	C:\Xcalibur\methods\method1	smb://storage3.ad.scilifelab.se/massstorage/edfors%20lab/01_hot/Martha/RAW	PRM_20251218_MarthaReselection_Plate_9_F9	Homo sapiens	blood plasma	Plate_9	MarthaReselection	not available	not available	NA	not available	not available	not available	not available	70	Plate_9_F9	MIF_3-0054	not available	1	AC=EFO:0009656;NT=plasma	run 835	proteomic profiling by mass spectrometry	PRM_20251218_MarthaReselection_Plate_9_F9.raw	PRM_20251218_MarthaReselection_Plate_9_F9.raw	NT=Parallel Reaction Monitoring;AC=MS:1002956	AC=MS:1002038;NT=label free sample	1	NT=High-performance liquid chromatography;AC=PRIDE:0000565	1	AC=MS:1001251;NT=Trypsin	not available	NT=Stellar;AC=MS:1003409	NT=Carbamidomethyl;AC=UNIMOD:4;TA=C;MT=Fixed	NT=Higher-energy Collisional Dissociation;AC=MS:1000422	27 NCE	40 ppm	0.05 Da	CHAPS
PRM_20251218_MarthaReselection_Plate_9_G9	G	9	CHAPS	81	RG9	0.1	C:\Xcalibur\methods\method1	smb://storage3.ad.scilifelab.se/massstorage/edfors%20lab/01_hot/Martha/RAW	PRM_20251218_MarthaReselection_Plate_9_G9	Homo sapiens	blood plasma	Plate_9	MarthaReselection	not available	not available	NA	not available	not available	not available	not available	71	Plate_9_G9	MIF_3-0038	not available	1	AC=EFO:0009656;NT=plasma	run 836	proteomic profiling by mass spectrometry	PRM_20251218_MarthaReselection_Plate_9_G9.raw	PRM_20251218_MarthaReselection_Plate_9_G9.raw	NT=Parallel Reaction Monitoring;AC=MS:1002956	AC=MS:1002038;NT=label free sample	1	NT=High-performance liquid chromatography;AC=PRIDE:0000565	1	AC=MS:1001251;NT=Trypsin	not available	NT=Stellar;AC=MS:1003409	NT=Carbamidomethyl;AC=UNIMOD:4;TA=C;MT=Fixed	NT=Higher-energy Collisional Dissociation;AC=MS:1000422	27 NCE	40 ppm	0.05 Da	CHAPS
PRM_20251218_MarthaReselection_Plate_9_H9	H	9	CHAPS	93	RH9	0.1	C:\Xcalibur\methods\method1	smb://storage3.ad.scilifelab.se/massstorage/edfors%20lab/01_hot/Martha/RAW	PRM_20251218_MarthaReselection_Plate_9_H9	Homo sapiens	blood plasma	Plate_9	MarthaReselection	not available	not available	NA	not available	not available	not available	not available	72	Plate_9_H9	MIF_3-0022	not available	1	AC=EFO:0009656;NT=plasma	run 837	proteomic profiling by mass spectrometry	PRM_20251218_MarthaReselection_Plate_9_H9.raw	PRM_20251218_MarthaReselection_Plate_9_H9.raw	NT=Parallel Reaction Monitoring;AC=MS:1002956	AC=MS:1002038;NT=label free sample	1	NT=High-performance liquid chromatography;AC=PRIDE:0000565	1	AC=MS:1001251;NT=Trypsin	not available	NT=Stellar;AC=MS:1003409	NT=Carbamidomethyl;AC=UNIMOD:4;TA=C;MT=Fixed	NT=Higher-energy Collisional Dissociation;AC=MS:1000422	27 NCE	40 ppm	0.05 Da	CHAPS
PRM_20251218_MarthaReselection_Plate_9_A10	A	10	CHAPS	10	RA10	0.1	C:\Xcalibur\methods\method1	smb://storage3.ad.scilifelab.se/massstorage/edfors%20lab/01_hot/Martha/RAW	PRM_20251218_MarthaReselection_Plate_9_A10	Homo sapiens	blood plasma	Plate_9	MarthaReselection	not available	not available	NA	not available	not available	not available	not available	73	Plate_9_A10	MIF_3-0064	not available	1	AC=EFO:0009656;NT=plasma	run 838	proteomic profiling by mass spectrometry	PRM_20251218_MarthaReselection_Plate_9_A10.raw	PRM_20251218_MarthaReselection_Plate_9_A10.raw	NT=Parallel Reaction Monitoring;AC=MS:1002956	AC=MS:1002038;NT=label free sample	1	NT=High-performance liquid chromatography;AC=PRIDE:0000565	1	AC=MS:1001251;NT=Trypsin	not available	NT=Stellar;AC=MS:1003409	NT=Carbamidomethyl;AC=UNIMOD:4;TA=C;MT=Fixed	NT=Higher-energy Collisional Dissociation;AC=MS:1000422	27 NCE	40 ppm	0.05 Da	CHAPS
PRM_20251218_MarthaReselection_Plate_9_B10	B	10	CHAPS	22	RB10	0.1	C:\Xcalibur\methods\method1	smb://storage3.ad.scilifelab.se/massstorage/edfors%20lab/01_hot/Martha/RAW	PRM_20251218_MarthaReselection_Plate_9_B10	Homo sapiens	blood plasma	Plate_9	MarthaReselection	not available	not available	NA	not available	not available	not available	not available	74	Plate_9_B10	MIF_3-0043	not available	1	AC=EFO:0009656;NT=plasma	run 839	proteomic profiling by mass spectrometry	PRM_20251218_MarthaReselection_Plate_9_B10.raw	PRM_20251218_MarthaReselection_Plate_9_B10.raw	NT=Parallel Reaction Monitoring;AC=MS:1002956	AC=MS:1002038;NT=label free sample	1	NT=High-performance liquid chromatography;AC=PRIDE:0000565	1	AC=MS:1001251;NT=Trypsin	not available	NT=Stellar;AC=MS:1003409	NT=Carbamidomethyl;AC=UNIMOD:4;TA=C;MT=Fixed	NT=Higher-energy Collisional Dissociation;AC=MS:1000422	27 NCE	40 ppm	0.05 Da	CHAPS
PRM_20251218_MarthaReselection_Plate_9_C10	C	10	CHAPS	34	RC10	0.1	C:\Xcalibur\methods\method1	smb://storage3.ad.scilifelab.se/massstorage/edfors%20lab/01_hot/Martha/RAW	PRM_20251218_MarthaReselection_Plate_9_C10	Homo sapiens	blood plasma	Plate_9	MarthaReselection	not available	not available	NA	not available	not available	not available	not available	75	Plate_9_C10	MIF_3-0056	not available	1	AC=EFO:0009656;NT=plasma	run 840	proteomic profiling by mass spectrometry	PRM_20251218_MarthaReselection_Plate_9_C10.raw	PRM_20251218_MarthaReselection_Plate_9_C10.raw	NT=Parallel Reaction Monitoring;AC=MS:1002956	AC=MS:1002038;NT=label free sample	1	NT=High-performance liquid chromatography;AC=PRIDE:0000565	1	AC=MS:1001251;NT=Trypsin	not available	NT=Stellar;AC=MS:1003409	NT=Carbamidomethyl;AC=UNIMOD:4;TA=C;MT=Fixed	NT=Higher-energy Collisional Dissociation;AC=MS:1000422	27 NCE	40 ppm	0.05 Da	CHAPS
PRM_20251218_MarthaReselection_Plate_9_D10	D	10	CHAPS	46	RD10	0.1	C:\Xcalibur\methods\method1	smb://storage3.ad.scilifelab.se/massstorage/edfors%20lab/01_hot/Martha/RAW	PRM_20251218_MarthaReselection_Plate_9_D10	Homo sapiens	blood plasma	Plate_9	MarthaReselection	not available	not available	NA	not available	not available	not available	not available	76	Plate_9_D10	MIF_3-0039	not available	1	AC=EFO:0009656;NT=plasma	run 841	proteomic profiling by mass spectrometry	PRM_20251218_MarthaReselection_Plate_9_D10.raw	PRM_20251218_MarthaReselection_Plate_9_D10.raw	NT=Parallel Reaction Monitoring;AC=MS:1002956	AC=MS:1002038;NT=label free sample	1	NT=High-performance liquid chromatography;AC=PRIDE:0000565	1	AC=MS:1001251;NT=Trypsin	not available	NT=Stellar;AC=MS:1003409	NT=Carbamidomethyl;AC=UNIMOD:4;TA=C;MT=Fixed	NT=Higher-energy Collisional Dissociation;AC=MS:1000422	27 NCE	40 ppm	0.05 Da	CHAPS
PRM_20251218_MarthaReselection_Plate_9_E10	E	10	CHAPS	58	RE10	0.1	C:\Xcalibur\methods\method1	smb://storage3.ad.scilifelab.se/massstorage/edfors%20lab/01_hot/Martha/RAW	PRM_20251218_MarthaReselection_Plate_9_E10	Homo sapiens	blood plasma	Plate_9	MarthaReselection	not available	not available	NA	not available	not available	not available	not available	77	Plate_9_E10	MIF_3-0053	not available	1	AC=EFO:0009656;NT=plasma	run 842	proteomic profiling by mass spectrometry	PRM_20251218_MarthaReselection_Plate_9_E10.raw	PRM_20251218_MarthaReselection_Plate_9_E10.raw	NT=Parallel Reaction Monitoring;AC=MS:1002956	AC=MS:1002038;NT=label free sample	1	NT=High-performance liquid chromatography;AC=PRIDE:0000565	1	AC=MS:1001251;NT=Trypsin	not available	NT=Stellar;AC=MS:1003409	NT=Carbamidomethyl;AC=UNIMOD:4;TA=C;MT=Fixed	NT=Higher-energy Collisional Dissociation;AC=MS:1000422	27 NCE	40 ppm	0.05 Da	CHAPS
PRM_20251218_MarthaReselection_Plate_9_F10	F	10	CHAPS	70	RF10	0.1	C:\Xcalibur\methods\method1	smb://storage3.ad.scilifelab.se/massstorage/edfors%20lab/01_hot/Martha/RAW	PRM_20251218_MarthaReselection_Plate_9_F10	Homo sapiens	blood plasma	Plate_9	MarthaReselection	not available	not available	NA	not available	not available	not available	not available	78	Plate_9_F10	MIF_3-0047	not available	1	AC=EFO:0009656;NT=plasma	run 843	proteomic profiling by mass spectrometry	PRM_20251218_MarthaReselection_Plate_9_F10.raw	PRM_20251218_MarthaReselection_Plate_9_F10.raw	NT=Parallel Reaction Monitoring;AC=MS:1002956	AC=MS:1002038;NT=label free sample	1	NT=High-performance liquid chromatography;AC=PRIDE:0000565	1	AC=MS:1001251;NT=Trypsin	not available	NT=Stellar;AC=MS:1003409	NT=Carbamidomethyl;AC=UNIMOD:4;TA=C;MT=Fixed	NT=Higher-energy Collisional Dissociation;AC=MS:1000422	27 NCE	40 ppm	0.05 Da	CHAPS
PRM_20251218_MarthaReselection_Plate_9_G10	G	10	CHAPS	82	RG10	0.1	C:\Xcalibur\methods\method1	smb://storage3.ad.scilifelab.se/massstorage/edfors%20lab/01_hot/Martha/RAW	PRM_20251218_MarthaReselection_Plate_9_G10	Homo sapiens	blood plasma	Plate_9	MarthaReselection	not available	not available	NA	not available	not available	not available	not available	79	Plate_9_G10	MIF_3-0075	not available	1	AC=EFO:0009656;NT=plasma	run 844	proteomic profiling by mass spectrometry	PRM_20251218_MarthaReselection_Plate_9_G10.raw	PRM_20251218_MarthaReselection_Plate_9_G10.raw	NT=Parallel Reaction Monitoring;AC=MS:1002956	AC=MS:1002038;NT=label free sample	1	NT=High-performance liquid chromatography;AC=PRIDE:0000565	1	AC=MS:1001251;NT=Trypsin	not available	NT=Stellar;AC=MS:1003409	NT=Carbamidomethyl;AC=UNIMOD:4;TA=C;MT=Fixed	NT=Higher-energy Collisional Dissociation;AC=MS:1000422	27 NCE	40 ppm	0.05 Da	CHAPS
PRM_20251218_MarthaReselection_Plate_9_H10	H	10	CHAPS	94	RH10	0.1	C:\Xcalibur\methods\method1	smb://storage3.ad.scilifelab.se/massstorage/edfors%20lab/01_hot/Martha/RAW	PRM_20251218_MarthaReselection_Plate_9_H10	Homo sapiens	blood plasma	Plate_9	MarthaReselection	not available	not available	NA	not available	not available	not available	not available	80	Plate_9_H10	MIF_3-0089	not available	1	AC=EFO:0009656;NT=plasma	run 845	proteomic profiling by mass spectrometry	PRM_20251218_MarthaReselection_Plate_9_H10.raw	PRM_20251218_MarthaReselection_Plate_9_H10.raw	NT=Parallel Reaction Monitoring;AC=MS:1002956	AC=MS:1002038;NT=label free sample	1	NT=High-performance liquid chromatography;AC=PRIDE:0000565	1	AC=MS:1001251;NT=Trypsin	not available	NT=Stellar;AC=MS:1003409	NT=Carbamidomethyl;AC=UNIMOD:4;TA=C;MT=Fixed	NT=Higher-energy Collisional Dissociation;AC=MS:1000422	27 NCE	40 ppm	0.05 Da	CHAPS
PRM_20251218_MarthaReselection_Plate_9_A11	A	11	CHAPS	11	RA11	0.1	C:\Xcalibur\methods\method1	smb://storage3.ad.scilifelab.se/massstorage/edfors%20lab/01_hot/Martha/RAW	PRM_20251218_MarthaReselection_Plate_9_A11	Homo sapiens	blood plasma	Plate_9	MarthaReselection	not available	not available	NA	not available	not available	not available	not available	81	Plate_9_A11	MIF_3-1152	not available	1	AC=EFO:0009656;NT=plasma	run 846	proteomic profiling by mass spectrometry	PRM_20251218_MarthaReselection_Plate_9_A11.raw	PRM_20251218_MarthaReselection_Plate_9_A11.raw	NT=Parallel Reaction Monitoring;AC=MS:1002956	AC=MS:1002038;NT=label free sample	1	NT=High-performance liquid chromatography;AC=PRIDE:0000565	1	AC=MS:1001251;NT=Trypsin	not available	NT=Stellar;AC=MS:1003409	NT=Carbamidomethyl;AC=UNIMOD:4;TA=C;MT=Fixed	NT=Higher-energy Collisional Dissociation;AC=MS:1000422	27 NCE	40 ppm	0.05 Da	CHAPS
PRM_20251218_MarthaReselection_Plate_9_B11	B	11	CHAPS	23	RB11	0.1	C:\Xcalibur\methods\method1	smb://storage3.ad.scilifelab.se/massstorage/edfors%20lab/01_hot/Martha/RAW	PRM_20251218_MarthaReselection_Plate_9_B11	Homo sapiens	blood plasma	Plate_9	MarthaReselection	not available	not available	NA	not available	not available	not available	not available	82	Plate_9_B11	MIF_3-1380	not available	1	AC=EFO:0009656;NT=plasma	run 847	proteomic profiling by mass spectrometry	PRM_20251218_MarthaReselection_Plate_9_B11.raw	PRM_20251218_MarthaReselection_Plate_9_B11.raw	NT=Parallel Reaction Monitoring;AC=MS:1002956	AC=MS:1002038;NT=label free sample	1	NT=High-performance liquid chromatography;AC=PRIDE:0000565	1	AC=MS:1001251;NT=Trypsin	not available	NT=Stellar;AC=MS:1003409	NT=Carbamidomethyl;AC=UNIMOD:4;TA=C;MT=Fixed	NT=Higher-energy Collisional Dissociation;AC=MS:1000422	27 NCE	40 ppm	0.05 Da	CHAPS
PRM_20251218_MarthaReselection_Plate_9_C11	C	11	CHAPS	35	RC11	0.1	C:\Xcalibur\methods\method1	smb://storage3.ad.scilifelab.se/massstorage/edfors%20lab/01_hot/Martha/RAW	PRM_20251218_MarthaReselection_Plate_9_C11	Homo sapiens	blood plasma	Plate_9	MarthaReselection	not available	not available	NA	not available	not available	not available	not available	83	Plate_9_C11	MIF_3-1158	not available	1	AC=EFO:0009656;NT=plasma	run 848	proteomic profiling by mass spectrometry	PRM_20251218_MarthaReselection_Plate_9_C11.raw	PRM_20251218_MarthaReselection_Plate_9_C11.raw	NT=Parallel Reaction Monitoring;AC=MS:1002956	AC=MS:1002038;NT=label free sample	1	NT=High-performance liquid chromatography;AC=PRIDE:0000565	1	AC=MS:1001251;NT=Trypsin	not available	NT=Stellar;AC=MS:1003409	NT=Carbamidomethyl;AC=UNIMOD:4;TA=C;MT=Fixed	NT=Higher-energy Collisional Dissociation;AC=MS:1000422	27 NCE	40 ppm	0.05 Da	CHAPS
PRM_20251218_MarthaReselection_Plate_9_D11	D	11	CHAPS	47	RD11	0.1	C:\Xcalibur\methods\method1	smb://storage3.ad.scilifelab.se/massstorage/edfors%20lab/01_hot/Martha/RAW	PRM_20251218_MarthaReselection_Plate_9_D11	Homo sapiens	blood plasma	Plate_9	MarthaReselection	not available	not available	NA	not available	not available	not available	not available	84	Plate_9_D11	MIF_3-0230	not available	1	AC=EFO:0009656;NT=plasma	run 849	proteomic profiling by mass spectrometry	PRM_20251218_MarthaReselection_Plate_9_D11.raw	PRM_20251218_MarthaReselection_Plate_9_D11.raw	NT=Parallel Reaction Monitoring;AC=MS:1002956	AC=MS:1002038;NT=label free sample	1	NT=High-performance liquid chromatography;AC=PRIDE:0000565	1	AC=MS:1001251;NT=Trypsin	not available	NT=Stellar;AC=MS:1003409	NT=Carbamidomethyl;AC=UNIMOD:4;TA=C;MT=Fixed	NT=Higher-energy Collisional Dissociation;AC=MS:1000422	27 NCE	40 ppm	0.05 Da	CHAPS
PRM_20251218_MarthaReselection_Plate_9_E11	E	11	CHAPS	59	RE11	0.1	C:\Xcalibur\methods\method1	smb://storage3.ad.scilifelab.se/massstorage/edfors%20lab/01_hot/Martha/RAW	PRM_20251218_MarthaReselection_Plate_9_E11	Homo sapiens	blood plasma	Plate_9	MarthaReselection	not available	not available	NA	not available	not available	not available	not available	85	Plate_9_E11	MIF_3-0667	not available	1	AC=EFO:0009656;NT=plasma	run 850	proteomic profiling by mass spectrometry	PRM_20251218_MarthaReselection_Plate_9_E11.raw	PRM_20251218_MarthaReselection_Plate_9_E11.raw	NT=Parallel Reaction Monitoring;AC=MS:1002956	AC=MS:1002038;NT=label free sample	1	NT=High-performance liquid chromatography;AC=PRIDE:0000565	1	AC=MS:1001251;NT=Trypsin	not available	NT=Stellar;AC=MS:1003409	NT=Carbamidomethyl;AC=UNIMOD:4;TA=C;MT=Fixed	NT=Higher-energy Collisional Dissociation;AC=MS:1000422	27 NCE	40 ppm	0.05 Da	CHAPS
PRM_20251218_MarthaReselection_Plate_9_F11	F	11	CHAPS	71	RF11	0.1	C:\Xcalibur\methods\method1	smb://storage3.ad.scilifelab.se/massstorage/edfors%20lab/01_hot/Martha/RAW	PRM_20251218_MarthaReselection_Plate_9_F11	Homo sapiens	blood plasma	Plate_9	MarthaReselection	not available	not available	NA	not available	not available	not available	not available	86	Plate_9_F11	MIF_3-0980	not available	1	AC=EFO:0009656;NT=plasma	run 851	proteomic profiling by mass spectrometry	PRM_20251218_MarthaReselection_Plate_9_F11.raw	PRM_20251218_MarthaReselection_Plate_9_F11.raw	NT=Parallel Reaction Monitoring;AC=MS:1002956	AC=MS:1002038;NT=label free sample	1	NT=High-performance liquid chromatography;AC=PRIDE:0000565	1	AC=MS:1001251;NT=Trypsin	not available	NT=Stellar;AC=MS:1003409	NT=Carbamidomethyl;AC=UNIMOD:4;TA=C;MT=Fixed	NT=Higher-energy Collisional Dissociation;AC=MS:1000422	27 NCE	40 ppm	0.05 Da	CHAPS
PRM_20251218_MarthaReselection_Plate_9_G11	G	11	CHAPS	83	RG11	0.1	C:\Xcalibur\methods\method1	smb://storage3.ad.scilifelab.se/massstorage/edfors%20lab/01_hot/Martha/RAW	PRM_20251218_MarthaReselection_Plate_9_G11	Homo sapiens	blood plasma	Plate_9	MarthaReselection	not available	not available	NA	not available	not available	not available	not available	87	Plate_9_G11	MIF_3-1533	not available	1	AC=EFO:0009656;NT=plasma	run 852	proteomic profiling by mass spectrometry	PRM_20251218_MarthaReselection_Plate_9_G11.raw	PRM_20251218_MarthaReselection_Plate_9_G11.raw	NT=Parallel Reaction Monitoring;AC=MS:1002956	AC=MS:1002038;NT=label free sample	1	NT=High-performance liquid chromatography;AC=PRIDE:0000565	1	AC=MS:1001251;NT=Trypsin	not available	NT=Stellar;AC=MS:1003409	NT=Carbamidomethyl;AC=UNIMOD:4;TA=C;MT=Fixed	NT=Higher-energy Collisional Dissociation;AC=MS:1000422	27 NCE	40 ppm	0.05 Da	CHAPS
PRM_20251218_MarthaReselection_Plate_9_H11	H	11	CHAPS	95	RH11	0.1	C:\Xcalibur\methods\method1	smb://storage3.ad.scilifelab.se/massstorage/edfors%20lab/01_hot/Martha/RAW	PRM_20251218_MarthaReselection_Plate_9_H11	Homo sapiens	blood plasma	Plate_9	MarthaReselection	not available	not available	NA	not available	not available	not available	not available	88	Plate_9_H11	MIF_3-0238	not available	1	AC=EFO:0009656;NT=plasma	run 853	proteomic profiling by mass spectrometry	PRM_20251218_MarthaReselection_Plate_9_H11.raw	PRM_20251218_MarthaReselection_Plate_9_H11.raw	NT=Parallel Reaction Monitoring;AC=MS:1002956	AC=MS:1002038;NT=label free sample	1	NT=High-performance liquid chromatography;AC=PRIDE:0000565	1	AC=MS:1001251;NT=Trypsin	not available	NT=Stellar;AC=MS:1003409	NT=Carbamidomethyl;AC=UNIMOD:4;TA=C;MT=Fixed	NT=Higher-energy Collisional Dissociation;AC=MS:1000422	27 NCE	40 ppm	0.05 Da	CHAPS
PRM_20251218_MarthaReselection_Plate_9_A12	A	12	CHAPS	12	RA12	0.1	C:\Xcalibur\methods\method1	smb://storage3.ad.scilifelab.se/massstorage/edfors%20lab/01_hot/Martha/RAW	PRM_20251218_MarthaReselection_Plate_9_A12	Homo sapiens	blood plasma	Plate_9	MarthaReselection	not available	not available	NA	not available	not available	not available	not available	89	Plate_9_A12	MIF_3-0768	not available	1	AC=EFO:0009656;NT=plasma	run 854	proteomic profiling by mass spectrometry	PRM_20251218_MarthaReselection_Plate_9_A12.raw	PRM_20251218_MarthaReselection_Plate_9_A12.raw	NT=Parallel Reaction Monitoring;AC=MS:1002956	AC=MS:1002038;NT=label free sample	1	NT=High-performance liquid chromatography;AC=PRIDE:0000565	1	AC=MS:1001251;NT=Trypsin	not available	NT=Stellar;AC=MS:1003409	NT=Carbamidomethyl;AC=UNIMOD:4;TA=C;MT=Fixed	NT=Higher-energy Collisional Dissociation;AC=MS:1000422	27 NCE	40 ppm	0.05 Da	CHAPS
PRM_20251218_MarthaReselection_Plate_9_B12	B	12	CHAPS	24	RB12	0.1	C:\Xcalibur\methods\method1	smb://storage3.ad.scilifelab.se/massstorage/edfors%20lab/01_hot/Martha/RAW	PRM_20251218_MarthaReselection_Plate_9_B12	Homo sapiens	blood plasma	Plate_9	MarthaReselection	not available	not available	NA	not available	not available	not available	not available	90	Plate_9_B12	MIF_3-0707	not available	1	AC=EFO:0009656;NT=plasma	run 855	proteomic profiling by mass spectrometry	PRM_20251218_MarthaReselection_Plate_9_B12.raw	PRM_20251218_MarthaReselection_Plate_9_B12.raw	NT=Parallel Reaction Monitoring;AC=MS:1002956	AC=MS:1002038;NT=label free sample	1	NT=High-performance liquid chromatography;AC=PRIDE:0000565	1	AC=MS:1001251;NT=Trypsin	not available	NT=Stellar;AC=MS:1003409	NT=Carbamidomethyl;AC=UNIMOD:4;TA=C;MT=Fixed	NT=Higher-energy Collisional Dissociation;AC=MS:1000422	27 NCE	40 ppm	0.05 Da	CHAPS
PRM_20251218_MarthaReselection_Plate_9_C12	C	12	CHAPS	36	RC12	0.1	C:\Xcalibur\methods\method1	smb://storage3.ad.scilifelab.se/massstorage/edfors%20lab/01_hot/Martha/RAW	PRM_20251218_MarthaReselection_Plate_9_C12	Homo sapiens	blood plasma	Plate_9	MarthaReselection	not available	not available	NA	not available	not available	not available	not available	91	Plate_9_C12	MIF_3-0232	not available	1	AC=EFO:0009656;NT=plasma	run 856	proteomic profiling by mass spectrometry	PRM_20251218_MarthaReselection_Plate_9_C12.raw	PRM_20251218_MarthaReselection_Plate_9_C12.raw	NT=Parallel Reaction Monitoring;AC=MS:1002956	AC=MS:1002038;NT=label free sample	1	NT=High-performance liquid chromatography;AC=PRIDE:0000565	1	AC=MS:1001251;NT=Trypsin	not available	NT=Stellar;AC=MS:1003409	NT=Carbamidomethyl;AC=UNIMOD:4;TA=C;MT=Fixed	NT=Higher-energy Collisional Dissociation;AC=MS:1000422	27 NCE	40 ppm	0.05 Da	CHAPS
PRM_20251218_MarthaReselection_Plate_9_D12	D	12	CHAPS	48	RD12	0.1	C:\Xcalibur\methods\method1	smb://storage3.ad.scilifelab.se/massstorage/edfors%20lab/01_hot/Martha/RAW	PRM_20251218_MarthaReselection_Plate_9_D12	Homo sapiens	blood plasma	Plate_9	MarthaReselection	not available	not available	NA	not available	not available	not available	not available	92	Plate_9_D12	MIF_3-0835	not available	1	AC=EFO:0009656;NT=plasma	run 857	proteomic profiling by mass spectrometry	PRM_20251218_MarthaReselection_Plate_9_D12.raw	PRM_20251218_MarthaReselection_Plate_9_D12.raw	NT=Parallel Reaction Monitoring;AC=MS:1002956	AC=MS:1002038;NT=label free sample	1	NT=High-performance liquid chromatography;AC=PRIDE:0000565	1	AC=MS:1001251;NT=Trypsin	not available	NT=Stellar;AC=MS:1003409	NT=Carbamidomethyl;AC=UNIMOD:4;TA=C;MT=Fixed	NT=Higher-energy Collisional Dissociation;AC=MS:1000422	27 NCE	40 ppm	0.05 Da	CHAPS
PRM_20251218_MarthaReselection_Plate_9_E12	E	12	CHAPS	60	RE12	0.1	C:\Xcalibur\methods\method1	smb://storage3.ad.scilifelab.se/massstorage/edfors%20lab/01_hot/Martha/RAW	PRM_20251218_MarthaReselection_Plate_9_E12	Homo sapiens	blood plasma	Plate_9	MarthaReselection	not available	not available	NA	not available	not available	not available	not available	93	Plate_9_E12	MIF_3-0911	not available	1	AC=EFO:0009656;NT=plasma	run 858	proteomic profiling by mass spectrometry	PRM_20251218_MarthaReselection_Plate_9_E12.raw	PRM_20251218_MarthaReselection_Plate_9_E12.raw	NT=Parallel Reaction Monitoring;AC=MS:1002956	AC=MS:1002038;NT=label free sample	1	NT=High-performance liquid chromatography;AC=PRIDE:0000565	1	AC=MS:1001251;NT=Trypsin	not available	NT=Stellar;AC=MS:1003409	NT=Carbamidomethyl;AC=UNIMOD:4;TA=C;MT=Fixed	NT=Higher-energy Collisional Dissociation;AC=MS:1000422	27 NCE	40 ppm	0.05 Da	CHAPS
PRM_20251218_MarthaReselection_Plate_9_F12	F	12	Pool	95	RF12	0.1	C:\Xcalibur\methods\method1	smb://storage3.ad.scilifelab.se/massstorage/edfors%20lab/01_hot/Martha/RAW	PRM_20251218_MarthaReselection_Plate_9_F12	Homo sapiens	blood plasma	Plate_9	MarthaReselection	not available	not available	NA	not available	not available	not available	not available	94	Plate_9_F12	EMPTY-0001	not available	1	AC=EFO:0009656;NT=plasma	run 859	proteomic profiling by mass spectrometry	PRM_20251218_MarthaReselection_Plate_9_F12.raw	PRM_20251218_MarthaReselection_Plate_9_F12.raw	NT=Parallel Reaction Monitoring;AC=MS:1002956	AC=MS:1002038;NT=label free sample	1	NT=High-performance liquid chromatography;AC=PRIDE:0000565	1	AC=MS:1001251;NT=Trypsin	not available	NT=Stellar;AC=MS:1003409	NT=Carbamidomethyl;AC=UNIMOD:4;TA=C;MT=Fixed	NT=Higher-energy Collisional Dissociation;AC=MS:1000422	27 NCE	40 ppm	0.05 Da	Pool
PRM_20251218_MarthaReselection_Plate_9_G12	G	12	Pool	95	RG12	0.1	C:\Xcalibur\methods\method1	smb://storage3.ad.scilifelab.se/massstorage/edfors%20lab/01_hot/Martha/RAW	PRM_20251218_MarthaReselection_Plate_9_G12	Homo sapiens	blood plasma	Plate_9	MarthaReselection	not available	not available	NA	not available	not available	not available	not available	95	Plate_9_G12	EMPTY-0001	not available	1	AC=EFO:0009656;NT=plasma	run 860	proteomic profiling by mass spectrometry	PRM_20251218_MarthaReselection_Plate_9_G12.raw	PRM_20251218_MarthaReselection_Plate_9_G12.raw	NT=Parallel Reaction Monitoring;AC=MS:1002956	AC=MS:1002038;NT=label free sample	1	NT=High-performance liquid chromatography;AC=PRIDE:0000565	1	AC=MS:1001251;NT=Trypsin	not available	NT=Stellar;AC=MS:1003409	NT=Carbamidomethyl;AC=UNIMOD:4;TA=C;MT=Fixed	NT=Higher-energy Collisional Dissociation;AC=MS:1000422	27 NCE	40 ppm	0.05 Da	Pool
PRM_20251218_MarthaReselection_Plate_9_H12	H	12	Pool	95	RH12	0.1	C:\Xcalibur\methods\method1	smb://storage3.ad.scilifelab.se/massstorage/edfors%20lab/01_hot/Martha/RAW	PRM_20251218_MarthaReselection_Plate_9_H12	Homo sapiens	blood plasma	Plate_9	MarthaReselection	not available	not available	NA	not available	not available	not available	not available	96	Plate_9_H12	EMPTY-0001	not available	1	AC=EFO:0009656;NT=plasma	run 861	proteomic profiling by mass spectrometry	PRM_20251218_MarthaReselection_Plate_9_H12.raw	PRM_20251218_MarthaReselection_Plate_9_H11.raw	NT=Parallel Reaction Monitoring;AC=MS:1002956	AC=MS:1002038;NT=label free sample	1	NT=High-performance liquid chromatography;AC=PRIDE:0000565	1	AC=MS:1001251;NT=Trypsin	not available	NT=Stellar;AC=MS:1003409	NT=Carbamidomethyl;AC=UNIMOD:4;TA=C;MT=Fixed	NT=Higher-energy Collisional Dissociation;AC=MS:1000422	27 NCE	40 ppm	0.05 Da	Pool
